transaction_id,product_id,product_name,sku,category_name,type,quantity,stock_before,stock_after,created_at,notes
txn-9001,prod-01,Wireless Bluetooth Headset Pro,SKU-ELE-001,Electronics & Gadgets,PURCHASE,195,0,195,2026-04-05 10:00:00,Initial Q2 Warehouse Stock Receipt
txn-9002,prod-02,Ergonomic Optical Wireless Mouse,SKU-ELE-002,Electronics & Gadgets,PURCHASE,230,0,230,2026-04-05 10:00:00,Initial Q2 Warehouse Stock Receipt
txn-9003,prod-03,Mechanical RGB Gaming Keyboard,SKU-ELE-003,Electronics & Gadgets,PURCHASE,180,0,180,2026-04-05 10:00:00,Initial Q2 Warehouse Stock Receipt
txn-9004,prod-04,4K Ultra-HD Monitor 27-inch,SKU-ELE-004,Electronics & Gadgets,PURCHASE,162,0,162,2026-04-05 10:00:00,Initial Q2 Warehouse Stock Receipt
txn-9005,prod-05,A4 Premium Copy Paper 500 Sheets,SKU-OFF-001,Office Supplies,PURCHASE,400,0,400,2026-04-05 10:00:00,Initial Q2 Warehouse Stock Receipt
txn-9006,prod-06,Gel Ink Rollerball Pens (Box of 12),SKU-OFF-002,Office Supplies,PURCHASE,270,0,270,2026-04-05 10:00:00,Initial Q2 Warehouse Stock Receipt
txn-9007,prod-07,Heavy-Duty Desktop Stapler,SKU-OFF-003,Office Supplies,PURCHASE,190,0,190,2026-04-05 10:00:00,Initial Q2 Warehouse Stock Receipt
txn-9008,prod-08,Adjustable Mesh Executive Chair,SKU-OFF-004,Office Supplies,PURCHASE,158,0,158,2026-04-05 10:00:00,Initial Q2 Warehouse Stock Receipt
txn-9009,prod-09,Arabica Whole Bean Coffee 1kg,SKU-BEV-001,Beverages & Drinks,PURCHASE,210,0,210,2026-04-05 10:00:00,Initial Q2 Warehouse Stock Receipt
txn-9010,prod-10,Organic Green Tea (Box of 50 Bags),SKU-BEV-002,Beverages & Drinks,PURCHASE,240,0,240,2026-04-05 10:00:00,Initial Q2 Warehouse Stock Receipt
txn-9011,prod-11,Sparkling Mineral Water 500ml (Pack 12),SKU-BEV-003,Beverages & Drinks,PURCHASE,225,0,225,2026-04-05 10:00:00,Initial Q2 Warehouse Stock Receipt
txn-9012,prod-12,Natural Cold Pressed Citrus Juice 1L,SKU-BEV-004,Beverages & Drinks,PURCHASE,190,0,190,2026-04-05 10:00:00,Initial Q2 Warehouse Stock Receipt
txn-9013,prod-13,Organic Extra Virgin Olive Oil 750ml,SKU-GRO-001,Packaged Groceries,PURCHASE,200,0,200,2026-04-05 10:00:00,Initial Q2 Warehouse Stock Receipt
txn-9014,prod-14,Wholegrain Oats 1kg,SKU-GRO-002,Packaged Groceries,PURCHASE,260,0,260,2026-04-05 10:00:00,Initial Q2 Warehouse Stock Receipt
txn-9015,prod-15,Raw Honey Jar 500g,SKU-GRO-003,Packaged Groceries,PURCHASE,215,0,215,2026-04-05 10:00:00,Initial Q2 Warehouse Stock Receipt
txn-9016,prod-16,Assorted Roasted Almonds 250g,SKU-GRO-004,Packaged Groceries,PURCHASE,235,0,235,2026-04-05 10:00:00,Initial Q2 Warehouse Stock Receipt
txn-9017,prod-17,100% Cotton Polo Shirt (Medium),SKU-APP-001,Apparel & Wearables,PURCHASE,245,0,245,2026-04-05 10:00:00,Initial Q2 Warehouse Stock Receipt
txn-9018,prod-18,High-Visibility Safety Vest,SKU-APP-002,Apparel & Wearables,PURCHASE,290,0,290,2026-04-05 10:00:00,Initial Q2 Warehouse Stock Receipt
txn-9019,prod-19,Waterproof Work Gloves (Pair),SKU-APP-003,Apparel & Wearables,PURCHASE,330,0,330,2026-04-05 10:00:00,Initial Q2 Warehouse Stock Receipt
txn-9020,prod-20,Breathable Fleece Jacket (Large),SKU-APP-004,Apparel & Wearables,PURCHASE,185,0,185,2026-04-05 10:00:00,Initial Q2 Warehouse Stock Receipt
txn-9021,prod-21,20V Cordless Power Drill Set,SKU-HAR-001,Hardware & Tools,PURCHASE,172,0,172,2026-04-05 10:00:00,Initial Q2 Warehouse Stock Receipt
txn-9022,prod-22,Professional Precision Screwdriver Kit,SKU-HAR-002,Hardware & Tools,PURCHASE,205,0,205,2026-04-05 10:00:00,Initial Q2 Warehouse Stock Receipt
txn-9023,prod-23,Digital Laser Distance Meter 50m,SKU-HAR-003,Hardware & Tools,PURCHASE,178,0,178,2026-04-05 10:00:00,Initial Q2 Warehouse Stock Receipt
txn-9024,prod-24,Heavy-Duty Steel Measuring Tape 8m,SKU-HAR-004,Hardware & Tools,PURCHASE,240,0,240,2026-04-05 10:00:00,Initial Q2 Warehouse Stock Receipt
txn-9025,prod-25,Antibacterial Hand Sanitizer 500ml,SKU-PER-001,Personal Care,PURCHASE,450,0,450,2026-04-05 10:00:00,Initial Q2 Warehouse Stock Receipt
txn-9026,prod-26,Gentle Moisturizing Hand Soap 1L,SKU-PER-002,Personal Care,PURCHASE,300,0,300,2026-04-05 10:00:00,Initial Q2 Warehouse Stock Receipt
txn-9027,prod-27,Microfiber Facial Towels (Pack of 4),SKU-PER-003,Personal Care,PURCHASE,220,0,220,2026-04-05 10:00:00,Initial Q2 Warehouse Stock Receipt
txn-9028,prod-28,Electric Stainless Steel Kettle 1.7L,SKU-HOM-001,Home Appliances,PURCHASE,182,0,182,2026-04-05 10:00:00,Initial Q2 Warehouse Stock Receipt
txn-9029,prod-29,HEPA Air Purifier Desktop Size,SKU-HOM-002,Home Appliances,PURCHASE,168,0,168,2026-04-05 10:00:00,Initial Q2 Warehouse Stock Receipt
txn-9030,prod-30,Compact Digital Microwave Oven 20L,SKU-HOM-003,Home Appliances,PURCHASE,165,0,165,2026-04-05 10:00:00,Initial Q2 Warehouse Stock Receipt
txn-9031,prod-17,100% Cotton Polo Shirt (Medium),SKU-APP-001,Apparel & Wearables,SALE,-3,98,95,2026-04-10 19:07:01,POS Sale INV-2026-1001
txn-9032,prod-05,A4 Premium Copy Paper 500 Sheets,SKU-OFF-001,Office Supplies,SALE,-2,252,250,2026-04-10 19:07:01,POS Sale INV-2026-1001
txn-9033,prod-02,Ergonomic Optical Wireless Mouse,SKU-ELE-002,Electronics & Gadgets,SALE,-2,82,80,2026-04-10 19:07:01,POS Sale INV-2026-1001
txn-9034,prod-28,Electric Stainless Steel Kettle 1.7L,SKU-HOM-001,Home Appliances,SALE,-3,35,32,2026-04-10 10:43:47,POS Sale INV-2026-1002
txn-9035,prod-06,Gel Ink Rollerball Pens (Box of 12),SKU-OFF-002,Office Supplies,SALE,-1,121,120,2026-04-10 09:05:13,POS Sale INV-2026-1003
txn-9036,prod-15,Raw Honey Jar 500g,SKU-GRO-003,Packaged Groceries,SALE,-1,66,65,2026-04-10 19:44:34,POS Sale INV-2026-1004
txn-9037,prod-18,High-Visibility Safety Vest,SKU-APP-002,Apparel & Wearables,SALE,-1,141,140,2026-04-10 09:48:51,POS Sale INV-2026-1005
txn-9038,prod-10,Organic Green Tea (Box of 50 Bags),SKU-BEV-002,Beverages & Drinks,SALE,-1,91,90,2026-04-10 12:48:21,POS Sale INV-2026-1006
txn-9039,prod-06,Gel Ink Rollerball Pens (Box of 12),SKU-OFF-002,Office Supplies,SALE,-1,121,120,2026-04-10 14:38:16,POS Sale INV-2026-1007
txn-9040,prod-14,Wholegrain Oats 1kg,SKU-GRO-002,Packaged Groceries,SALE,-2,112,110,2026-04-10 14:38:16,POS Sale INV-2026-1007
txn-9041,prod-17,100% Cotton Polo Shirt (Medium),SKU-APP-001,Apparel & Wearables,SALE,-1,96,95,2026-04-10 14:38:16,POS Sale INV-2026-1007
txn-9042,prod-27,Microfiber Facial Towels (Pack of 4),SKU-PER-003,Personal Care,SALE,-4,74,70,2026-04-10 15:05:35,POS Sale INV-2026-1008
txn-9043,prod-09,Arabica Whole Bean Coffee 1kg,SKU-BEV-001,Beverages & Drinks,SALE,-1,61,60,2026-04-10 14:36:12,POS Sale INV-2026-1009
txn-9044,prod-03,Mechanical RGB Gaming Keyboard,SKU-ELE-003,Electronics & Gadgets,SALE,-1,31,30,2026-04-10 14:36:12,POS Sale INV-2026-1009
txn-9045,prod-20,Breathable Fleece Jacket (Large),SKU-APP-004,Apparel & Wearables,SALE,-1,36,35,2026-04-10 14:36:12,POS Sale INV-2026-1009
txn-9046,prod-26,Gentle Moisturizing Hand Soap 1L,SKU-PER-002,Personal Care,SALE,-1,151,150,2026-04-10 10:54:14,POS Sale INV-2026-1010
txn-9047,prod-09,Arabica Whole Bean Coffee 1kg,SKU-BEV-001,Beverages & Drinks,SALE,-1,61,60,2026-04-10 14:10:23,POS Sale INV-2026-1011
txn-9048,prod-14,Wholegrain Oats 1kg,SKU-GRO-002,Packaged Groceries,SALE,-1,111,110,2026-04-10 14:10:23,POS Sale INV-2026-1011
txn-9049,prod-24,Heavy-Duty Steel Measuring Tape 8m,SKU-HAR-004,Hardware & Tools,SALE,-1,91,90,2026-04-10 19:41:04,POS Sale INV-2026-1012
txn-9050,prod-27,Microfiber Facial Towels (Pack of 4),SKU-PER-003,Personal Care,SALE,-1,71,70,2026-04-10 19:41:04,POS Sale INV-2026-1012
txn-9051,prod-26,Gentle Moisturizing Hand Soap 1L,SKU-PER-002,Personal Care,SALE,-1,151,150,2026-04-10 19:41:04,POS Sale INV-2026-1012
txn-9052,prod-17,100% Cotton Polo Shirt (Medium),SKU-APP-001,Apparel & Wearables,SALE,-1,96,95,2026-04-10 19:41:04,POS Sale INV-2026-1012
txn-9053,prod-02,Ergonomic Optical Wireless Mouse,SKU-ELE-002,Electronics & Gadgets,SALE,-1,81,80,2026-04-10 19:41:04,POS Sale INV-2026-1012
txn-9054,prod-10,Organic Green Tea (Box of 50 Bags),SKU-BEV-002,Beverages & Drinks,SALE,-1,91,90,2026-04-11 11:29:24,POS Sale INV-2026-1013
txn-9055,prod-09,Arabica Whole Bean Coffee 1kg,SKU-BEV-001,Beverages & Drinks,SALE,-2,62,60,2026-04-11 11:29:24,POS Sale INV-2026-1013
txn-9056,prod-15,Raw Honey Jar 500g,SKU-GRO-003,Packaged Groceries,SALE,-1,66,65,2026-04-11 11:29:24,POS Sale INV-2026-1013
txn-9057,prod-24,Heavy-Duty Steel Measuring Tape 8m,SKU-HAR-004,Hardware & Tools,SALE,-2,92,90,2026-04-11 14:53:49,POS Sale INV-2026-1014
txn-9058,prod-06,Gel Ink Rollerball Pens (Box of 12),SKU-OFF-002,Office Supplies,SALE,-2,122,120,2026-04-11 14:53:49,POS Sale INV-2026-1014
txn-9059,prod-01,Wireless Bluetooth Headset Pro,SKU-ELE-001,Electronics & Gadgets,SALE,-1,46,45,2026-04-11 14:53:49,POS Sale INV-2026-1014
txn-9060,prod-25,Antibacterial Hand Sanitizer 500ml,SKU-PER-001,Personal Care,SALE,-1,301,300,2026-04-11 14:53:49,POS Sale INV-2026-1014
txn-9061,prod-21,20V Cordless Power Drill Set,SKU-HAR-001,Hardware & Tools,SALE,-1,23,22,2026-04-11 14:53:49,POS Sale INV-2026-1014
txn-9062,prod-18,High-Visibility Safety Vest,SKU-APP-002,Apparel & Wearables,SALE,-1,141,140,2026-04-11 15:17:04,POS Sale INV-2026-1015
txn-9063,prod-10,Organic Green Tea (Box of 50 Bags),SKU-BEV-002,Beverages & Drinks,SALE,-1,91,90,2026-04-11 15:17:04,POS Sale INV-2026-1015
txn-9064,prod-02,Ergonomic Optical Wireless Mouse,SKU-ELE-002,Electronics & Gadgets,SALE,-2,82,80,2026-04-11 15:17:04,POS Sale INV-2026-1015
txn-9065,prod-26,Gentle Moisturizing Hand Soap 1L,SKU-PER-002,Personal Care,SALE,-1,151,150,2026-04-11 16:25:56,POS Sale INV-2026-1016
txn-9066,prod-13,Organic Extra Virgin Olive Oil 750ml,SKU-GRO-001,Packaged Groceries,SALE,-2,52,50,2026-04-11 16:25:56,POS Sale INV-2026-1016
txn-9067,prod-16,Assorted Roasted Almonds 250g,SKU-GRO-004,Packaged Groceries,SALE,-1,86,85,2026-04-11 12:47:35,POS Sale INV-2026-1017
txn-9068,prod-24,Heavy-Duty Steel Measuring Tape 8m,SKU-HAR-004,Hardware & Tools,SALE,-1,91,90,2026-04-11 12:47:35,POS Sale INV-2026-1017
txn-9069,prod-14,Wholegrain Oats 1kg,SKU-GRO-002,Packaged Groceries,SALE,-1,111,110,2026-04-11 12:47:35,POS Sale INV-2026-1017
txn-9070,prod-01,Wireless Bluetooth Headset Pro,SKU-ELE-001,Electronics & Gadgets,SALE,-2,47,45,2026-04-11 18:25:23,POS Sale INV-2026-1018
txn-9071,prod-14,Wholegrain Oats 1kg,SKU-GRO-002,Packaged Groceries,SALE,-3,113,110,2026-04-11 09:55:07,POS Sale INV-2026-1019
txn-9072,prod-11,Sparkling Mineral Water 500ml (Pack 12),SKU-BEV-003,Beverages & Drinks,SALE,-2,77,75,2026-04-11 15:24:38,POS Sale INV-2026-1020
txn-9073,prod-02,Ergonomic Optical Wireless Mouse,SKU-ELE-002,Electronics & Gadgets,SALE,-1,81,80,2026-04-11 09:43:46,POS Sale INV-2026-1021
txn-9074,prod-27,Microfiber Facial Towels (Pack of 4),SKU-PER-003,Personal Care,SALE,-2,72,70,2026-04-11 19:21:07,POS Sale INV-2026-1022
txn-9075,prod-06,Gel Ink Rollerball Pens (Box of 12),SKU-OFF-002,Office Supplies,SALE,-2,122,120,2026-04-12 13:32:48,POS Sale INV-2026-1023
txn-9076,prod-26,Gentle Moisturizing Hand Soap 1L,SKU-PER-002,Personal Care,SALE,-3,153,150,2026-04-12 13:32:48,POS Sale INV-2026-1023
txn-9077,prod-15,Raw Honey Jar 500g,SKU-GRO-003,Packaged Groceries,SALE,-1,66,65,2026-04-12 13:32:48,POS Sale INV-2026-1023
txn-9078,prod-06,Gel Ink Rollerball Pens (Box of 12),SKU-OFF-002,Office Supplies,SALE,-1,121,120,2026-04-12 13:53:40,POS Sale INV-2026-1024
txn-9079,prod-25,Antibacterial Hand Sanitizer 500ml,SKU-PER-001,Personal Care,SALE,-1,301,300,2026-04-12 11:34:49,POS Sale INV-2026-1025
txn-9080,prod-01,Wireless Bluetooth Headset Pro,SKU-ELE-001,Electronics & Gadgets,SALE,-1,46,45,2026-04-12 11:34:49,POS Sale INV-2026-1025
txn-9081,prod-14,Wholegrain Oats 1kg,SKU-GRO-002,Packaged Groceries,SALE,-1,111,110,2026-04-12 11:34:49,POS Sale INV-2026-1025
txn-9082,prod-27,Microfiber Facial Towels (Pack of 4),SKU-PER-003,Personal Care,SALE,-1,71,70,2026-04-12 09:07:59,POS Sale INV-2026-1026
txn-9083,prod-21,20V Cordless Power Drill Set,SKU-HAR-001,Hardware & Tools,SALE,-6,28,22,2026-04-12 12:56:36,POS Sale INV-2026-1027
txn-9084,prod-10,Organic Green Tea (Box of 50 Bags),SKU-BEV-002,Beverages & Drinks,SALE,-4,94,90,2026-04-12 12:56:36,POS Sale INV-2026-1027
txn-9085,prod-14,Wholegrain Oats 1kg,SKU-GRO-002,Packaged Groceries,SALE,-1,111,110,2026-04-12 17:49:08,POS Sale INV-2026-1028
txn-9086,prod-01,Wireless Bluetooth Headset Pro,SKU-ELE-001,Electronics & Gadgets,SALE,-2,47,45,2026-04-12 17:55:38,POS Sale INV-2026-1029
txn-9087,prod-02,Ergonomic Optical Wireless Mouse,SKU-ELE-002,Electronics & Gadgets,SALE,-3,83,80,2026-04-12 12:45:19,POS Sale INV-2026-1030
txn-9088,prod-09,Arabica Whole Bean Coffee 1kg,SKU-BEV-001,Beverages & Drinks,SALE,-1,61,60,2026-04-12 12:45:19,POS Sale INV-2026-1030
txn-9089,prod-14,Wholegrain Oats 1kg,SKU-GRO-002,Packaged Groceries,SALE,-6,116,110,2026-04-12 17:28:07,POS Sale INV-2026-1031
txn-9090,prod-19,Waterproof Work Gloves (Pair),SKU-APP-003,Apparel & Wearables,SALE,-2,182,180,2026-04-12 17:14:37,POS Sale INV-2026-1032
txn-9091,prod-22,Professional Precision Screwdriver Kit,SKU-HAR-002,Hardware & Tools,SALE,-1,56,55,2026-04-13 09:55:21,POS Sale INV-2026-1033
txn-9092,prod-18,High-Visibility Safety Vest,SKU-APP-002,Apparel & Wearables,SALE,-1,141,140,2026-04-13 12:34:08,POS Sale INV-2026-1034
txn-9093,prod-15,Raw Honey Jar 500g,SKU-GRO-003,Packaged Groceries,SALE,-3,68,65,2026-04-13 12:34:08,POS Sale INV-2026-1034
txn-9094,prod-06,Gel Ink Rollerball Pens (Box of 12),SKU-OFF-002,Office Supplies,SALE,-1,121,120,2026-04-13 16:51:26,POS Sale INV-2026-1035
txn-9095,prod-20,Breathable Fleece Jacket (Large),SKU-APP-004,Apparel & Wearables,SALE,-1,36,35,2026-04-13 15:29:55,POS Sale INV-2026-1036
txn-9096,prod-01,Wireless Bluetooth Headset Pro,SKU-ELE-001,Electronics & Gadgets,SALE,-1,46,45,2026-04-13 15:29:55,POS Sale INV-2026-1036
txn-9097,prod-05,A4 Premium Copy Paper 500 Sheets,SKU-OFF-001,Office Supplies,SALE,-1,251,250,2026-04-13 14:51:55,POS Sale INV-2026-1037
txn-9098,prod-20,Breathable Fleece Jacket (Large),SKU-APP-004,Apparel & Wearables,SALE,-4,39,35,2026-04-13 14:51:55,POS Sale INV-2026-1037
txn-9099,prod-10,Organic Green Tea (Box of 50 Bags),SKU-BEV-002,Beverages & Drinks,SALE,-1,91,90,2026-04-13 11:27:11,POS Sale INV-2026-1038
txn-9100,prod-26,Gentle Moisturizing Hand Soap 1L,SKU-PER-002,Personal Care,SALE,-1,151,150,2026-04-13 17:06:03,POS Sale INV-2026-1039
txn-9101,prod-07,Heavy-Duty Desktop Stapler,SKU-OFF-003,Office Supplies,SALE,-1,41,40,2026-04-13 17:06:03,POS Sale INV-2026-1039
txn-9102,prod-19,Waterproof Work Gloves (Pair),SKU-APP-003,Apparel & Wearables,SALE,-1,181,180,2026-04-13 17:06:03,POS Sale INV-2026-1039
txn-9103,prod-25,Antibacterial Hand Sanitizer 500ml,SKU-PER-001,Personal Care,SALE,-1,301,300,2026-04-13 17:06:03,POS Sale INV-2026-1039
txn-9104,prod-22,Professional Precision Screwdriver Kit,SKU-HAR-002,Hardware & Tools,SALE,-3,58,55,2026-04-14 12:10:26,POS Sale INV-2026-1040
txn-9105,prod-24,Heavy-Duty Steel Measuring Tape 8m,SKU-HAR-004,Hardware & Tools,SALE,-3,93,90,2026-04-14 11:24:00,POS Sale INV-2026-1041
txn-9106,prod-19,Waterproof Work Gloves (Pair),SKU-APP-003,Apparel & Wearables,SALE,-2,182,180,2026-04-14 11:24:00,POS Sale INV-2026-1041
txn-9107,prod-03,Mechanical RGB Gaming Keyboard,SKU-ELE-003,Electronics & Gadgets,SALE,-1,31,30,2026-04-14 11:24:00,POS Sale INV-2026-1041
txn-9108,prod-05,A4 Premium Copy Paper 500 Sheets,SKU-OFF-001,Office Supplies,SALE,-1,251,250,2026-04-14 11:24:00,POS Sale INV-2026-1041
txn-9109,prod-01,Wireless Bluetooth Headset Pro,SKU-ELE-001,Electronics & Gadgets,SALE,-1,46,45,2026-04-14 17:42:45,POS Sale INV-2026-1042
txn-9110,prod-05,A4 Premium Copy Paper 500 Sheets,SKU-OFF-001,Office Supplies,SALE,-2,252,250,2026-04-14 17:42:45,POS Sale INV-2026-1042
txn-9111,prod-06,Gel Ink Rollerball Pens (Box of 12),SKU-OFF-002,Office Supplies,SALE,-1,121,120,2026-04-14 09:37:47,POS Sale INV-2026-1043
txn-9112,prod-22,Professional Precision Screwdriver Kit,SKU-HAR-002,Hardware & Tools,SALE,-1,56,55,2026-04-14 09:37:47,POS Sale INV-2026-1043
txn-9113,prod-19,Waterproof Work Gloves (Pair),SKU-APP-003,Apparel & Wearables,SALE,-1,181,180,2026-04-15 18:30:32,POS Sale INV-2026-1044
txn-9114,prod-25,Antibacterial Hand Sanitizer 500ml,SKU-PER-001,Personal Care,SALE,-1,301,300,2026-04-15 18:30:32,POS Sale INV-2026-1044
txn-9115,prod-14,Wholegrain Oats 1kg,SKU-GRO-002,Packaged Groceries,SALE,-1,111,110,2026-04-15 18:30:32,POS Sale INV-2026-1044
txn-9116,prod-28,Electric Stainless Steel Kettle 1.7L,SKU-HOM-001,Home Appliances,SALE,-1,33,32,2026-04-15 17:05:54,POS Sale INV-2026-1045
txn-9117,prod-18,High-Visibility Safety Vest,SKU-APP-002,Apparel & Wearables,SALE,-1,141,140,2026-04-15 12:25:07,POS Sale INV-2026-1046
txn-9118,prod-25,Antibacterial Hand Sanitizer 500ml,SKU-PER-001,Personal Care,SALE,-1,301,300,2026-04-15 12:25:07,POS Sale INV-2026-1046
txn-9119,prod-14,Wholegrain Oats 1kg,SKU-GRO-002,Packaged Groceries,SALE,-2,112,110,2026-04-15 12:25:07,POS Sale INV-2026-1046
txn-9120,prod-16,Assorted Roasted Almonds 250g,SKU-GRO-004,Packaged Groceries,SALE,-1,86,85,2026-04-15 12:25:07,POS Sale INV-2026-1046
txn-9121,prod-19,Waterproof Work Gloves (Pair),SKU-APP-003,Apparel & Wearables,SALE,-1,181,180,2026-04-15 09:39:05,POS Sale INV-2026-1047
txn-9122,prod-27,Microfiber Facial Towels (Pack of 4),SKU-PER-003,Personal Care,SALE,-4,74,70,2026-04-15 13:13:42,POS Sale INV-2026-1048
txn-9123,prod-26,Gentle Moisturizing Hand Soap 1L,SKU-PER-002,Personal Care,SALE,-1,151,150,2026-04-15 13:13:42,POS Sale INV-2026-1048
txn-9124,prod-10,Organic Green Tea (Box of 50 Bags),SKU-BEV-002,Beverages & Drinks,SALE,-4,94,90,2026-04-15 13:13:42,POS Sale INV-2026-1048
txn-9125,prod-01,Wireless Bluetooth Headset Pro,SKU-ELE-001,Electronics & Gadgets,SALE,-4,49,45,2026-04-15 13:13:42,POS Sale INV-2026-1048
txn-9126,prod-09,Arabica Whole Bean Coffee 1kg,SKU-BEV-001,Beverages & Drinks,SALE,-1,61,60,2026-04-15 19:41:19,POS Sale INV-2026-1049
txn-9127,prod-11,Sparkling Mineral Water 500ml (Pack 12),SKU-BEV-003,Beverages & Drinks,SALE,-1,76,75,2026-04-15 19:41:19,POS Sale INV-2026-1049
txn-9128,prod-25,Antibacterial Hand Sanitizer 500ml,SKU-PER-001,Personal Care,SALE,-1,301,300,2026-04-15 19:41:19,POS Sale INV-2026-1049
txn-9129,prod-21,20V Cordless Power Drill Set,SKU-HAR-001,Hardware & Tools,SALE,-6,28,22,2026-04-15 18:36:06,POS Sale INV-2026-1050
txn-9130,prod-16,Assorted Roasted Almonds 250g,SKU-GRO-004,Packaged Groceries,SALE,-1,86,85,2026-04-15 18:36:06,POS Sale INV-2026-1050
txn-9131,prod-03,Mechanical RGB Gaming Keyboard,SKU-ELE-003,Electronics & Gadgets,SALE,-1,31,30,2026-04-15 18:36:06,POS Sale INV-2026-1050
txn-9132,prod-18,High-Visibility Safety Vest,SKU-APP-002,Apparel & Wearables,SALE,-3,143,140,2026-04-15 18:36:06,POS Sale INV-2026-1050
txn-9133,prod-21,20V Cordless Power Drill Set,SKU-HAR-001,Hardware & Tools,SALE,-2,24,22,2026-04-15 14:56:04,POS Sale INV-2026-1051
txn-9134,prod-10,Organic Green Tea (Box of 50 Bags),SKU-BEV-002,Beverages & Drinks,SALE,-2,92,90,2026-04-15 14:56:04,POS Sale INV-2026-1051
txn-9135,prod-09,Arabica Whole Bean Coffee 1kg,SKU-BEV-001,Beverages & Drinks,SALE,-3,63,60,2026-04-15 14:56:04,POS Sale INV-2026-1051
txn-9136,prod-14,Wholegrain Oats 1kg,SKU-GRO-002,Packaged Groceries,SALE,-2,112,110,2026-04-15 17:45:19,POS Sale INV-2026-1052
txn-9137,prod-25,Antibacterial Hand Sanitizer 500ml,SKU-PER-001,Personal Care,SALE,-3,303,300,2026-04-15 17:45:19,POS Sale INV-2026-1052
txn-9138,prod-19,Waterproof Work Gloves (Pair),SKU-APP-003,Apparel & Wearables,SALE,-1,181,180,2026-04-15 17:45:19,POS Sale INV-2026-1052
txn-9139,prod-18,High-Visibility Safety Vest,SKU-APP-002,Apparel & Wearables,SALE,-1,141,140,2026-04-15 17:45:19,POS Sale INV-2026-1052
txn-9140,prod-13,Organic Extra Virgin Olive Oil 750ml,SKU-GRO-001,Packaged Groceries,SALE,-1,51,50,2026-04-16 17:19:59,POS Sale INV-2026-1053
txn-9141,prod-17,100% Cotton Polo Shirt (Medium),SKU-APP-001,Apparel & Wearables,SALE,-1,96,95,2026-04-16 10:47:35,POS Sale INV-2026-1054
txn-9142,prod-25,Antibacterial Hand Sanitizer 500ml,SKU-PER-001,Personal Care,SALE,-1,301,300,2026-04-16 14:13:43,POS Sale INV-2026-1055
txn-9143,prod-14,Wholegrain Oats 1kg,SKU-GRO-002,Packaged Groceries,SALE,-2,112,110,2026-04-16 09:05:40,POS Sale INV-2026-1056
txn-9144,prod-18,High-Visibility Safety Vest,SKU-APP-002,Apparel & Wearables,SALE,-1,141,140,2026-04-16 11:40:16,POS Sale INV-2026-1057
txn-9145,prod-15,Raw Honey Jar 500g,SKU-GRO-003,Packaged Groceries,SALE,-1,66,65,2026-04-16 17:00:07,POS Sale INV-2026-1058
txn-9146,prod-22,Professional Precision Screwdriver Kit,SKU-HAR-002,Hardware & Tools,SALE,-1,56,55,2026-04-16 14:37:35,POS Sale INV-2026-1059
txn-9147,prod-28,Electric Stainless Steel Kettle 1.7L,SKU-HOM-001,Home Appliances,SALE,-1,33,32,2026-04-16 14:37:35,POS Sale INV-2026-1059
txn-9148,prod-09,Arabica Whole Bean Coffee 1kg,SKU-BEV-001,Beverages & Drinks,SALE,-1,61,60,2026-04-17 09:57:22,POS Sale INV-2026-1060
txn-9149,prod-12,Natural Cold Pressed Citrus Juice 1L,SKU-BEV-004,Beverages & Drinks,SALE,-4,44,40,2026-04-17 09:57:22,POS Sale INV-2026-1060
txn-9150,prod-02,Ergonomic Optical Wireless Mouse,SKU-ELE-002,Electronics & Gadgets,SALE,-3,83,80,2026-04-17 09:57:22,POS Sale INV-2026-1060
txn-9151,prod-11,Sparkling Mineral Water 500ml (Pack 12),SKU-BEV-003,Beverages & Drinks,SALE,-1,76,75,2026-04-17 17:56:55,POS Sale INV-2026-1061
txn-9152,prod-05,A4 Premium Copy Paper 500 Sheets,SKU-OFF-001,Office Supplies,SALE,-1,251,250,2026-04-17 17:56:55,POS Sale INV-2026-1061
txn-9153,prod-22,Professional Precision Screwdriver Kit,SKU-HAR-002,Hardware & Tools,SALE,-1,56,55,2026-04-17 12:55:10,POS Sale INV-2026-1062
txn-9154,prod-19,Waterproof Work Gloves (Pair),SKU-APP-003,Apparel & Wearables,SALE,-4,184,180,2026-04-17 12:55:10,POS Sale INV-2026-1062
txn-9155,prod-15,Raw Honey Jar 500g,SKU-GRO-003,Packaged Groceries,SALE,-1,66,65,2026-04-17 14:50:59,POS Sale INV-2026-1063
txn-9156,prod-18,High-Visibility Safety Vest,SKU-APP-002,Apparel & Wearables,SALE,-1,141,140,2026-04-17 14:50:59,POS Sale INV-2026-1063
txn-9157,prod-12,Natural Cold Pressed Citrus Juice 1L,SKU-BEV-004,Beverages & Drinks,SALE,-2,42,40,2026-04-17 14:50:59,POS Sale INV-2026-1063
txn-9158,prod-04,4K Ultra-HD Monitor 27-inch,SKU-ELE-004,Electronics & Gadgets,SALE,-1,13,12,2026-04-17 10:24:55,POS Sale INV-2026-1064
txn-9159,prod-25,Antibacterial Hand Sanitizer 500ml,SKU-PER-001,Personal Care,SALE,-2,302,300,2026-04-17 16:22:19,POS Sale INV-2026-1065
txn-9160,prod-03,Mechanical RGB Gaming Keyboard,SKU-ELE-003,Electronics & Gadgets,SALE,-1,31,30,2026-04-17 12:25:21,POS Sale INV-2026-1066
txn-9161,prod-14,Wholegrain Oats 1kg,SKU-GRO-002,Packaged Groceries,SALE,-1,111,110,2026-04-17 12:25:21,POS Sale INV-2026-1066
txn-9162,prod-11,Sparkling Mineral Water 500ml (Pack 12),SKU-BEV-003,Beverages & Drinks,SALE,-2,77,75,2026-04-17 17:25:43,POS Sale INV-2026-1067
txn-9163,prod-18,High-Visibility Safety Vest,SKU-APP-002,Apparel & Wearables,SALE,-1,141,140,2026-04-17 17:25:43,POS Sale INV-2026-1067
txn-9164,prod-25,Antibacterial Hand Sanitizer 500ml,SKU-PER-001,Personal Care,SALE,-1,301,300,2026-04-18 10:56:16,POS Sale INV-2026-1068
txn-9165,prod-19,Waterproof Work Gloves (Pair),SKU-APP-003,Apparel & Wearables,SALE,-1,181,180,2026-04-18 10:56:16,POS Sale INV-2026-1068
txn-9166,prod-01,Wireless Bluetooth Headset Pro,SKU-ELE-001,Electronics & Gadgets,SALE,-4,49,45,2026-04-18 15:22:46,POS Sale INV-2026-1069
txn-9167,prod-17,100% Cotton Polo Shirt (Medium),SKU-APP-001,Apparel & Wearables,SALE,-1,96,95,2026-04-18 15:22:46,POS Sale INV-2026-1069
txn-9168,prod-19,Waterproof Work Gloves (Pair),SKU-APP-003,Apparel & Wearables,SALE,-1,181,180,2026-04-18 10:24:57,POS Sale INV-2026-1070
txn-9169,prod-27,Microfiber Facial Towels (Pack of 4),SKU-PER-003,Personal Care,SALE,-4,74,70,2026-04-18 09:33:59,POS Sale INV-2026-1071
txn-9170,prod-11,Sparkling Mineral Water 500ml (Pack 12),SKU-BEV-003,Beverages & Drinks,SALE,-3,78,75,2026-04-18 09:33:59,POS Sale INV-2026-1071
txn-9171,prod-02,Ergonomic Optical Wireless Mouse,SKU-ELE-002,Electronics & Gadgets,SALE,-1,81,80,2026-04-18 10:42:58,POS Sale INV-2026-1072
txn-9172,prod-03,Mechanical RGB Gaming Keyboard,SKU-ELE-003,Electronics & Gadgets,SALE,-2,32,30,2026-04-18 13:32:19,POS Sale INV-2026-1073
txn-9173,prod-09,Arabica Whole Bean Coffee 1kg,SKU-BEV-001,Beverages & Drinks,SALE,-3,63,60,2026-04-18 17:08:12,POS Sale INV-2026-1074
txn-9174,prod-25,Antibacterial Hand Sanitizer 500ml,SKU-PER-001,Personal Care,SALE,-1,301,300,2026-04-18 13:25:35,POS Sale INV-2026-1075
txn-9175,prod-21,20V Cordless Power Drill Set,SKU-HAR-001,Hardware & Tools,SALE,-2,24,22,2026-04-18 18:38:41,POS Sale INV-2026-1076
txn-9176,prod-22,Professional Precision Screwdriver Kit,SKU-HAR-002,Hardware & Tools,SALE,-1,56,55,2026-04-18 17:30:50,POS Sale INV-2026-1077
txn-9177,prod-25,Antibacterial Hand Sanitizer 500ml,SKU-PER-001,Personal Care,SALE,-2,302,300,2026-04-18 17:30:50,POS Sale INV-2026-1077
txn-9178,prod-09,Arabica Whole Bean Coffee 1kg,SKU-BEV-001,Beverages & Drinks,SALE,-2,62,60,2026-04-18 17:30:50,POS Sale INV-2026-1077
txn-9179,prod-12,Natural Cold Pressed Citrus Juice 1L,SKU-BEV-004,Beverages & Drinks,SALE,-3,43,40,2026-04-18 13:32:42,POS Sale INV-2026-1078
txn-9180,prod-11,Sparkling Mineral Water 500ml (Pack 12),SKU-BEV-003,Beverages & Drinks,SALE,-1,76,75,2026-04-18 13:32:42,POS Sale INV-2026-1078
txn-9181,prod-24,Heavy-Duty Steel Measuring Tape 8m,SKU-HAR-004,Hardware & Tools,SALE,-2,92,90,2026-04-18 13:32:42,POS Sale INV-2026-1078
txn-9182,prod-10,Organic Green Tea (Box of 50 Bags),SKU-BEV-002,Beverages & Drinks,SALE,-2,92,90,2026-04-18 13:32:42,POS Sale INV-2026-1078
txn-9183,prod-27,Microfiber Facial Towels (Pack of 4),SKU-PER-003,Personal Care,SALE,-1,71,70,2026-04-18 13:32:42,POS Sale INV-2026-1078
txn-9184,prod-14,Wholegrain Oats 1kg,SKU-GRO-002,Packaged Groceries,SALE,-1,111,110,2026-04-18 12:43:19,POS Sale INV-2026-1079
txn-9185,prod-25,Antibacterial Hand Sanitizer 500ml,SKU-PER-001,Personal Care,SALE,-1,301,300,2026-04-18 12:43:19,POS Sale INV-2026-1079
txn-9186,prod-09,Arabica Whole Bean Coffee 1kg,SKU-BEV-001,Beverages & Drinks,SALE,-3,63,60,2026-04-18 12:43:19,POS Sale INV-2026-1079
txn-9187,prod-26,Gentle Moisturizing Hand Soap 1L,SKU-PER-002,Personal Care,SALE,-1,151,150,2026-04-18 12:43:19,POS Sale INV-2026-1079
txn-9188,prod-27,Microfiber Facial Towels (Pack of 4),SKU-PER-003,Personal Care,SALE,-4,74,70,2026-04-18 12:30:39,POS Sale INV-2026-1080
txn-9189,prod-18,High-Visibility Safety Vest,SKU-APP-002,Apparel & Wearables,SALE,-1,141,140,2026-04-18 19:36:12,POS Sale INV-2026-1081
txn-9190,prod-12,Natural Cold Pressed Citrus Juice 1L,SKU-BEV-004,Beverages & Drinks,SALE,-1,41,40,2026-04-18 19:36:12,POS Sale INV-2026-1081
txn-9191,prod-24,Heavy-Duty Steel Measuring Tape 8m,SKU-HAR-004,Hardware & Tools,SALE,-2,92,90,2026-04-19 11:41:44,POS Sale INV-2026-1082
txn-9192,prod-25,Antibacterial Hand Sanitizer 500ml,SKU-PER-001,Personal Care,SALE,-1,301,300,2026-04-19 11:41:44,POS Sale INV-2026-1082
txn-9193,prod-02,Ergonomic Optical Wireless Mouse,SKU-ELE-002,Electronics & Gadgets,SALE,-1,81,80,2026-04-19 12:11:51,POS Sale INV-2026-1083
txn-9194,prod-15,Raw Honey Jar 500g,SKU-GRO-003,Packaged Groceries,SALE,-3,68,65,2026-04-19 12:11:51,POS Sale INV-2026-1083
txn-9195,prod-05,A4 Premium Copy Paper 500 Sheets,SKU-OFF-001,Office Supplies,SALE,-1,251,250,2026-04-19 12:58:54,POS Sale INV-2026-1084
txn-9196,prod-18,High-Visibility Safety Vest,SKU-APP-002,Apparel & Wearables,SALE,-1,141,140,2026-04-19 17:38:20,POS Sale INV-2026-1085
txn-9197,prod-03,Mechanical RGB Gaming Keyboard,SKU-ELE-003,Electronics & Gadgets,SALE,-3,33,30,2026-04-19 17:38:20,POS Sale INV-2026-1085
txn-9198,prod-22,Professional Precision Screwdriver Kit,SKU-HAR-002,Hardware & Tools,SALE,-2,57,55,2026-04-19 17:38:20,POS Sale INV-2026-1085
txn-9199,prod-03,Mechanical RGB Gaming Keyboard,SKU-ELE-003,Electronics & Gadgets,SALE,-6,36,30,2026-04-19 17:27:53,POS Sale INV-2026-1086
txn-9200,prod-27,Microfiber Facial Towels (Pack of 4),SKU-PER-003,Personal Care,SALE,-1,71,70,2026-04-20 16:28:16,POS Sale INV-2026-1087
txn-9201,prod-29,HEPA Air Purifier Desktop Size,SKU-HOM-002,Home Appliances,SALE,-1,19,18,2026-04-20 16:28:16,POS Sale INV-2026-1087
txn-9202,prod-24,Heavy-Duty Steel Measuring Tape 8m,SKU-HAR-004,Hardware & Tools,SALE,-2,92,90,2026-04-20 16:28:16,POS Sale INV-2026-1087
txn-9203,prod-12,Natural Cold Pressed Citrus Juice 1L,SKU-BEV-004,Beverages & Drinks,SALE,-1,41,40,2026-04-20 17:31:40,POS Sale INV-2026-1088
txn-9204,prod-26,Gentle Moisturizing Hand Soap 1L,SKU-PER-002,Personal Care,SALE,-1,151,150,2026-04-20 17:31:40,POS Sale INV-2026-1088
txn-9205,prod-13,Organic Extra Virgin Olive Oil 750ml,SKU-GRO-001,Packaged Groceries,SALE,-1,51,50,2026-04-20 12:17:21,POS Sale INV-2026-1089
txn-9206,prod-05,A4 Premium Copy Paper 500 Sheets,SKU-OFF-001,Office Supplies,SALE,-2,252,250,2026-04-20 12:24:44,POS Sale INV-2026-1090
txn-9207,prod-17,100% Cotton Polo Shirt (Medium),SKU-APP-001,Apparel & Wearables,SALE,-1,96,95,2026-04-21 14:34:29,POS Sale INV-2026-1091
txn-9208,prod-28,Electric Stainless Steel Kettle 1.7L,SKU-HOM-001,Home Appliances,SALE,-3,35,32,2026-04-21 14:34:29,POS Sale INV-2026-1091
txn-9209,prod-11,Sparkling Mineral Water 500ml (Pack 12),SKU-BEV-003,Beverages & Drinks,SALE,-1,76,75,2026-04-21 14:34:29,POS Sale INV-2026-1091
txn-9210,prod-01,Wireless Bluetooth Headset Pro,SKU-ELE-001,Electronics & Gadgets,SALE,-1,46,45,2026-04-21 18:44:01,POS Sale INV-2026-1092
txn-9211,prod-28,Electric Stainless Steel Kettle 1.7L,SKU-HOM-001,Home Appliances,SALE,-1,33,32,2026-04-21 18:44:01,POS Sale INV-2026-1092
txn-9212,prod-26,Gentle Moisturizing Hand Soap 1L,SKU-PER-002,Personal Care,SALE,-4,154,150,2026-04-21 18:44:01,POS Sale INV-2026-1092
txn-9213,prod-15,Raw Honey Jar 500g,SKU-GRO-003,Packaged Groceries,SALE,-1,66,65,2026-04-21 18:44:01,POS Sale INV-2026-1092
txn-9214,prod-30,Compact Digital Microwave Oven 20L,SKU-HOM-003,Home Appliances,SALE,-2,17,15,2026-04-21 18:44:01,POS Sale INV-2026-1092
txn-9215,prod-13,Organic Extra Virgin Olive Oil 750ml,SKU-GRO-001,Packaged Groceries,SALE,-1,51,50,2026-04-21 09:22:19,POS Sale INV-2026-1093
txn-9216,prod-18,High-Visibility Safety Vest,SKU-APP-002,Apparel & Wearables,SALE,-3,143,140,2026-04-21 09:22:19,POS Sale INV-2026-1093
txn-9217,prod-09,Arabica Whole Bean Coffee 1kg,SKU-BEV-001,Beverages & Drinks,SALE,-4,64,60,2026-04-21 17:51:38,POS Sale INV-2026-1094
txn-9218,prod-09,Arabica Whole Bean Coffee 1kg,SKU-BEV-001,Beverages & Drinks,SALE,-1,61,60,2026-04-22 16:01:24,POS Sale INV-2026-1095
txn-9219,prod-06,Gel Ink Rollerball Pens (Box of 12),SKU-OFF-002,Office Supplies,SALE,-1,121,120,2026-04-22 16:01:24,POS Sale INV-2026-1095
txn-9220,prod-02,Ergonomic Optical Wireless Mouse,SKU-ELE-002,Electronics & Gadgets,SALE,-6,86,80,2026-04-22 16:58:08,POS Sale INV-2026-1096
txn-9221,prod-28,Electric Stainless Steel Kettle 1.7L,SKU-HOM-001,Home Appliances,SALE,-2,34,32,2026-04-22 16:58:08,POS Sale INV-2026-1096
txn-9222,prod-09,Arabica Whole Bean Coffee 1kg,SKU-BEV-001,Beverages & Drinks,SALE,-2,62,60,2026-04-22 18:36:42,POS Sale INV-2026-1097
txn-9223,prod-25,Antibacterial Hand Sanitizer 500ml,SKU-PER-001,Personal Care,SALE,-1,301,300,2026-04-22 18:36:42,POS Sale INV-2026-1097
txn-9224,prod-25,Antibacterial Hand Sanitizer 500ml,SKU-PER-001,Personal Care,SALE,-1,301,300,2026-04-22 16:11:03,POS Sale INV-2026-1098
txn-9225,prod-27,Microfiber Facial Towels (Pack of 4),SKU-PER-003,Personal Care,SALE,-4,74,70,2026-04-22 16:11:03,POS Sale INV-2026-1098
txn-9226,prod-22,Professional Precision Screwdriver Kit,SKU-HAR-002,Hardware & Tools,SALE,-3,58,55,2026-04-22 16:11:03,POS Sale INV-2026-1098
txn-9227,prod-18,High-Visibility Safety Vest,SKU-APP-002,Apparel & Wearables,SALE,-1,141,140,2026-04-22 16:11:03,POS Sale INV-2026-1098
txn-9228,prod-11,Sparkling Mineral Water 500ml (Pack 12),SKU-BEV-003,Beverages & Drinks,SALE,-2,77,75,2026-04-22 14:48:56,POS Sale INV-2026-1099
txn-9229,prod-05,A4 Premium Copy Paper 500 Sheets,SKU-OFF-001,Office Supplies,SALE,-3,253,250,2026-04-22 10:30:01,POS Sale INV-2026-1100
txn-9230,prod-17,100% Cotton Polo Shirt (Medium),SKU-APP-001,Apparel & Wearables,SALE,-1,96,95,2026-04-22 10:30:01,POS Sale INV-2026-1100
txn-9231,prod-11,Sparkling Mineral Water 500ml (Pack 12),SKU-BEV-003,Beverages & Drinks,SALE,-1,76,75,2026-04-22 10:30:01,POS Sale INV-2026-1100
txn-9232,prod-28,Electric Stainless Steel Kettle 1.7L,SKU-HOM-001,Home Appliances,SALE,-1,33,32,2026-04-22 10:30:01,POS Sale INV-2026-1100
txn-9233,prod-25,Antibacterial Hand Sanitizer 500ml,SKU-PER-001,Personal Care,SALE,-1,301,300,2026-04-22 10:30:01,POS Sale INV-2026-1100
txn-9234,prod-25,Antibacterial Hand Sanitizer 500ml,SKU-PER-001,Personal Care,SALE,-2,302,300,2026-04-22 10:49:41,POS Sale INV-2026-1101
txn-9235,prod-30,Compact Digital Microwave Oven 20L,SKU-HOM-003,Home Appliances,SALE,-4,19,15,2026-04-22 10:49:41,POS Sale INV-2026-1101
txn-9236,prod-14,Wholegrain Oats 1kg,SKU-GRO-002,Packaged Groceries,SALE,-3,113,110,2026-04-22 10:49:41,POS Sale INV-2026-1101
txn-9237,prod-13,Organic Extra Virgin Olive Oil 750ml,SKU-GRO-001,Packaged Groceries,SALE,-1,51,50,2026-04-23 09:39:09,POS Sale INV-2026-1102
txn-9238,prod-17,100% Cotton Polo Shirt (Medium),SKU-APP-001,Apparel & Wearables,SALE,-1,96,95,2026-04-23 12:29:44,POS Sale INV-2026-1103
txn-9239,prod-06,Gel Ink Rollerball Pens (Box of 12),SKU-OFF-002,Office Supplies,SALE,-1,121,120,2026-04-23 12:29:44,POS Sale INV-2026-1103
txn-9240,prod-19,Waterproof Work Gloves (Pair),SKU-APP-003,Apparel & Wearables,SALE,-2,182,180,2026-04-23 12:29:44,POS Sale INV-2026-1103
txn-9241,prod-18,High-Visibility Safety Vest,SKU-APP-002,Apparel & Wearables,SALE,-1,141,140,2026-04-23 12:29:44,POS Sale INV-2026-1103
txn-9242,prod-14,Wholegrain Oats 1kg,SKU-GRO-002,Packaged Groceries,SALE,-1,111,110,2026-04-23 10:49:52,POS Sale INV-2026-1104
txn-9243,prod-25,Antibacterial Hand Sanitizer 500ml,SKU-PER-001,Personal Care,SALE,-3,303,300,2026-04-23 10:49:52,POS Sale INV-2026-1104
txn-9244,prod-15,Raw Honey Jar 500g,SKU-GRO-003,Packaged Groceries,SALE,-1,66,65,2026-04-23 10:49:52,POS Sale INV-2026-1104
txn-9245,prod-01,Wireless Bluetooth Headset Pro,SKU-ELE-001,Electronics & Gadgets,SALE,-2,47,45,2026-04-23 13:36:43,POS Sale INV-2026-1105
txn-9246,prod-21,20V Cordless Power Drill Set,SKU-HAR-001,Hardware & Tools,SALE,-1,23,22,2026-04-23 12:04:37,POS Sale INV-2026-1106
txn-9247,prod-06,Gel Ink Rollerball Pens (Box of 12),SKU-OFF-002,Office Supplies,SALE,-1,121,120,2026-04-23 12:04:37,POS Sale INV-2026-1106
txn-9248,prod-17,100% Cotton Polo Shirt (Medium),SKU-APP-001,Apparel & Wearables,SALE,-1,96,95,2026-04-23 13:54:43,POS Sale INV-2026-1107
txn-9249,prod-26,Gentle Moisturizing Hand Soap 1L,SKU-PER-002,Personal Care,SALE,-1,151,150,2026-04-23 14:34:27,POS Sale INV-2026-1108
txn-9250,prod-10,Organic Green Tea (Box of 50 Bags),SKU-BEV-002,Beverages & Drinks,SALE,-2,92,90,2026-04-23 14:34:27,POS Sale INV-2026-1108
txn-9251,prod-18,High-Visibility Safety Vest,SKU-APP-002,Apparel & Wearables,SALE,-3,143,140,2026-04-23 09:54:26,POS Sale INV-2026-1109
txn-9252,prod-05,A4 Premium Copy Paper 500 Sheets,SKU-OFF-001,Office Supplies,SALE,-1,251,250,2026-04-23 19:57:53,POS Sale INV-2026-1110
txn-9253,prod-27,Microfiber Facial Towels (Pack of 4),SKU-PER-003,Personal Care,SALE,-6,76,70,2026-04-23 19:57:53,POS Sale INV-2026-1110
txn-9254,prod-14,Wholegrain Oats 1kg,SKU-GRO-002,Packaged Groceries,SALE,-1,111,110,2026-04-23 19:57:53,POS Sale INV-2026-1110
txn-9255,prod-07,Heavy-Duty Desktop Stapler,SKU-OFF-003,Office Supplies,SALE,-1,41,40,2026-04-23 19:57:53,POS Sale INV-2026-1110
txn-9256,prod-05,A4 Premium Copy Paper 500 Sheets,SKU-OFF-001,Office Supplies,SALE,-1,251,250,2026-04-24 17:41:17,POS Sale INV-2026-1111
txn-9257,prod-05,A4 Premium Copy Paper 500 Sheets,SKU-OFF-001,Office Supplies,SALE,-2,252,250,2026-04-24 16:27:52,POS Sale INV-2026-1112
txn-9258,prod-10,Organic Green Tea (Box of 50 Bags),SKU-BEV-002,Beverages & Drinks,SALE,-3,93,90,2026-04-24 10:17:56,POS Sale INV-2026-1113
txn-9259,prod-19,Waterproof Work Gloves (Pair),SKU-APP-003,Apparel & Wearables,SALE,-1,181,180,2026-04-24 19:24:21,POS Sale INV-2026-1114
txn-9260,prod-05,A4 Premium Copy Paper 500 Sheets,SKU-OFF-001,Office Supplies,SALE,-1,251,250,2026-04-24 19:24:21,POS Sale INV-2026-1114
txn-9261,prod-09,Arabica Whole Bean Coffee 1kg,SKU-BEV-001,Beverages & Drinks,SALE,-1,61,60,2026-04-24 12:22:51,POS Sale INV-2026-1115
txn-9262,prod-05,A4 Premium Copy Paper 500 Sheets,SKU-OFF-001,Office Supplies,SALE,-1,251,250,2026-04-24 13:35:00,POS Sale INV-2026-1116
txn-9263,prod-10,Organic Green Tea (Box of 50 Bags),SKU-BEV-002,Beverages & Drinks,SALE,-1,91,90,2026-04-24 15:31:35,POS Sale INV-2026-1117
txn-9264,prod-01,Wireless Bluetooth Headset Pro,SKU-ELE-001,Electronics & Gadgets,SALE,-2,47,45,2026-04-25 16:28:50,POS Sale INV-2026-1118
txn-9265,prod-25,Antibacterial Hand Sanitizer 500ml,SKU-PER-001,Personal Care,SALE,-1,301,300,2026-04-25 16:28:50,POS Sale INV-2026-1118
txn-9266,prod-26,Gentle Moisturizing Hand Soap 1L,SKU-PER-002,Personal Care,SALE,-2,152,150,2026-04-25 12:19:42,POS Sale INV-2026-1119
txn-9267,prod-02,Ergonomic Optical Wireless Mouse,SKU-ELE-002,Electronics & Gadgets,SALE,-2,82,80,2026-04-25 12:19:42,POS Sale INV-2026-1119
txn-9268,prod-09,Arabica Whole Bean Coffee 1kg,SKU-BEV-001,Beverages & Drinks,SALE,-1,61,60,2026-04-25 12:19:42,POS Sale INV-2026-1119
txn-9269,prod-10,Organic Green Tea (Box of 50 Bags),SKU-BEV-002,Beverages & Drinks,SALE,-1,91,90,2026-04-25 15:47:35,POS Sale INV-2026-1120
txn-9270,prod-10,Organic Green Tea (Box of 50 Bags),SKU-BEV-002,Beverages & Drinks,SALE,-2,92,90,2026-04-25 13:14:07,POS Sale INV-2026-1121
txn-9271,prod-13,Organic Extra Virgin Olive Oil 750ml,SKU-GRO-001,Packaged Groceries,SALE,-1,51,50,2026-04-25 13:14:07,POS Sale INV-2026-1121
txn-9272,prod-22,Professional Precision Screwdriver Kit,SKU-HAR-002,Hardware & Tools,SALE,-3,58,55,2026-04-25 11:12:13,POS Sale INV-2026-1122
txn-9273,prod-15,Raw Honey Jar 500g,SKU-GRO-003,Packaged Groceries,SALE,-1,66,65,2026-04-25 17:38:18,POS Sale INV-2026-1123
txn-9274,prod-04,4K Ultra-HD Monitor 27-inch,SKU-ELE-004,Electronics & Gadgets,SALE,-1,13,12,2026-04-25 17:38:18,POS Sale INV-2026-1123
txn-9275,prod-08,Adjustable Mesh Executive Chair,SKU-OFF-004,Office Supplies,SALE,-1,9,8,2026-04-25 11:19:00,POS Sale INV-2026-1124
txn-9276,prod-09,Arabica Whole Bean Coffee 1kg,SKU-BEV-001,Beverages & Drinks,SALE,-1,61,60,2026-04-25 09:35:18,POS Sale INV-2026-1125
txn-9277,prod-05,A4 Premium Copy Paper 500 Sheets,SKU-OFF-001,Office Supplies,SALE,-3,253,250,2026-04-25 09:36:18,POS Sale INV-2026-1126
txn-9278,prod-20,Breathable Fleece Jacket (Large),SKU-APP-004,Apparel & Wearables,SALE,-1,36,35,2026-04-25 09:16:55,POS Sale INV-2026-1127
txn-9279,prod-25,Antibacterial Hand Sanitizer 500ml,SKU-PER-001,Personal Care,SALE,-1,301,300,2026-04-25 09:16:55,POS Sale INV-2026-1127
txn-9280,prod-17,100% Cotton Polo Shirt (Medium),SKU-APP-001,Apparel & Wearables,SALE,-1,96,95,2026-04-25 10:36:40,POS Sale INV-2026-1128
txn-9281,prod-23,Digital Laser Distance Meter 50m,SKU-HAR-003,Hardware & Tools,SALE,-1,29,28,2026-04-25 10:36:40,POS Sale INV-2026-1128
txn-9282,prod-10,Organic Green Tea (Box of 50 Bags),SKU-BEV-002,Beverages & Drinks,SALE,-2,92,90,2026-04-25 13:05:15,POS Sale INV-2026-1129
txn-9283,prod-10,Organic Green Tea (Box of 50 Bags),SKU-BEV-002,Beverages & Drinks,SALE,-2,92,90,2026-04-25 18:14:49,POS Sale INV-2026-1130
txn-9284,prod-29,HEPA Air Purifier Desktop Size,SKU-HOM-002,Home Appliances,SALE,-1,19,18,2026-04-25 18:14:49,POS Sale INV-2026-1130
txn-9285,prod-09,Arabica Whole Bean Coffee 1kg,SKU-BEV-001,Beverages & Drinks,SALE,-1,61,60,2026-04-26 18:27:19,POS Sale INV-2026-1131
txn-9286,prod-02,Ergonomic Optical Wireless Mouse,SKU-ELE-002,Electronics & Gadgets,SALE,-1,81,80,2026-04-26 10:48:13,POS Sale INV-2026-1132
txn-9287,prod-15,Raw Honey Jar 500g,SKU-GRO-003,Packaged Groceries,SALE,-1,66,65,2026-04-26 10:48:13,POS Sale INV-2026-1132
txn-9288,prod-11,Sparkling Mineral Water 500ml (Pack 12),SKU-BEV-003,Beverages & Drinks,SALE,-4,79,75,2026-04-26 10:48:13,POS Sale INV-2026-1132
txn-9289,prod-29,HEPA Air Purifier Desktop Size,SKU-HOM-002,Home Appliances,SALE,-3,21,18,2026-04-26 10:48:13,POS Sale INV-2026-1132
txn-9290,prod-07,Heavy-Duty Desktop Stapler,SKU-OFF-003,Office Supplies,SALE,-4,44,40,2026-04-26 11:35:04,POS Sale INV-2026-1133
txn-9291,prod-05,A4 Premium Copy Paper 500 Sheets,SKU-OFF-001,Office Supplies,SALE,-1,251,250,2026-04-26 11:35:04,POS Sale INV-2026-1133
txn-9292,prod-19,Waterproof Work Gloves (Pair),SKU-APP-003,Apparel & Wearables,SALE,-1,181,180,2026-04-26 11:35:04,POS Sale INV-2026-1133
txn-9293,prod-24,Heavy-Duty Steel Measuring Tape 8m,SKU-HAR-004,Hardware & Tools,SALE,-1,91,90,2026-04-26 16:18:02,POS Sale INV-2026-1134
txn-9294,prod-12,Natural Cold Pressed Citrus Juice 1L,SKU-BEV-004,Beverages & Drinks,SALE,-1,41,40,2026-04-26 16:04:43,POS Sale INV-2026-1135
txn-9295,prod-04,4K Ultra-HD Monitor 27-inch,SKU-ELE-004,Electronics & Gadgets,SALE,-2,14,12,2026-04-26 12:27:07,POS Sale INV-2026-1136
txn-9296,prod-17,100% Cotton Polo Shirt (Medium),SKU-APP-001,Apparel & Wearables,SALE,-1,96,95,2026-04-26 11:04:03,POS Sale INV-2026-1137
txn-9297,prod-15,Raw Honey Jar 500g,SKU-GRO-003,Packaged Groceries,SALE,-1,66,65,2026-04-27 18:58:18,POS Sale INV-2026-1138
txn-9298,prod-02,Ergonomic Optical Wireless Mouse,SKU-ELE-002,Electronics & Gadgets,SALE,-1,81,80,2026-04-27 18:58:18,POS Sale INV-2026-1138
txn-9299,prod-29,HEPA Air Purifier Desktop Size,SKU-HOM-002,Home Appliances,SALE,-1,19,18,2026-04-27 13:32:34,POS Sale INV-2026-1139
txn-9300,prod-07,Heavy-Duty Desktop Stapler,SKU-OFF-003,Office Supplies,SALE,-1,41,40,2026-04-27 15:47:20,POS Sale INV-2026-1140
txn-9301,prod-20,Breathable Fleece Jacket (Large),SKU-APP-004,Apparel & Wearables,SALE,-1,36,35,2026-04-27 15:47:20,POS Sale INV-2026-1140
txn-9302,prod-24,Heavy-Duty Steel Measuring Tape 8m,SKU-HAR-004,Hardware & Tools,SALE,-1,91,90,2026-04-27 15:47:20,POS Sale INV-2026-1140
txn-9303,prod-27,Microfiber Facial Towels (Pack of 4),SKU-PER-003,Personal Care,SALE,-3,73,70,2026-04-27 19:53:55,POS Sale INV-2026-1141
txn-9304,prod-05,A4 Premium Copy Paper 500 Sheets,SKU-OFF-001,Office Supplies,SALE,-2,252,250,2026-04-27 11:30:33,POS Sale INV-2026-1142
txn-9305,prod-22,Professional Precision Screwdriver Kit,SKU-HAR-002,Hardware & Tools,SALE,-1,56,55,2026-04-27 11:30:33,POS Sale INV-2026-1142
txn-9306,prod-27,Microfiber Facial Towels (Pack of 4),SKU-PER-003,Personal Care,SALE,-3,73,70,2026-04-27 11:30:33,POS Sale INV-2026-1142
txn-9307,prod-06,Gel Ink Rollerball Pens (Box of 12),SKU-OFF-002,Office Supplies,SALE,-1,121,120,2026-04-27 11:30:33,POS Sale INV-2026-1142
txn-9308,prod-02,Ergonomic Optical Wireless Mouse,SKU-ELE-002,Electronics & Gadgets,SALE,-2,82,80,2026-04-27 11:30:33,POS Sale INV-2026-1142
txn-9309,prod-05,A4 Premium Copy Paper 500 Sheets,SKU-OFF-001,Office Supplies,SALE,-1,251,250,2026-04-27 15:40:52,POS Sale INV-2026-1143
txn-9310,prod-10,Organic Green Tea (Box of 50 Bags),SKU-BEV-002,Beverages & Drinks,SALE,-1,91,90,2026-04-28 14:20:42,POS Sale INV-2026-1144
txn-9311,prod-26,Gentle Moisturizing Hand Soap 1L,SKU-PER-002,Personal Care,SALE,-2,152,150,2026-04-28 14:20:42,POS Sale INV-2026-1144
txn-9312,prod-11,Sparkling Mineral Water 500ml (Pack 12),SKU-BEV-003,Beverages & Drinks,SALE,-1,76,75,2026-04-28 16:18:42,POS Sale INV-2026-1145
txn-9313,prod-13,Organic Extra Virgin Olive Oil 750ml,SKU-GRO-001,Packaged Groceries,SALE,-2,52,50,2026-04-28 16:18:42,POS Sale INV-2026-1145
txn-9314,prod-07,Heavy-Duty Desktop Stapler,SKU-OFF-003,Office Supplies,SALE,-1,41,40,2026-04-28 10:20:16,POS Sale INV-2026-1146
txn-9315,prod-26,Gentle Moisturizing Hand Soap 1L,SKU-PER-002,Personal Care,SALE,-1,151,150,2026-04-28 10:20:16,POS Sale INV-2026-1146
txn-9316,prod-18,High-Visibility Safety Vest,SKU-APP-002,Apparel & Wearables,SALE,-1,141,140,2026-04-28 09:42:55,POS Sale INV-2026-1147
txn-9317,prod-04,4K Ultra-HD Monitor 27-inch,SKU-ELE-004,Electronics & Gadgets,SALE,-2,14,12,2026-04-28 09:42:55,POS Sale INV-2026-1147
txn-9318,prod-27,Microfiber Facial Towels (Pack of 4),SKU-PER-003,Personal Care,SALE,-2,72,70,2026-04-28 09:42:55,POS Sale INV-2026-1147
txn-9319,prod-09,Arabica Whole Bean Coffee 1kg,SKU-BEV-001,Beverages & Drinks,SALE,-1,61,60,2026-04-28 09:42:55,POS Sale INV-2026-1147
txn-9320,prod-25,Antibacterial Hand Sanitizer 500ml,SKU-PER-001,Personal Care,SALE,-2,302,300,2026-04-28 14:39:48,POS Sale INV-2026-1148
txn-9321,prod-05,A4 Premium Copy Paper 500 Sheets,SKU-OFF-001,Office Supplies,SALE,-1,251,250,2026-04-28 14:39:48,POS Sale INV-2026-1148
txn-9322,prod-09,Arabica Whole Bean Coffee 1kg,SKU-BEV-001,Beverages & Drinks,SALE,-1,61,60,2026-04-28 14:39:48,POS Sale INV-2026-1148
txn-9323,prod-07,Heavy-Duty Desktop Stapler,SKU-OFF-003,Office Supplies,SALE,-2,42,40,2026-04-28 14:39:48,POS Sale INV-2026-1148
txn-9324,prod-10,Organic Green Tea (Box of 50 Bags),SKU-BEV-002,Beverages & Drinks,SALE,-3,93,90,2026-04-28 17:08:59,POS Sale INV-2026-1149
txn-9325,prod-25,Antibacterial Hand Sanitizer 500ml,SKU-PER-001,Personal Care,SALE,-1,301,300,2026-04-28 17:08:59,POS Sale INV-2026-1149
txn-9326,prod-04,4K Ultra-HD Monitor 27-inch,SKU-ELE-004,Electronics & Gadgets,SALE,-1,13,12,2026-04-28 17:08:59,POS Sale INV-2026-1149
txn-9327,prod-05,A4 Premium Copy Paper 500 Sheets,SKU-OFF-001,Office Supplies,SALE,-2,252,250,2026-04-28 19:38:51,POS Sale INV-2026-1150
txn-9328,prod-06,Gel Ink Rollerball Pens (Box of 12),SKU-OFF-002,Office Supplies,SALE,-2,122,120,2026-04-28 19:38:51,POS Sale INV-2026-1150
txn-9329,prod-22,Professional Precision Screwdriver Kit,SKU-HAR-002,Hardware & Tools,SALE,-2,57,55,2026-04-28 19:38:51,POS Sale INV-2026-1150
txn-9330,prod-07,Heavy-Duty Desktop Stapler,SKU-OFF-003,Office Supplies,SALE,-1,41,40,2026-04-28 17:26:05,POS Sale INV-2026-1151
txn-9331,prod-10,Organic Green Tea (Box of 50 Bags),SKU-BEV-002,Beverages & Drinks,SALE,-3,93,90,2026-04-28 17:26:05,POS Sale INV-2026-1151
txn-9332,prod-11,Sparkling Mineral Water 500ml (Pack 12),SKU-BEV-003,Beverages & Drinks,SALE,-4,79,75,2026-04-29 10:41:53,POS Sale INV-2026-1152
txn-9333,prod-13,Organic Extra Virgin Olive Oil 750ml,SKU-GRO-001,Packaged Groceries,SALE,-1,51,50,2026-04-29 10:41:53,POS Sale INV-2026-1152
txn-9334,prod-14,Wholegrain Oats 1kg,SKU-GRO-002,Packaged Groceries,SALE,-1,111,110,2026-04-29 13:26:53,POS Sale INV-2026-1153
txn-9335,prod-18,High-Visibility Safety Vest,SKU-APP-002,Apparel & Wearables,SALE,-3,143,140,2026-04-29 13:26:53,POS Sale INV-2026-1153
txn-9336,prod-16,Assorted Roasted Almonds 250g,SKU-GRO-004,Packaged Groceries,SALE,-1,86,85,2026-04-29 11:24:12,POS Sale INV-2026-1154
txn-9337,prod-21,20V Cordless Power Drill Set,SKU-HAR-001,Hardware & Tools,SALE,-2,24,22,2026-04-29 11:24:12,POS Sale INV-2026-1154
txn-9338,prod-26,Gentle Moisturizing Hand Soap 1L,SKU-PER-002,Personal Care,SALE,-1,151,150,2026-04-29 11:24:12,POS Sale INV-2026-1154
txn-9339,prod-05,A4 Premium Copy Paper 500 Sheets,SKU-OFF-001,Office Supplies,SALE,-2,252,250,2026-04-29 11:24:12,POS Sale INV-2026-1154
txn-9340,prod-27,Microfiber Facial Towels (Pack of 4),SKU-PER-003,Personal Care,SALE,-3,73,70,2026-04-29 13:49:50,POS Sale INV-2026-1155
txn-9341,prod-13,Organic Extra Virgin Olive Oil 750ml,SKU-GRO-001,Packaged Groceries,SALE,-1,51,50,2026-04-29 13:49:50,POS Sale INV-2026-1155
txn-9342,prod-04,4K Ultra-HD Monitor 27-inch,SKU-ELE-004,Electronics & Gadgets,SALE,-4,16,12,2026-04-29 13:49:50,POS Sale INV-2026-1155
txn-9343,prod-29,HEPA Air Purifier Desktop Size,SKU-HOM-002,Home Appliances,SALE,-3,21,18,2026-04-29 13:49:50,POS Sale INV-2026-1155
txn-9344,prod-17,100% Cotton Polo Shirt (Medium),SKU-APP-001,Apparel & Wearables,SALE,-1,96,95,2026-04-29 09:18:46,POS Sale INV-2026-1156
txn-9345,prod-11,Sparkling Mineral Water 500ml (Pack 12),SKU-BEV-003,Beverages & Drinks,SALE,-1,76,75,2026-04-29 09:18:46,POS Sale INV-2026-1156
txn-9346,prod-01,Wireless Bluetooth Headset Pro,SKU-ELE-001,Electronics & Gadgets,SALE,-1,46,45,2026-04-29 16:55:09,POS Sale INV-2026-1157
txn-9347,prod-10,Organic Green Tea (Box of 50 Bags),SKU-BEV-002,Beverages & Drinks,SALE,-3,93,90,2026-04-29 16:55:09,POS Sale INV-2026-1157
txn-9348,prod-11,Sparkling Mineral Water 500ml (Pack 12),SKU-BEV-003,Beverages & Drinks,SALE,-1,76,75,2026-04-29 16:55:09,POS Sale INV-2026-1157
txn-9349,prod-22,Professional Precision Screwdriver Kit,SKU-HAR-002,Hardware & Tools,SALE,-1,56,55,2026-04-29 17:24:29,POS Sale INV-2026-1158
txn-9350,prod-13,Organic Extra Virgin Olive Oil 750ml,SKU-GRO-001,Packaged Groceries,SALE,-1,51,50,2026-04-29 12:54:49,POS Sale INV-2026-1159
txn-9351,prod-14,Wholegrain Oats 1kg,SKU-GRO-002,Packaged Groceries,SALE,-1,111,110,2026-04-29 15:24:42,POS Sale INV-2026-1160
txn-9352,prod-18,High-Visibility Safety Vest,SKU-APP-002,Apparel & Wearables,SALE,-2,142,140,2026-04-30 09:08:32,POS Sale INV-2026-1161
txn-9353,prod-01,Wireless Bluetooth Headset Pro,SKU-ELE-001,Electronics & Gadgets,SALE,-1,46,45,2026-04-30 09:08:32,POS Sale INV-2026-1161
txn-9354,prod-05,A4 Premium Copy Paper 500 Sheets,SKU-OFF-001,Office Supplies,SALE,-1,251,250,2026-04-30 16:06:33,POS Sale INV-2026-1162
txn-9355,prod-12,Natural Cold Pressed Citrus Juice 1L,SKU-BEV-004,Beverages & Drinks,SALE,-1,41,40,2026-04-30 16:06:33,POS Sale INV-2026-1162
txn-9356,prod-03,Mechanical RGB Gaming Keyboard,SKU-ELE-003,Electronics & Gadgets,SALE,-2,32,30,2026-04-30 16:06:33,POS Sale INV-2026-1162
txn-9357,prod-30,Compact Digital Microwave Oven 20L,SKU-HOM-003,Home Appliances,SALE,-1,16,15,2026-04-30 16:06:33,POS Sale INV-2026-1162
txn-9358,prod-14,Wholegrain Oats 1kg,SKU-GRO-002,Packaged Groceries,SALE,-3,113,110,2026-04-30 16:06:33,POS Sale INV-2026-1162
txn-9359,prod-06,Gel Ink Rollerball Pens (Box of 12),SKU-OFF-002,Office Supplies,SALE,-1,121,120,2026-04-30 19:09:04,POS Sale INV-2026-1163
txn-9360,prod-16,Assorted Roasted Almonds 250g,SKU-GRO-004,Packaged Groceries,SALE,-2,87,85,2026-04-30 15:41:05,POS Sale INV-2026-1164
txn-9361,prod-02,Ergonomic Optical Wireless Mouse,SKU-ELE-002,Electronics & Gadgets,SALE,-1,81,80,2026-04-30 15:41:05,POS Sale INV-2026-1164
txn-9362,prod-12,Natural Cold Pressed Citrus Juice 1L,SKU-BEV-004,Beverages & Drinks,SALE,-1,41,40,2026-04-30 14:40:45,POS Sale INV-2026-1165
txn-9363,prod-11,Sparkling Mineral Water 500ml (Pack 12),SKU-BEV-003,Beverages & Drinks,SALE,-1,76,75,2026-04-30 14:40:45,POS Sale INV-2026-1165
txn-9364,prod-25,Antibacterial Hand Sanitizer 500ml,SKU-PER-001,Personal Care,SALE,-4,304,300,2026-04-30 10:15:40,POS Sale INV-2026-1166
txn-9365,prod-09,Arabica Whole Bean Coffee 1kg,SKU-BEV-001,Beverages & Drinks,SALE,-2,62,60,2026-04-30 15:06:48,POS Sale INV-2026-1167
txn-9366,prod-01,Wireless Bluetooth Headset Pro,SKU-ELE-001,Electronics & Gadgets,SALE,-2,47,45,2026-05-01 13:57:01,POS Sale INV-2026-1168
txn-9367,prod-05,A4 Premium Copy Paper 500 Sheets,SKU-OFF-001,Office Supplies,SALE,-2,252,250,2026-05-01 13:57:01,POS Sale INV-2026-1168
txn-9368,prod-06,Gel Ink Rollerball Pens (Box of 12),SKU-OFF-002,Office Supplies,SALE,-1,121,120,2026-05-01 14:27:09,POS Sale INV-2026-1169
txn-9369,prod-01,Wireless Bluetooth Headset Pro,SKU-ELE-001,Electronics & Gadgets,SALE,-2,47,45,2026-05-01 11:10:11,POS Sale INV-2026-1170
txn-9370,prod-03,Mechanical RGB Gaming Keyboard,SKU-ELE-003,Electronics & Gadgets,SALE,-1,31,30,2026-05-01 11:10:11,POS Sale INV-2026-1170
txn-9371,prod-07,Heavy-Duty Desktop Stapler,SKU-OFF-003,Office Supplies,SALE,-1,41,40,2026-05-01 12:31:58,POS Sale INV-2026-1171
txn-9372,prod-03,Mechanical RGB Gaming Keyboard,SKU-ELE-003,Electronics & Gadgets,SALE,-2,32,30,2026-05-01 12:31:58,POS Sale INV-2026-1171
txn-9373,prod-25,Antibacterial Hand Sanitizer 500ml,SKU-PER-001,Personal Care,SALE,-1,301,300,2026-05-01 16:16:42,POS Sale INV-2026-1172
txn-9374,prod-11,Sparkling Mineral Water 500ml (Pack 12),SKU-BEV-003,Beverages & Drinks,SALE,-1,76,75,2026-05-01 16:16:42,POS Sale INV-2026-1172
txn-9375,prod-19,Waterproof Work Gloves (Pair),SKU-APP-003,Apparel & Wearables,SALE,-3,183,180,2026-05-01 16:16:42,POS Sale INV-2026-1172
txn-9376,prod-03,Mechanical RGB Gaming Keyboard,SKU-ELE-003,Electronics & Gadgets,SALE,-1,31,30,2026-05-01 19:34:10,POS Sale INV-2026-1173
txn-9377,prod-06,Gel Ink Rollerball Pens (Box of 12),SKU-OFF-002,Office Supplies,SALE,-1,121,120,2026-05-01 15:44:16,POS Sale INV-2026-1174
txn-9378,prod-26,Gentle Moisturizing Hand Soap 1L,SKU-PER-002,Personal Care,SALE,-1,151,150,2026-05-01 16:06:15,POS Sale INV-2026-1175
txn-9379,prod-25,Antibacterial Hand Sanitizer 500ml,SKU-PER-001,Personal Care,SALE,-1,301,300,2026-05-01 16:06:15,POS Sale INV-2026-1175
txn-9380,prod-17,100% Cotton Polo Shirt (Medium),SKU-APP-001,Apparel & Wearables,SALE,-1,96,95,2026-05-01 13:01:53,POS Sale INV-2026-1176
txn-9381,prod-11,Sparkling Mineral Water 500ml (Pack 12),SKU-BEV-003,Beverages & Drinks,SALE,-1,76,75,2026-05-01 19:49:47,POS Sale INV-2026-1177
txn-9382,prod-15,Raw Honey Jar 500g,SKU-GRO-003,Packaged Groceries,SALE,-1,66,65,2026-05-01 19:49:47,POS Sale INV-2026-1177
txn-9383,prod-24,Heavy-Duty Steel Measuring Tape 8m,SKU-HAR-004,Hardware & Tools,SALE,-3,93,90,2026-05-01 13:49:51,POS Sale INV-2026-1178
txn-9384,prod-05,A4 Premium Copy Paper 500 Sheets,SKU-OFF-001,Office Supplies,SALE,-2,252,250,2026-05-01 13:49:51,POS Sale INV-2026-1178
txn-9385,prod-26,Gentle Moisturizing Hand Soap 1L,SKU-PER-002,Personal Care,SALE,-1,151,150,2026-05-01 13:49:51,POS Sale INV-2026-1178
txn-9386,prod-13,Organic Extra Virgin Olive Oil 750ml,SKU-GRO-001,Packaged Groceries,SALE,-1,51,50,2026-05-01 13:49:51,POS Sale INV-2026-1178
txn-9387,prod-15,Raw Honey Jar 500g,SKU-GRO-003,Packaged Groceries,SALE,-2,67,65,2026-05-01 12:39:16,POS Sale INV-2026-1179
txn-9388,prod-05,A4 Premium Copy Paper 500 Sheets,SKU-OFF-001,Office Supplies,SALE,-3,253,250,2026-05-01 19:41:02,POS Sale INV-2026-1180
txn-9389,prod-09,Arabica Whole Bean Coffee 1kg,SKU-BEV-001,Beverages & Drinks,SALE,-1,61,60,2026-05-02 11:05:58,POS Sale INV-2026-1181
txn-9390,prod-05,A4 Premium Copy Paper 500 Sheets,SKU-OFF-001,Office Supplies,SALE,-2,252,250,2026-05-02 11:50:34,POS Sale INV-2026-1182
txn-9391,prod-16,Assorted Roasted Almonds 250g,SKU-GRO-004,Packaged Groceries,SALE,-3,88,85,2026-05-02 11:50:34,POS Sale INV-2026-1182
txn-9392,prod-09,Arabica Whole Bean Coffee 1kg,SKU-BEV-001,Beverages & Drinks,SALE,-1,61,60,2026-05-02 11:50:34,POS Sale INV-2026-1182
txn-9393,prod-15,Raw Honey Jar 500g,SKU-GRO-003,Packaged Groceries,SALE,-1,66,65,2026-05-02 11:50:34,POS Sale INV-2026-1182
txn-9394,prod-26,Gentle Moisturizing Hand Soap 1L,SKU-PER-002,Personal Care,SALE,-3,153,150,2026-05-02 13:53:10,POS Sale INV-2026-1183
txn-9395,prod-17,100% Cotton Polo Shirt (Medium),SKU-APP-001,Apparel & Wearables,SALE,-1,96,95,2026-05-02 13:47:55,POS Sale INV-2026-1184
txn-9396,prod-19,Waterproof Work Gloves (Pair),SKU-APP-003,Apparel & Wearables,SALE,-3,183,180,2026-05-02 13:47:55,POS Sale INV-2026-1184
txn-9397,prod-11,Sparkling Mineral Water 500ml (Pack 12),SKU-BEV-003,Beverages & Drinks,SALE,-1,76,75,2026-05-02 11:48:14,POS Sale INV-2026-1185
txn-9398,prod-14,Wholegrain Oats 1kg,SKU-GRO-002,Packaged Groceries,SALE,-1,111,110,2026-05-02 11:48:14,POS Sale INV-2026-1185
txn-9399,prod-03,Mechanical RGB Gaming Keyboard,SKU-ELE-003,Electronics & Gadgets,SALE,-1,31,30,2026-05-02 17:23:05,POS Sale INV-2026-1186
txn-9400,prod-17,100% Cotton Polo Shirt (Medium),SKU-APP-001,Apparel & Wearables,SALE,-1,96,95,2026-05-02 17:23:05,POS Sale INV-2026-1186
txn-9401,prod-07,Heavy-Duty Desktop Stapler,SKU-OFF-003,Office Supplies,SALE,-1,41,40,2026-05-02 17:23:05,POS Sale INV-2026-1186
txn-9402,prod-09,Arabica Whole Bean Coffee 1kg,SKU-BEV-001,Beverages & Drinks,SALE,-2,62,60,2026-05-02 16:23:43,POS Sale INV-2026-1187
txn-9403,prod-16,Assorted Roasted Almonds 250g,SKU-GRO-004,Packaged Groceries,SALE,-4,89,85,2026-05-02 16:23:43,POS Sale INV-2026-1187
txn-9404,prod-13,Organic Extra Virgin Olive Oil 750ml,SKU-GRO-001,Packaged Groceries,SALE,-2,52,50,2026-05-02 16:23:43,POS Sale INV-2026-1187
txn-9405,prod-01,Wireless Bluetooth Headset Pro,SKU-ELE-001,Electronics & Gadgets,SALE,-1,46,45,2026-05-02 19:23:06,POS Sale INV-2026-1188
txn-9406,prod-02,Ergonomic Optical Wireless Mouse,SKU-ELE-002,Electronics & Gadgets,SALE,-1,81,80,2026-05-02 17:20:58,POS Sale INV-2026-1189
txn-9407,prod-14,Wholegrain Oats 1kg,SKU-GRO-002,Packaged Groceries,SALE,-1,111,110,2026-05-02 17:20:58,POS Sale INV-2026-1189
txn-9408,prod-03,Mechanical RGB Gaming Keyboard,SKU-ELE-003,Electronics & Gadgets,SALE,-1,31,30,2026-05-02 16:58:44,POS Sale INV-2026-1190
txn-9409,prod-02,Ergonomic Optical Wireless Mouse,SKU-ELE-002,Electronics & Gadgets,SALE,-2,82,80,2026-05-02 16:58:44,POS Sale INV-2026-1190
txn-9410,prod-22,Professional Precision Screwdriver Kit,SKU-HAR-002,Hardware & Tools,SALE,-1,56,55,2026-05-02 16:58:44,POS Sale INV-2026-1190
txn-9411,prod-25,Antibacterial Hand Sanitizer 500ml,SKU-PER-001,Personal Care,SALE,-2,302,300,2026-05-02 09:19:31,POS Sale INV-2026-1191
txn-9412,prod-09,Arabica Whole Bean Coffee 1kg,SKU-BEV-001,Beverages & Drinks,SALE,-1,61,60,2026-05-03 16:23:42,POS Sale INV-2026-1192
txn-9413,prod-17,100% Cotton Polo Shirt (Medium),SKU-APP-001,Apparel & Wearables,SALE,-1,96,95,2026-05-03 16:23:42,POS Sale INV-2026-1192
txn-9414,prod-05,A4 Premium Copy Paper 500 Sheets,SKU-OFF-001,Office Supplies,SALE,-1,251,250,2026-05-03 11:56:26,POS Sale INV-2026-1193
txn-9415,prod-27,Microfiber Facial Towels (Pack of 4),SKU-PER-003,Personal Care,SALE,-3,73,70,2026-05-03 11:56:26,POS Sale INV-2026-1193
txn-9416,prod-12,Natural Cold Pressed Citrus Juice 1L,SKU-BEV-004,Beverages & Drinks,SALE,-2,42,40,2026-05-03 11:56:26,POS Sale INV-2026-1193
txn-9417,prod-06,Gel Ink Rollerball Pens (Box of 12),SKU-OFF-002,Office Supplies,SALE,-2,122,120,2026-05-03 11:56:26,POS Sale INV-2026-1193
txn-9418,prod-21,20V Cordless Power Drill Set,SKU-HAR-001,Hardware & Tools,SALE,-1,23,22,2026-05-03 13:02:44,POS Sale INV-2026-1194
txn-9419,prod-25,Antibacterial Hand Sanitizer 500ml,SKU-PER-001,Personal Care,SALE,-1,301,300,2026-05-03 13:02:44,POS Sale INV-2026-1194
txn-9420,prod-29,HEPA Air Purifier Desktop Size,SKU-HOM-002,Home Appliances,SALE,-4,22,18,2026-05-03 14:06:43,POS Sale INV-2026-1195
txn-9421,prod-21,20V Cordless Power Drill Set,SKU-HAR-001,Hardware & Tools,SALE,-4,26,22,2026-05-03 13:12:07,POS Sale INV-2026-1196
txn-9422,prod-16,Assorted Roasted Almonds 250g,SKU-GRO-004,Packaged Groceries,SALE,-3,88,85,2026-05-03 19:40:38,POS Sale INV-2026-1197
txn-9423,prod-21,20V Cordless Power Drill Set,SKU-HAR-001,Hardware & Tools,SALE,-1,23,22,2026-05-03 11:50:36,POS Sale INV-2026-1198
txn-9424,prod-28,Electric Stainless Steel Kettle 1.7L,SKU-HOM-001,Home Appliances,SALE,-3,35,32,2026-05-03 12:52:55,POS Sale INV-2026-1199
txn-9425,prod-27,Microfiber Facial Towels (Pack of 4),SKU-PER-003,Personal Care,SALE,-1,71,70,2026-05-03 12:52:55,POS Sale INV-2026-1199
txn-9426,prod-13,Organic Extra Virgin Olive Oil 750ml,SKU-GRO-001,Packaged Groceries,SALE,-3,53,50,2026-05-03 12:52:55,POS Sale INV-2026-1199
txn-9427,prod-25,Antibacterial Hand Sanitizer 500ml,SKU-PER-001,Personal Care,SALE,-1,301,300,2026-05-03 12:52:55,POS Sale INV-2026-1199
txn-9428,prod-06,Gel Ink Rollerball Pens (Box of 12),SKU-OFF-002,Office Supplies,SALE,-1,121,120,2026-05-03 18:00:17,POS Sale INV-2026-1200
txn-9429,prod-05,A4 Premium Copy Paper 500 Sheets,SKU-OFF-001,Office Supplies,SALE,-2,252,250,2026-05-03 18:00:17,POS Sale INV-2026-1200
txn-9430,prod-22,Professional Precision Screwdriver Kit,SKU-HAR-002,Hardware & Tools,SALE,-1,56,55,2026-05-03 11:07:42,POS Sale INV-2026-1201
txn-9431,prod-09,Arabica Whole Bean Coffee 1kg,SKU-BEV-001,Beverages & Drinks,SALE,-2,62,60,2026-05-04 12:37:20,POS Sale INV-2026-1202
txn-9432,prod-18,High-Visibility Safety Vest,SKU-APP-002,Apparel & Wearables,SALE,-1,141,140,2026-05-04 12:37:20,POS Sale INV-2026-1202
txn-9433,prod-26,Gentle Moisturizing Hand Soap 1L,SKU-PER-002,Personal Care,SALE,-1,151,150,2026-05-04 12:37:20,POS Sale INV-2026-1202
txn-9434,prod-01,Wireless Bluetooth Headset Pro,SKU-ELE-001,Electronics & Gadgets,SALE,-4,49,45,2026-05-04 15:33:07,POS Sale INV-2026-1203
txn-9435,prod-26,Gentle Moisturizing Hand Soap 1L,SKU-PER-002,Personal Care,SALE,-2,152,150,2026-05-04 15:33:07,POS Sale INV-2026-1203
txn-9436,prod-15,Raw Honey Jar 500g,SKU-GRO-003,Packaged Groceries,SALE,-6,71,65,2026-05-04 15:33:07,POS Sale INV-2026-1203
txn-9437,prod-24,Heavy-Duty Steel Measuring Tape 8m,SKU-HAR-004,Hardware & Tools,SALE,-1,91,90,2026-05-04 17:37:06,POS Sale INV-2026-1204
txn-9438,prod-18,High-Visibility Safety Vest,SKU-APP-002,Apparel & Wearables,SALE,-6,146,140,2026-05-04 19:33:19,POS Sale INV-2026-1205
txn-9439,prod-26,Gentle Moisturizing Hand Soap 1L,SKU-PER-002,Personal Care,SALE,-2,152,150,2026-05-04 19:33:19,POS Sale INV-2026-1205
txn-9440,prod-12,Natural Cold Pressed Citrus Juice 1L,SKU-BEV-004,Beverages & Drinks,SALE,-1,41,40,2026-05-04 15:27:43,POS Sale INV-2026-1206
txn-9441,prod-22,Professional Precision Screwdriver Kit,SKU-HAR-002,Hardware & Tools,SALE,-1,56,55,2026-05-04 15:27:43,POS Sale INV-2026-1206
txn-9442,prod-09,Arabica Whole Bean Coffee 1kg,SKU-BEV-001,Beverages & Drinks,SALE,-1,61,60,2026-05-04 10:20:38,POS Sale INV-2026-1207
txn-9443,prod-01,Wireless Bluetooth Headset Pro,SKU-ELE-001,Electronics & Gadgets,SALE,-1,46,45,2026-05-04 18:35:45,POS Sale INV-2026-1208
txn-9444,prod-12,Natural Cold Pressed Citrus Juice 1L,SKU-BEV-004,Beverages & Drinks,SALE,-2,42,40,2026-05-04 17:38:27,POS Sale INV-2026-1209
txn-9445,prod-11,Sparkling Mineral Water 500ml (Pack 12),SKU-BEV-003,Beverages & Drinks,SALE,-1,76,75,2026-05-04 17:38:27,POS Sale INV-2026-1209
txn-9446,prod-20,Breathable Fleece Jacket (Large),SKU-APP-004,Apparel & Wearables,SALE,-1,36,35,2026-05-04 17:38:27,POS Sale INV-2026-1209
txn-9447,prod-06,Gel Ink Rollerball Pens (Box of 12),SKU-OFF-002,Office Supplies,SALE,-3,123,120,2026-05-04 17:38:27,POS Sale INV-2026-1209
txn-9448,prod-27,Microfiber Facial Towels (Pack of 4),SKU-PER-003,Personal Care,SALE,-4,74,70,2026-05-04 17:38:27,POS Sale INV-2026-1209
txn-9449,prod-18,High-Visibility Safety Vest,SKU-APP-002,Apparel & Wearables,SALE,-6,146,140,2026-05-05 19:56:49,POS Sale INV-2026-1210
txn-9450,prod-05,A4 Premium Copy Paper 500 Sheets,SKU-OFF-001,Office Supplies,SALE,-1,251,250,2026-05-05 19:56:49,POS Sale INV-2026-1210
txn-9451,prod-19,Waterproof Work Gloves (Pair),SKU-APP-003,Apparel & Wearables,SALE,-1,181,180,2026-05-05 12:26:21,POS Sale INV-2026-1211
txn-9452,prod-17,100% Cotton Polo Shirt (Medium),SKU-APP-001,Apparel & Wearables,SALE,-1,96,95,2026-05-05 12:26:21,POS Sale INV-2026-1211
txn-9453,prod-14,Wholegrain Oats 1kg,SKU-GRO-002,Packaged Groceries,SALE,-1,111,110,2026-05-05 12:26:21,POS Sale INV-2026-1211
txn-9454,prod-06,Gel Ink Rollerball Pens (Box of 12),SKU-OFF-002,Office Supplies,SALE,-2,122,120,2026-05-05 12:26:21,POS Sale INV-2026-1211
txn-9455,prod-02,Ergonomic Optical Wireless Mouse,SKU-ELE-002,Electronics & Gadgets,SALE,-4,84,80,2026-05-05 14:27:20,POS Sale INV-2026-1212
txn-9456,prod-05,A4 Premium Copy Paper 500 Sheets,SKU-OFF-001,Office Supplies,SALE,-1,251,250,2026-05-06 16:04:05,POS Sale INV-2026-1213
txn-9457,prod-25,Antibacterial Hand Sanitizer 500ml,SKU-PER-001,Personal Care,SALE,-1,301,300,2026-05-06 16:04:05,POS Sale INV-2026-1213
txn-9458,prod-17,100% Cotton Polo Shirt (Medium),SKU-APP-001,Apparel & Wearables,SALE,-1,96,95,2026-05-06 14:51:08,POS Sale INV-2026-1214
txn-9459,prod-16,Assorted Roasted Almonds 250g,SKU-GRO-004,Packaged Groceries,SALE,-3,88,85,2026-05-06 14:51:08,POS Sale INV-2026-1214
txn-9460,prod-05,A4 Premium Copy Paper 500 Sheets,SKU-OFF-001,Office Supplies,SALE,-3,253,250,2026-05-06 19:07:26,POS Sale INV-2026-1215
txn-9461,prod-25,Antibacterial Hand Sanitizer 500ml,SKU-PER-001,Personal Care,SALE,-1,301,300,2026-05-06 09:18:38,POS Sale INV-2026-1216
txn-9462,prod-19,Waterproof Work Gloves (Pair),SKU-APP-003,Apparel & Wearables,SALE,-1,181,180,2026-05-06 09:18:38,POS Sale INV-2026-1216
txn-9463,prod-15,Raw Honey Jar 500g,SKU-GRO-003,Packaged Groceries,SALE,-1,66,65,2026-05-06 09:18:38,POS Sale INV-2026-1216
txn-9464,prod-02,Ergonomic Optical Wireless Mouse,SKU-ELE-002,Electronics & Gadgets,SALE,-2,82,80,2026-05-06 09:18:38,POS Sale INV-2026-1216
txn-9465,prod-02,Ergonomic Optical Wireless Mouse,SKU-ELE-002,Electronics & Gadgets,SALE,-2,82,80,2026-05-06 11:42:30,POS Sale INV-2026-1217
txn-9466,prod-06,Gel Ink Rollerball Pens (Box of 12),SKU-OFF-002,Office Supplies,SALE,-1,121,120,2026-05-06 11:42:30,POS Sale INV-2026-1217
txn-9467,prod-14,Wholegrain Oats 1kg,SKU-GRO-002,Packaged Groceries,SALE,-3,113,110,2026-05-06 14:07:48,POS Sale INV-2026-1218
txn-9468,prod-13,Organic Extra Virgin Olive Oil 750ml,SKU-GRO-001,Packaged Groceries,SALE,-1,51,50,2026-05-06 14:07:48,POS Sale INV-2026-1218
txn-9469,prod-17,100% Cotton Polo Shirt (Medium),SKU-APP-001,Apparel & Wearables,SALE,-2,97,95,2026-05-06 14:07:48,POS Sale INV-2026-1218
txn-9470,prod-08,Adjustable Mesh Executive Chair,SKU-OFF-004,Office Supplies,SALE,-2,10,8,2026-05-06 18:39:43,POS Sale INV-2026-1219
txn-9471,prod-26,Gentle Moisturizing Hand Soap 1L,SKU-PER-002,Personal Care,SALE,-2,152,150,2026-05-06 18:39:43,POS Sale INV-2026-1219
txn-9472,prod-26,Gentle Moisturizing Hand Soap 1L,SKU-PER-002,Personal Care,SALE,-2,152,150,2026-05-06 13:01:11,POS Sale INV-2026-1220
txn-9473,prod-21,20V Cordless Power Drill Set,SKU-HAR-001,Hardware & Tools,SALE,-2,24,22,2026-05-06 13:01:11,POS Sale INV-2026-1220
txn-9474,prod-25,Antibacterial Hand Sanitizer 500ml,SKU-PER-001,Personal Care,SALE,-2,302,300,2026-05-06 13:01:11,POS Sale INV-2026-1220
txn-9475,prod-05,A4 Premium Copy Paper 500 Sheets,SKU-OFF-001,Office Supplies,SALE,-3,253,250,2026-05-06 14:00:11,POS Sale INV-2026-1221
txn-9476,prod-26,Gentle Moisturizing Hand Soap 1L,SKU-PER-002,Personal Care,SALE,-1,151,150,2026-05-06 14:00:11,POS Sale INV-2026-1221
txn-9477,prod-01,Wireless Bluetooth Headset Pro,SKU-ELE-001,Electronics & Gadgets,SALE,-1,46,45,2026-05-06 14:00:11,POS Sale INV-2026-1221
txn-9478,prod-05,A4 Premium Copy Paper 500 Sheets,SKU-OFF-001,Office Supplies,SALE,-1,251,250,2026-05-06 19:01:05,POS Sale INV-2026-1222
txn-9479,prod-25,Antibacterial Hand Sanitizer 500ml,SKU-PER-001,Personal Care,SALE,-1,301,300,2026-05-06 19:01:05,POS Sale INV-2026-1222
txn-9480,prod-14,Wholegrain Oats 1kg,SKU-GRO-002,Packaged Groceries,SALE,-2,112,110,2026-05-06 19:01:05,POS Sale INV-2026-1222
txn-9481,prod-18,High-Visibility Safety Vest,SKU-APP-002,Apparel & Wearables,SALE,-2,142,140,2026-05-07 14:10:23,POS Sale INV-2026-1223
txn-9482,prod-07,Heavy-Duty Desktop Stapler,SKU-OFF-003,Office Supplies,SALE,-1,41,40,2026-05-07 14:10:23,POS Sale INV-2026-1223
txn-9483,prod-15,Raw Honey Jar 500g,SKU-GRO-003,Packaged Groceries,SALE,-4,69,65,2026-05-07 14:10:23,POS Sale INV-2026-1223
txn-9484,prod-24,Heavy-Duty Steel Measuring Tape 8m,SKU-HAR-004,Hardware & Tools,SALE,-1,91,90,2026-05-07 14:10:23,POS Sale INV-2026-1223
txn-9485,prod-03,Mechanical RGB Gaming Keyboard,SKU-ELE-003,Electronics & Gadgets,SALE,-2,32,30,2026-05-07 14:10:23,POS Sale INV-2026-1223
txn-9486,prod-03,Mechanical RGB Gaming Keyboard,SKU-ELE-003,Electronics & Gadgets,SALE,-1,31,30,2026-05-07 09:09:10,POS Sale INV-2026-1224
txn-9487,prod-27,Microfiber Facial Towels (Pack of 4),SKU-PER-003,Personal Care,SALE,-2,72,70,2026-05-07 09:09:10,POS Sale INV-2026-1224
txn-9488,prod-20,Breathable Fleece Jacket (Large),SKU-APP-004,Apparel & Wearables,SALE,-1,36,35,2026-05-07 09:09:10,POS Sale INV-2026-1224
txn-9489,prod-02,Ergonomic Optical Wireless Mouse,SKU-ELE-002,Electronics & Gadgets,SALE,-1,81,80,2026-05-07 09:09:10,POS Sale INV-2026-1224
txn-9490,prod-18,High-Visibility Safety Vest,SKU-APP-002,Apparel & Wearables,SALE,-1,141,140,2026-05-07 19:27:31,POS Sale INV-2026-1225
txn-9491,prod-28,Electric Stainless Steel Kettle 1.7L,SKU-HOM-001,Home Appliances,SALE,-2,34,32,2026-05-07 17:07:22,POS Sale INV-2026-1226
txn-9492,prod-23,Digital Laser Distance Meter 50m,SKU-HAR-003,Hardware & Tools,SALE,-1,29,28,2026-05-07 17:07:22,POS Sale INV-2026-1226
txn-9493,prod-05,A4 Premium Copy Paper 500 Sheets,SKU-OFF-001,Office Supplies,SALE,-1,251,250,2026-05-07 17:07:22,POS Sale INV-2026-1226
txn-9494,prod-14,Wholegrain Oats 1kg,SKU-GRO-002,Packaged Groceries,SALE,-2,112,110,2026-05-07 19:19:02,POS Sale INV-2026-1227
txn-9495,prod-12,Natural Cold Pressed Citrus Juice 1L,SKU-BEV-004,Beverages & Drinks,SALE,-6,46,40,2026-05-07 13:13:49,POS Sale INV-2026-1228
txn-9496,prod-09,Arabica Whole Bean Coffee 1kg,SKU-BEV-001,Beverages & Drinks,SALE,-1,61,60,2026-05-07 13:13:49,POS Sale INV-2026-1228
txn-9497,prod-21,20V Cordless Power Drill Set,SKU-HAR-001,Hardware & Tools,SALE,-2,24,22,2026-05-08 09:31:47,POS Sale INV-2026-1229
txn-9498,prod-06,Gel Ink Rollerball Pens (Box of 12),SKU-OFF-002,Office Supplies,SALE,-2,122,120,2026-05-08 09:31:47,POS Sale INV-2026-1229
txn-9499,prod-03,Mechanical RGB Gaming Keyboard,SKU-ELE-003,Electronics & Gadgets,SALE,-1,31,30,2026-05-08 09:31:47,POS Sale INV-2026-1229
txn-9500,prod-05,A4 Premium Copy Paper 500 Sheets,SKU-OFF-001,Office Supplies,SALE,-1,251,250,2026-05-08 12:32:35,POS Sale INV-2026-1230
txn-9501,prod-12,Natural Cold Pressed Citrus Juice 1L,SKU-BEV-004,Beverages & Drinks,SALE,-1,41,40,2026-05-08 12:32:35,POS Sale INV-2026-1230
txn-9502,prod-27,Microfiber Facial Towels (Pack of 4),SKU-PER-003,Personal Care,SALE,-6,76,70,2026-05-08 12:32:35,POS Sale INV-2026-1230
txn-9503,prod-19,Waterproof Work Gloves (Pair),SKU-APP-003,Apparel & Wearables,SALE,-1,181,180,2026-05-08 12:32:35,POS Sale INV-2026-1230
txn-9504,prod-06,Gel Ink Rollerball Pens (Box of 12),SKU-OFF-002,Office Supplies,SALE,-3,123,120,2026-05-08 09:27:01,POS Sale INV-2026-1231
txn-9505,prod-01,Wireless Bluetooth Headset Pro,SKU-ELE-001,Electronics & Gadgets,SALE,-1,46,45,2026-05-08 09:27:01,POS Sale INV-2026-1231
txn-9506,prod-19,Waterproof Work Gloves (Pair),SKU-APP-003,Apparel & Wearables,SALE,-4,184,180,2026-05-08 09:27:01,POS Sale INV-2026-1231
txn-9507,prod-12,Natural Cold Pressed Citrus Juice 1L,SKU-BEV-004,Beverages & Drinks,SALE,-1,41,40,2026-05-08 09:27:01,POS Sale INV-2026-1231
txn-9508,prod-24,Heavy-Duty Steel Measuring Tape 8m,SKU-HAR-004,Hardware & Tools,SALE,-2,92,90,2026-05-08 18:25:45,POS Sale INV-2026-1232
txn-9509,prod-25,Antibacterial Hand Sanitizer 500ml,SKU-PER-001,Personal Care,SALE,-1,301,300,2026-05-08 18:25:45,POS Sale INV-2026-1232
txn-9510,prod-19,Waterproof Work Gloves (Pair),SKU-APP-003,Apparel & Wearables,SALE,-1,181,180,2026-05-08 18:25:45,POS Sale INV-2026-1232
txn-9511,prod-18,High-Visibility Safety Vest,SKU-APP-002,Apparel & Wearables,SALE,-1,141,140,2026-05-08 14:10:51,POS Sale INV-2026-1233
txn-9512,prod-25,Antibacterial Hand Sanitizer 500ml,SKU-PER-001,Personal Care,SALE,-2,302,300,2026-05-08 14:10:51,POS Sale INV-2026-1233
txn-9513,prod-13,Organic Extra Virgin Olive Oil 750ml,SKU-GRO-001,Packaged Groceries,SALE,-1,51,50,2026-05-08 14:10:51,POS Sale INV-2026-1233
txn-9514,prod-05,A4 Premium Copy Paper 500 Sheets,SKU-OFF-001,Office Supplies,SALE,-1,251,250,2026-05-08 14:10:51,POS Sale INV-2026-1233
txn-9515,prod-02,Ergonomic Optical Wireless Mouse,SKU-ELE-002,Electronics & Gadgets,SALE,-1,81,80,2026-05-08 10:15:27,POS Sale INV-2026-1234
txn-9516,prod-17,100% Cotton Polo Shirt (Medium),SKU-APP-001,Apparel & Wearables,SALE,-2,97,95,2026-05-08 10:15:27,POS Sale INV-2026-1234
txn-9517,prod-13,Organic Extra Virgin Olive Oil 750ml,SKU-GRO-001,Packaged Groceries,SALE,-1,51,50,2026-05-08 13:47:21,POS Sale INV-2026-1235
txn-9518,prod-11,Sparkling Mineral Water 500ml (Pack 12),SKU-BEV-003,Beverages & Drinks,SALE,-1,76,75,2026-05-08 19:07:33,POS Sale INV-2026-1236
txn-9519,prod-09,Arabica Whole Bean Coffee 1kg,SKU-BEV-001,Beverages & Drinks,SALE,-3,63,60,2026-05-09 19:52:09,POS Sale INV-2026-1237
txn-9520,prod-21,20V Cordless Power Drill Set,SKU-HAR-001,Hardware & Tools,SALE,-2,24,22,2026-05-09 19:52:09,POS Sale INV-2026-1237
txn-9521,prod-13,Organic Extra Virgin Olive Oil 750ml,SKU-GRO-001,Packaged Groceries,SALE,-1,51,50,2026-05-09 18:09:48,POS Sale INV-2026-1238
txn-9522,prod-29,HEPA Air Purifier Desktop Size,SKU-HOM-002,Home Appliances,SALE,-1,19,18,2026-05-09 19:31:29,POS Sale INV-2026-1239
txn-9523,prod-18,High-Visibility Safety Vest,SKU-APP-002,Apparel & Wearables,SALE,-1,141,140,2026-05-09 18:41:40,POS Sale INV-2026-1240
txn-9524,prod-21,20V Cordless Power Drill Set,SKU-HAR-001,Hardware & Tools,SALE,-1,23,22,2026-05-09 18:41:40,POS Sale INV-2026-1240
txn-9525,prod-14,Wholegrain Oats 1kg,SKU-GRO-002,Packaged Groceries,SALE,-1,111,110,2026-05-09 10:30:28,POS Sale INV-2026-1241
txn-9526,prod-01,Wireless Bluetooth Headset Pro,SKU-ELE-001,Electronics & Gadgets,SALE,-1,46,45,2026-05-09 14:32:04,POS Sale INV-2026-1242
txn-9527,prod-05,A4 Premium Copy Paper 500 Sheets,SKU-OFF-001,Office Supplies,SALE,-1,251,250,2026-05-09 13:04:41,POS Sale INV-2026-1243
txn-9528,prod-25,Antibacterial Hand Sanitizer 500ml,SKU-PER-001,Personal Care,SALE,-1,301,300,2026-05-09 15:29:37,POS Sale INV-2026-1244
txn-9529,prod-06,Gel Ink Rollerball Pens (Box of 12),SKU-OFF-002,Office Supplies,SALE,-1,121,120,2026-05-09 15:29:37,POS Sale INV-2026-1244
txn-9530,prod-21,20V Cordless Power Drill Set,SKU-HAR-001,Hardware & Tools,SALE,-4,26,22,2026-05-09 18:41:12,POS Sale INV-2026-1245
txn-9531,prod-01,Wireless Bluetooth Headset Pro,SKU-ELE-001,Electronics & Gadgets,SALE,-1,46,45,2026-05-09 18:41:12,POS Sale INV-2026-1245
txn-9532,prod-21,20V Cordless Power Drill Set,SKU-HAR-001,Hardware & Tools,SALE,-2,24,22,2026-05-09 09:28:06,POS Sale INV-2026-1246
txn-9533,prod-26,Gentle Moisturizing Hand Soap 1L,SKU-PER-002,Personal Care,SALE,-2,152,150,2026-05-09 09:28:06,POS Sale INV-2026-1246
txn-9534,prod-25,Antibacterial Hand Sanitizer 500ml,SKU-PER-001,Personal Care,SALE,-1,301,300,2026-05-09 11:02:15,POS Sale INV-2026-1247
txn-9535,prod-13,Organic Extra Virgin Olive Oil 750ml,SKU-GRO-001,Packaged Groceries,SALE,-2,52,50,2026-05-10 11:23:23,POS Sale INV-2026-1248
txn-9536,prod-19,Waterproof Work Gloves (Pair),SKU-APP-003,Apparel & Wearables,SALE,-1,181,180,2026-05-10 11:23:23,POS Sale INV-2026-1248
txn-9537,prod-15,Raw Honey Jar 500g,SKU-GRO-003,Packaged Groceries,SALE,-1,66,65,2026-05-10 11:23:23,POS Sale INV-2026-1248
txn-9538,prod-05,A4 Premium Copy Paper 500 Sheets,SKU-OFF-001,Office Supplies,SALE,-3,253,250,2026-05-10 19:38:03,POS Sale INV-2026-1249
txn-9539,prod-28,Electric Stainless Steel Kettle 1.7L,SKU-HOM-001,Home Appliances,SALE,-1,33,32,2026-05-10 10:35:43,POS Sale INV-2026-1250
txn-9540,prod-25,Antibacterial Hand Sanitizer 500ml,SKU-PER-001,Personal Care,SALE,-2,302,300,2026-05-10 14:05:37,POS Sale INV-2026-1251
txn-9541,prod-16,Assorted Roasted Almonds 250g,SKU-GRO-004,Packaged Groceries,SALE,-1,86,85,2026-05-10 19:25:08,POS Sale INV-2026-1252
txn-9542,prod-22,Professional Precision Screwdriver Kit,SKU-HAR-002,Hardware & Tools,SALE,-6,61,55,2026-05-10 19:25:08,POS Sale INV-2026-1252
txn-9543,prod-19,Waterproof Work Gloves (Pair),SKU-APP-003,Apparel & Wearables,SALE,-1,181,180,2026-05-10 19:50:21,POS Sale INV-2026-1253
txn-9544,prod-06,Gel Ink Rollerball Pens (Box of 12),SKU-OFF-002,Office Supplies,SALE,-1,121,120,2026-05-10 19:50:21,POS Sale INV-2026-1253
txn-9545,prod-20,Breathable Fleece Jacket (Large),SKU-APP-004,Apparel & Wearables,SALE,-3,38,35,2026-05-10 19:50:21,POS Sale INV-2026-1253
txn-9546,prod-02,Ergonomic Optical Wireless Mouse,SKU-ELE-002,Electronics & Gadgets,SALE,-2,82,80,2026-05-10 19:50:21,POS Sale INV-2026-1253
txn-9547,prod-01,Wireless Bluetooth Headset Pro,SKU-ELE-001,Electronics & Gadgets,SALE,-2,47,45,2026-05-10 19:50:21,POS Sale INV-2026-1253
txn-9548,prod-10,Organic Green Tea (Box of 50 Bags),SKU-BEV-002,Beverages & Drinks,SALE,-1,91,90,2026-05-10 19:27:32,POS Sale INV-2026-1254
txn-9549,prod-29,HEPA Air Purifier Desktop Size,SKU-HOM-002,Home Appliances,SALE,-3,21,18,2026-05-10 19:27:32,POS Sale INV-2026-1254
txn-9550,prod-12,Natural Cold Pressed Citrus Juice 1L,SKU-BEV-004,Beverages & Drinks,SALE,-1,41,40,2026-05-10 12:21:49,POS Sale INV-2026-1255
txn-9551,prod-22,Professional Precision Screwdriver Kit,SKU-HAR-002,Hardware & Tools,SALE,-3,58,55,2026-05-10 12:21:49,POS Sale INV-2026-1255
txn-9552,prod-12,Natural Cold Pressed Citrus Juice 1L,SKU-BEV-004,Beverages & Drinks,SALE,-1,41,40,2026-05-10 13:54:50,POS Sale INV-2026-1256
txn-9553,prod-09,Arabica Whole Bean Coffee 1kg,SKU-BEV-001,Beverages & Drinks,SALE,-2,62,60,2026-05-10 13:54:50,POS Sale INV-2026-1256
txn-9554,prod-17,100% Cotton Polo Shirt (Medium),SKU-APP-001,Apparel & Wearables,SALE,-2,97,95,2026-05-10 13:54:50,POS Sale INV-2026-1256
txn-9555,prod-26,Gentle Moisturizing Hand Soap 1L,SKU-PER-002,Personal Care,SALE,-2,152,150,2026-05-10 13:54:50,POS Sale INV-2026-1256
txn-9556,prod-22,Professional Precision Screwdriver Kit,SKU-HAR-002,Hardware & Tools,SALE,-3,58,55,2026-05-11 17:02:42,POS Sale INV-2026-1257
txn-9557,prod-07,Heavy-Duty Desktop Stapler,SKU-OFF-003,Office Supplies,SALE,-6,46,40,2026-05-11 15:09:10,POS Sale INV-2026-1258
txn-9558,prod-25,Antibacterial Hand Sanitizer 500ml,SKU-PER-001,Personal Care,SALE,-1,301,300,2026-05-11 11:46:28,POS Sale INV-2026-1259
txn-9559,prod-26,Gentle Moisturizing Hand Soap 1L,SKU-PER-002,Personal Care,SALE,-1,151,150,2026-05-11 18:18:48,POS Sale INV-2026-1260
txn-9560,prod-10,Organic Green Tea (Box of 50 Bags),SKU-BEV-002,Beverages & Drinks,SALE,-1,91,90,2026-05-11 13:51:50,POS Sale INV-2026-1261
txn-9561,prod-17,100% Cotton Polo Shirt (Medium),SKU-APP-001,Apparel & Wearables,SALE,-1,96,95,2026-05-11 13:51:50,POS Sale INV-2026-1261
txn-9562,prod-07,Heavy-Duty Desktop Stapler,SKU-OFF-003,Office Supplies,SALE,-4,44,40,2026-05-11 18:28:29,POS Sale INV-2026-1262
txn-9563,prod-19,Waterproof Work Gloves (Pair),SKU-APP-003,Apparel & Wearables,SALE,-1,181,180,2026-05-11 18:28:29,POS Sale INV-2026-1262
txn-9564,prod-09,Arabica Whole Bean Coffee 1kg,SKU-BEV-001,Beverages & Drinks,SALE,-1,61,60,2026-05-11 18:28:29,POS Sale INV-2026-1262
txn-9565,prod-24,Heavy-Duty Steel Measuring Tape 8m,SKU-HAR-004,Hardware & Tools,SALE,-1,91,90,2026-05-11 18:28:29,POS Sale INV-2026-1262
txn-9566,prod-05,A4 Premium Copy Paper 500 Sheets,SKU-OFF-001,Office Supplies,SALE,-1,251,250,2026-05-11 18:28:29,POS Sale INV-2026-1262
txn-9567,prod-10,Organic Green Tea (Box of 50 Bags),SKU-BEV-002,Beverages & Drinks,SALE,-1,91,90,2026-05-11 15:10:52,POS Sale INV-2026-1263
txn-9568,prod-25,Antibacterial Hand Sanitizer 500ml,SKU-PER-001,Personal Care,SALE,-1,301,300,2026-05-11 15:10:52,POS Sale INV-2026-1263
txn-9569,prod-21,20V Cordless Power Drill Set,SKU-HAR-001,Hardware & Tools,SALE,-1,23,22,2026-05-11 09:41:30,POS Sale INV-2026-1264
txn-9570,prod-05,A4 Premium Copy Paper 500 Sheets,SKU-OFF-001,Office Supplies,SALE,-1,251,250,2026-05-11 09:41:30,POS Sale INV-2026-1264
txn-9571,prod-19,Waterproof Work Gloves (Pair),SKU-APP-003,Apparel & Wearables,SALE,-2,182,180,2026-05-11 17:54:07,POS Sale INV-2026-1265
txn-9572,prod-13,Organic Extra Virgin Olive Oil 750ml,SKU-GRO-001,Packaged Groceries,SALE,-1,51,50,2026-05-11 17:54:07,POS Sale INV-2026-1265
txn-9573,prod-25,Antibacterial Hand Sanitizer 500ml,SKU-PER-001,Personal Care,SALE,-3,303,300,2026-05-11 17:54:07,POS Sale INV-2026-1265
txn-9574,prod-02,Ergonomic Optical Wireless Mouse,SKU-ELE-002,Electronics & Gadgets,SALE,-1,81,80,2026-05-12 17:09:53,POS Sale INV-2026-1266
txn-9575,prod-01,Wireless Bluetooth Headset Pro,SKU-ELE-001,Electronics & Gadgets,SALE,-1,46,45,2026-05-12 14:59:01,POS Sale INV-2026-1267
txn-9576,prod-05,A4 Premium Copy Paper 500 Sheets,SKU-OFF-001,Office Supplies,SALE,-1,251,250,2026-05-12 14:59:01,POS Sale INV-2026-1267
txn-9577,prod-13,Organic Extra Virgin Olive Oil 750ml,SKU-GRO-001,Packaged Groceries,SALE,-1,51,50,2026-05-12 14:59:01,POS Sale INV-2026-1267
txn-9578,prod-27,Microfiber Facial Towels (Pack of 4),SKU-PER-003,Personal Care,SALE,-1,71,70,2026-05-12 14:59:01,POS Sale INV-2026-1267
txn-9579,prod-28,Electric Stainless Steel Kettle 1.7L,SKU-HOM-001,Home Appliances,SALE,-1,33,32,2026-05-12 15:05:23,POS Sale INV-2026-1268
txn-9580,prod-01,Wireless Bluetooth Headset Pro,SKU-ELE-001,Electronics & Gadgets,SALE,-1,46,45,2026-05-12 15:05:23,POS Sale INV-2026-1268
txn-9581,prod-27,Microfiber Facial Towels (Pack of 4),SKU-PER-003,Personal Care,SALE,-1,71,70,2026-05-12 15:05:23,POS Sale INV-2026-1268
txn-9582,prod-19,Waterproof Work Gloves (Pair),SKU-APP-003,Apparel & Wearables,SALE,-2,182,180,2026-05-12 15:05:23,POS Sale INV-2026-1268
txn-9583,prod-26,Gentle Moisturizing Hand Soap 1L,SKU-PER-002,Personal Care,SALE,-1,151,150,2026-05-12 15:05:23,POS Sale INV-2026-1268
txn-9584,prod-09,Arabica Whole Bean Coffee 1kg,SKU-BEV-001,Beverages & Drinks,SALE,-2,62,60,2026-05-12 19:21:50,POS Sale INV-2026-1269
txn-9585,prod-19,Waterproof Work Gloves (Pair),SKU-APP-003,Apparel & Wearables,SALE,-4,184,180,2026-05-12 16:44:53,POS Sale INV-2026-1270
txn-9586,prod-19,Waterproof Work Gloves (Pair),SKU-APP-003,Apparel & Wearables,SALE,-1,181,180,2026-05-12 09:57:05,POS Sale INV-2026-1271
txn-9587,prod-05,A4 Premium Copy Paper 500 Sheets,SKU-OFF-001,Office Supplies,SALE,-4,254,250,2026-05-12 18:33:27,POS Sale INV-2026-1272
txn-9588,prod-21,20V Cordless Power Drill Set,SKU-HAR-001,Hardware & Tools,SALE,-2,24,22,2026-05-12 18:33:27,POS Sale INV-2026-1272
txn-9589,prod-25,Antibacterial Hand Sanitizer 500ml,SKU-PER-001,Personal Care,SALE,-1,301,300,2026-05-12 18:33:27,POS Sale INV-2026-1272
txn-9590,prod-26,Gentle Moisturizing Hand Soap 1L,SKU-PER-002,Personal Care,SALE,-1,151,150,2026-05-13 09:15:26,POS Sale INV-2026-1273
txn-9591,prod-16,Assorted Roasted Almonds 250g,SKU-GRO-004,Packaged Groceries,SALE,-4,89,85,2026-05-13 09:15:26,POS Sale INV-2026-1273
txn-9592,prod-19,Waterproof Work Gloves (Pair),SKU-APP-003,Apparel & Wearables,SALE,-2,182,180,2026-05-13 16:38:34,POS Sale INV-2026-1274
txn-9593,prod-06,Gel Ink Rollerball Pens (Box of 12),SKU-OFF-002,Office Supplies,SALE,-1,121,120,2026-05-13 16:38:34,POS Sale INV-2026-1274
txn-9594,prod-03,Mechanical RGB Gaming Keyboard,SKU-ELE-003,Electronics & Gadgets,SALE,-6,36,30,2026-05-13 11:18:27,POS Sale INV-2026-1275
txn-9595,prod-19,Waterproof Work Gloves (Pair),SKU-APP-003,Apparel & Wearables,SALE,-1,181,180,2026-05-13 11:18:27,POS Sale INV-2026-1275
txn-9596,prod-11,Sparkling Mineral Water 500ml (Pack 12),SKU-BEV-003,Beverages & Drinks,SALE,-3,78,75,2026-05-13 11:42:42,POS Sale INV-2026-1276
txn-9597,prod-26,Gentle Moisturizing Hand Soap 1L,SKU-PER-002,Personal Care,SALE,-1,151,150,2026-05-13 11:42:42,POS Sale INV-2026-1276
txn-9598,prod-24,Heavy-Duty Steel Measuring Tape 8m,SKU-HAR-004,Hardware & Tools,SALE,-1,91,90,2026-05-13 11:42:42,POS Sale INV-2026-1276
txn-9599,prod-16,Assorted Roasted Almonds 250g,SKU-GRO-004,Packaged Groceries,SALE,-2,87,85,2026-05-13 11:42:42,POS Sale INV-2026-1276
txn-9600,prod-23,Digital Laser Distance Meter 50m,SKU-HAR-003,Hardware & Tools,SALE,-2,30,28,2026-05-13 11:42:42,POS Sale INV-2026-1276
txn-9601,prod-25,Antibacterial Hand Sanitizer 500ml,SKU-PER-001,Personal Care,SALE,-1,301,300,2026-05-13 17:32:50,POS Sale INV-2026-1277
txn-9602,prod-12,Natural Cold Pressed Citrus Juice 1L,SKU-BEV-004,Beverages & Drinks,SALE,-1,41,40,2026-05-13 17:32:50,POS Sale INV-2026-1277
txn-9603,prod-03,Mechanical RGB Gaming Keyboard,SKU-ELE-003,Electronics & Gadgets,SALE,-1,31,30,2026-05-13 17:32:50,POS Sale INV-2026-1277
txn-9604,prod-11,Sparkling Mineral Water 500ml (Pack 12),SKU-BEV-003,Beverages & Drinks,SALE,-2,77,75,2026-05-13 16:02:40,POS Sale INV-2026-1278
txn-9605,prod-12,Natural Cold Pressed Citrus Juice 1L,SKU-BEV-004,Beverages & Drinks,SALE,-1,41,40,2026-05-13 14:50:04,POS Sale INV-2026-1279
txn-9606,prod-17,100% Cotton Polo Shirt (Medium),SKU-APP-001,Apparel & Wearables,SALE,-2,97,95,2026-05-14 14:08:02,POS Sale INV-2026-1280
txn-9607,prod-13,Organic Extra Virgin Olive Oil 750ml,SKU-GRO-001,Packaged Groceries,SALE,-3,53,50,2026-05-14 19:29:44,POS Sale INV-2026-1281
txn-9608,prod-11,Sparkling Mineral Water 500ml (Pack 12),SKU-BEV-003,Beverages & Drinks,SALE,-1,76,75,2026-05-14 19:29:44,POS Sale INV-2026-1281
txn-9609,prod-01,Wireless Bluetooth Headset Pro,SKU-ELE-001,Electronics & Gadgets,SALE,-1,46,45,2026-05-14 16:02:18,POS Sale INV-2026-1282
txn-9610,prod-10,Organic Green Tea (Box of 50 Bags),SKU-BEV-002,Beverages & Drinks,SALE,-1,91,90,2026-05-14 16:02:18,POS Sale INV-2026-1282
txn-9611,prod-15,Raw Honey Jar 500g,SKU-GRO-003,Packaged Groceries,SALE,-2,67,65,2026-05-14 14:59:19,POS Sale INV-2026-1283
txn-9612,prod-17,100% Cotton Polo Shirt (Medium),SKU-APP-001,Apparel & Wearables,SALE,-2,97,95,2026-05-14 14:59:19,POS Sale INV-2026-1283
txn-9613,prod-27,Microfiber Facial Towels (Pack of 4),SKU-PER-003,Personal Care,SALE,-1,71,70,2026-05-14 09:48:41,POS Sale INV-2026-1284
txn-9614,prod-01,Wireless Bluetooth Headset Pro,SKU-ELE-001,Electronics & Gadgets,SALE,-2,47,45,2026-05-14 09:48:41,POS Sale INV-2026-1284
txn-9615,prod-06,Gel Ink Rollerball Pens (Box of 12),SKU-OFF-002,Office Supplies,SALE,-3,123,120,2026-05-14 09:48:41,POS Sale INV-2026-1284
txn-9616,prod-27,Microfiber Facial Towels (Pack of 4),SKU-PER-003,Personal Care,SALE,-1,71,70,2026-05-15 14:17:07,POS Sale INV-2026-1285
txn-9617,prod-10,Organic Green Tea (Box of 50 Bags),SKU-BEV-002,Beverages & Drinks,SALE,-1,91,90,2026-05-15 15:21:11,POS Sale INV-2026-1286
txn-9618,prod-03,Mechanical RGB Gaming Keyboard,SKU-ELE-003,Electronics & Gadgets,SALE,-1,31,30,2026-05-15 15:21:11,POS Sale INV-2026-1286
txn-9619,prod-13,Organic Extra Virgin Olive Oil 750ml,SKU-GRO-001,Packaged Groceries,SALE,-2,52,50,2026-05-15 15:21:11,POS Sale INV-2026-1286
txn-9620,prod-07,Heavy-Duty Desktop Stapler,SKU-OFF-003,Office Supplies,SALE,-1,41,40,2026-05-15 15:21:11,POS Sale INV-2026-1286
txn-9621,prod-17,100% Cotton Polo Shirt (Medium),SKU-APP-001,Apparel & Wearables,SALE,-2,97,95,2026-05-15 17:17:51,POS Sale INV-2026-1287
txn-9622,prod-12,Natural Cold Pressed Citrus Juice 1L,SKU-BEV-004,Beverages & Drinks,SALE,-1,41,40,2026-05-15 11:34:18,POS Sale INV-2026-1288
txn-9623,prod-20,Breathable Fleece Jacket (Large),SKU-APP-004,Apparel & Wearables,SALE,-1,36,35,2026-05-15 13:28:38,POS Sale INV-2026-1289
txn-9624,prod-21,20V Cordless Power Drill Set,SKU-HAR-001,Hardware & Tools,SALE,-1,23,22,2026-05-15 09:46:55,POS Sale INV-2026-1290
txn-9625,prod-04,4K Ultra-HD Monitor 27-inch,SKU-ELE-004,Electronics & Gadgets,SALE,-1,13,12,2026-05-15 09:46:55,POS Sale INV-2026-1290
txn-9626,prod-13,Organic Extra Virgin Olive Oil 750ml,SKU-GRO-001,Packaged Groceries,SALE,-4,54,50,2026-05-15 09:04:42,POS Sale INV-2026-1291
txn-9627,prod-25,Antibacterial Hand Sanitizer 500ml,SKU-PER-001,Personal Care,SALE,-2,302,300,2026-05-15 09:04:42,POS Sale INV-2026-1291
txn-9628,prod-15,Raw Honey Jar 500g,SKU-GRO-003,Packaged Groceries,SALE,-2,67,65,2026-05-15 09:04:42,POS Sale INV-2026-1291
txn-9629,prod-01,Wireless Bluetooth Headset Pro,SKU-ELE-001,Electronics & Gadgets,SALE,-3,48,45,2026-05-15 09:04:42,POS Sale INV-2026-1291
txn-9630,prod-18,High-Visibility Safety Vest,SKU-APP-002,Apparel & Wearables,SALE,-1,141,140,2026-05-15 09:04:42,POS Sale INV-2026-1291
txn-9631,prod-18,High-Visibility Safety Vest,SKU-APP-002,Apparel & Wearables,SALE,-1,141,140,2026-05-15 19:10:01,POS Sale INV-2026-1292
txn-9632,prod-26,Gentle Moisturizing Hand Soap 1L,SKU-PER-002,Personal Care,SALE,-2,152,150,2026-05-15 10:15:49,POS Sale INV-2026-1293
txn-9633,prod-10,Organic Green Tea (Box of 50 Bags),SKU-BEV-002,Beverages & Drinks,SALE,-1,91,90,2026-05-15 10:15:49,POS Sale INV-2026-1293
txn-9634,prod-07,Heavy-Duty Desktop Stapler,SKU-OFF-003,Office Supplies,SALE,-3,43,40,2026-05-15 10:15:49,POS Sale INV-2026-1293
txn-9635,prod-18,High-Visibility Safety Vest,SKU-APP-002,Apparel & Wearables,SALE,-1,141,140,2026-05-16 09:38:09,POS Sale INV-2026-1294
txn-9636,prod-05,A4 Premium Copy Paper 500 Sheets,SKU-OFF-001,Office Supplies,SALE,-3,253,250,2026-05-16 10:36:08,POS Sale INV-2026-1295
txn-9637,prod-22,Professional Precision Screwdriver Kit,SKU-HAR-002,Hardware & Tools,SALE,-1,56,55,2026-05-16 10:36:08,POS Sale INV-2026-1295
txn-9638,prod-01,Wireless Bluetooth Headset Pro,SKU-ELE-001,Electronics & Gadgets,SALE,-2,47,45,2026-05-16 12:07:01,POS Sale INV-2026-1296
txn-9639,prod-15,Raw Honey Jar 500g,SKU-GRO-003,Packaged Groceries,SALE,-1,66,65,2026-05-16 17:07:16,POS Sale INV-2026-1297
txn-9640,prod-07,Heavy-Duty Desktop Stapler,SKU-OFF-003,Office Supplies,SALE,-1,41,40,2026-05-16 17:07:16,POS Sale INV-2026-1297
txn-9641,prod-29,HEPA Air Purifier Desktop Size,SKU-HOM-002,Home Appliances,SALE,-2,20,18,2026-05-16 18:18:44,POS Sale INV-2026-1298
txn-9642,prod-05,A4 Premium Copy Paper 500 Sheets,SKU-OFF-001,Office Supplies,SALE,-1,251,250,2026-05-16 18:18:44,POS Sale INV-2026-1298
txn-9643,prod-22,Professional Precision Screwdriver Kit,SKU-HAR-002,Hardware & Tools,SALE,-6,61,55,2026-05-16 10:28:11,POS Sale INV-2026-1299
txn-9644,prod-21,20V Cordless Power Drill Set,SKU-HAR-001,Hardware & Tools,SALE,-1,23,22,2026-05-16 10:28:11,POS Sale INV-2026-1299
txn-9645,prod-22,Professional Precision Screwdriver Kit,SKU-HAR-002,Hardware & Tools,SALE,-1,56,55,2026-05-16 14:42:22,POS Sale INV-2026-1300
txn-9646,prod-02,Ergonomic Optical Wireless Mouse,SKU-ELE-002,Electronics & Gadgets,SALE,-1,81,80,2026-05-16 13:54:10,POS Sale INV-2026-1301
txn-9647,prod-06,Gel Ink Rollerball Pens (Box of 12),SKU-OFF-002,Office Supplies,SALE,-1,121,120,2026-05-16 17:14:07,POS Sale INV-2026-1302
txn-9648,prod-09,Arabica Whole Bean Coffee 1kg,SKU-BEV-001,Beverages & Drinks,SALE,-1,61,60,2026-05-16 17:14:07,POS Sale INV-2026-1302
txn-9649,prod-10,Organic Green Tea (Box of 50 Bags),SKU-BEV-002,Beverages & Drinks,SALE,-2,92,90,2026-05-16 17:14:07,POS Sale INV-2026-1302
txn-9650,prod-02,Ergonomic Optical Wireless Mouse,SKU-ELE-002,Electronics & Gadgets,SALE,-1,81,80,2026-05-16 17:14:07,POS Sale INV-2026-1302
txn-9651,prod-26,Gentle Moisturizing Hand Soap 1L,SKU-PER-002,Personal Care,SALE,-1,151,150,2026-05-16 09:23:35,POS Sale INV-2026-1303
txn-9652,prod-19,Waterproof Work Gloves (Pair),SKU-APP-003,Apparel & Wearables,SALE,-1,181,180,2026-05-16 09:23:35,POS Sale INV-2026-1303
txn-9653,prod-19,Waterproof Work Gloves (Pair),SKU-APP-003,Apparel & Wearables,SALE,-6,186,180,2026-05-16 10:04:19,POS Sale INV-2026-1304
txn-9654,prod-16,Assorted Roasted Almonds 250g,SKU-GRO-004,Packaged Groceries,SALE,-1,86,85,2026-05-16 15:52:36,POS Sale INV-2026-1305
txn-9655,prod-22,Professional Precision Screwdriver Kit,SKU-HAR-002,Hardware & Tools,SALE,-1,56,55,2026-05-16 15:52:36,POS Sale INV-2026-1305
txn-9656,prod-27,Microfiber Facial Towels (Pack of 4),SKU-PER-003,Personal Care,SALE,-2,72,70,2026-05-16 19:33:22,POS Sale INV-2026-1306
txn-9657,prod-05,A4 Premium Copy Paper 500 Sheets,SKU-OFF-001,Office Supplies,SALE,-1,251,250,2026-05-16 19:33:22,POS Sale INV-2026-1306
txn-9658,prod-03,Mechanical RGB Gaming Keyboard,SKU-ELE-003,Electronics & Gadgets,SALE,-2,32,30,2026-05-16 11:49:08,POS Sale INV-2026-1307
txn-9659,prod-12,Natural Cold Pressed Citrus Juice 1L,SKU-BEV-004,Beverages & Drinks,SALE,-1,41,40,2026-05-16 11:49:08,POS Sale INV-2026-1307
txn-9660,prod-25,Antibacterial Hand Sanitizer 500ml,SKU-PER-001,Personal Care,SALE,-1,301,300,2026-05-16 17:09:19,POS Sale INV-2026-1308
txn-9661,prod-27,Microfiber Facial Towels (Pack of 4),SKU-PER-003,Personal Care,SALE,-1,71,70,2026-05-16 17:09:19,POS Sale INV-2026-1308
txn-9662,prod-30,Compact Digital Microwave Oven 20L,SKU-HOM-003,Home Appliances,SALE,-4,19,15,2026-05-16 17:57:18,POS Sale INV-2026-1309
txn-9663,prod-25,Antibacterial Hand Sanitizer 500ml,SKU-PER-001,Personal Care,SALE,-2,302,300,2026-05-16 17:17:08,POS Sale INV-2026-1310
txn-9664,prod-14,Wholegrain Oats 1kg,SKU-GRO-002,Packaged Groceries,SALE,-1,111,110,2026-05-16 17:17:08,POS Sale INV-2026-1310
txn-9665,prod-05,A4 Premium Copy Paper 500 Sheets,SKU-OFF-001,Office Supplies,SALE,-2,252,250,2026-05-17 19:10:37,POS Sale INV-2026-1311
txn-9666,prod-25,Antibacterial Hand Sanitizer 500ml,SKU-PER-001,Personal Care,SALE,-1,301,300,2026-05-17 19:10:37,POS Sale INV-2026-1311
txn-9667,prod-24,Heavy-Duty Steel Measuring Tape 8m,SKU-HAR-004,Hardware & Tools,SALE,-1,91,90,2026-05-17 19:10:37,POS Sale INV-2026-1311
txn-9668,prod-10,Organic Green Tea (Box of 50 Bags),SKU-BEV-002,Beverages & Drinks,SALE,-1,91,90,2026-05-17 18:21:53,POS Sale INV-2026-1312
txn-9669,prod-15,Raw Honey Jar 500g,SKU-GRO-003,Packaged Groceries,SALE,-2,67,65,2026-05-17 19:49:36,POS Sale INV-2026-1313
txn-9670,prod-09,Arabica Whole Bean Coffee 1kg,SKU-BEV-001,Beverages & Drinks,SALE,-1,61,60,2026-05-17 19:49:36,POS Sale INV-2026-1313
txn-9671,prod-11,Sparkling Mineral Water 500ml (Pack 12),SKU-BEV-003,Beverages & Drinks,SALE,-3,78,75,2026-05-17 19:49:36,POS Sale INV-2026-1313
txn-9672,prod-12,Natural Cold Pressed Citrus Juice 1L,SKU-BEV-004,Beverages & Drinks,SALE,-1,41,40,2026-05-17 19:49:36,POS Sale INV-2026-1313
txn-9673,prod-25,Antibacterial Hand Sanitizer 500ml,SKU-PER-001,Personal Care,SALE,-3,303,300,2026-05-17 19:01:31,POS Sale INV-2026-1314
txn-9674,prod-06,Gel Ink Rollerball Pens (Box of 12),SKU-OFF-002,Office Supplies,SALE,-3,123,120,2026-05-17 19:01:31,POS Sale INV-2026-1314
txn-9675,prod-27,Microfiber Facial Towels (Pack of 4),SKU-PER-003,Personal Care,SALE,-2,72,70,2026-05-17 19:01:31,POS Sale INV-2026-1314
txn-9676,prod-04,4K Ultra-HD Monitor 27-inch,SKU-ELE-004,Electronics & Gadgets,SALE,-2,14,12,2026-05-17 19:01:31,POS Sale INV-2026-1314
txn-9677,prod-11,Sparkling Mineral Water 500ml (Pack 12),SKU-BEV-003,Beverages & Drinks,SALE,-1,76,75,2026-05-17 19:01:31,POS Sale INV-2026-1314
txn-9678,prod-11,Sparkling Mineral Water 500ml (Pack 12),SKU-BEV-003,Beverages & Drinks,SALE,-1,76,75,2026-05-17 13:30:15,POS Sale INV-2026-1315
txn-9679,prod-10,Organic Green Tea (Box of 50 Bags),SKU-BEV-002,Beverages & Drinks,SALE,-2,92,90,2026-05-17 10:44:03,POS Sale INV-2026-1316
txn-9680,prod-28,Electric Stainless Steel Kettle 1.7L,SKU-HOM-001,Home Appliances,SALE,-3,35,32,2026-05-17 10:44:03,POS Sale INV-2026-1316
txn-9681,prod-25,Antibacterial Hand Sanitizer 500ml,SKU-PER-001,Personal Care,SALE,-4,304,300,2026-05-17 14:38:09,POS Sale INV-2026-1317
txn-9682,prod-05,A4 Premium Copy Paper 500 Sheets,SKU-OFF-001,Office Supplies,SALE,-1,251,250,2026-05-18 14:25:08,POS Sale INV-2026-1318
txn-9683,prod-14,Wholegrain Oats 1kg,SKU-GRO-002,Packaged Groceries,SALE,-1,111,110,2026-05-18 14:25:08,POS Sale INV-2026-1318
txn-9684,prod-11,Sparkling Mineral Water 500ml (Pack 12),SKU-BEV-003,Beverages & Drinks,SALE,-1,76,75,2026-05-18 14:25:08,POS Sale INV-2026-1318
txn-9685,prod-05,A4 Premium Copy Paper 500 Sheets,SKU-OFF-001,Office Supplies,SALE,-4,254,250,2026-05-18 12:29:07,POS Sale INV-2026-1319
txn-9686,prod-28,Electric Stainless Steel Kettle 1.7L,SKU-HOM-001,Home Appliances,SALE,-1,33,32,2026-05-18 13:24:55,POS Sale INV-2026-1320
txn-9687,prod-12,Natural Cold Pressed Citrus Juice 1L,SKU-BEV-004,Beverages & Drinks,SALE,-1,41,40,2026-05-18 13:24:55,POS Sale INV-2026-1320
txn-9688,prod-03,Mechanical RGB Gaming Keyboard,SKU-ELE-003,Electronics & Gadgets,SALE,-1,31,30,2026-05-18 18:46:20,POS Sale INV-2026-1321
txn-9689,prod-19,Waterproof Work Gloves (Pair),SKU-APP-003,Apparel & Wearables,SALE,-2,182,180,2026-05-18 18:46:20,POS Sale INV-2026-1321
txn-9690,prod-05,A4 Premium Copy Paper 500 Sheets,SKU-OFF-001,Office Supplies,SALE,-2,252,250,2026-05-18 16:31:56,POS Sale INV-2026-1322
txn-9691,prod-02,Ergonomic Optical Wireless Mouse,SKU-ELE-002,Electronics & Gadgets,SALE,-1,81,80,2026-05-18 16:31:56,POS Sale INV-2026-1322
txn-9692,prod-30,Compact Digital Microwave Oven 20L,SKU-HOM-003,Home Appliances,SALE,-1,16,15,2026-05-18 17:29:15,POS Sale INV-2026-1323
txn-9693,prod-29,HEPA Air Purifier Desktop Size,SKU-HOM-002,Home Appliances,SALE,-1,19,18,2026-05-18 16:38:56,POS Sale INV-2026-1324
txn-9694,prod-07,Heavy-Duty Desktop Stapler,SKU-OFF-003,Office Supplies,SALE,-1,41,40,2026-05-18 16:38:56,POS Sale INV-2026-1324
txn-9695,prod-03,Mechanical RGB Gaming Keyboard,SKU-ELE-003,Electronics & Gadgets,SALE,-2,32,30,2026-05-18 09:54:06,POS Sale INV-2026-1325
txn-9696,prod-14,Wholegrain Oats 1kg,SKU-GRO-002,Packaged Groceries,SALE,-6,116,110,2026-05-18 15:23:02,POS Sale INV-2026-1326
txn-9697,prod-18,High-Visibility Safety Vest,SKU-APP-002,Apparel & Wearables,SALE,-1,141,140,2026-05-18 17:18:04,POS Sale INV-2026-1327
txn-9698,prod-09,Arabica Whole Bean Coffee 1kg,SKU-BEV-001,Beverages & Drinks,SALE,-1,61,60,2026-05-18 17:18:04,POS Sale INV-2026-1327
txn-9699,prod-15,Raw Honey Jar 500g,SKU-GRO-003,Packaged Groceries,SALE,-3,68,65,2026-05-18 17:18:04,POS Sale INV-2026-1327
txn-9700,prod-06,Gel Ink Rollerball Pens (Box of 12),SKU-OFF-002,Office Supplies,SALE,-1,121,120,2026-05-18 18:43:39,POS Sale INV-2026-1328
txn-9701,prod-10,Organic Green Tea (Box of 50 Bags),SKU-BEV-002,Beverages & Drinks,SALE,-3,93,90,2026-05-18 18:43:39,POS Sale INV-2026-1328
txn-9702,prod-24,Heavy-Duty Steel Measuring Tape 8m,SKU-HAR-004,Hardware & Tools,SALE,-1,91,90,2026-05-18 14:35:23,POS Sale INV-2026-1329
txn-9703,prod-01,Wireless Bluetooth Headset Pro,SKU-ELE-001,Electronics & Gadgets,SALE,-1,46,45,2026-05-18 14:35:23,POS Sale INV-2026-1329
txn-9704,prod-12,Natural Cold Pressed Citrus Juice 1L,SKU-BEV-004,Beverages & Drinks,SALE,-1,41,40,2026-05-18 14:35:23,POS Sale INV-2026-1329
txn-9705,prod-05,A4 Premium Copy Paper 500 Sheets,SKU-OFF-001,Office Supplies,SALE,-1,251,250,2026-05-19 17:02:02,POS Sale INV-2026-1330
txn-9706,prod-15,Raw Honey Jar 500g,SKU-GRO-003,Packaged Groceries,SALE,-1,66,65,2026-05-19 17:02:02,POS Sale INV-2026-1330
txn-9707,prod-06,Gel Ink Rollerball Pens (Box of 12),SKU-OFF-002,Office Supplies,SALE,-6,126,120,2026-05-19 17:02:02,POS Sale INV-2026-1330
txn-9708,prod-27,Microfiber Facial Towels (Pack of 4),SKU-PER-003,Personal Care,SALE,-1,71,70,2026-05-19 17:29:09,POS Sale INV-2026-1331
txn-9709,prod-13,Organic Extra Virgin Olive Oil 750ml,SKU-GRO-001,Packaged Groceries,SALE,-1,51,50,2026-05-19 17:29:09,POS Sale INV-2026-1331
txn-9710,prod-04,4K Ultra-HD Monitor 27-inch,SKU-ELE-004,Electronics & Gadgets,SALE,-3,15,12,2026-05-19 17:29:09,POS Sale INV-2026-1331
txn-9711,prod-13,Organic Extra Virgin Olive Oil 750ml,SKU-GRO-001,Packaged Groceries,SALE,-1,51,50,2026-05-19 18:20:10,POS Sale INV-2026-1332
txn-9712,prod-22,Professional Precision Screwdriver Kit,SKU-HAR-002,Hardware & Tools,SALE,-1,56,55,2026-05-19 17:53:32,POS Sale INV-2026-1333
txn-9713,prod-11,Sparkling Mineral Water 500ml (Pack 12),SKU-BEV-003,Beverages & Drinks,SALE,-1,76,75,2026-05-19 09:23:21,POS Sale INV-2026-1334
txn-9714,prod-26,Gentle Moisturizing Hand Soap 1L,SKU-PER-002,Personal Care,SALE,-1,151,150,2026-05-19 19:01:38,POS Sale INV-2026-1335
txn-9715,prod-27,Microfiber Facial Towels (Pack of 4),SKU-PER-003,Personal Care,SALE,-2,72,70,2026-05-19 19:01:38,POS Sale INV-2026-1335
txn-9716,prod-25,Antibacterial Hand Sanitizer 500ml,SKU-PER-001,Personal Care,SALE,-1,301,300,2026-05-19 19:01:38,POS Sale INV-2026-1335
txn-9717,prod-25,Antibacterial Hand Sanitizer 500ml,SKU-PER-001,Personal Care,SALE,-1,301,300,2026-05-19 09:37:30,POS Sale INV-2026-1336
txn-9718,prod-19,Waterproof Work Gloves (Pair),SKU-APP-003,Apparel & Wearables,SALE,-2,182,180,2026-05-20 15:09:52,POS Sale INV-2026-1337
txn-9719,prod-26,Gentle Moisturizing Hand Soap 1L,SKU-PER-002,Personal Care,SALE,-2,152,150,2026-05-20 15:09:52,POS Sale INV-2026-1337
txn-9720,prod-14,Wholegrain Oats 1kg,SKU-GRO-002,Packaged Groceries,SALE,-1,111,110,2026-05-20 10:12:01,POS Sale INV-2026-1338
txn-9721,prod-14,Wholegrain Oats 1kg,SKU-GRO-002,Packaged Groceries,SALE,-1,111,110,2026-05-20 12:26:32,POS Sale INV-2026-1339
txn-9722,prod-20,Breathable Fleece Jacket (Large),SKU-APP-004,Apparel & Wearables,SALE,-2,37,35,2026-05-20 12:26:32,POS Sale INV-2026-1339
txn-9723,prod-01,Wireless Bluetooth Headset Pro,SKU-ELE-001,Electronics & Gadgets,SALE,-1,46,45,2026-05-20 12:26:32,POS Sale INV-2026-1339
txn-9724,prod-01,Wireless Bluetooth Headset Pro,SKU-ELE-001,Electronics & Gadgets,SALE,-4,49,45,2026-05-20 17:13:35,POS Sale INV-2026-1340
txn-9725,prod-10,Organic Green Tea (Box of 50 Bags),SKU-BEV-002,Beverages & Drinks,SALE,-2,92,90,2026-05-20 14:11:29,POS Sale INV-2026-1341
txn-9726,prod-09,Arabica Whole Bean Coffee 1kg,SKU-BEV-001,Beverages & Drinks,SALE,-1,61,60,2026-05-20 14:11:29,POS Sale INV-2026-1341
txn-9727,prod-25,Antibacterial Hand Sanitizer 500ml,SKU-PER-001,Personal Care,SALE,-1,301,300,2026-05-20 14:11:29,POS Sale INV-2026-1341
txn-9728,prod-19,Waterproof Work Gloves (Pair),SKU-APP-003,Apparel & Wearables,SALE,-2,182,180,2026-05-20 19:41:51,POS Sale INV-2026-1342
txn-9729,prod-01,Wireless Bluetooth Headset Pro,SKU-ELE-001,Electronics & Gadgets,SALE,-1,46,45,2026-05-20 12:17:35,POS Sale INV-2026-1343
txn-9730,prod-09,Arabica Whole Bean Coffee 1kg,SKU-BEV-001,Beverages & Drinks,SALE,-1,61,60,2026-05-21 16:20:30,POS Sale INV-2026-1344
txn-9731,prod-24,Heavy-Duty Steel Measuring Tape 8m,SKU-HAR-004,Hardware & Tools,SALE,-2,92,90,2026-05-21 16:20:30,POS Sale INV-2026-1344
txn-9732,prod-18,High-Visibility Safety Vest,SKU-APP-002,Apparel & Wearables,SALE,-2,142,140,2026-05-21 16:20:30,POS Sale INV-2026-1344
txn-9733,prod-11,Sparkling Mineral Water 500ml (Pack 12),SKU-BEV-003,Beverages & Drinks,SALE,-2,77,75,2026-05-21 16:20:30,POS Sale INV-2026-1344
txn-9734,prod-06,Gel Ink Rollerball Pens (Box of 12),SKU-OFF-002,Office Supplies,SALE,-1,121,120,2026-05-21 16:20:30,POS Sale INV-2026-1344
txn-9735,prod-28,Electric Stainless Steel Kettle 1.7L,SKU-HOM-001,Home Appliances,SALE,-2,34,32,2026-05-21 18:43:34,POS Sale INV-2026-1345
txn-9736,prod-28,Electric Stainless Steel Kettle 1.7L,SKU-HOM-001,Home Appliances,SALE,-2,34,32,2026-05-21 11:18:02,POS Sale INV-2026-1346
txn-9737,prod-23,Digital Laser Distance Meter 50m,SKU-HAR-003,Hardware & Tools,SALE,-2,30,28,2026-05-21 16:41:16,POS Sale INV-2026-1347
txn-9738,prod-25,Antibacterial Hand Sanitizer 500ml,SKU-PER-001,Personal Care,SALE,-1,301,300,2026-05-21 16:41:16,POS Sale INV-2026-1347
txn-9739,prod-27,Microfiber Facial Towels (Pack of 4),SKU-PER-003,Personal Care,SALE,-1,71,70,2026-05-21 13:59:35,POS Sale INV-2026-1348
txn-9740,prod-12,Natural Cold Pressed Citrus Juice 1L,SKU-BEV-004,Beverages & Drinks,SALE,-1,41,40,2026-05-21 18:15:15,POS Sale INV-2026-1349
txn-9741,prod-27,Microfiber Facial Towels (Pack of 4),SKU-PER-003,Personal Care,SALE,-1,71,70,2026-05-21 12:03:06,POS Sale INV-2026-1350
txn-9742,prod-07,Heavy-Duty Desktop Stapler,SKU-OFF-003,Office Supplies,SALE,-1,41,40,2026-05-21 12:03:06,POS Sale INV-2026-1350
txn-9743,prod-19,Waterproof Work Gloves (Pair),SKU-APP-003,Apparel & Wearables,SALE,-3,183,180,2026-05-21 11:00:35,POS Sale INV-2026-1351
txn-9744,prod-09,Arabica Whole Bean Coffee 1kg,SKU-BEV-001,Beverages & Drinks,SALE,-1,61,60,2026-05-21 11:00:35,POS Sale INV-2026-1351
txn-9745,prod-25,Antibacterial Hand Sanitizer 500ml,SKU-PER-001,Personal Care,SALE,-2,302,300,2026-05-21 11:00:35,POS Sale INV-2026-1351
txn-9746,prod-26,Gentle Moisturizing Hand Soap 1L,SKU-PER-002,Personal Care,SALE,-1,151,150,2026-05-21 11:00:35,POS Sale INV-2026-1351
txn-9747,prod-22,Professional Precision Screwdriver Kit,SKU-HAR-002,Hardware & Tools,SALE,-1,56,55,2026-05-21 16:30:41,POS Sale INV-2026-1352
txn-9748,prod-24,Heavy-Duty Steel Measuring Tape 8m,SKU-HAR-004,Hardware & Tools,SALE,-1,91,90,2026-05-21 16:30:41,POS Sale INV-2026-1352
txn-9749,prod-19,Waterproof Work Gloves (Pair),SKU-APP-003,Apparel & Wearables,SALE,-6,186,180,2026-05-21 16:30:41,POS Sale INV-2026-1352
txn-9750,prod-25,Antibacterial Hand Sanitizer 500ml,SKU-PER-001,Personal Care,SALE,-3,303,300,2026-05-22 09:58:49,POS Sale INV-2026-1353
txn-9751,prod-06,Gel Ink Rollerball Pens (Box of 12),SKU-OFF-002,Office Supplies,SALE,-2,122,120,2026-05-22 09:58:49,POS Sale INV-2026-1353
txn-9752,prod-14,Wholegrain Oats 1kg,SKU-GRO-002,Packaged Groceries,SALE,-1,111,110,2026-05-22 09:58:49,POS Sale INV-2026-1353
txn-9753,prod-14,Wholegrain Oats 1kg,SKU-GRO-002,Packaged Groceries,SALE,-1,111,110,2026-05-22 09:58:58,POS Sale INV-2026-1354
txn-9754,prod-09,Arabica Whole Bean Coffee 1kg,SKU-BEV-001,Beverages & Drinks,SALE,-2,62,60,2026-05-22 09:58:58,POS Sale INV-2026-1354
txn-9755,prod-19,Waterproof Work Gloves (Pair),SKU-APP-003,Apparel & Wearables,SALE,-1,181,180,2026-05-22 09:53:25,POS Sale INV-2026-1355
txn-9756,prod-24,Heavy-Duty Steel Measuring Tape 8m,SKU-HAR-004,Hardware & Tools,SALE,-1,91,90,2026-05-22 09:53:25,POS Sale INV-2026-1355
txn-9757,prod-05,A4 Premium Copy Paper 500 Sheets,SKU-OFF-001,Office Supplies,SALE,-1,251,250,2026-05-22 09:53:25,POS Sale INV-2026-1355
txn-9758,prod-29,HEPA Air Purifier Desktop Size,SKU-HOM-002,Home Appliances,SALE,-2,20,18,2026-05-22 09:19:36,POS Sale INV-2026-1356
txn-9759,prod-03,Mechanical RGB Gaming Keyboard,SKU-ELE-003,Electronics & Gadgets,SALE,-1,31,30,2026-05-22 09:19:36,POS Sale INV-2026-1356
txn-9760,prod-11,Sparkling Mineral Water 500ml (Pack 12),SKU-BEV-003,Beverages & Drinks,SALE,-1,76,75,2026-05-22 09:19:36,POS Sale INV-2026-1356
txn-9761,prod-18,High-Visibility Safety Vest,SKU-APP-002,Apparel & Wearables,SALE,-2,142,140,2026-05-22 19:34:33,POS Sale INV-2026-1357
txn-9762,prod-06,Gel Ink Rollerball Pens (Box of 12),SKU-OFF-002,Office Supplies,SALE,-1,121,120,2026-05-22 19:34:33,POS Sale INV-2026-1357
txn-9763,prod-10,Organic Green Tea (Box of 50 Bags),SKU-BEV-002,Beverages & Drinks,SALE,-1,91,90,2026-05-22 19:34:33,POS Sale INV-2026-1357
txn-9764,prod-01,Wireless Bluetooth Headset Pro,SKU-ELE-001,Electronics & Gadgets,SALE,-4,49,45,2026-05-22 12:51:07,POS Sale INV-2026-1358
txn-9765,prod-23,Digital Laser Distance Meter 50m,SKU-HAR-003,Hardware & Tools,SALE,-1,29,28,2026-05-22 12:51:07,POS Sale INV-2026-1358
txn-9766,prod-06,Gel Ink Rollerball Pens (Box of 12),SKU-OFF-002,Office Supplies,SALE,-1,121,120,2026-05-22 12:51:07,POS Sale INV-2026-1358
txn-9767,prod-09,Arabica Whole Bean Coffee 1kg,SKU-BEV-001,Beverages & Drinks,SALE,-3,63,60,2026-05-22 11:00:47,POS Sale INV-2026-1359
txn-9768,prod-10,Organic Green Tea (Box of 50 Bags),SKU-BEV-002,Beverages & Drinks,SALE,-1,91,90,2026-05-22 12:11:39,POS Sale INV-2026-1360
txn-9769,prod-12,Natural Cold Pressed Citrus Juice 1L,SKU-BEV-004,Beverages & Drinks,SALE,-1,41,40,2026-05-22 12:11:39,POS Sale INV-2026-1360
txn-9770,prod-22,Professional Precision Screwdriver Kit,SKU-HAR-002,Hardware & Tools,SALE,-2,57,55,2026-05-22 12:11:39,POS Sale INV-2026-1360
txn-9771,prod-26,Gentle Moisturizing Hand Soap 1L,SKU-PER-002,Personal Care,SALE,-1,151,150,2026-05-22 12:11:39,POS Sale INV-2026-1360
txn-9772,prod-17,100% Cotton Polo Shirt (Medium),SKU-APP-001,Apparel & Wearables,SALE,-2,97,95,2026-05-22 12:11:39,POS Sale INV-2026-1360
txn-9773,prod-25,Antibacterial Hand Sanitizer 500ml,SKU-PER-001,Personal Care,SALE,-1,301,300,2026-05-22 10:25:42,POS Sale INV-2026-1361
txn-9774,prod-13,Organic Extra Virgin Olive Oil 750ml,SKU-GRO-001,Packaged Groceries,SALE,-1,51,50,2026-05-22 12:00:16,POS Sale INV-2026-1362
txn-9775,prod-19,Waterproof Work Gloves (Pair),SKU-APP-003,Apparel & Wearables,SALE,-1,181,180,2026-05-22 12:00:16,POS Sale INV-2026-1362
txn-9776,prod-16,Assorted Roasted Almonds 250g,SKU-GRO-004,Packaged Groceries,SALE,-2,87,85,2026-05-22 13:37:46,POS Sale INV-2026-1363
txn-9777,prod-17,100% Cotton Polo Shirt (Medium),SKU-APP-001,Apparel & Wearables,SALE,-2,97,95,2026-05-22 13:37:46,POS Sale INV-2026-1363
txn-9778,prod-25,Antibacterial Hand Sanitizer 500ml,SKU-PER-001,Personal Care,SALE,-1,301,300,2026-05-23 09:42:07,POS Sale INV-2026-1364
txn-9779,prod-02,Ergonomic Optical Wireless Mouse,SKU-ELE-002,Electronics & Gadgets,SALE,-1,81,80,2026-05-23 13:44:07,POS Sale INV-2026-1365
txn-9780,prod-21,20V Cordless Power Drill Set,SKU-HAR-001,Hardware & Tools,SALE,-1,23,22,2026-05-23 12:08:30,POS Sale INV-2026-1366
txn-9781,prod-25,Antibacterial Hand Sanitizer 500ml,SKU-PER-001,Personal Care,SALE,-1,301,300,2026-05-23 12:08:30,POS Sale INV-2026-1366
txn-9782,prod-14,Wholegrain Oats 1kg,SKU-GRO-002,Packaged Groceries,SALE,-1,111,110,2026-05-23 12:08:30,POS Sale INV-2026-1366
txn-9783,prod-03,Mechanical RGB Gaming Keyboard,SKU-ELE-003,Electronics & Gadgets,SALE,-1,31,30,2026-05-23 17:58:30,POS Sale INV-2026-1367
txn-9784,prod-06,Gel Ink Rollerball Pens (Box of 12),SKU-OFF-002,Office Supplies,SALE,-2,122,120,2026-05-23 17:58:30,POS Sale INV-2026-1367
txn-9785,prod-27,Microfiber Facial Towels (Pack of 4),SKU-PER-003,Personal Care,SALE,-1,71,70,2026-05-23 19:48:38,POS Sale INV-2026-1368
txn-9786,prod-19,Waterproof Work Gloves (Pair),SKU-APP-003,Apparel & Wearables,SALE,-3,183,180,2026-05-23 19:48:38,POS Sale INV-2026-1368
txn-9787,prod-12,Natural Cold Pressed Citrus Juice 1L,SKU-BEV-004,Beverages & Drinks,SALE,-1,41,40,2026-05-23 19:48:38,POS Sale INV-2026-1368
txn-9788,prod-24,Heavy-Duty Steel Measuring Tape 8m,SKU-HAR-004,Hardware & Tools,SALE,-1,91,90,2026-05-23 19:48:38,POS Sale INV-2026-1368
txn-9789,prod-03,Mechanical RGB Gaming Keyboard,SKU-ELE-003,Electronics & Gadgets,SALE,-1,31,30,2026-05-23 19:48:38,POS Sale INV-2026-1368
txn-9790,prod-10,Organic Green Tea (Box of 50 Bags),SKU-BEV-002,Beverages & Drinks,SALE,-1,91,90,2026-05-23 14:04:58,POS Sale INV-2026-1369
txn-9791,prod-01,Wireless Bluetooth Headset Pro,SKU-ELE-001,Electronics & Gadgets,SALE,-3,48,45,2026-05-23 12:36:34,POS Sale INV-2026-1370
txn-9792,prod-14,Wholegrain Oats 1kg,SKU-GRO-002,Packaged Groceries,SALE,-1,111,110,2026-05-23 19:13:45,POS Sale INV-2026-1371
txn-9793,prod-07,Heavy-Duty Desktop Stapler,SKU-OFF-003,Office Supplies,SALE,-1,41,40,2026-05-23 09:29:08,POS Sale INV-2026-1372
txn-9794,prod-12,Natural Cold Pressed Citrus Juice 1L,SKU-BEV-004,Beverages & Drinks,SALE,-2,42,40,2026-05-23 09:29:08,POS Sale INV-2026-1372
txn-9795,prod-26,Gentle Moisturizing Hand Soap 1L,SKU-PER-002,Personal Care,SALE,-1,151,150,2026-05-23 09:29:08,POS Sale INV-2026-1372
txn-9796,prod-25,Antibacterial Hand Sanitizer 500ml,SKU-PER-001,Personal Care,SALE,-1,301,300,2026-05-23 09:29:08,POS Sale INV-2026-1372
txn-9797,prod-02,Ergonomic Optical Wireless Mouse,SKU-ELE-002,Electronics & Gadgets,SALE,-2,82,80,2026-05-23 16:43:51,POS Sale INV-2026-1373
txn-9798,prod-12,Natural Cold Pressed Citrus Juice 1L,SKU-BEV-004,Beverages & Drinks,SALE,-2,42,40,2026-05-23 09:47:13,POS Sale INV-2026-1374
txn-9799,prod-22,Professional Precision Screwdriver Kit,SKU-HAR-002,Hardware & Tools,SALE,-1,56,55,2026-05-23 09:47:13,POS Sale INV-2026-1374
txn-9800,prod-19,Waterproof Work Gloves (Pair),SKU-APP-003,Apparel & Wearables,SALE,-1,181,180,2026-05-24 10:34:03,POS Sale INV-2026-1375
txn-9801,prod-27,Microfiber Facial Towels (Pack of 4),SKU-PER-003,Personal Care,SALE,-1,71,70,2026-05-24 10:34:03,POS Sale INV-2026-1375
txn-9802,prod-02,Ergonomic Optical Wireless Mouse,SKU-ELE-002,Electronics & Gadgets,SALE,-1,81,80,2026-05-24 10:34:03,POS Sale INV-2026-1375
txn-9803,prod-26,Gentle Moisturizing Hand Soap 1L,SKU-PER-002,Personal Care,SALE,-1,151,150,2026-05-24 15:11:49,POS Sale INV-2026-1376
txn-9804,prod-24,Heavy-Duty Steel Measuring Tape 8m,SKU-HAR-004,Hardware & Tools,SALE,-1,91,90,2026-05-24 15:28:55,POS Sale INV-2026-1377
txn-9805,prod-02,Ergonomic Optical Wireless Mouse,SKU-ELE-002,Electronics & Gadgets,SALE,-1,81,80,2026-05-24 19:55:34,POS Sale INV-2026-1378
txn-9806,prod-13,Organic Extra Virgin Olive Oil 750ml,SKU-GRO-001,Packaged Groceries,SALE,-3,53,50,2026-05-24 19:55:34,POS Sale INV-2026-1378
txn-9807,prod-01,Wireless Bluetooth Headset Pro,SKU-ELE-001,Electronics & Gadgets,SALE,-1,46,45,2026-05-24 19:55:34,POS Sale INV-2026-1378
txn-9808,prod-11,Sparkling Mineral Water 500ml (Pack 12),SKU-BEV-003,Beverages & Drinks,SALE,-3,78,75,2026-05-24 17:25:33,POS Sale INV-2026-1379
txn-9809,prod-10,Organic Green Tea (Box of 50 Bags),SKU-BEV-002,Beverages & Drinks,SALE,-1,91,90,2026-05-24 17:25:33,POS Sale INV-2026-1379
txn-9810,prod-28,Electric Stainless Steel Kettle 1.7L,SKU-HOM-001,Home Appliances,SALE,-4,36,32,2026-05-24 13:29:43,POS Sale INV-2026-1380
txn-9811,prod-16,Assorted Roasted Almonds 250g,SKU-GRO-004,Packaged Groceries,SALE,-1,86,85,2026-05-24 13:29:43,POS Sale INV-2026-1380
txn-9812,prod-07,Heavy-Duty Desktop Stapler,SKU-OFF-003,Office Supplies,SALE,-6,46,40,2026-05-24 12:15:29,POS Sale INV-2026-1381
txn-9813,prod-22,Professional Precision Screwdriver Kit,SKU-HAR-002,Hardware & Tools,SALE,-1,56,55,2026-05-24 12:15:29,POS Sale INV-2026-1381
txn-9814,prod-06,Gel Ink Rollerball Pens (Box of 12),SKU-OFF-002,Office Supplies,SALE,-1,121,120,2026-05-25 10:02:51,POS Sale INV-2026-1382
txn-9815,prod-16,Assorted Roasted Almonds 250g,SKU-GRO-004,Packaged Groceries,SALE,-6,91,85,2026-05-25 10:02:51,POS Sale INV-2026-1382
txn-9816,prod-10,Organic Green Tea (Box of 50 Bags),SKU-BEV-002,Beverages & Drinks,SALE,-1,91,90,2026-05-25 10:06:38,POS Sale INV-2026-1383
txn-9817,prod-04,4K Ultra-HD Monitor 27-inch,SKU-ELE-004,Electronics & Gadgets,SALE,-1,13,12,2026-05-25 10:06:38,POS Sale INV-2026-1383
txn-9818,prod-25,Antibacterial Hand Sanitizer 500ml,SKU-PER-001,Personal Care,SALE,-1,301,300,2026-05-25 09:25:28,POS Sale INV-2026-1384
txn-9819,prod-04,4K Ultra-HD Monitor 27-inch,SKU-ELE-004,Electronics & Gadgets,SALE,-2,14,12,2026-05-25 13:14:52,POS Sale INV-2026-1385
txn-9820,prod-25,Antibacterial Hand Sanitizer 500ml,SKU-PER-001,Personal Care,SALE,-1,301,300,2026-05-25 13:14:52,POS Sale INV-2026-1385
txn-9821,prod-15,Raw Honey Jar 500g,SKU-GRO-003,Packaged Groceries,SALE,-1,66,65,2026-05-25 19:52:20,POS Sale INV-2026-1386
txn-9822,prod-03,Mechanical RGB Gaming Keyboard,SKU-ELE-003,Electronics & Gadgets,SALE,-1,31,30,2026-05-25 19:52:20,POS Sale INV-2026-1386
txn-9823,prod-13,Organic Extra Virgin Olive Oil 750ml,SKU-GRO-001,Packaged Groceries,SALE,-4,54,50,2026-05-25 19:52:20,POS Sale INV-2026-1386
txn-9824,prod-19,Waterproof Work Gloves (Pair),SKU-APP-003,Apparel & Wearables,SALE,-2,182,180,2026-05-25 17:14:26,POS Sale INV-2026-1387
txn-9825,prod-13,Organic Extra Virgin Olive Oil 750ml,SKU-GRO-001,Packaged Groceries,SALE,-1,51,50,2026-05-25 17:14:26,POS Sale INV-2026-1387
txn-9826,prod-11,Sparkling Mineral Water 500ml (Pack 12),SKU-BEV-003,Beverages & Drinks,SALE,-1,76,75,2026-05-25 17:14:26,POS Sale INV-2026-1387
txn-9827,prod-25,Antibacterial Hand Sanitizer 500ml,SKU-PER-001,Personal Care,SALE,-1,301,300,2026-05-25 11:40:43,POS Sale INV-2026-1388
txn-9828,prod-13,Organic Extra Virgin Olive Oil 750ml,SKU-GRO-001,Packaged Groceries,SALE,-2,52,50,2026-05-25 11:40:43,POS Sale INV-2026-1388
txn-9829,prod-07,Heavy-Duty Desktop Stapler,SKU-OFF-003,Office Supplies,SALE,-1,41,40,2026-05-25 19:42:24,POS Sale INV-2026-1389
txn-9830,prod-06,Gel Ink Rollerball Pens (Box of 12),SKU-OFF-002,Office Supplies,SALE,-3,123,120,2026-05-26 13:24:11,POS Sale INV-2026-1390
txn-9831,prod-26,Gentle Moisturizing Hand Soap 1L,SKU-PER-002,Personal Care,SALE,-3,153,150,2026-05-26 13:24:11,POS Sale INV-2026-1390
txn-9832,prod-13,Organic Extra Virgin Olive Oil 750ml,SKU-GRO-001,Packaged Groceries,SALE,-6,56,50,2026-05-26 13:54:45,POS Sale INV-2026-1391
txn-9833,prod-01,Wireless Bluetooth Headset Pro,SKU-ELE-001,Electronics & Gadgets,SALE,-3,48,45,2026-05-26 15:35:33,POS Sale INV-2026-1392
txn-9834,prod-02,Ergonomic Optical Wireless Mouse,SKU-ELE-002,Electronics & Gadgets,SALE,-1,81,80,2026-05-26 15:35:33,POS Sale INV-2026-1392
txn-9835,prod-13,Organic Extra Virgin Olive Oil 750ml,SKU-GRO-001,Packaged Groceries,SALE,-1,51,50,2026-05-26 15:35:33,POS Sale INV-2026-1392
txn-9836,prod-19,Waterproof Work Gloves (Pair),SKU-APP-003,Apparel & Wearables,SALE,-3,183,180,2026-05-26 19:05:59,POS Sale INV-2026-1393
txn-9837,prod-24,Heavy-Duty Steel Measuring Tape 8m,SKU-HAR-004,Hardware & Tools,SALE,-4,94,90,2026-05-26 12:03:17,POS Sale INV-2026-1394
txn-9838,prod-14,Wholegrain Oats 1kg,SKU-GRO-002,Packaged Groceries,SALE,-1,111,110,2026-05-26 10:12:51,POS Sale INV-2026-1395
txn-9839,prod-16,Assorted Roasted Almonds 250g,SKU-GRO-004,Packaged Groceries,SALE,-1,86,85,2026-05-26 12:55:58,POS Sale INV-2026-1396
txn-9840,prod-18,High-Visibility Safety Vest,SKU-APP-002,Apparel & Wearables,SALE,-3,143,140,2026-05-26 12:55:58,POS Sale INV-2026-1396
txn-9841,prod-25,Antibacterial Hand Sanitizer 500ml,SKU-PER-001,Personal Care,SALE,-1,301,300,2026-05-26 12:55:58,POS Sale INV-2026-1396
txn-9842,prod-21,20V Cordless Power Drill Set,SKU-HAR-001,Hardware & Tools,SALE,-2,24,22,2026-05-26 12:47:07,POS Sale INV-2026-1397
txn-9843,prod-25,Antibacterial Hand Sanitizer 500ml,SKU-PER-001,Personal Care,SALE,-3,303,300,2026-05-26 18:45:13,POS Sale INV-2026-1398
txn-9844,prod-29,HEPA Air Purifier Desktop Size,SKU-HOM-002,Home Appliances,SALE,-1,19,18,2026-05-26 13:24:29,POS Sale INV-2026-1399
txn-9845,prod-06,Gel Ink Rollerball Pens (Box of 12),SKU-OFF-002,Office Supplies,SALE,-3,123,120,2026-05-27 17:56:31,POS Sale INV-2026-1400
txn-9846,prod-05,A4 Premium Copy Paper 500 Sheets,SKU-OFF-001,Office Supplies,SALE,-2,252,250,2026-05-27 14:58:13,POS Sale INV-2026-1401
txn-9847,prod-12,Natural Cold Pressed Citrus Juice 1L,SKU-BEV-004,Beverages & Drinks,SALE,-1,41,40,2026-05-27 14:58:13,POS Sale INV-2026-1401
txn-9848,prod-25,Antibacterial Hand Sanitizer 500ml,SKU-PER-001,Personal Care,SALE,-6,306,300,2026-05-27 12:47:09,POS Sale INV-2026-1402
txn-9849,prod-14,Wholegrain Oats 1kg,SKU-GRO-002,Packaged Groceries,SALE,-2,112,110,2026-05-27 12:47:09,POS Sale INV-2026-1402
txn-9850,prod-28,Electric Stainless Steel Kettle 1.7L,SKU-HOM-001,Home Appliances,SALE,-2,34,32,2026-05-27 12:47:09,POS Sale INV-2026-1402
txn-9851,prod-12,Natural Cold Pressed Citrus Juice 1L,SKU-BEV-004,Beverages & Drinks,SALE,-1,41,40,2026-05-27 12:47:09,POS Sale INV-2026-1402
txn-9852,prod-12,Natural Cold Pressed Citrus Juice 1L,SKU-BEV-004,Beverages & Drinks,SALE,-1,41,40,2026-05-27 15:18:09,POS Sale INV-2026-1403
txn-9853,prod-05,A4 Premium Copy Paper 500 Sheets,SKU-OFF-001,Office Supplies,SALE,-2,252,250,2026-05-27 15:18:09,POS Sale INV-2026-1403
txn-9854,prod-01,Wireless Bluetooth Headset Pro,SKU-ELE-001,Electronics & Gadgets,SALE,-3,48,45,2026-05-27 15:18:09,POS Sale INV-2026-1403
txn-9855,prod-16,Assorted Roasted Almonds 250g,SKU-GRO-004,Packaged Groceries,SALE,-1,86,85,2026-05-27 15:18:09,POS Sale INV-2026-1403
txn-9856,prod-06,Gel Ink Rollerball Pens (Box of 12),SKU-OFF-002,Office Supplies,SALE,-2,122,120,2026-05-27 12:31:35,POS Sale INV-2026-1404
txn-9857,prod-25,Antibacterial Hand Sanitizer 500ml,SKU-PER-001,Personal Care,SALE,-1,301,300,2026-05-27 12:31:35,POS Sale INV-2026-1404
txn-9858,prod-14,Wholegrain Oats 1kg,SKU-GRO-002,Packaged Groceries,SALE,-1,111,110,2026-05-27 12:31:35,POS Sale INV-2026-1404
txn-9859,prod-13,Organic Extra Virgin Olive Oil 750ml,SKU-GRO-001,Packaged Groceries,SALE,-3,53,50,2026-05-27 16:46:41,POS Sale INV-2026-1405
txn-9860,prod-10,Organic Green Tea (Box of 50 Bags),SKU-BEV-002,Beverages & Drinks,SALE,-1,91,90,2026-05-27 16:46:41,POS Sale INV-2026-1405
txn-9861,prod-14,Wholegrain Oats 1kg,SKU-GRO-002,Packaged Groceries,SALE,-1,111,110,2026-05-27 16:46:41,POS Sale INV-2026-1405
txn-9862,prod-07,Heavy-Duty Desktop Stapler,SKU-OFF-003,Office Supplies,SALE,-1,41,40,2026-05-28 14:10:08,POS Sale INV-2026-1406
txn-9863,prod-12,Natural Cold Pressed Citrus Juice 1L,SKU-BEV-004,Beverages & Drinks,SALE,-2,42,40,2026-05-28 17:41:03,POS Sale INV-2026-1407
txn-9864,prod-18,High-Visibility Safety Vest,SKU-APP-002,Apparel & Wearables,SALE,-3,143,140,2026-05-28 19:03:48,POS Sale INV-2026-1408
txn-9865,prod-10,Organic Green Tea (Box of 50 Bags),SKU-BEV-002,Beverages & Drinks,SALE,-1,91,90,2026-05-28 19:03:48,POS Sale INV-2026-1408
txn-9866,prod-18,High-Visibility Safety Vest,SKU-APP-002,Apparel & Wearables,SALE,-1,141,140,2026-05-28 11:00:13,POS Sale INV-2026-1409
txn-9867,prod-05,A4 Premium Copy Paper 500 Sheets,SKU-OFF-001,Office Supplies,SALE,-1,251,250,2026-05-28 11:00:13,POS Sale INV-2026-1409
txn-9868,prod-19,Waterproof Work Gloves (Pair),SKU-APP-003,Apparel & Wearables,SALE,-3,183,180,2026-05-28 11:00:13,POS Sale INV-2026-1409
txn-9869,prod-09,Arabica Whole Bean Coffee 1kg,SKU-BEV-001,Beverages & Drinks,SALE,-1,61,60,2026-05-28 11:00:13,POS Sale INV-2026-1409
txn-9870,prod-20,Breathable Fleece Jacket (Large),SKU-APP-004,Apparel & Wearables,SALE,-3,38,35,2026-05-28 11:00:13,POS Sale INV-2026-1409
txn-9871,prod-19,Waterproof Work Gloves (Pair),SKU-APP-003,Apparel & Wearables,SALE,-2,182,180,2026-05-28 19:59:39,POS Sale INV-2026-1410
txn-9872,prod-09,Arabica Whole Bean Coffee 1kg,SKU-BEV-001,Beverages & Drinks,SALE,-1,61,60,2026-05-28 17:35:26,POS Sale INV-2026-1411
txn-9873,prod-06,Gel Ink Rollerball Pens (Box of 12),SKU-OFF-002,Office Supplies,SALE,-1,121,120,2026-05-28 17:35:26,POS Sale INV-2026-1411
txn-9874,prod-27,Microfiber Facial Towels (Pack of 4),SKU-PER-003,Personal Care,SALE,-2,72,70,2026-05-28 13:01:32,POS Sale INV-2026-1412
txn-9875,prod-26,Gentle Moisturizing Hand Soap 1L,SKU-PER-002,Personal Care,SALE,-2,152,150,2026-05-28 13:01:32,POS Sale INV-2026-1412
txn-9876,prod-07,Heavy-Duty Desktop Stapler,SKU-OFF-003,Office Supplies,SALE,-2,42,40,2026-05-28 11:06:58,POS Sale INV-2026-1413
txn-9877,prod-26,Gentle Moisturizing Hand Soap 1L,SKU-PER-002,Personal Care,SALE,-1,151,150,2026-05-28 11:06:58,POS Sale INV-2026-1413
txn-9878,prod-12,Natural Cold Pressed Citrus Juice 1L,SKU-BEV-004,Beverages & Drinks,SALE,-1,41,40,2026-05-28 17:16:52,POS Sale INV-2026-1414
txn-9879,prod-15,Raw Honey Jar 500g,SKU-GRO-003,Packaged Groceries,SALE,-1,66,65,2026-05-29 15:29:36,POS Sale INV-2026-1415
txn-9880,prod-11,Sparkling Mineral Water 500ml (Pack 12),SKU-BEV-003,Beverages & Drinks,SALE,-1,76,75,2026-05-29 15:29:36,POS Sale INV-2026-1415
txn-9881,prod-28,Electric Stainless Steel Kettle 1.7L,SKU-HOM-001,Home Appliances,SALE,-1,33,32,2026-05-29 15:29:36,POS Sale INV-2026-1415
txn-9882,prod-26,Gentle Moisturizing Hand Soap 1L,SKU-PER-002,Personal Care,SALE,-1,151,150,2026-05-29 10:41:54,POS Sale INV-2026-1416
txn-9883,prod-09,Arabica Whole Bean Coffee 1kg,SKU-BEV-001,Beverages & Drinks,SALE,-3,63,60,2026-05-29 10:41:54,POS Sale INV-2026-1416
txn-9884,prod-25,Antibacterial Hand Sanitizer 500ml,SKU-PER-001,Personal Care,SALE,-2,302,300,2026-05-29 10:41:54,POS Sale INV-2026-1416
txn-9885,prod-01,Wireless Bluetooth Headset Pro,SKU-ELE-001,Electronics & Gadgets,SALE,-1,46,45,2026-05-29 15:35:30,POS Sale INV-2026-1417
txn-9886,prod-28,Electric Stainless Steel Kettle 1.7L,SKU-HOM-001,Home Appliances,SALE,-3,35,32,2026-05-29 15:35:30,POS Sale INV-2026-1417
txn-9887,prod-22,Professional Precision Screwdriver Kit,SKU-HAR-002,Hardware & Tools,SALE,-1,56,55,2026-05-29 15:35:30,POS Sale INV-2026-1417
txn-9888,prod-04,4K Ultra-HD Monitor 27-inch,SKU-ELE-004,Electronics & Gadgets,SALE,-1,13,12,2026-05-29 15:41:50,POS Sale INV-2026-1418
txn-9889,prod-21,20V Cordless Power Drill Set,SKU-HAR-001,Hardware & Tools,SALE,-1,23,22,2026-05-29 15:41:50,POS Sale INV-2026-1418
txn-9890,prod-15,Raw Honey Jar 500g,SKU-GRO-003,Packaged Groceries,SALE,-1,66,65,2026-05-29 15:41:50,POS Sale INV-2026-1418
txn-9891,prod-09,Arabica Whole Bean Coffee 1kg,SKU-BEV-001,Beverages & Drinks,SALE,-1,61,60,2026-05-29 09:14:13,POS Sale INV-2026-1419
txn-9892,prod-17,100% Cotton Polo Shirt (Medium),SKU-APP-001,Apparel & Wearables,SALE,-1,96,95,2026-05-29 09:14:13,POS Sale INV-2026-1419
txn-9893,prod-02,Ergonomic Optical Wireless Mouse,SKU-ELE-002,Electronics & Gadgets,SALE,-2,82,80,2026-05-29 09:59:04,POS Sale INV-2026-1420
txn-9894,prod-26,Gentle Moisturizing Hand Soap 1L,SKU-PER-002,Personal Care,SALE,-1,151,150,2026-05-29 09:59:04,POS Sale INV-2026-1420
txn-9895,prod-25,Antibacterial Hand Sanitizer 500ml,SKU-PER-001,Personal Care,SALE,-3,303,300,2026-05-29 09:59:04,POS Sale INV-2026-1420
txn-9896,prod-02,Ergonomic Optical Wireless Mouse,SKU-ELE-002,Electronics & Gadgets,SALE,-1,81,80,2026-05-29 09:11:59,POS Sale INV-2026-1421
txn-9897,prod-01,Wireless Bluetooth Headset Pro,SKU-ELE-001,Electronics & Gadgets,SALE,-3,48,45,2026-05-29 15:59:04,POS Sale INV-2026-1422
txn-9898,prod-17,100% Cotton Polo Shirt (Medium),SKU-APP-001,Apparel & Wearables,SALE,-1,96,95,2026-05-29 15:59:04,POS Sale INV-2026-1422
txn-9899,prod-30,Compact Digital Microwave Oven 20L,SKU-HOM-003,Home Appliances,SALE,-1,16,15,2026-05-29 15:59:04,POS Sale INV-2026-1422
txn-9900,prod-17,100% Cotton Polo Shirt (Medium),SKU-APP-001,Apparel & Wearables,SALE,-3,98,95,2026-05-29 15:43:57,POS Sale INV-2026-1423
txn-9901,prod-04,4K Ultra-HD Monitor 27-inch,SKU-ELE-004,Electronics & Gadgets,SALE,-2,14,12,2026-05-29 15:43:57,POS Sale INV-2026-1423
txn-9902,prod-03,Mechanical RGB Gaming Keyboard,SKU-ELE-003,Electronics & Gadgets,SALE,-3,33,30,2026-05-29 15:43:57,POS Sale INV-2026-1423
txn-9903,prod-16,Assorted Roasted Almonds 250g,SKU-GRO-004,Packaged Groceries,SALE,-1,86,85,2026-05-29 10:32:47,POS Sale INV-2026-1424
txn-9904,prod-14,Wholegrain Oats 1kg,SKU-GRO-002,Packaged Groceries,SALE,-1,111,110,2026-05-29 10:32:47,POS Sale INV-2026-1424
txn-9905,prod-12,Natural Cold Pressed Citrus Juice 1L,SKU-BEV-004,Beverages & Drinks,SALE,-2,42,40,2026-05-29 10:32:47,POS Sale INV-2026-1424
txn-9906,prod-26,Gentle Moisturizing Hand Soap 1L,SKU-PER-002,Personal Care,SALE,-2,152,150,2026-05-29 10:21:38,POS Sale INV-2026-1425
txn-9907,prod-12,Natural Cold Pressed Citrus Juice 1L,SKU-BEV-004,Beverages & Drinks,SALE,-2,42,40,2026-05-29 10:21:38,POS Sale INV-2026-1425
txn-9908,prod-21,20V Cordless Power Drill Set,SKU-HAR-001,Hardware & Tools,SALE,-1,23,22,2026-05-29 14:01:40,POS Sale INV-2026-1426
txn-9909,prod-07,Heavy-Duty Desktop Stapler,SKU-OFF-003,Office Supplies,SALE,-1,41,40,2026-05-29 14:01:40,POS Sale INV-2026-1426
txn-9910,prod-13,Organic Extra Virgin Olive Oil 750ml,SKU-GRO-001,Packaged Groceries,SALE,-2,52,50,2026-05-29 17:24:27,POS Sale INV-2026-1427
txn-9911,prod-14,Wholegrain Oats 1kg,SKU-GRO-002,Packaged Groceries,SALE,-1,111,110,2026-05-30 18:18:51,POS Sale INV-2026-1428
txn-9912,prod-18,High-Visibility Safety Vest,SKU-APP-002,Apparel & Wearables,SALE,-1,141,140,2026-05-30 18:18:51,POS Sale INV-2026-1428
txn-9913,prod-02,Ergonomic Optical Wireless Mouse,SKU-ELE-002,Electronics & Gadgets,SALE,-1,81,80,2026-05-30 18:18:51,POS Sale INV-2026-1428
txn-9914,prod-05,A4 Premium Copy Paper 500 Sheets,SKU-OFF-001,Office Supplies,SALE,-1,251,250,2026-05-30 15:45:50,POS Sale INV-2026-1429
txn-9915,prod-10,Organic Green Tea (Box of 50 Bags),SKU-BEV-002,Beverages & Drinks,SALE,-1,91,90,2026-05-30 10:05:00,POS Sale INV-2026-1430
txn-9916,prod-13,Organic Extra Virgin Olive Oil 750ml,SKU-GRO-001,Packaged Groceries,SALE,-1,51,50,2026-05-30 10:05:00,POS Sale INV-2026-1430
txn-9917,prod-06,Gel Ink Rollerball Pens (Box of 12),SKU-OFF-002,Office Supplies,SALE,-1,121,120,2026-05-30 10:05:00,POS Sale INV-2026-1430
txn-9918,prod-18,High-Visibility Safety Vest,SKU-APP-002,Apparel & Wearables,SALE,-1,141,140,2026-05-30 10:05:00,POS Sale INV-2026-1430
txn-9919,prod-09,Arabica Whole Bean Coffee 1kg,SKU-BEV-001,Beverages & Drinks,SALE,-1,61,60,2026-05-30 10:05:00,POS Sale INV-2026-1430
txn-9920,prod-04,4K Ultra-HD Monitor 27-inch,SKU-ELE-004,Electronics & Gadgets,SALE,-1,13,12,2026-05-30 10:08:05,POS Sale INV-2026-1431
txn-9921,prod-16,Assorted Roasted Almonds 250g,SKU-GRO-004,Packaged Groceries,SALE,-4,89,85,2026-05-30 15:06:01,POS Sale INV-2026-1432
txn-9922,prod-14,Wholegrain Oats 1kg,SKU-GRO-002,Packaged Groceries,SALE,-1,111,110,2026-05-30 15:06:01,POS Sale INV-2026-1432
txn-9923,prod-09,Arabica Whole Bean Coffee 1kg,SKU-BEV-001,Beverages & Drinks,SALE,-1,61,60,2026-05-30 15:06:01,POS Sale INV-2026-1432
txn-9924,prod-04,4K Ultra-HD Monitor 27-inch,SKU-ELE-004,Electronics & Gadgets,SALE,-1,13,12,2026-05-30 14:55:24,POS Sale INV-2026-1433
txn-9925,prod-10,Organic Green Tea (Box of 50 Bags),SKU-BEV-002,Beverages & Drinks,SALE,-3,93,90,2026-05-30 14:55:24,POS Sale INV-2026-1433
txn-9926,prod-21,20V Cordless Power Drill Set,SKU-HAR-001,Hardware & Tools,SALE,-1,23,22,2026-05-30 17:57:15,POS Sale INV-2026-1434
txn-9927,prod-30,Compact Digital Microwave Oven 20L,SKU-HOM-003,Home Appliances,SALE,-1,16,15,2026-05-30 17:57:15,POS Sale INV-2026-1434
txn-9928,prod-12,Natural Cold Pressed Citrus Juice 1L,SKU-BEV-004,Beverages & Drinks,SALE,-1,41,40,2026-05-30 13:19:17,POS Sale INV-2026-1435
txn-9929,prod-22,Professional Precision Screwdriver Kit,SKU-HAR-002,Hardware & Tools,SALE,-4,59,55,2026-05-30 15:19:30,POS Sale INV-2026-1436
txn-9930,prod-17,100% Cotton Polo Shirt (Medium),SKU-APP-001,Apparel & Wearables,SALE,-3,98,95,2026-05-30 15:19:30,POS Sale INV-2026-1436
txn-9931,prod-09,Arabica Whole Bean Coffee 1kg,SKU-BEV-001,Beverages & Drinks,SALE,-1,61,60,2026-05-30 15:19:30,POS Sale INV-2026-1436
txn-9932,prod-25,Antibacterial Hand Sanitizer 500ml,SKU-PER-001,Personal Care,SALE,-2,302,300,2026-05-30 15:19:30,POS Sale INV-2026-1436
txn-9933,prod-07,Heavy-Duty Desktop Stapler,SKU-OFF-003,Office Supplies,SALE,-1,41,40,2026-05-30 19:31:38,POS Sale INV-2026-1437
txn-9934,prod-20,Breathable Fleece Jacket (Large),SKU-APP-004,Apparel & Wearables,SALE,-1,36,35,2026-05-30 09:25:21,POS Sale INV-2026-1438
txn-9935,prod-04,4K Ultra-HD Monitor 27-inch,SKU-ELE-004,Electronics & Gadgets,SALE,-1,13,12,2026-05-30 09:25:21,POS Sale INV-2026-1438
txn-9936,prod-05,A4 Premium Copy Paper 500 Sheets,SKU-OFF-001,Office Supplies,SALE,-1,251,250,2026-05-30 15:52:52,POS Sale INV-2026-1439
txn-9937,prod-02,Ergonomic Optical Wireless Mouse,SKU-ELE-002,Electronics & Gadgets,SALE,-2,82,80,2026-05-31 18:44:12,POS Sale INV-2026-1440
txn-9938,prod-10,Organic Green Tea (Box of 50 Bags),SKU-BEV-002,Beverages & Drinks,SALE,-2,92,90,2026-05-31 18:44:12,POS Sale INV-2026-1440
txn-9939,prod-27,Microfiber Facial Towels (Pack of 4),SKU-PER-003,Personal Care,SALE,-1,71,70,2026-05-31 18:44:12,POS Sale INV-2026-1440
txn-9940,prod-01,Wireless Bluetooth Headset Pro,SKU-ELE-001,Electronics & Gadgets,SALE,-3,48,45,2026-05-31 13:47:44,POS Sale INV-2026-1441
txn-9941,prod-18,High-Visibility Safety Vest,SKU-APP-002,Apparel & Wearables,SALE,-2,142,140,2026-05-31 13:47:44,POS Sale INV-2026-1441
txn-9942,prod-22,Professional Precision Screwdriver Kit,SKU-HAR-002,Hardware & Tools,SALE,-1,56,55,2026-05-31 13:52:50,POS Sale INV-2026-1442
txn-9943,prod-05,A4 Premium Copy Paper 500 Sheets,SKU-OFF-001,Office Supplies,SALE,-1,251,250,2026-05-31 13:52:50,POS Sale INV-2026-1442
txn-9944,prod-26,Gentle Moisturizing Hand Soap 1L,SKU-PER-002,Personal Care,SALE,-1,151,150,2026-05-31 13:52:50,POS Sale INV-2026-1442
txn-9945,prod-12,Natural Cold Pressed Citrus Juice 1L,SKU-BEV-004,Beverages & Drinks,SALE,-1,41,40,2026-05-31 17:11:43,POS Sale INV-2026-1443
txn-9946,prod-16,Assorted Roasted Almonds 250g,SKU-GRO-004,Packaged Groceries,SALE,-1,86,85,2026-05-31 12:28:51,POS Sale INV-2026-1444
txn-9947,prod-01,Wireless Bluetooth Headset Pro,SKU-ELE-001,Electronics & Gadgets,SALE,-1,46,45,2026-05-31 12:28:51,POS Sale INV-2026-1444
txn-9948,prod-22,Professional Precision Screwdriver Kit,SKU-HAR-002,Hardware & Tools,SALE,-2,57,55,2026-05-31 15:43:31,POS Sale INV-2026-1445
txn-9949,prod-21,20V Cordless Power Drill Set,SKU-HAR-001,Hardware & Tools,SALE,-1,23,22,2026-05-31 11:45:27,POS Sale INV-2026-1446
txn-9950,prod-12,Natural Cold Pressed Citrus Juice 1L,SKU-BEV-004,Beverages & Drinks,SALE,-1,41,40,2026-05-31 11:45:27,POS Sale INV-2026-1446
txn-9951,prod-19,Waterproof Work Gloves (Pair),SKU-APP-003,Apparel & Wearables,SALE,-2,182,180,2026-05-31 11:45:27,POS Sale INV-2026-1446
txn-9952,prod-25,Antibacterial Hand Sanitizer 500ml,SKU-PER-001,Personal Care,SALE,-3,303,300,2026-05-31 16:37:25,POS Sale INV-2026-1447
txn-9953,prod-26,Gentle Moisturizing Hand Soap 1L,SKU-PER-002,Personal Care,SALE,-1,151,150,2026-05-31 16:37:25,POS Sale INV-2026-1447
txn-9954,prod-17,100% Cotton Polo Shirt (Medium),SKU-APP-001,Apparel & Wearables,SALE,-1,96,95,2026-05-31 14:44:57,POS Sale INV-2026-1448
txn-9955,prod-21,20V Cordless Power Drill Set,SKU-HAR-001,Hardware & Tools,SALE,-1,23,22,2026-05-31 12:42:42,POS Sale INV-2026-1449
txn-9956,prod-20,Breathable Fleece Jacket (Large),SKU-APP-004,Apparel & Wearables,SALE,-1,36,35,2026-05-31 12:42:42,POS Sale INV-2026-1449
txn-9957,prod-05,A4 Premium Copy Paper 500 Sheets,SKU-OFF-001,Office Supplies,SALE,-1,251,250,2026-05-31 19:43:41,POS Sale INV-2026-1450
txn-9958,prod-26,Gentle Moisturizing Hand Soap 1L,SKU-PER-002,Personal Care,SALE,-1,151,150,2026-05-31 19:43:41,POS Sale INV-2026-1450
txn-9959,prod-10,Organic Green Tea (Box of 50 Bags),SKU-BEV-002,Beverages & Drinks,SALE,-1,91,90,2026-06-01 15:06:00,POS Sale INV-2026-1451
txn-9960,prod-02,Ergonomic Optical Wireless Mouse,SKU-ELE-002,Electronics & Gadgets,SALE,-1,81,80,2026-06-01 15:06:00,POS Sale INV-2026-1451
txn-9961,prod-17,100% Cotton Polo Shirt (Medium),SKU-APP-001,Apparel & Wearables,SALE,-1,96,95,2026-06-01 17:37:44,POS Sale INV-2026-1452
txn-9962,prod-10,Organic Green Tea (Box of 50 Bags),SKU-BEV-002,Beverages & Drinks,SALE,-6,96,90,2026-06-01 17:37:44,POS Sale INV-2026-1452
txn-9963,prod-20,Breathable Fleece Jacket (Large),SKU-APP-004,Apparel & Wearables,SALE,-1,36,35,2026-06-01 19:37:44,POS Sale INV-2026-1453
txn-9964,prod-05,A4 Premium Copy Paper 500 Sheets,SKU-OFF-001,Office Supplies,SALE,-1,251,250,2026-06-01 19:37:44,POS Sale INV-2026-1453
txn-9965,prod-28,Electric Stainless Steel Kettle 1.7L,SKU-HOM-001,Home Appliances,SALE,-1,33,32,2026-06-01 13:26:58,POS Sale INV-2026-1454
txn-9966,prod-11,Sparkling Mineral Water 500ml (Pack 12),SKU-BEV-003,Beverages & Drinks,SALE,-1,76,75,2026-06-01 13:26:58,POS Sale INV-2026-1454
txn-9967,prod-05,A4 Premium Copy Paper 500 Sheets,SKU-OFF-001,Office Supplies,SALE,-1,251,250,2026-06-01 14:29:50,POS Sale INV-2026-1455
txn-9968,prod-13,Organic Extra Virgin Olive Oil 750ml,SKU-GRO-001,Packaged Groceries,SALE,-1,51,50,2026-06-01 16:46:44,POS Sale INV-2026-1456
txn-9969,prod-09,Arabica Whole Bean Coffee 1kg,SKU-BEV-001,Beverages & Drinks,SALE,-4,64,60,2026-06-01 16:46:44,POS Sale INV-2026-1456
txn-9970,prod-26,Gentle Moisturizing Hand Soap 1L,SKU-PER-002,Personal Care,SALE,-1,151,150,2026-06-01 16:46:44,POS Sale INV-2026-1456
txn-9971,prod-17,100% Cotton Polo Shirt (Medium),SKU-APP-001,Apparel & Wearables,SALE,-4,99,95,2026-06-01 10:01:54,POS Sale INV-2026-1457
txn-9972,prod-25,Antibacterial Hand Sanitizer 500ml,SKU-PER-001,Personal Care,SALE,-1,301,300,2026-06-01 10:01:54,POS Sale INV-2026-1457
txn-9973,prod-29,HEPA Air Purifier Desktop Size,SKU-HOM-002,Home Appliances,SALE,-1,19,18,2026-06-01 10:01:54,POS Sale INV-2026-1457
txn-9974,prod-09,Arabica Whole Bean Coffee 1kg,SKU-BEV-001,Beverages & Drinks,SALE,-1,61,60,2026-06-01 10:01:54,POS Sale INV-2026-1457
txn-9975,prod-05,A4 Premium Copy Paper 500 Sheets,SKU-OFF-001,Office Supplies,SALE,-1,251,250,2026-06-01 12:33:11,POS Sale INV-2026-1458
txn-9976,prod-15,Raw Honey Jar 500g,SKU-GRO-003,Packaged Groceries,SALE,-2,67,65,2026-06-01 12:33:11,POS Sale INV-2026-1458
txn-9977,prod-12,Natural Cold Pressed Citrus Juice 1L,SKU-BEV-004,Beverages & Drinks,SALE,-1,41,40,2026-06-02 16:14:51,POS Sale INV-2026-1459
txn-9978,prod-09,Arabica Whole Bean Coffee 1kg,SKU-BEV-001,Beverages & Drinks,SALE,-1,61,60,2026-06-02 16:14:51,POS Sale INV-2026-1459
txn-9979,prod-07,Heavy-Duty Desktop Stapler,SKU-OFF-003,Office Supplies,SALE,-1,41,40,2026-06-02 16:14:51,POS Sale INV-2026-1459
txn-9980,prod-28,Electric Stainless Steel Kettle 1.7L,SKU-HOM-001,Home Appliances,SALE,-1,33,32,2026-06-02 15:25:01,POS Sale INV-2026-1460
txn-9981,prod-17,100% Cotton Polo Shirt (Medium),SKU-APP-001,Apparel & Wearables,SALE,-1,96,95,2026-06-02 15:00:45,POS Sale INV-2026-1461
txn-9982,prod-18,High-Visibility Safety Vest,SKU-APP-002,Apparel & Wearables,SALE,-1,141,140,2026-06-02 17:11:23,POS Sale INV-2026-1462
txn-9983,prod-14,Wholegrain Oats 1kg,SKU-GRO-002,Packaged Groceries,SALE,-6,116,110,2026-06-02 17:11:23,POS Sale INV-2026-1462
txn-9984,prod-18,High-Visibility Safety Vest,SKU-APP-002,Apparel & Wearables,SALE,-1,141,140,2026-06-02 16:33:40,POS Sale INV-2026-1463
txn-9985,prod-16,Assorted Roasted Almonds 250g,SKU-GRO-004,Packaged Groceries,SALE,-1,86,85,2026-06-02 16:33:40,POS Sale INV-2026-1463
txn-9986,prod-06,Gel Ink Rollerball Pens (Box of 12),SKU-OFF-002,Office Supplies,SALE,-1,121,120,2026-06-02 16:33:40,POS Sale INV-2026-1463
txn-9987,prod-11,Sparkling Mineral Water 500ml (Pack 12),SKU-BEV-003,Beverages & Drinks,SALE,-1,76,75,2026-06-02 16:33:40,POS Sale INV-2026-1463
txn-9988,prod-26,Gentle Moisturizing Hand Soap 1L,SKU-PER-002,Personal Care,SALE,-1,151,150,2026-06-02 10:22:22,POS Sale INV-2026-1464
txn-9989,prod-22,Professional Precision Screwdriver Kit,SKU-HAR-002,Hardware & Tools,SALE,-2,57,55,2026-06-02 10:22:22,POS Sale INV-2026-1464
txn-9990,prod-15,Raw Honey Jar 500g,SKU-GRO-003,Packaged Groceries,SALE,-1,66,65,2026-06-02 10:22:22,POS Sale INV-2026-1464
txn-9991,prod-05,A4 Premium Copy Paper 500 Sheets,SKU-OFF-001,Office Supplies,SALE,-3,253,250,2026-06-02 10:22:22,POS Sale INV-2026-1464
txn-9992,prod-24,Heavy-Duty Steel Measuring Tape 8m,SKU-HAR-004,Hardware & Tools,SALE,-4,94,90,2026-06-02 10:22:22,POS Sale INV-2026-1464
txn-9993,prod-13,Organic Extra Virgin Olive Oil 750ml,SKU-GRO-001,Packaged Groceries,SALE,-6,56,50,2026-06-02 13:58:39,POS Sale INV-2026-1465
txn-9994,prod-11,Sparkling Mineral Water 500ml (Pack 12),SKU-BEV-003,Beverages & Drinks,SALE,-1,76,75,2026-06-03 12:19:07,POS Sale INV-2026-1466
txn-9995,prod-09,Arabica Whole Bean Coffee 1kg,SKU-BEV-001,Beverages & Drinks,SALE,-2,62,60,2026-06-03 12:19:07,POS Sale INV-2026-1466
txn-9996,prod-14,Wholegrain Oats 1kg,SKU-GRO-002,Packaged Groceries,SALE,-1,111,110,2026-06-03 15:38:08,POS Sale INV-2026-1467
txn-9997,prod-26,Gentle Moisturizing Hand Soap 1L,SKU-PER-002,Personal Care,SALE,-1,151,150,2026-06-03 17:44:58,POS Sale INV-2026-1468
txn-9998,prod-28,Electric Stainless Steel Kettle 1.7L,SKU-HOM-001,Home Appliances,SALE,-3,35,32,2026-06-03 17:44:58,POS Sale INV-2026-1468
txn-9999,prod-16,Assorted Roasted Almonds 250g,SKU-GRO-004,Packaged Groceries,SALE,-1,86,85,2026-06-03 13:08:11,POS Sale INV-2026-1469
txn-10000,prod-27,Microfiber Facial Towels (Pack of 4),SKU-PER-003,Personal Care,SALE,-3,73,70,2026-06-03 13:08:11,POS Sale INV-2026-1469
txn-10001,prod-06,Gel Ink Rollerball Pens (Box of 12),SKU-OFF-002,Office Supplies,SALE,-1,121,120,2026-06-03 13:08:11,POS Sale INV-2026-1469
txn-10002,prod-26,Gentle Moisturizing Hand Soap 1L,SKU-PER-002,Personal Care,SALE,-1,151,150,2026-06-03 14:00:31,POS Sale INV-2026-1470
txn-10003,prod-02,Ergonomic Optical Wireless Mouse,SKU-ELE-002,Electronics & Gadgets,SALE,-2,82,80,2026-06-03 14:00:31,POS Sale INV-2026-1470
txn-10004,prod-12,Natural Cold Pressed Citrus Juice 1L,SKU-BEV-004,Beverages & Drinks,SALE,-4,44,40,2026-06-03 14:00:31,POS Sale INV-2026-1470
txn-10005,prod-13,Organic Extra Virgin Olive Oil 750ml,SKU-GRO-001,Packaged Groceries,SALE,-2,52,50,2026-06-03 17:41:31,POS Sale INV-2026-1471
txn-10006,prod-21,20V Cordless Power Drill Set,SKU-HAR-001,Hardware & Tools,SALE,-1,23,22,2026-06-03 16:31:10,POS Sale INV-2026-1472
txn-10007,prod-05,A4 Premium Copy Paper 500 Sheets,SKU-OFF-001,Office Supplies,SALE,-2,252,250,2026-06-03 16:31:10,POS Sale INV-2026-1472
txn-10008,prod-09,Arabica Whole Bean Coffee 1kg,SKU-BEV-001,Beverages & Drinks,SALE,-1,61,60,2026-06-03 16:31:10,POS Sale INV-2026-1472
txn-10009,prod-27,Microfiber Facial Towels (Pack of 4),SKU-PER-003,Personal Care,SALE,-1,71,70,2026-06-03 13:14:34,POS Sale INV-2026-1473
txn-10010,prod-19,Waterproof Work Gloves (Pair),SKU-APP-003,Apparel & Wearables,SALE,-3,183,180,2026-06-03 16:35:32,POS Sale INV-2026-1474
txn-10011,prod-25,Antibacterial Hand Sanitizer 500ml,SKU-PER-001,Personal Care,SALE,-2,302,300,2026-06-03 16:35:32,POS Sale INV-2026-1474
txn-10012,prod-09,Arabica Whole Bean Coffee 1kg,SKU-BEV-001,Beverages & Drinks,SALE,-1,61,60,2026-06-03 16:35:32,POS Sale INV-2026-1474
txn-10013,prod-01,Wireless Bluetooth Headset Pro,SKU-ELE-001,Electronics & Gadgets,SALE,-2,47,45,2026-06-03 16:35:32,POS Sale INV-2026-1474
txn-10014,prod-22,Professional Precision Screwdriver Kit,SKU-HAR-002,Hardware & Tools,SALE,-2,57,55,2026-06-03 16:35:32,POS Sale INV-2026-1474
txn-10015,prod-24,Heavy-Duty Steel Measuring Tape 8m,SKU-HAR-004,Hardware & Tools,SALE,-2,92,90,2026-06-03 14:34:52,POS Sale INV-2026-1475
txn-10016,prod-25,Antibacterial Hand Sanitizer 500ml,SKU-PER-001,Personal Care,SALE,-1,301,300,2026-06-03 14:34:52,POS Sale INV-2026-1475
txn-10017,prod-02,Ergonomic Optical Wireless Mouse,SKU-ELE-002,Electronics & Gadgets,SALE,-1,81,80,2026-06-04 15:06:47,POS Sale INV-2026-1476
txn-10018,prod-11,Sparkling Mineral Water 500ml (Pack 12),SKU-BEV-003,Beverages & Drinks,SALE,-1,76,75,2026-06-04 15:06:47,POS Sale INV-2026-1476
txn-10019,prod-04,4K Ultra-HD Monitor 27-inch,SKU-ELE-004,Electronics & Gadgets,SALE,-2,14,12,2026-06-04 09:28:16,POS Sale INV-2026-1477
txn-10020,prod-02,Ergonomic Optical Wireless Mouse,SKU-ELE-002,Electronics & Gadgets,SALE,-1,81,80,2026-06-04 10:49:51,POS Sale INV-2026-1478
txn-10021,prod-27,Microfiber Facial Towels (Pack of 4),SKU-PER-003,Personal Care,SALE,-1,71,70,2026-06-04 10:49:51,POS Sale INV-2026-1478
txn-10022,prod-14,Wholegrain Oats 1kg,SKU-GRO-002,Packaged Groceries,SALE,-2,112,110,2026-06-04 10:49:51,POS Sale INV-2026-1478
txn-10023,prod-09,Arabica Whole Bean Coffee 1kg,SKU-BEV-001,Beverages & Drinks,SALE,-2,62,60,2026-06-04 10:49:51,POS Sale INV-2026-1478
txn-10024,prod-02,Ergonomic Optical Wireless Mouse,SKU-ELE-002,Electronics & Gadgets,SALE,-1,81,80,2026-06-04 18:40:27,POS Sale INV-2026-1479
txn-10025,prod-07,Heavy-Duty Desktop Stapler,SKU-OFF-003,Office Supplies,SALE,-1,41,40,2026-06-04 09:36:22,POS Sale INV-2026-1480
txn-10026,prod-27,Microfiber Facial Towels (Pack of 4),SKU-PER-003,Personal Care,SALE,-1,71,70,2026-06-04 13:18:36,POS Sale INV-2026-1481
txn-10027,prod-11,Sparkling Mineral Water 500ml (Pack 12),SKU-BEV-003,Beverages & Drinks,SALE,-1,76,75,2026-06-04 13:18:36,POS Sale INV-2026-1481
txn-10028,prod-26,Gentle Moisturizing Hand Soap 1L,SKU-PER-002,Personal Care,SALE,-1,151,150,2026-06-04 13:18:36,POS Sale INV-2026-1481
txn-10029,prod-28,Electric Stainless Steel Kettle 1.7L,SKU-HOM-001,Home Appliances,SALE,-1,33,32,2026-06-04 19:52:06,POS Sale INV-2026-1482
txn-10030,prod-17,100% Cotton Polo Shirt (Medium),SKU-APP-001,Apparel & Wearables,SALE,-2,97,95,2026-06-04 19:52:06,POS Sale INV-2026-1482
txn-10031,prod-26,Gentle Moisturizing Hand Soap 1L,SKU-PER-002,Personal Care,SALE,-1,151,150,2026-06-04 13:55:41,POS Sale INV-2026-1483
txn-10032,prod-02,Ergonomic Optical Wireless Mouse,SKU-ELE-002,Electronics & Gadgets,SALE,-1,81,80,2026-06-05 14:53:15,POS Sale INV-2026-1484
txn-10033,prod-20,Breathable Fleece Jacket (Large),SKU-APP-004,Apparel & Wearables,SALE,-2,37,35,2026-06-05 14:53:15,POS Sale INV-2026-1484
txn-10034,prod-25,Antibacterial Hand Sanitizer 500ml,SKU-PER-001,Personal Care,SALE,-1,301,300,2026-06-05 18:40:17,POS Sale INV-2026-1485
txn-10035,prod-15,Raw Honey Jar 500g,SKU-GRO-003,Packaged Groceries,SALE,-2,67,65,2026-06-05 18:40:17,POS Sale INV-2026-1485
txn-10036,prod-14,Wholegrain Oats 1kg,SKU-GRO-002,Packaged Groceries,SALE,-1,111,110,2026-06-05 18:40:17,POS Sale INV-2026-1485
txn-10037,prod-09,Arabica Whole Bean Coffee 1kg,SKU-BEV-001,Beverages & Drinks,SALE,-2,62,60,2026-06-05 10:25:32,POS Sale INV-2026-1486
txn-10038,prod-05,A4 Premium Copy Paper 500 Sheets,SKU-OFF-001,Office Supplies,SALE,-1,251,250,2026-06-05 10:25:32,POS Sale INV-2026-1486
txn-10039,prod-09,Arabica Whole Bean Coffee 1kg,SKU-BEV-001,Beverages & Drinks,SALE,-1,61,60,2026-06-05 16:20:37,POS Sale INV-2026-1487
txn-10040,prod-01,Wireless Bluetooth Headset Pro,SKU-ELE-001,Electronics & Gadgets,SALE,-1,46,45,2026-06-05 16:20:37,POS Sale INV-2026-1487
txn-10041,prod-14,Wholegrain Oats 1kg,SKU-GRO-002,Packaged Groceries,SALE,-2,112,110,2026-06-05 16:20:37,POS Sale INV-2026-1487
txn-10042,prod-25,Antibacterial Hand Sanitizer 500ml,SKU-PER-001,Personal Care,SALE,-1,301,300,2026-06-05 16:40:42,POS Sale INV-2026-1488
txn-10043,prod-23,Digital Laser Distance Meter 50m,SKU-HAR-003,Hardware & Tools,SALE,-1,29,28,2026-06-05 15:52:13,POS Sale INV-2026-1489
txn-10044,prod-10,Organic Green Tea (Box of 50 Bags),SKU-BEV-002,Beverages & Drinks,SALE,-1,91,90,2026-06-05 18:08:36,POS Sale INV-2026-1490
txn-10045,prod-09,Arabica Whole Bean Coffee 1kg,SKU-BEV-001,Beverages & Drinks,SALE,-1,61,60,2026-06-05 19:50:53,POS Sale INV-2026-1491
txn-10046,prod-25,Antibacterial Hand Sanitizer 500ml,SKU-PER-001,Personal Care,SALE,-3,303,300,2026-06-05 19:50:53,POS Sale INV-2026-1491
txn-10047,prod-26,Gentle Moisturizing Hand Soap 1L,SKU-PER-002,Personal Care,SALE,-1,151,150,2026-06-05 19:50:53,POS Sale INV-2026-1491
txn-10048,prod-03,Mechanical RGB Gaming Keyboard,SKU-ELE-003,Electronics & Gadgets,SALE,-2,32,30,2026-06-05 09:27:12,POS Sale INV-2026-1492
txn-10049,prod-20,Breathable Fleece Jacket (Large),SKU-APP-004,Apparel & Wearables,SALE,-1,36,35,2026-06-05 09:27:12,POS Sale INV-2026-1492
txn-10050,prod-14,Wholegrain Oats 1kg,SKU-GRO-002,Packaged Groceries,SALE,-1,111,110,2026-06-05 09:27:12,POS Sale INV-2026-1492
txn-10051,prod-11,Sparkling Mineral Water 500ml (Pack 12),SKU-BEV-003,Beverages & Drinks,SALE,-2,77,75,2026-06-05 09:27:12,POS Sale INV-2026-1492
txn-10052,prod-18,High-Visibility Safety Vest,SKU-APP-002,Apparel & Wearables,SALE,-2,142,140,2026-06-05 09:27:12,POS Sale INV-2026-1492
txn-10053,prod-24,Heavy-Duty Steel Measuring Tape 8m,SKU-HAR-004,Hardware & Tools,SALE,-2,92,90,2026-06-05 13:05:41,POS Sale INV-2026-1493
txn-10054,prod-27,Microfiber Facial Towels (Pack of 4),SKU-PER-003,Personal Care,SALE,-2,72,70,2026-06-05 13:05:41,POS Sale INV-2026-1493
txn-10055,prod-21,20V Cordless Power Drill Set,SKU-HAR-001,Hardware & Tools,SALE,-1,23,22,2026-06-05 13:05:41,POS Sale INV-2026-1493
txn-10056,prod-09,Arabica Whole Bean Coffee 1kg,SKU-BEV-001,Beverages & Drinks,SALE,-1,61,60,2026-06-05 13:05:41,POS Sale INV-2026-1493
txn-10057,prod-03,Mechanical RGB Gaming Keyboard,SKU-ELE-003,Electronics & Gadgets,SALE,-4,34,30,2026-06-05 13:05:41,POS Sale INV-2026-1493
txn-10058,prod-12,Natural Cold Pressed Citrus Juice 1L,SKU-BEV-004,Beverages & Drinks,SALE,-1,41,40,2026-06-05 19:10:03,POS Sale INV-2026-1494
txn-10059,prod-13,Organic Extra Virgin Olive Oil 750ml,SKU-GRO-001,Packaged Groceries,SALE,-1,51,50,2026-06-05 19:10:03,POS Sale INV-2026-1494
txn-10060,prod-02,Ergonomic Optical Wireless Mouse,SKU-ELE-002,Electronics & Gadgets,SALE,-2,82,80,2026-06-05 10:45:06,POS Sale INV-2026-1495
txn-10061,prod-25,Antibacterial Hand Sanitizer 500ml,SKU-PER-001,Personal Care,SALE,-2,302,300,2026-06-05 12:33:43,POS Sale INV-2026-1496
txn-10062,prod-06,Gel Ink Rollerball Pens (Box of 12),SKU-OFF-002,Office Supplies,SALE,-1,121,120,2026-06-05 12:33:43,POS Sale INV-2026-1496
txn-10063,prod-06,Gel Ink Rollerball Pens (Box of 12),SKU-OFF-002,Office Supplies,SALE,-1,121,120,2026-06-05 15:44:08,POS Sale INV-2026-1497
txn-10064,prod-20,Breathable Fleece Jacket (Large),SKU-APP-004,Apparel & Wearables,SALE,-2,37,35,2026-06-05 15:44:08,POS Sale INV-2026-1497
txn-10065,prod-17,100% Cotton Polo Shirt (Medium),SKU-APP-001,Apparel & Wearables,SALE,-2,97,95,2026-06-05 15:44:08,POS Sale INV-2026-1497
txn-10066,prod-09,Arabica Whole Bean Coffee 1kg,SKU-BEV-001,Beverages & Drinks,SALE,-1,61,60,2026-06-05 15:44:08,POS Sale INV-2026-1497
txn-10067,prod-11,Sparkling Mineral Water 500ml (Pack 12),SKU-BEV-003,Beverages & Drinks,SALE,-1,76,75,2026-06-05 10:06:20,POS Sale INV-2026-1498
txn-10068,prod-22,Professional Precision Screwdriver Kit,SKU-HAR-002,Hardware & Tools,SALE,-3,58,55,2026-06-05 10:06:20,POS Sale INV-2026-1498
txn-10069,prod-10,Organic Green Tea (Box of 50 Bags),SKU-BEV-002,Beverages & Drinks,SALE,-1,91,90,2026-06-05 11:41:43,POS Sale INV-2026-1499
txn-10070,prod-14,Wholegrain Oats 1kg,SKU-GRO-002,Packaged Groceries,SALE,-1,111,110,2026-06-05 19:10:28,POS Sale INV-2026-1500
txn-10071,prod-01,Wireless Bluetooth Headset Pro,SKU-ELE-001,Electronics & Gadgets,SALE,-1,46,45,2026-06-05 18:43:28,POS Sale INV-2026-1501
txn-10072,prod-11,Sparkling Mineral Water 500ml (Pack 12),SKU-BEV-003,Beverages & Drinks,SALE,-1,76,75,2026-06-05 18:43:28,POS Sale INV-2026-1501
txn-10073,prod-10,Organic Green Tea (Box of 50 Bags),SKU-BEV-002,Beverages & Drinks,SALE,-1,91,90,2026-06-05 18:43:28,POS Sale INV-2026-1501
txn-10074,prod-11,Sparkling Mineral Water 500ml (Pack 12),SKU-BEV-003,Beverages & Drinks,SALE,-1,76,75,2026-06-05 10:37:46,POS Sale INV-2026-1502
txn-10075,prod-15,Raw Honey Jar 500g,SKU-GRO-003,Packaged Groceries,SALE,-1,66,65,2026-06-05 10:37:46,POS Sale INV-2026-1502
txn-10076,prod-28,Electric Stainless Steel Kettle 1.7L,SKU-HOM-001,Home Appliances,SALE,-2,34,32,2026-06-06 12:17:41,POS Sale INV-2026-1503
txn-10077,prod-14,Wholegrain Oats 1kg,SKU-GRO-002,Packaged Groceries,SALE,-1,111,110,2026-06-06 12:17:41,POS Sale INV-2026-1503
txn-10078,prod-24,Heavy-Duty Steel Measuring Tape 8m,SKU-HAR-004,Hardware & Tools,SALE,-1,91,90,2026-06-06 18:18:49,POS Sale INV-2026-1504
txn-10079,prod-14,Wholegrain Oats 1kg,SKU-GRO-002,Packaged Groceries,SALE,-1,111,110,2026-06-06 18:18:49,POS Sale INV-2026-1504
txn-10080,prod-28,Electric Stainless Steel Kettle 1.7L,SKU-HOM-001,Home Appliances,SALE,-2,34,32,2026-06-06 18:18:49,POS Sale INV-2026-1504
txn-10081,prod-05,A4 Premium Copy Paper 500 Sheets,SKU-OFF-001,Office Supplies,SALE,-1,251,250,2026-06-06 18:32:12,POS Sale INV-2026-1505
txn-10082,prod-08,Adjustable Mesh Executive Chair,SKU-OFF-004,Office Supplies,SALE,-2,10,8,2026-06-06 18:32:12,POS Sale INV-2026-1505
txn-10083,prod-01,Wireless Bluetooth Headset Pro,SKU-ELE-001,Electronics & Gadgets,SALE,-1,46,45,2026-06-06 18:32:12,POS Sale INV-2026-1505
txn-10084,prod-11,Sparkling Mineral Water 500ml (Pack 12),SKU-BEV-003,Beverages & Drinks,SALE,-1,76,75,2026-06-06 12:31:24,POS Sale INV-2026-1506
txn-10085,prod-19,Waterproof Work Gloves (Pair),SKU-APP-003,Apparel & Wearables,SALE,-6,186,180,2026-06-06 09:23:59,POS Sale INV-2026-1507
txn-10086,prod-01,Wireless Bluetooth Headset Pro,SKU-ELE-001,Electronics & Gadgets,SALE,-2,47,45,2026-06-06 17:43:11,POS Sale INV-2026-1508
txn-10087,prod-26,Gentle Moisturizing Hand Soap 1L,SKU-PER-002,Personal Care,SALE,-1,151,150,2026-06-06 17:43:11,POS Sale INV-2026-1508
txn-10088,prod-24,Heavy-Duty Steel Measuring Tape 8m,SKU-HAR-004,Hardware & Tools,SALE,-1,91,90,2026-06-06 17:43:11,POS Sale INV-2026-1508
txn-10089,prod-02,Ergonomic Optical Wireless Mouse,SKU-ELE-002,Electronics & Gadgets,SALE,-1,81,80,2026-06-06 10:00:16,POS Sale INV-2026-1509
txn-10090,prod-13,Organic Extra Virgin Olive Oil 750ml,SKU-GRO-001,Packaged Groceries,SALE,-2,52,50,2026-06-06 15:32:18,POS Sale INV-2026-1510
txn-10091,prod-27,Microfiber Facial Towels (Pack of 4),SKU-PER-003,Personal Care,SALE,-4,74,70,2026-06-07 15:05:40,POS Sale INV-2026-1511
txn-10092,prod-24,Heavy-Duty Steel Measuring Tape 8m,SKU-HAR-004,Hardware & Tools,SALE,-1,91,90,2026-06-07 15:05:40,POS Sale INV-2026-1511
txn-10093,prod-29,HEPA Air Purifier Desktop Size,SKU-HOM-002,Home Appliances,SALE,-1,19,18,2026-06-07 15:05:40,POS Sale INV-2026-1511
txn-10094,prod-15,Raw Honey Jar 500g,SKU-GRO-003,Packaged Groceries,SALE,-1,66,65,2026-06-07 15:05:40,POS Sale INV-2026-1511
txn-10095,prod-05,A4 Premium Copy Paper 500 Sheets,SKU-OFF-001,Office Supplies,SALE,-2,252,250,2026-06-07 13:05:32,POS Sale INV-2026-1512
txn-10096,prod-16,Assorted Roasted Almonds 250g,SKU-GRO-004,Packaged Groceries,SALE,-2,87,85,2026-06-07 18:40:48,POS Sale INV-2026-1513
txn-10097,prod-05,A4 Premium Copy Paper 500 Sheets,SKU-OFF-001,Office Supplies,SALE,-1,251,250,2026-06-07 18:40:48,POS Sale INV-2026-1513
txn-10098,prod-25,Antibacterial Hand Sanitizer 500ml,SKU-PER-001,Personal Care,SALE,-2,302,300,2026-06-07 18:40:48,POS Sale INV-2026-1513
txn-10099,prod-10,Organic Green Tea (Box of 50 Bags),SKU-BEV-002,Beverages & Drinks,SALE,-3,93,90,2026-06-07 15:46:54,POS Sale INV-2026-1514
txn-10100,prod-13,Organic Extra Virgin Olive Oil 750ml,SKU-GRO-001,Packaged Groceries,SALE,-3,53,50,2026-06-07 10:29:39,POS Sale INV-2026-1515
txn-10101,prod-02,Ergonomic Optical Wireless Mouse,SKU-ELE-002,Electronics & Gadgets,SALE,-2,82,80,2026-06-07 11:44:00,POS Sale INV-2026-1516
txn-10102,prod-05,A4 Premium Copy Paper 500 Sheets,SKU-OFF-001,Office Supplies,SALE,-1,251,250,2026-06-07 11:44:00,POS Sale INV-2026-1516
txn-10103,prod-01,Wireless Bluetooth Headset Pro,SKU-ELE-001,Electronics & Gadgets,SALE,-1,46,45,2026-06-07 11:44:00,POS Sale INV-2026-1516
txn-10104,prod-15,Raw Honey Jar 500g,SKU-GRO-003,Packaged Groceries,SALE,-1,66,65,2026-06-07 13:10:23,POS Sale INV-2026-1517
txn-10105,prod-07,Heavy-Duty Desktop Stapler,SKU-OFF-003,Office Supplies,SALE,-1,41,40,2026-06-07 13:10:23,POS Sale INV-2026-1517
txn-10106,prod-14,Wholegrain Oats 1kg,SKU-GRO-002,Packaged Groceries,SALE,-2,112,110,2026-06-07 13:10:23,POS Sale INV-2026-1517
txn-10107,prod-20,Breathable Fleece Jacket (Large),SKU-APP-004,Apparel & Wearables,SALE,-1,36,35,2026-06-07 13:10:23,POS Sale INV-2026-1517
txn-10108,prod-12,Natural Cold Pressed Citrus Juice 1L,SKU-BEV-004,Beverages & Drinks,SALE,-1,41,40,2026-06-07 10:49:57,POS Sale INV-2026-1518
txn-10109,prod-01,Wireless Bluetooth Headset Pro,SKU-ELE-001,Electronics & Gadgets,SALE,-1,46,45,2026-06-07 10:49:57,POS Sale INV-2026-1518
txn-10110,prod-02,Ergonomic Optical Wireless Mouse,SKU-ELE-002,Electronics & Gadgets,SALE,-3,83,80,2026-06-08 10:16:45,POS Sale INV-2026-1519
txn-10111,prod-25,Antibacterial Hand Sanitizer 500ml,SKU-PER-001,Personal Care,SALE,-6,306,300,2026-06-08 17:23:03,POS Sale INV-2026-1520
txn-10112,prod-07,Heavy-Duty Desktop Stapler,SKU-OFF-003,Office Supplies,SALE,-2,42,40,2026-06-08 17:23:03,POS Sale INV-2026-1520
txn-10113,prod-27,Microfiber Facial Towels (Pack of 4),SKU-PER-003,Personal Care,SALE,-6,76,70,2026-06-08 17:23:03,POS Sale INV-2026-1520
txn-10114,prod-06,Gel Ink Rollerball Pens (Box of 12),SKU-OFF-002,Office Supplies,SALE,-1,121,120,2026-06-08 17:23:03,POS Sale INV-2026-1520
txn-10115,prod-26,Gentle Moisturizing Hand Soap 1L,SKU-PER-002,Personal Care,SALE,-1,151,150,2026-06-08 17:23:03,POS Sale INV-2026-1520
txn-10116,prod-17,100% Cotton Polo Shirt (Medium),SKU-APP-001,Apparel & Wearables,SALE,-2,97,95,2026-06-08 13:49:06,POS Sale INV-2026-1521
txn-10117,prod-02,Ergonomic Optical Wireless Mouse,SKU-ELE-002,Electronics & Gadgets,SALE,-6,86,80,2026-06-08 13:49:06,POS Sale INV-2026-1521
txn-10118,prod-25,Antibacterial Hand Sanitizer 500ml,SKU-PER-001,Personal Care,SALE,-3,303,300,2026-06-08 17:00:02,POS Sale INV-2026-1522
txn-10119,prod-27,Microfiber Facial Towels (Pack of 4),SKU-PER-003,Personal Care,SALE,-1,71,70,2026-06-08 14:24:58,POS Sale INV-2026-1523
txn-10120,prod-14,Wholegrain Oats 1kg,SKU-GRO-002,Packaged Groceries,SALE,-1,111,110,2026-06-08 14:24:58,POS Sale INV-2026-1523
txn-10121,prod-28,Electric Stainless Steel Kettle 1.7L,SKU-HOM-001,Home Appliances,SALE,-2,34,32,2026-06-08 14:24:58,POS Sale INV-2026-1523
txn-10122,prod-24,Heavy-Duty Steel Measuring Tape 8m,SKU-HAR-004,Hardware & Tools,SALE,-1,91,90,2026-06-08 14:24:58,POS Sale INV-2026-1523
txn-10123,prod-19,Waterproof Work Gloves (Pair),SKU-APP-003,Apparel & Wearables,SALE,-1,181,180,2026-06-08 19:26:14,POS Sale INV-2026-1524
txn-10124,prod-05,A4 Premium Copy Paper 500 Sheets,SKU-OFF-001,Office Supplies,SALE,-2,252,250,2026-06-08 19:26:14,POS Sale INV-2026-1524
txn-10125,prod-01,Wireless Bluetooth Headset Pro,SKU-ELE-001,Electronics & Gadgets,SALE,-4,49,45,2026-06-08 10:36:23,POS Sale INV-2026-1525
txn-10126,prod-11,Sparkling Mineral Water 500ml (Pack 12),SKU-BEV-003,Beverages & Drinks,SALE,-1,76,75,2026-06-08 10:36:23,POS Sale INV-2026-1525
txn-10127,prod-06,Gel Ink Rollerball Pens (Box of 12),SKU-OFF-002,Office Supplies,SALE,-3,123,120,2026-06-08 17:02:25,POS Sale INV-2026-1526
txn-10128,prod-09,Arabica Whole Bean Coffee 1kg,SKU-BEV-001,Beverages & Drinks,SALE,-2,62,60,2026-06-08 17:02:25,POS Sale INV-2026-1526
txn-10129,prod-13,Organic Extra Virgin Olive Oil 750ml,SKU-GRO-001,Packaged Groceries,SALE,-2,52,50,2026-06-09 13:20:05,POS Sale INV-2026-1527
txn-10130,prod-09,Arabica Whole Bean Coffee 1kg,SKU-BEV-001,Beverages & Drinks,SALE,-1,61,60,2026-06-09 18:50:19,POS Sale INV-2026-1528
txn-10131,prod-30,Compact Digital Microwave Oven 20L,SKU-HOM-003,Home Appliances,SALE,-1,16,15,2026-06-09 16:49:49,POS Sale INV-2026-1529
txn-10132,prod-01,Wireless Bluetooth Headset Pro,SKU-ELE-001,Electronics & Gadgets,SALE,-2,47,45,2026-06-09 16:49:49,POS Sale INV-2026-1529
txn-10133,prod-24,Heavy-Duty Steel Measuring Tape 8m,SKU-HAR-004,Hardware & Tools,SALE,-3,93,90,2026-06-09 16:49:49,POS Sale INV-2026-1529
txn-10134,prod-11,Sparkling Mineral Water 500ml (Pack 12),SKU-BEV-003,Beverages & Drinks,SALE,-4,79,75,2026-06-09 16:49:49,POS Sale INV-2026-1529
txn-10135,prod-10,Organic Green Tea (Box of 50 Bags),SKU-BEV-002,Beverages & Drinks,SALE,-1,91,90,2026-06-09 12:09:00,POS Sale INV-2026-1530
txn-10136,prod-25,Antibacterial Hand Sanitizer 500ml,SKU-PER-001,Personal Care,SALE,-1,301,300,2026-06-09 12:09:00,POS Sale INV-2026-1530
txn-10137,prod-19,Waterproof Work Gloves (Pair),SKU-APP-003,Apparel & Wearables,SALE,-1,181,180,2026-06-09 19:53:44,POS Sale INV-2026-1531
txn-10138,prod-26,Gentle Moisturizing Hand Soap 1L,SKU-PER-002,Personal Care,SALE,-1,151,150,2026-06-09 15:54:47,POS Sale INV-2026-1532
txn-10139,prod-06,Gel Ink Rollerball Pens (Box of 12),SKU-OFF-002,Office Supplies,SALE,-1,121,120,2026-06-09 12:26:31,POS Sale INV-2026-1533
txn-10140,prod-01,Wireless Bluetooth Headset Pro,SKU-ELE-001,Electronics & Gadgets,SALE,-1,46,45,2026-06-09 12:26:31,POS Sale INV-2026-1533
txn-10141,prod-09,Arabica Whole Bean Coffee 1kg,SKU-BEV-001,Beverages & Drinks,SALE,-1,61,60,2026-06-10 12:57:54,POS Sale INV-2026-1534
txn-10142,prod-27,Microfiber Facial Towels (Pack of 4),SKU-PER-003,Personal Care,SALE,-1,71,70,2026-06-10 12:57:54,POS Sale INV-2026-1534
txn-10143,prod-17,100% Cotton Polo Shirt (Medium),SKU-APP-001,Apparel & Wearables,SALE,-1,96,95,2026-06-10 12:57:54,POS Sale INV-2026-1534
txn-10144,prod-09,Arabica Whole Bean Coffee 1kg,SKU-BEV-001,Beverages & Drinks,SALE,-4,64,60,2026-06-10 10:37:06,POS Sale INV-2026-1535
txn-10145,prod-10,Organic Green Tea (Box of 50 Bags),SKU-BEV-002,Beverages & Drinks,SALE,-3,93,90,2026-06-10 10:37:06,POS Sale INV-2026-1535
txn-10146,prod-26,Gentle Moisturizing Hand Soap 1L,SKU-PER-002,Personal Care,SALE,-1,151,150,2026-06-10 10:37:06,POS Sale INV-2026-1535
txn-10147,prod-13,Organic Extra Virgin Olive Oil 750ml,SKU-GRO-001,Packaged Groceries,SALE,-1,51,50,2026-06-10 18:03:27,POS Sale INV-2026-1536
txn-10148,prod-14,Wholegrain Oats 1kg,SKU-GRO-002,Packaged Groceries,SALE,-1,111,110,2026-06-10 18:03:27,POS Sale INV-2026-1536
txn-10149,prod-06,Gel Ink Rollerball Pens (Box of 12),SKU-OFF-002,Office Supplies,SALE,-1,121,120,2026-06-10 18:03:27,POS Sale INV-2026-1536
txn-10150,prod-06,Gel Ink Rollerball Pens (Box of 12),SKU-OFF-002,Office Supplies,SALE,-1,121,120,2026-06-10 14:59:51,POS Sale INV-2026-1537
txn-10151,prod-02,Ergonomic Optical Wireless Mouse,SKU-ELE-002,Electronics & Gadgets,SALE,-1,81,80,2026-06-10 14:59:51,POS Sale INV-2026-1537
txn-10152,prod-27,Microfiber Facial Towels (Pack of 4),SKU-PER-003,Personal Care,SALE,-2,72,70,2026-06-10 14:59:51,POS Sale INV-2026-1537
txn-10153,prod-10,Organic Green Tea (Box of 50 Bags),SKU-BEV-002,Beverages & Drinks,SALE,-2,92,90,2026-06-10 13:14:04,POS Sale INV-2026-1538
txn-10154,prod-21,20V Cordless Power Drill Set,SKU-HAR-001,Hardware & Tools,SALE,-1,23,22,2026-06-10 13:14:04,POS Sale INV-2026-1538
txn-10155,prod-24,Heavy-Duty Steel Measuring Tape 8m,SKU-HAR-004,Hardware & Tools,SALE,-3,93,90,2026-06-10 13:14:04,POS Sale INV-2026-1538
txn-10156,prod-09,Arabica Whole Bean Coffee 1kg,SKU-BEV-001,Beverages & Drinks,SALE,-1,61,60,2026-06-10 10:10:28,POS Sale INV-2026-1539
txn-10157,prod-12,Natural Cold Pressed Citrus Juice 1L,SKU-BEV-004,Beverages & Drinks,SALE,-1,41,40,2026-06-10 10:10:28,POS Sale INV-2026-1539
txn-10158,prod-28,Electric Stainless Steel Kettle 1.7L,SKU-HOM-001,Home Appliances,SALE,-1,33,32,2026-06-11 12:28:19,POS Sale INV-2026-1540
txn-10159,prod-09,Arabica Whole Bean Coffee 1kg,SKU-BEV-001,Beverages & Drinks,SALE,-1,61,60,2026-06-11 19:19:52,POS Sale INV-2026-1541
txn-10160,prod-22,Professional Precision Screwdriver Kit,SKU-HAR-002,Hardware & Tools,SALE,-4,59,55,2026-06-11 14:09:05,POS Sale INV-2026-1542
txn-10161,prod-19,Waterproof Work Gloves (Pair),SKU-APP-003,Apparel & Wearables,SALE,-2,182,180,2026-06-11 19:19:16,POS Sale INV-2026-1543
txn-10162,prod-12,Natural Cold Pressed Citrus Juice 1L,SKU-BEV-004,Beverages & Drinks,SALE,-2,42,40,2026-06-11 16:35:47,POS Sale INV-2026-1544
txn-10163,prod-09,Arabica Whole Bean Coffee 1kg,SKU-BEV-001,Beverages & Drinks,SALE,-1,61,60,2026-06-11 16:35:47,POS Sale INV-2026-1544
txn-10164,prod-23,Digital Laser Distance Meter 50m,SKU-HAR-003,Hardware & Tools,SALE,-1,29,28,2026-06-11 16:35:47,POS Sale INV-2026-1544
txn-10165,prod-25,Antibacterial Hand Sanitizer 500ml,SKU-PER-001,Personal Care,SALE,-1,301,300,2026-06-11 11:07:00,POS Sale INV-2026-1545
txn-10166,prod-29,HEPA Air Purifier Desktop Size,SKU-HOM-002,Home Appliances,SALE,-2,20,18,2026-06-11 11:07:00,POS Sale INV-2026-1545
txn-10167,prod-24,Heavy-Duty Steel Measuring Tape 8m,SKU-HAR-004,Hardware & Tools,SALE,-1,91,90,2026-06-11 11:07:00,POS Sale INV-2026-1545
txn-10168,prod-11,Sparkling Mineral Water 500ml (Pack 12),SKU-BEV-003,Beverages & Drinks,SALE,-1,76,75,2026-06-11 11:07:00,POS Sale INV-2026-1545
txn-10169,prod-05,A4 Premium Copy Paper 500 Sheets,SKU-OFF-001,Office Supplies,SALE,-4,254,250,2026-06-11 15:23:43,POS Sale INV-2026-1546
txn-10170,prod-24,Heavy-Duty Steel Measuring Tape 8m,SKU-HAR-004,Hardware & Tools,SALE,-1,91,90,2026-06-11 15:23:43,POS Sale INV-2026-1546
txn-10171,prod-17,100% Cotton Polo Shirt (Medium),SKU-APP-001,Apparel & Wearables,SALE,-1,96,95,2026-06-11 15:23:43,POS Sale INV-2026-1546
txn-10172,prod-09,Arabica Whole Bean Coffee 1kg,SKU-BEV-001,Beverages & Drinks,SALE,-2,62,60,2026-06-11 13:58:52,POS Sale INV-2026-1547
txn-10173,prod-22,Professional Precision Screwdriver Kit,SKU-HAR-002,Hardware & Tools,SALE,-1,56,55,2026-06-11 13:58:52,POS Sale INV-2026-1547
txn-10174,prod-14,Wholegrain Oats 1kg,SKU-GRO-002,Packaged Groceries,SALE,-4,114,110,2026-06-11 16:51:08,POS Sale INV-2026-1548
txn-10175,prod-10,Organic Green Tea (Box of 50 Bags),SKU-BEV-002,Beverages & Drinks,SALE,-3,93,90,2026-06-11 16:51:08,POS Sale INV-2026-1548
txn-10176,prod-22,Professional Precision Screwdriver Kit,SKU-HAR-002,Hardware & Tools,SALE,-4,59,55,2026-06-12 16:03:10,POS Sale INV-2026-1549
txn-10177,prod-13,Organic Extra Virgin Olive Oil 750ml,SKU-GRO-001,Packaged Groceries,SALE,-2,52,50,2026-06-12 16:03:10,POS Sale INV-2026-1549
txn-10178,prod-25,Antibacterial Hand Sanitizer 500ml,SKU-PER-001,Personal Care,SALE,-1,301,300,2026-06-12 15:43:27,POS Sale INV-2026-1550
txn-10179,prod-09,Arabica Whole Bean Coffee 1kg,SKU-BEV-001,Beverages & Drinks,SALE,-1,61,60,2026-06-12 15:43:27,POS Sale INV-2026-1550
txn-10180,prod-05,A4 Premium Copy Paper 500 Sheets,SKU-OFF-001,Office Supplies,SALE,-6,256,250,2026-06-12 15:43:27,POS Sale INV-2026-1550
txn-10181,prod-21,20V Cordless Power Drill Set,SKU-HAR-001,Hardware & Tools,SALE,-4,26,22,2026-06-12 16:56:09,POS Sale INV-2026-1551
txn-10182,prod-22,Professional Precision Screwdriver Kit,SKU-HAR-002,Hardware & Tools,SALE,-1,56,55,2026-06-12 16:56:09,POS Sale INV-2026-1551
txn-10183,prod-16,Assorted Roasted Almonds 250g,SKU-GRO-004,Packaged Groceries,SALE,-1,86,85,2026-06-12 16:56:09,POS Sale INV-2026-1551
txn-10184,prod-24,Heavy-Duty Steel Measuring Tape 8m,SKU-HAR-004,Hardware & Tools,SALE,-2,92,90,2026-06-12 13:31:26,POS Sale INV-2026-1552
txn-10185,prod-01,Wireless Bluetooth Headset Pro,SKU-ELE-001,Electronics & Gadgets,SALE,-1,46,45,2026-06-13 15:08:26,POS Sale INV-2026-1553
txn-10186,prod-21,20V Cordless Power Drill Set,SKU-HAR-001,Hardware & Tools,SALE,-1,23,22,2026-06-13 15:08:26,POS Sale INV-2026-1553
txn-10187,prod-28,Electric Stainless Steel Kettle 1.7L,SKU-HOM-001,Home Appliances,SALE,-2,34,32,2026-06-13 15:08:26,POS Sale INV-2026-1553
txn-10188,prod-15,Raw Honey Jar 500g,SKU-GRO-003,Packaged Groceries,SALE,-1,66,65,2026-06-13 17:50:01,POS Sale INV-2026-1554
txn-10189,prod-28,Electric Stainless Steel Kettle 1.7L,SKU-HOM-001,Home Appliances,SALE,-2,34,32,2026-06-13 17:50:01,POS Sale INV-2026-1554
txn-10190,prod-02,Ergonomic Optical Wireless Mouse,SKU-ELE-002,Electronics & Gadgets,SALE,-3,83,80,2026-06-13 17:50:01,POS Sale INV-2026-1554
txn-10191,prod-25,Antibacterial Hand Sanitizer 500ml,SKU-PER-001,Personal Care,SALE,-1,301,300,2026-06-13 16:22:58,POS Sale INV-2026-1555
txn-10192,prod-05,A4 Premium Copy Paper 500 Sheets,SKU-OFF-001,Office Supplies,SALE,-3,253,250,2026-06-13 09:20:38,POS Sale INV-2026-1556
txn-10193,prod-09,Arabica Whole Bean Coffee 1kg,SKU-BEV-001,Beverages & Drinks,SALE,-1,61,60,2026-06-13 16:33:22,POS Sale INV-2026-1557
txn-10194,prod-19,Waterproof Work Gloves (Pair),SKU-APP-003,Apparel & Wearables,SALE,-2,182,180,2026-06-13 19:15:17,POS Sale INV-2026-1558
txn-10195,prod-25,Antibacterial Hand Sanitizer 500ml,SKU-PER-001,Personal Care,SALE,-1,301,300,2026-06-13 19:15:17,POS Sale INV-2026-1558
txn-10196,prod-07,Heavy-Duty Desktop Stapler,SKU-OFF-003,Office Supplies,SALE,-3,43,40,2026-06-13 19:15:17,POS Sale INV-2026-1558
txn-10197,prod-01,Wireless Bluetooth Headset Pro,SKU-ELE-001,Electronics & Gadgets,SALE,-1,46,45,2026-06-13 12:36:54,POS Sale INV-2026-1559
txn-10198,prod-19,Waterproof Work Gloves (Pair),SKU-APP-003,Apparel & Wearables,SALE,-1,181,180,2026-06-13 12:36:54,POS Sale INV-2026-1559
txn-10199,prod-02,Ergonomic Optical Wireless Mouse,SKU-ELE-002,Electronics & Gadgets,SALE,-1,81,80,2026-06-13 12:36:54,POS Sale INV-2026-1559
txn-10200,prod-15,Raw Honey Jar 500g,SKU-GRO-003,Packaged Groceries,SALE,-2,67,65,2026-06-13 12:36:54,POS Sale INV-2026-1559
txn-10201,prod-22,Professional Precision Screwdriver Kit,SKU-HAR-002,Hardware & Tools,SALE,-1,56,55,2026-06-13 11:11:15,POS Sale INV-2026-1560
txn-10202,prod-24,Heavy-Duty Steel Measuring Tape 8m,SKU-HAR-004,Hardware & Tools,SALE,-1,91,90,2026-06-13 09:45:44,POS Sale INV-2026-1561
txn-10203,prod-20,Breathable Fleece Jacket (Large),SKU-APP-004,Apparel & Wearables,SALE,-1,36,35,2026-06-13 12:53:51,POS Sale INV-2026-1562
txn-10204,prod-10,Organic Green Tea (Box of 50 Bags),SKU-BEV-002,Beverages & Drinks,SALE,-1,91,90,2026-06-13 12:53:51,POS Sale INV-2026-1562
txn-10205,prod-19,Waterproof Work Gloves (Pair),SKU-APP-003,Apparel & Wearables,SALE,-2,182,180,2026-06-13 16:02:05,POS Sale INV-2026-1563
txn-10206,prod-18,High-Visibility Safety Vest,SKU-APP-002,Apparel & Wearables,SALE,-1,141,140,2026-06-13 16:02:05,POS Sale INV-2026-1563
txn-10207,prod-06,Gel Ink Rollerball Pens (Box of 12),SKU-OFF-002,Office Supplies,SALE,-1,121,120,2026-06-13 16:02:05,POS Sale INV-2026-1563
txn-10208,prod-12,Natural Cold Pressed Citrus Juice 1L,SKU-BEV-004,Beverages & Drinks,SALE,-1,41,40,2026-06-13 16:02:05,POS Sale INV-2026-1563
txn-10209,prod-28,Electric Stainless Steel Kettle 1.7L,SKU-HOM-001,Home Appliances,SALE,-1,33,32,2026-06-14 16:00:21,POS Sale INV-2026-1564
txn-10210,prod-02,Ergonomic Optical Wireless Mouse,SKU-ELE-002,Electronics & Gadgets,SALE,-1,81,80,2026-06-14 16:00:21,POS Sale INV-2026-1564
txn-10211,prod-04,4K Ultra-HD Monitor 27-inch,SKU-ELE-004,Electronics & Gadgets,SALE,-1,13,12,2026-06-14 11:58:51,POS Sale INV-2026-1565
txn-10212,prod-11,Sparkling Mineral Water 500ml (Pack 12),SKU-BEV-003,Beverages & Drinks,SALE,-1,76,75,2026-06-14 11:58:51,POS Sale INV-2026-1565
txn-10213,prod-22,Professional Precision Screwdriver Kit,SKU-HAR-002,Hardware & Tools,SALE,-1,56,55,2026-06-14 11:58:51,POS Sale INV-2026-1565
txn-10214,prod-21,20V Cordless Power Drill Set,SKU-HAR-001,Hardware & Tools,SALE,-1,23,22,2026-06-14 11:58:51,POS Sale INV-2026-1565
txn-10215,prod-12,Natural Cold Pressed Citrus Juice 1L,SKU-BEV-004,Beverages & Drinks,SALE,-1,41,40,2026-06-14 11:58:51,POS Sale INV-2026-1565
txn-10216,prod-09,Arabica Whole Bean Coffee 1kg,SKU-BEV-001,Beverages & Drinks,SALE,-2,62,60,2026-06-14 18:45:58,POS Sale INV-2026-1566
txn-10217,prod-17,100% Cotton Polo Shirt (Medium),SKU-APP-001,Apparel & Wearables,SALE,-1,96,95,2026-06-14 10:23:45,POS Sale INV-2026-1567
txn-10218,prod-02,Ergonomic Optical Wireless Mouse,SKU-ELE-002,Electronics & Gadgets,SALE,-2,82,80,2026-06-14 10:23:45,POS Sale INV-2026-1567
txn-10219,prod-27,Microfiber Facial Towels (Pack of 4),SKU-PER-003,Personal Care,SALE,-2,72,70,2026-06-14 10:23:45,POS Sale INV-2026-1567
txn-10220,prod-09,Arabica Whole Bean Coffee 1kg,SKU-BEV-001,Beverages & Drinks,SALE,-1,61,60,2026-06-14 10:23:45,POS Sale INV-2026-1567
txn-10221,prod-04,4K Ultra-HD Monitor 27-inch,SKU-ELE-004,Electronics & Gadgets,SALE,-1,13,12,2026-06-14 10:23:45,POS Sale INV-2026-1567
txn-10222,prod-07,Heavy-Duty Desktop Stapler,SKU-OFF-003,Office Supplies,SALE,-1,41,40,2026-06-14 13:20:08,POS Sale INV-2026-1568
txn-10223,prod-19,Waterproof Work Gloves (Pair),SKU-APP-003,Apparel & Wearables,SALE,-1,181,180,2026-06-14 13:20:08,POS Sale INV-2026-1568
txn-10224,prod-21,20V Cordless Power Drill Set,SKU-HAR-001,Hardware & Tools,SALE,-3,25,22,2026-06-14 13:20:08,POS Sale INV-2026-1568
txn-10225,prod-17,100% Cotton Polo Shirt (Medium),SKU-APP-001,Apparel & Wearables,SALE,-4,99,95,2026-06-14 13:20:08,POS Sale INV-2026-1568
txn-10226,prod-09,Arabica Whole Bean Coffee 1kg,SKU-BEV-001,Beverages & Drinks,SALE,-1,61,60,2026-06-14 13:20:08,POS Sale INV-2026-1568
txn-10227,prod-27,Microfiber Facial Towels (Pack of 4),SKU-PER-003,Personal Care,SALE,-2,72,70,2026-06-14 16:41:20,POS Sale INV-2026-1569
txn-10228,prod-06,Gel Ink Rollerball Pens (Box of 12),SKU-OFF-002,Office Supplies,SALE,-1,121,120,2026-06-14 12:42:37,POS Sale INV-2026-1570
txn-10229,prod-17,100% Cotton Polo Shirt (Medium),SKU-APP-001,Apparel & Wearables,SALE,-1,96,95,2026-06-14 12:42:37,POS Sale INV-2026-1570
txn-10230,prod-21,20V Cordless Power Drill Set,SKU-HAR-001,Hardware & Tools,SALE,-1,23,22,2026-06-14 12:42:37,POS Sale INV-2026-1570
txn-10231,prod-20,Breathable Fleece Jacket (Large),SKU-APP-004,Apparel & Wearables,SALE,-1,36,35,2026-06-14 12:42:37,POS Sale INV-2026-1570
txn-10232,prod-27,Microfiber Facial Towels (Pack of 4),SKU-PER-003,Personal Care,SALE,-3,73,70,2026-06-14 13:08:11,POS Sale INV-2026-1571
txn-10233,prod-11,Sparkling Mineral Water 500ml (Pack 12),SKU-BEV-003,Beverages & Drinks,SALE,-1,76,75,2026-06-14 13:08:11,POS Sale INV-2026-1571
txn-10234,prod-28,Electric Stainless Steel Kettle 1.7L,SKU-HOM-001,Home Appliances,SALE,-1,33,32,2026-06-14 18:02:11,POS Sale INV-2026-1572
txn-10235,prod-03,Mechanical RGB Gaming Keyboard,SKU-ELE-003,Electronics & Gadgets,SALE,-1,31,30,2026-06-14 18:02:11,POS Sale INV-2026-1572
txn-10236,prod-23,Digital Laser Distance Meter 50m,SKU-HAR-003,Hardware & Tools,SALE,-3,31,28,2026-06-14 18:06:59,POS Sale INV-2026-1573
txn-10237,prod-22,Professional Precision Screwdriver Kit,SKU-HAR-002,Hardware & Tools,SALE,-1,56,55,2026-06-15 14:10:40,POS Sale INV-2026-1574
txn-10238,prod-01,Wireless Bluetooth Headset Pro,SKU-ELE-001,Electronics & Gadgets,SALE,-2,47,45,2026-06-15 14:10:40,POS Sale INV-2026-1574
txn-10239,prod-07,Heavy-Duty Desktop Stapler,SKU-OFF-003,Office Supplies,SALE,-1,41,40,2026-06-15 13:13:15,POS Sale INV-2026-1575
txn-10240,prod-22,Professional Precision Screwdriver Kit,SKU-HAR-002,Hardware & Tools,SALE,-1,56,55,2026-06-15 13:13:15,POS Sale INV-2026-1575
txn-10241,prod-23,Digital Laser Distance Meter 50m,SKU-HAR-003,Hardware & Tools,SALE,-1,29,28,2026-06-15 09:03:24,POS Sale INV-2026-1576
txn-10242,prod-01,Wireless Bluetooth Headset Pro,SKU-ELE-001,Electronics & Gadgets,SALE,-1,46,45,2026-06-15 09:03:24,POS Sale INV-2026-1576
txn-10243,prod-07,Heavy-Duty Desktop Stapler,SKU-OFF-003,Office Supplies,SALE,-1,41,40,2026-06-15 09:03:24,POS Sale INV-2026-1576
txn-10244,prod-13,Organic Extra Virgin Olive Oil 750ml,SKU-GRO-001,Packaged Groceries,SALE,-2,52,50,2026-06-15 16:56:24,POS Sale INV-2026-1577
txn-10245,prod-19,Waterproof Work Gloves (Pair),SKU-APP-003,Apparel & Wearables,SALE,-4,184,180,2026-06-15 18:41:48,POS Sale INV-2026-1578
txn-10246,prod-02,Ergonomic Optical Wireless Mouse,SKU-ELE-002,Electronics & Gadgets,SALE,-3,83,80,2026-06-15 18:41:48,POS Sale INV-2026-1578
txn-10247,prod-25,Antibacterial Hand Sanitizer 500ml,SKU-PER-001,Personal Care,SALE,-1,301,300,2026-06-16 09:18:01,POS Sale INV-2026-1579
txn-10248,prod-27,Microfiber Facial Towels (Pack of 4),SKU-PER-003,Personal Care,SALE,-2,72,70,2026-06-16 09:18:01,POS Sale INV-2026-1579
txn-10249,prod-15,Raw Honey Jar 500g,SKU-GRO-003,Packaged Groceries,SALE,-2,67,65,2026-06-16 09:18:01,POS Sale INV-2026-1579
txn-10250,prod-14,Wholegrain Oats 1kg,SKU-GRO-002,Packaged Groceries,SALE,-4,114,110,2026-06-16 15:10:46,POS Sale INV-2026-1580
txn-10251,prod-02,Ergonomic Optical Wireless Mouse,SKU-ELE-002,Electronics & Gadgets,SALE,-1,81,80,2026-06-16 15:10:46,POS Sale INV-2026-1580
txn-10252,prod-10,Organic Green Tea (Box of 50 Bags),SKU-BEV-002,Beverages & Drinks,SALE,-1,91,90,2026-06-16 15:10:46,POS Sale INV-2026-1580
txn-10253,prod-10,Organic Green Tea (Box of 50 Bags),SKU-BEV-002,Beverages & Drinks,SALE,-3,93,90,2026-06-16 18:57:30,POS Sale INV-2026-1581
txn-10254,prod-25,Antibacterial Hand Sanitizer 500ml,SKU-PER-001,Personal Care,SALE,-2,302,300,2026-06-16 15:10:03,POS Sale INV-2026-1582
txn-10255,prod-13,Organic Extra Virgin Olive Oil 750ml,SKU-GRO-001,Packaged Groceries,SALE,-1,51,50,2026-06-16 15:10:03,POS Sale INV-2026-1582
txn-10256,prod-12,Natural Cold Pressed Citrus Juice 1L,SKU-BEV-004,Beverages & Drinks,SALE,-1,41,40,2026-06-16 17:46:59,POS Sale INV-2026-1583
txn-10257,prod-19,Waterproof Work Gloves (Pair),SKU-APP-003,Apparel & Wearables,SALE,-3,183,180,2026-06-16 17:46:59,POS Sale INV-2026-1583
txn-10258,prod-27,Microfiber Facial Towels (Pack of 4),SKU-PER-003,Personal Care,SALE,-1,71,70,2026-06-16 17:46:59,POS Sale INV-2026-1583
txn-10259,prod-01,Wireless Bluetooth Headset Pro,SKU-ELE-001,Electronics & Gadgets,SALE,-1,46,45,2026-06-16 10:03:25,POS Sale INV-2026-1584
txn-10260,prod-09,Arabica Whole Bean Coffee 1kg,SKU-BEV-001,Beverages & Drinks,SALE,-1,61,60,2026-06-16 10:03:25,POS Sale INV-2026-1584
txn-10261,prod-27,Microfiber Facial Towels (Pack of 4),SKU-PER-003,Personal Care,SALE,-2,72,70,2026-06-16 14:00:27,POS Sale INV-2026-1585
txn-10262,prod-03,Mechanical RGB Gaming Keyboard,SKU-ELE-003,Electronics & Gadgets,SALE,-1,31,30,2026-06-16 14:00:27,POS Sale INV-2026-1585
txn-10263,prod-05,A4 Premium Copy Paper 500 Sheets,SKU-OFF-001,Office Supplies,SALE,-1,251,250,2026-06-17 10:01:13,POS Sale INV-2026-1586
txn-10264,prod-19,Waterproof Work Gloves (Pair),SKU-APP-003,Apparel & Wearables,SALE,-3,183,180,2026-06-17 10:19:50,POS Sale INV-2026-1587
txn-10265,prod-20,Breathable Fleece Jacket (Large),SKU-APP-004,Apparel & Wearables,SALE,-1,36,35,2026-06-17 17:24:11,POS Sale INV-2026-1588
txn-10266,prod-04,4K Ultra-HD Monitor 27-inch,SKU-ELE-004,Electronics & Gadgets,SALE,-1,13,12,2026-06-17 17:24:11,POS Sale INV-2026-1588
txn-10267,prod-09,Arabica Whole Bean Coffee 1kg,SKU-BEV-001,Beverages & Drinks,SALE,-1,61,60,2026-06-17 17:24:11,POS Sale INV-2026-1588
txn-10268,prod-10,Organic Green Tea (Box of 50 Bags),SKU-BEV-002,Beverages & Drinks,SALE,-2,92,90,2026-06-17 09:16:28,POS Sale INV-2026-1589
txn-10269,prod-25,Antibacterial Hand Sanitizer 500ml,SKU-PER-001,Personal Care,SALE,-1,301,300,2026-06-17 09:16:28,POS Sale INV-2026-1589
txn-10270,prod-27,Microfiber Facial Towels (Pack of 4),SKU-PER-003,Personal Care,SALE,-3,73,70,2026-06-17 11:48:44,POS Sale INV-2026-1590
txn-10271,prod-10,Organic Green Tea (Box of 50 Bags),SKU-BEV-002,Beverages & Drinks,SALE,-1,91,90,2026-06-17 11:48:44,POS Sale INV-2026-1590
txn-10272,prod-14,Wholegrain Oats 1kg,SKU-GRO-002,Packaged Groceries,SALE,-1,111,110,2026-06-17 11:48:44,POS Sale INV-2026-1590
txn-10273,prod-26,Gentle Moisturizing Hand Soap 1L,SKU-PER-002,Personal Care,SALE,-1,151,150,2026-06-17 11:48:44,POS Sale INV-2026-1590
txn-10274,prod-06,Gel Ink Rollerball Pens (Box of 12),SKU-OFF-002,Office Supplies,SALE,-2,122,120,2026-06-18 15:48:37,POS Sale INV-2026-1591
txn-10275,prod-25,Antibacterial Hand Sanitizer 500ml,SKU-PER-001,Personal Care,SALE,-3,303,300,2026-06-18 15:48:37,POS Sale INV-2026-1591
txn-10276,prod-23,Digital Laser Distance Meter 50m,SKU-HAR-003,Hardware & Tools,SALE,-1,29,28,2026-06-18 15:34:43,POS Sale INV-2026-1592
txn-10277,prod-12,Natural Cold Pressed Citrus Juice 1L,SKU-BEV-004,Beverages & Drinks,SALE,-2,42,40,2026-06-18 15:34:43,POS Sale INV-2026-1592
txn-10278,prod-17,100% Cotton Polo Shirt (Medium),SKU-APP-001,Apparel & Wearables,SALE,-1,96,95,2026-06-18 15:34:43,POS Sale INV-2026-1592
txn-10279,prod-06,Gel Ink Rollerball Pens (Box of 12),SKU-OFF-002,Office Supplies,SALE,-1,121,120,2026-06-18 16:19:05,POS Sale INV-2026-1593
txn-10280,prod-05,A4 Premium Copy Paper 500 Sheets,SKU-OFF-001,Office Supplies,SALE,-1,251,250,2026-06-18 16:19:05,POS Sale INV-2026-1593
txn-10281,prod-22,Professional Precision Screwdriver Kit,SKU-HAR-002,Hardware & Tools,SALE,-1,56,55,2026-06-18 17:51:36,POS Sale INV-2026-1594
txn-10282,prod-14,Wholegrain Oats 1kg,SKU-GRO-002,Packaged Groceries,SALE,-1,111,110,2026-06-18 17:51:36,POS Sale INV-2026-1594
txn-10283,prod-05,A4 Premium Copy Paper 500 Sheets,SKU-OFF-001,Office Supplies,SALE,-1,251,250,2026-06-18 17:51:36,POS Sale INV-2026-1594
txn-10284,prod-07,Heavy-Duty Desktop Stapler,SKU-OFF-003,Office Supplies,SALE,-1,41,40,2026-06-18 16:11:10,POS Sale INV-2026-1595
txn-10285,prod-10,Organic Green Tea (Box of 50 Bags),SKU-BEV-002,Beverages & Drinks,SALE,-2,92,90,2026-06-18 16:11:10,POS Sale INV-2026-1595
txn-10286,prod-03,Mechanical RGB Gaming Keyboard,SKU-ELE-003,Electronics & Gadgets,SALE,-1,31,30,2026-06-18 16:11:10,POS Sale INV-2026-1595
txn-10287,prod-06,Gel Ink Rollerball Pens (Box of 12),SKU-OFF-002,Office Supplies,SALE,-1,121,120,2026-06-18 16:11:10,POS Sale INV-2026-1595
txn-10288,prod-07,Heavy-Duty Desktop Stapler,SKU-OFF-003,Office Supplies,SALE,-1,41,40,2026-06-18 10:43:27,POS Sale INV-2026-1596
txn-10289,prod-18,High-Visibility Safety Vest,SKU-APP-002,Apparel & Wearables,SALE,-2,142,140,2026-06-18 13:20:58,POS Sale INV-2026-1597
txn-10290,prod-16,Assorted Roasted Almonds 250g,SKU-GRO-004,Packaged Groceries,SALE,-2,87,85,2026-06-18 13:20:58,POS Sale INV-2026-1597
txn-10291,prod-12,Natural Cold Pressed Citrus Juice 1L,SKU-BEV-004,Beverages & Drinks,SALE,-1,41,40,2026-06-18 13:20:58,POS Sale INV-2026-1597
txn-10292,prod-15,Raw Honey Jar 500g,SKU-GRO-003,Packaged Groceries,SALE,-1,66,65,2026-06-18 13:20:58,POS Sale INV-2026-1597
txn-10293,prod-26,Gentle Moisturizing Hand Soap 1L,SKU-PER-002,Personal Care,SALE,-1,151,150,2026-06-18 15:35:20,POS Sale INV-2026-1598
txn-10294,prod-18,High-Visibility Safety Vest,SKU-APP-002,Apparel & Wearables,SALE,-1,141,140,2026-06-18 15:35:20,POS Sale INV-2026-1598
txn-10295,prod-05,A4 Premium Copy Paper 500 Sheets,SKU-OFF-001,Office Supplies,SALE,-1,251,250,2026-06-18 09:50:44,POS Sale INV-2026-1599
txn-10296,prod-10,Organic Green Tea (Box of 50 Bags),SKU-BEV-002,Beverages & Drinks,SALE,-2,92,90,2026-06-18 09:50:44,POS Sale INV-2026-1599
txn-10297,prod-11,Sparkling Mineral Water 500ml (Pack 12),SKU-BEV-003,Beverages & Drinks,SALE,-3,78,75,2026-06-18 11:09:36,POS Sale INV-2026-1600
txn-10298,prod-01,Wireless Bluetooth Headset Pro,SKU-ELE-001,Electronics & Gadgets,SALE,-1,46,45,2026-06-19 18:49:06,POS Sale INV-2026-1601
txn-10299,prod-25,Antibacterial Hand Sanitizer 500ml,SKU-PER-001,Personal Care,SALE,-1,301,300,2026-06-19 18:49:06,POS Sale INV-2026-1601
txn-10300,prod-18,High-Visibility Safety Vest,SKU-APP-002,Apparel & Wearables,SALE,-1,141,140,2026-06-19 13:24:41,POS Sale INV-2026-1602
txn-10301,prod-20,Breathable Fleece Jacket (Large),SKU-APP-004,Apparel & Wearables,SALE,-1,36,35,2026-06-19 13:24:41,POS Sale INV-2026-1602
txn-10302,prod-15,Raw Honey Jar 500g,SKU-GRO-003,Packaged Groceries,SALE,-1,66,65,2026-06-19 13:25:09,POS Sale INV-2026-1603
txn-10303,prod-25,Antibacterial Hand Sanitizer 500ml,SKU-PER-001,Personal Care,SALE,-1,301,300,2026-06-19 13:25:09,POS Sale INV-2026-1603
txn-10304,prod-24,Heavy-Duty Steel Measuring Tape 8m,SKU-HAR-004,Hardware & Tools,SALE,-2,92,90,2026-06-19 13:25:09,POS Sale INV-2026-1603
txn-10305,prod-06,Gel Ink Rollerball Pens (Box of 12),SKU-OFF-002,Office Supplies,SALE,-3,123,120,2026-06-19 14:44:15,POS Sale INV-2026-1604
txn-10306,prod-25,Antibacterial Hand Sanitizer 500ml,SKU-PER-001,Personal Care,SALE,-1,301,300,2026-06-19 14:44:15,POS Sale INV-2026-1604
txn-10307,prod-11,Sparkling Mineral Water 500ml (Pack 12),SKU-BEV-003,Beverages & Drinks,SALE,-2,77,75,2026-06-19 09:21:52,POS Sale INV-2026-1605
txn-10308,prod-06,Gel Ink Rollerball Pens (Box of 12),SKU-OFF-002,Office Supplies,SALE,-1,121,120,2026-06-19 19:06:55,POS Sale INV-2026-1606
txn-10309,prod-02,Ergonomic Optical Wireless Mouse,SKU-ELE-002,Electronics & Gadgets,SALE,-4,84,80,2026-06-19 19:06:55,POS Sale INV-2026-1606
txn-10310,prod-26,Gentle Moisturizing Hand Soap 1L,SKU-PER-002,Personal Care,SALE,-1,151,150,2026-06-19 19:06:55,POS Sale INV-2026-1606
txn-10311,prod-11,Sparkling Mineral Water 500ml (Pack 12),SKU-BEV-003,Beverages & Drinks,SALE,-2,77,75,2026-06-19 19:06:55,POS Sale INV-2026-1606
txn-10312,prod-11,Sparkling Mineral Water 500ml (Pack 12),SKU-BEV-003,Beverages & Drinks,SALE,-2,77,75,2026-06-19 14:17:46,POS Sale INV-2026-1607
txn-10313,prod-30,Compact Digital Microwave Oven 20L,SKU-HOM-003,Home Appliances,SALE,-1,16,15,2026-06-19 12:58:52,POS Sale INV-2026-1608
txn-10314,prod-16,Assorted Roasted Almonds 250g,SKU-GRO-004,Packaged Groceries,SALE,-1,86,85,2026-06-19 12:58:52,POS Sale INV-2026-1608
txn-10315,prod-11,Sparkling Mineral Water 500ml (Pack 12),SKU-BEV-003,Beverages & Drinks,SALE,-1,76,75,2026-06-19 09:32:50,POS Sale INV-2026-1609
txn-10316,prod-13,Organic Extra Virgin Olive Oil 750ml,SKU-GRO-001,Packaged Groceries,SALE,-2,52,50,2026-06-19 17:56:36,POS Sale INV-2026-1610
txn-10317,prod-21,20V Cordless Power Drill Set,SKU-HAR-001,Hardware & Tools,SALE,-1,23,22,2026-06-19 12:02:29,POS Sale INV-2026-1611
txn-10318,prod-01,Wireless Bluetooth Headset Pro,SKU-ELE-001,Electronics & Gadgets,SALE,-2,47,45,2026-06-19 12:02:29,POS Sale INV-2026-1611
txn-10319,prod-01,Wireless Bluetooth Headset Pro,SKU-ELE-001,Electronics & Gadgets,SALE,-2,47,45,2026-06-19 16:32:25,POS Sale INV-2026-1612
txn-10320,prod-25,Antibacterial Hand Sanitizer 500ml,SKU-PER-001,Personal Care,SALE,-1,301,300,2026-06-19 16:32:25,POS Sale INV-2026-1612
txn-10321,prod-24,Heavy-Duty Steel Measuring Tape 8m,SKU-HAR-004,Hardware & Tools,SALE,-1,91,90,2026-06-20 16:38:28,POS Sale INV-2026-1613
txn-10322,prod-24,Heavy-Duty Steel Measuring Tape 8m,SKU-HAR-004,Hardware & Tools,SALE,-1,91,90,2026-06-20 14:22:10,POS Sale INV-2026-1614
txn-10323,prod-25,Antibacterial Hand Sanitizer 500ml,SKU-PER-001,Personal Care,SALE,-2,302,300,2026-06-20 14:22:10,POS Sale INV-2026-1614
txn-10324,prod-14,Wholegrain Oats 1kg,SKU-GRO-002,Packaged Groceries,SALE,-2,112,110,2026-06-20 14:22:10,POS Sale INV-2026-1614
txn-10325,prod-05,A4 Premium Copy Paper 500 Sheets,SKU-OFF-001,Office Supplies,SALE,-2,252,250,2026-06-20 15:03:10,POS Sale INV-2026-1615
txn-10326,prod-06,Gel Ink Rollerball Pens (Box of 12),SKU-OFF-002,Office Supplies,SALE,-3,123,120,2026-06-20 15:03:10,POS Sale INV-2026-1615
txn-10327,prod-26,Gentle Moisturizing Hand Soap 1L,SKU-PER-002,Personal Care,SALE,-2,152,150,2026-06-20 15:03:10,POS Sale INV-2026-1615
txn-10328,prod-19,Waterproof Work Gloves (Pair),SKU-APP-003,Apparel & Wearables,SALE,-1,181,180,2026-06-20 19:14:43,POS Sale INV-2026-1616
txn-10329,prod-26,Gentle Moisturizing Hand Soap 1L,SKU-PER-002,Personal Care,SALE,-2,152,150,2026-06-20 19:14:43,POS Sale INV-2026-1616
txn-10330,prod-13,Organic Extra Virgin Olive Oil 750ml,SKU-GRO-001,Packaged Groceries,SALE,-2,52,50,2026-06-20 19:00:30,POS Sale INV-2026-1617
txn-10331,prod-06,Gel Ink Rollerball Pens (Box of 12),SKU-OFF-002,Office Supplies,SALE,-1,121,120,2026-06-20 09:14:16,POS Sale INV-2026-1618
txn-10332,prod-06,Gel Ink Rollerball Pens (Box of 12),SKU-OFF-002,Office Supplies,SALE,-1,121,120,2026-06-20 15:54:22,POS Sale INV-2026-1619
txn-10333,prod-14,Wholegrain Oats 1kg,SKU-GRO-002,Packaged Groceries,SALE,-1,111,110,2026-06-20 17:52:39,POS Sale INV-2026-1620
txn-10334,prod-06,Gel Ink Rollerball Pens (Box of 12),SKU-OFF-002,Office Supplies,SALE,-3,123,120,2026-06-20 17:52:39,POS Sale INV-2026-1620
txn-10335,prod-02,Ergonomic Optical Wireless Mouse,SKU-ELE-002,Electronics & Gadgets,SALE,-2,82,80,2026-06-20 17:52:39,POS Sale INV-2026-1620
txn-10336,prod-21,20V Cordless Power Drill Set,SKU-HAR-001,Hardware & Tools,SALE,-2,24,22,2026-06-20 17:52:39,POS Sale INV-2026-1620
txn-10337,prod-27,Microfiber Facial Towels (Pack of 4),SKU-PER-003,Personal Care,SALE,-2,72,70,2026-06-21 19:53:53,POS Sale INV-2026-1621
txn-10338,prod-08,Adjustable Mesh Executive Chair,SKU-OFF-004,Office Supplies,SALE,-1,9,8,2026-06-21 13:43:06,POS Sale INV-2026-1622
txn-10339,prod-06,Gel Ink Rollerball Pens (Box of 12),SKU-OFF-002,Office Supplies,SALE,-1,121,120,2026-06-21 13:16:41,POS Sale INV-2026-1623
txn-10340,prod-17,100% Cotton Polo Shirt (Medium),SKU-APP-001,Apparel & Wearables,SALE,-2,97,95,2026-06-21 13:16:41,POS Sale INV-2026-1623
txn-10341,prod-24,Heavy-Duty Steel Measuring Tape 8m,SKU-HAR-004,Hardware & Tools,SALE,-2,92,90,2026-06-21 17:48:15,POS Sale INV-2026-1624
txn-10342,prod-06,Gel Ink Rollerball Pens (Box of 12),SKU-OFF-002,Office Supplies,SALE,-1,121,120,2026-06-21 17:48:15,POS Sale INV-2026-1624
txn-10343,prod-02,Ergonomic Optical Wireless Mouse,SKU-ELE-002,Electronics & Gadgets,SALE,-1,81,80,2026-06-21 17:48:15,POS Sale INV-2026-1624
txn-10344,prod-07,Heavy-Duty Desktop Stapler,SKU-OFF-003,Office Supplies,SALE,-1,41,40,2026-06-21 19:08:46,POS Sale INV-2026-1625
txn-10345,prod-07,Heavy-Duty Desktop Stapler,SKU-OFF-003,Office Supplies,SALE,-2,42,40,2026-06-21 15:25:24,POS Sale INV-2026-1626
txn-10346,prod-16,Assorted Roasted Almonds 250g,SKU-GRO-004,Packaged Groceries,SALE,-1,86,85,2026-06-21 15:25:24,POS Sale INV-2026-1626
txn-10347,prod-01,Wireless Bluetooth Headset Pro,SKU-ELE-001,Electronics & Gadgets,SALE,-3,48,45,2026-06-21 15:25:24,POS Sale INV-2026-1626
txn-10348,prod-09,Arabica Whole Bean Coffee 1kg,SKU-BEV-001,Beverages & Drinks,SALE,-3,63,60,2026-06-21 14:46:45,POS Sale INV-2026-1627
txn-10349,prod-26,Gentle Moisturizing Hand Soap 1L,SKU-PER-002,Personal Care,SALE,-1,151,150,2026-06-21 14:46:45,POS Sale INV-2026-1627
txn-10350,prod-30,Compact Digital Microwave Oven 20L,SKU-HOM-003,Home Appliances,SALE,-1,16,15,2026-06-21 14:46:45,POS Sale INV-2026-1627
txn-10351,prod-25,Antibacterial Hand Sanitizer 500ml,SKU-PER-001,Personal Care,SALE,-1,301,300,2026-06-21 14:46:45,POS Sale INV-2026-1627
txn-10352,prod-30,Compact Digital Microwave Oven 20L,SKU-HOM-003,Home Appliances,SALE,-1,16,15,2026-06-21 19:22:32,POS Sale INV-2026-1628
txn-10353,prod-25,Antibacterial Hand Sanitizer 500ml,SKU-PER-001,Personal Care,SALE,-1,301,300,2026-06-21 10:30:08,POS Sale INV-2026-1629
txn-10354,prod-30,Compact Digital Microwave Oven 20L,SKU-HOM-003,Home Appliances,SALE,-1,16,15,2026-06-21 10:30:08,POS Sale INV-2026-1629
txn-10355,prod-06,Gel Ink Rollerball Pens (Box of 12),SKU-OFF-002,Office Supplies,SALE,-1,121,120,2026-06-21 10:30:08,POS Sale INV-2026-1629
txn-10356,prod-10,Organic Green Tea (Box of 50 Bags),SKU-BEV-002,Beverages & Drinks,SALE,-2,92,90,2026-06-21 11:43:57,POS Sale INV-2026-1630
txn-10357,prod-09,Arabica Whole Bean Coffee 1kg,SKU-BEV-001,Beverages & Drinks,SALE,-1,61,60,2026-06-21 13:26:50,POS Sale INV-2026-1631
txn-10358,prod-19,Waterproof Work Gloves (Pair),SKU-APP-003,Apparel & Wearables,SALE,-1,181,180,2026-06-21 13:26:50,POS Sale INV-2026-1631
txn-10359,prod-18,High-Visibility Safety Vest,SKU-APP-002,Apparel & Wearables,SALE,-3,143,140,2026-06-21 16:54:07,POS Sale INV-2026-1632
txn-10360,prod-24,Heavy-Duty Steel Measuring Tape 8m,SKU-HAR-004,Hardware & Tools,SALE,-2,92,90,2026-06-21 16:54:07,POS Sale INV-2026-1632
txn-10361,prod-01,Wireless Bluetooth Headset Pro,SKU-ELE-001,Electronics & Gadgets,SALE,-1,46,45,2026-06-21 16:54:07,POS Sale INV-2026-1632
txn-10362,prod-26,Gentle Moisturizing Hand Soap 1L,SKU-PER-002,Personal Care,SALE,-1,151,150,2026-06-22 18:04:30,POS Sale INV-2026-1633
txn-10363,prod-17,100% Cotton Polo Shirt (Medium),SKU-APP-001,Apparel & Wearables,SALE,-6,101,95,2026-06-22 18:04:30,POS Sale INV-2026-1633
txn-10364,prod-12,Natural Cold Pressed Citrus Juice 1L,SKU-BEV-004,Beverages & Drinks,SALE,-1,41,40,2026-06-22 15:33:19,POS Sale INV-2026-1634
txn-10365,prod-21,20V Cordless Power Drill Set,SKU-HAR-001,Hardware & Tools,SALE,-1,23,22,2026-06-22 15:33:19,POS Sale INV-2026-1634
txn-10366,prod-11,Sparkling Mineral Water 500ml (Pack 12),SKU-BEV-003,Beverages & Drinks,SALE,-4,79,75,2026-06-22 15:33:19,POS Sale INV-2026-1634
txn-10367,prod-10,Organic Green Tea (Box of 50 Bags),SKU-BEV-002,Beverages & Drinks,SALE,-6,96,90,2026-06-22 12:21:26,POS Sale INV-2026-1635
txn-10368,prod-15,Raw Honey Jar 500g,SKU-GRO-003,Packaged Groceries,SALE,-2,67,65,2026-06-22 12:21:26,POS Sale INV-2026-1635
txn-10369,prod-06,Gel Ink Rollerball Pens (Box of 12),SKU-OFF-002,Office Supplies,SALE,-2,122,120,2026-06-22 12:21:26,POS Sale INV-2026-1635
txn-10370,prod-30,Compact Digital Microwave Oven 20L,SKU-HOM-003,Home Appliances,SALE,-2,17,15,2026-06-22 12:21:26,POS Sale INV-2026-1635
txn-10371,prod-02,Ergonomic Optical Wireless Mouse,SKU-ELE-002,Electronics & Gadgets,SALE,-2,82,80,2026-06-22 11:49:05,POS Sale INV-2026-1636
txn-10372,prod-13,Organic Extra Virgin Olive Oil 750ml,SKU-GRO-001,Packaged Groceries,SALE,-2,52,50,2026-06-22 11:49:05,POS Sale INV-2026-1636
txn-10373,prod-27,Microfiber Facial Towels (Pack of 4),SKU-PER-003,Personal Care,SALE,-1,71,70,2026-06-22 09:00:28,POS Sale INV-2026-1637
txn-10374,prod-20,Breathable Fleece Jacket (Large),SKU-APP-004,Apparel & Wearables,SALE,-2,37,35,2026-06-22 11:31:50,POS Sale INV-2026-1638
txn-10375,prod-21,20V Cordless Power Drill Set,SKU-HAR-001,Hardware & Tools,SALE,-1,23,22,2026-06-22 11:31:50,POS Sale INV-2026-1638
txn-10376,prod-05,A4 Premium Copy Paper 500 Sheets,SKU-OFF-001,Office Supplies,SALE,-1,251,250,2026-06-23 19:27:25,POS Sale INV-2026-1639
txn-10377,prod-21,20V Cordless Power Drill Set,SKU-HAR-001,Hardware & Tools,SALE,-2,24,22,2026-06-23 19:27:25,POS Sale INV-2026-1639
txn-10378,prod-05,A4 Premium Copy Paper 500 Sheets,SKU-OFF-001,Office Supplies,SALE,-2,252,250,2026-06-23 17:12:46,POS Sale INV-2026-1640
txn-10379,prod-01,Wireless Bluetooth Headset Pro,SKU-ELE-001,Electronics & Gadgets,SALE,-2,47,45,2026-06-23 17:12:46,POS Sale INV-2026-1640
txn-10380,prod-24,Heavy-Duty Steel Measuring Tape 8m,SKU-HAR-004,Hardware & Tools,SALE,-3,93,90,2026-06-23 17:12:46,POS Sale INV-2026-1640
txn-10381,prod-27,Microfiber Facial Towels (Pack of 4),SKU-PER-003,Personal Care,SALE,-1,71,70,2026-06-23 17:12:01,POS Sale INV-2026-1641
txn-10382,prod-15,Raw Honey Jar 500g,SKU-GRO-003,Packaged Groceries,SALE,-1,66,65,2026-06-23 17:12:01,POS Sale INV-2026-1641
txn-10383,prod-13,Organic Extra Virgin Olive Oil 750ml,SKU-GRO-001,Packaged Groceries,SALE,-1,51,50,2026-06-23 17:12:01,POS Sale INV-2026-1641
txn-10384,prod-26,Gentle Moisturizing Hand Soap 1L,SKU-PER-002,Personal Care,SALE,-1,151,150,2026-06-23 14:19:08,POS Sale INV-2026-1642
txn-10385,prod-10,Organic Green Tea (Box of 50 Bags),SKU-BEV-002,Beverages & Drinks,SALE,-1,91,90,2026-06-23 10:52:02,POS Sale INV-2026-1643
txn-10386,prod-02,Ergonomic Optical Wireless Mouse,SKU-ELE-002,Electronics & Gadgets,SALE,-1,81,80,2026-06-23 10:52:02,POS Sale INV-2026-1643
txn-10387,prod-17,100% Cotton Polo Shirt (Medium),SKU-APP-001,Apparel & Wearables,SALE,-3,98,95,2026-06-23 18:33:21,POS Sale INV-2026-1644
txn-10388,prod-19,Waterproof Work Gloves (Pair),SKU-APP-003,Apparel & Wearables,SALE,-2,182,180,2026-06-23 16:22:48,POS Sale INV-2026-1645
txn-10389,prod-06,Gel Ink Rollerball Pens (Box of 12),SKU-OFF-002,Office Supplies,SALE,-1,121,120,2026-06-23 16:22:48,POS Sale INV-2026-1645
txn-10390,prod-26,Gentle Moisturizing Hand Soap 1L,SKU-PER-002,Personal Care,SALE,-2,152,150,2026-06-23 16:22:48,POS Sale INV-2026-1645
txn-10391,prod-05,A4 Premium Copy Paper 500 Sheets,SKU-OFF-001,Office Supplies,SALE,-6,256,250,2026-06-23 16:22:48,POS Sale INV-2026-1645
txn-10392,prod-26,Gentle Moisturizing Hand Soap 1L,SKU-PER-002,Personal Care,SALE,-2,152,150,2026-06-23 12:46:08,POS Sale INV-2026-1646
txn-10393,prod-13,Organic Extra Virgin Olive Oil 750ml,SKU-GRO-001,Packaged Groceries,SALE,-2,52,50,2026-06-23 10:23:45,POS Sale INV-2026-1647
txn-10394,prod-25,Antibacterial Hand Sanitizer 500ml,SKU-PER-001,Personal Care,SALE,-3,303,300,2026-06-23 10:23:45,POS Sale INV-2026-1647
txn-10395,prod-02,Ergonomic Optical Wireless Mouse,SKU-ELE-002,Electronics & Gadgets,SALE,-4,84,80,2026-06-23 10:23:45,POS Sale INV-2026-1647
txn-10396,prod-10,Organic Green Tea (Box of 50 Bags),SKU-BEV-002,Beverages & Drinks,SALE,-1,91,90,2026-06-23 10:23:45,POS Sale INV-2026-1647
txn-10397,prod-28,Electric Stainless Steel Kettle 1.7L,SKU-HOM-001,Home Appliances,SALE,-1,33,32,2026-06-23 10:23:45,POS Sale INV-2026-1647
txn-10398,prod-06,Gel Ink Rollerball Pens (Box of 12),SKU-OFF-002,Office Supplies,SALE,-1,121,120,2026-06-24 13:49:34,POS Sale INV-2026-1648
txn-10399,prod-08,Adjustable Mesh Executive Chair,SKU-OFF-004,Office Supplies,SALE,-1,9,8,2026-06-24 19:53:01,POS Sale INV-2026-1649
txn-10400,prod-03,Mechanical RGB Gaming Keyboard,SKU-ELE-003,Electronics & Gadgets,SALE,-1,31,30,2026-06-24 19:53:01,POS Sale INV-2026-1649
txn-10401,prod-24,Heavy-Duty Steel Measuring Tape 8m,SKU-HAR-004,Hardware & Tools,SALE,-1,91,90,2026-06-24 10:35:16,POS Sale INV-2026-1650
txn-10402,prod-28,Electric Stainless Steel Kettle 1.7L,SKU-HOM-001,Home Appliances,SALE,-1,33,32,2026-06-24 10:35:16,POS Sale INV-2026-1650
txn-10403,prod-12,Natural Cold Pressed Citrus Juice 1L,SKU-BEV-004,Beverages & Drinks,SALE,-1,41,40,2026-06-24 10:35:16,POS Sale INV-2026-1650
txn-10404,prod-09,Arabica Whole Bean Coffee 1kg,SKU-BEV-001,Beverages & Drinks,SALE,-1,61,60,2026-06-24 10:35:16,POS Sale INV-2026-1650
txn-10405,prod-25,Antibacterial Hand Sanitizer 500ml,SKU-PER-001,Personal Care,SALE,-1,301,300,2026-06-24 10:35:16,POS Sale INV-2026-1650
txn-10406,prod-19,Waterproof Work Gloves (Pair),SKU-APP-003,Apparel & Wearables,SALE,-1,181,180,2026-06-24 19:00:19,POS Sale INV-2026-1651
txn-10407,prod-25,Antibacterial Hand Sanitizer 500ml,SKU-PER-001,Personal Care,SALE,-1,301,300,2026-06-24 18:44:08,POS Sale INV-2026-1652
txn-10408,prod-26,Gentle Moisturizing Hand Soap 1L,SKU-PER-002,Personal Care,SALE,-1,151,150,2026-06-24 18:07:18,POS Sale INV-2026-1653
txn-10409,prod-16,Assorted Roasted Almonds 250g,SKU-GRO-004,Packaged Groceries,SALE,-2,87,85,2026-06-25 12:49:16,POS Sale INV-2026-1654
txn-10410,prod-17,100% Cotton Polo Shirt (Medium),SKU-APP-001,Apparel & Wearables,SALE,-1,96,95,2026-06-25 13:10:02,POS Sale INV-2026-1655
txn-10411,prod-18,High-Visibility Safety Vest,SKU-APP-002,Apparel & Wearables,SALE,-1,141,140,2026-06-25 16:21:15,POS Sale INV-2026-1656
txn-10412,prod-03,Mechanical RGB Gaming Keyboard,SKU-ELE-003,Electronics & Gadgets,SALE,-1,31,30,2026-06-25 18:42:31,POS Sale INV-2026-1657
txn-10413,prod-13,Organic Extra Virgin Olive Oil 750ml,SKU-GRO-001,Packaged Groceries,SALE,-3,53,50,2026-06-25 18:42:31,POS Sale INV-2026-1657
txn-10414,prod-12,Natural Cold Pressed Citrus Juice 1L,SKU-BEV-004,Beverages & Drinks,SALE,-1,41,40,2026-06-25 10:57:16,POS Sale INV-2026-1658
txn-10415,prod-16,Assorted Roasted Almonds 250g,SKU-GRO-004,Packaged Groceries,SALE,-3,88,85,2026-06-25 09:06:52,POS Sale INV-2026-1659
txn-10416,prod-19,Waterproof Work Gloves (Pair),SKU-APP-003,Apparel & Wearables,SALE,-1,181,180,2026-06-25 09:06:52,POS Sale INV-2026-1659
txn-10417,prod-24,Heavy-Duty Steel Measuring Tape 8m,SKU-HAR-004,Hardware & Tools,SALE,-1,91,90,2026-06-25 09:06:52,POS Sale INV-2026-1659
txn-10418,prod-29,HEPA Air Purifier Desktop Size,SKU-HOM-002,Home Appliances,SALE,-1,19,18,2026-06-25 19:20:27,POS Sale INV-2026-1660
txn-10419,prod-26,Gentle Moisturizing Hand Soap 1L,SKU-PER-002,Personal Care,SALE,-1,151,150,2026-06-25 19:20:27,POS Sale INV-2026-1660
txn-10420,prod-10,Organic Green Tea (Box of 50 Bags),SKU-BEV-002,Beverages & Drinks,SALE,-2,92,90,2026-06-25 19:20:27,POS Sale INV-2026-1660
txn-10421,prod-13,Organic Extra Virgin Olive Oil 750ml,SKU-GRO-001,Packaged Groceries,SALE,-1,51,50,2026-06-25 11:42:41,POS Sale INV-2026-1661
txn-10422,prod-25,Antibacterial Hand Sanitizer 500ml,SKU-PER-001,Personal Care,SALE,-3,303,300,2026-06-25 11:42:41,POS Sale INV-2026-1661
txn-10423,prod-10,Organic Green Tea (Box of 50 Bags),SKU-BEV-002,Beverages & Drinks,SALE,-2,92,90,2026-06-26 13:56:46,POS Sale INV-2026-1662
txn-10424,prod-13,Organic Extra Virgin Olive Oil 750ml,SKU-GRO-001,Packaged Groceries,SALE,-1,51,50,2026-06-26 13:56:46,POS Sale INV-2026-1662
txn-10425,prod-27,Microfiber Facial Towels (Pack of 4),SKU-PER-003,Personal Care,SALE,-1,71,70,2026-06-26 15:25:29,POS Sale INV-2026-1663
txn-10426,prod-16,Assorted Roasted Almonds 250g,SKU-GRO-004,Packaged Groceries,SALE,-2,87,85,2026-06-26 19:56:51,POS Sale INV-2026-1664
txn-10427,prod-14,Wholegrain Oats 1kg,SKU-GRO-002,Packaged Groceries,SALE,-1,111,110,2026-06-26 19:56:51,POS Sale INV-2026-1664
txn-10428,prod-11,Sparkling Mineral Water 500ml (Pack 12),SKU-BEV-003,Beverages & Drinks,SALE,-1,76,75,2026-06-26 11:06:26,POS Sale INV-2026-1665
txn-10429,prod-19,Waterproof Work Gloves (Pair),SKU-APP-003,Apparel & Wearables,SALE,-1,181,180,2026-06-26 11:06:26,POS Sale INV-2026-1665
txn-10430,prod-09,Arabica Whole Bean Coffee 1kg,SKU-BEV-001,Beverages & Drinks,SALE,-1,61,60,2026-06-26 11:39:24,POS Sale INV-2026-1666
txn-10431,prod-25,Antibacterial Hand Sanitizer 500ml,SKU-PER-001,Personal Care,SALE,-1,301,300,2026-06-26 11:30:58,POS Sale INV-2026-1667
txn-10432,prod-28,Electric Stainless Steel Kettle 1.7L,SKU-HOM-001,Home Appliances,SALE,-2,34,32,2026-06-26 10:16:41,POS Sale INV-2026-1668
txn-10433,prod-16,Assorted Roasted Almonds 250g,SKU-GRO-004,Packaged Groceries,SALE,-1,86,85,2026-06-26 10:16:41,POS Sale INV-2026-1668
txn-10434,prod-05,A4 Premium Copy Paper 500 Sheets,SKU-OFF-001,Office Supplies,SALE,-1,251,250,2026-06-26 10:16:41,POS Sale INV-2026-1668
txn-10435,prod-11,Sparkling Mineral Water 500ml (Pack 12),SKU-BEV-003,Beverages & Drinks,SALE,-1,76,75,2026-06-26 10:16:41,POS Sale INV-2026-1668
txn-10436,prod-25,Antibacterial Hand Sanitizer 500ml,SKU-PER-001,Personal Care,SALE,-1,301,300,2026-06-26 18:46:36,POS Sale INV-2026-1669
txn-10437,prod-05,A4 Premium Copy Paper 500 Sheets,SKU-OFF-001,Office Supplies,SALE,-1,251,250,2026-06-26 18:46:36,POS Sale INV-2026-1669
txn-10438,prod-19,Waterproof Work Gloves (Pair),SKU-APP-003,Apparel & Wearables,SALE,-3,183,180,2026-06-26 18:46:36,POS Sale INV-2026-1669
txn-10439,prod-08,Adjustable Mesh Executive Chair,SKU-OFF-004,Office Supplies,SALE,-1,9,8,2026-06-26 18:06:27,POS Sale INV-2026-1670
txn-10440,prod-25,Antibacterial Hand Sanitizer 500ml,SKU-PER-001,Personal Care,SALE,-1,301,300,2026-06-26 19:41:24,POS Sale INV-2026-1671
txn-10441,prod-18,High-Visibility Safety Vest,SKU-APP-002,Apparel & Wearables,SALE,-1,141,140,2026-06-26 19:41:24,POS Sale INV-2026-1671
txn-10442,prod-23,Digital Laser Distance Meter 50m,SKU-HAR-003,Hardware & Tools,SALE,-1,29,28,2026-06-26 19:41:24,POS Sale INV-2026-1671
txn-10443,prod-01,Wireless Bluetooth Headset Pro,SKU-ELE-001,Electronics & Gadgets,SALE,-3,48,45,2026-06-27 18:03:00,POS Sale INV-2026-1672
txn-10444,prod-09,Arabica Whole Bean Coffee 1kg,SKU-BEV-001,Beverages & Drinks,SALE,-1,61,60,2026-06-27 18:03:00,POS Sale INV-2026-1672
txn-10445,prod-06,Gel Ink Rollerball Pens (Box of 12),SKU-OFF-002,Office Supplies,SALE,-1,121,120,2026-06-27 18:03:00,POS Sale INV-2026-1672
txn-10446,prod-07,Heavy-Duty Desktop Stapler,SKU-OFF-003,Office Supplies,SALE,-2,42,40,2026-06-27 18:03:00,POS Sale INV-2026-1672
txn-10447,prod-13,Organic Extra Virgin Olive Oil 750ml,SKU-GRO-001,Packaged Groceries,SALE,-1,51,50,2026-06-27 16:55:10,POS Sale INV-2026-1673
txn-10448,prod-30,Compact Digital Microwave Oven 20L,SKU-HOM-003,Home Appliances,SALE,-1,16,15,2026-06-27 13:03:32,POS Sale INV-2026-1674
txn-10449,prod-24,Heavy-Duty Steel Measuring Tape 8m,SKU-HAR-004,Hardware & Tools,SALE,-3,93,90,2026-06-27 13:03:32,POS Sale INV-2026-1674
txn-10450,prod-01,Wireless Bluetooth Headset Pro,SKU-ELE-001,Electronics & Gadgets,SALE,-1,46,45,2026-06-27 12:05:29,POS Sale INV-2026-1675
txn-10451,prod-14,Wholegrain Oats 1kg,SKU-GRO-002,Packaged Groceries,SALE,-2,112,110,2026-06-27 16:28:20,POS Sale INV-2026-1676
txn-10452,prod-14,Wholegrain Oats 1kg,SKU-GRO-002,Packaged Groceries,SALE,-1,111,110,2026-06-27 15:02:35,POS Sale INV-2026-1677
txn-10453,prod-02,Ergonomic Optical Wireless Mouse,SKU-ELE-002,Electronics & Gadgets,SALE,-3,83,80,2026-06-27 15:02:35,POS Sale INV-2026-1677
txn-10454,prod-01,Wireless Bluetooth Headset Pro,SKU-ELE-001,Electronics & Gadgets,SALE,-1,46,45,2026-06-27 15:02:35,POS Sale INV-2026-1677
txn-10455,prod-17,100% Cotton Polo Shirt (Medium),SKU-APP-001,Apparel & Wearables,SALE,-1,96,95,2026-06-27 15:02:35,POS Sale INV-2026-1677
txn-10456,prod-07,Heavy-Duty Desktop Stapler,SKU-OFF-003,Office Supplies,SALE,-2,42,40,2026-06-27 18:40:19,POS Sale INV-2026-1678
txn-10457,prod-02,Ergonomic Optical Wireless Mouse,SKU-ELE-002,Electronics & Gadgets,SALE,-1,81,80,2026-06-27 18:40:19,POS Sale INV-2026-1678
txn-10458,prod-09,Arabica Whole Bean Coffee 1kg,SKU-BEV-001,Beverages & Drinks,SALE,-1,61,60,2026-06-27 16:21:23,POS Sale INV-2026-1679
txn-10459,prod-05,A4 Premium Copy Paper 500 Sheets,SKU-OFF-001,Office Supplies,SALE,-2,252,250,2026-06-27 16:21:23,POS Sale INV-2026-1679
txn-10460,prod-24,Heavy-Duty Steel Measuring Tape 8m,SKU-HAR-004,Hardware & Tools,SALE,-1,91,90,2026-06-27 18:38:30,POS Sale INV-2026-1680
txn-10461,prod-07,Heavy-Duty Desktop Stapler,SKU-OFF-003,Office Supplies,SALE,-4,44,40,2026-06-27 19:14:00,POS Sale INV-2026-1681
txn-10462,prod-20,Breathable Fleece Jacket (Large),SKU-APP-004,Apparel & Wearables,SALE,-1,36,35,2026-06-27 19:14:00,POS Sale INV-2026-1681
txn-10463,prod-16,Assorted Roasted Almonds 250g,SKU-GRO-004,Packaged Groceries,SALE,-1,86,85,2026-06-27 19:14:00,POS Sale INV-2026-1681
txn-10464,prod-25,Antibacterial Hand Sanitizer 500ml,SKU-PER-001,Personal Care,SALE,-1,301,300,2026-06-27 14:44:06,POS Sale INV-2026-1682
txn-10465,prod-07,Heavy-Duty Desktop Stapler,SKU-OFF-003,Office Supplies,SALE,-4,44,40,2026-06-27 15:06:16,POS Sale INV-2026-1683
txn-10466,prod-10,Organic Green Tea (Box of 50 Bags),SKU-BEV-002,Beverages & Drinks,SALE,-2,92,90,2026-06-27 15:06:16,POS Sale INV-2026-1683
txn-10467,prod-01,Wireless Bluetooth Headset Pro,SKU-ELE-001,Electronics & Gadgets,SALE,-4,49,45,2026-06-27 15:06:16,POS Sale INV-2026-1683
txn-10468,prod-18,High-Visibility Safety Vest,SKU-APP-002,Apparel & Wearables,SALE,-2,142,140,2026-06-28 15:13:29,POS Sale INV-2026-1684
txn-10469,prod-25,Antibacterial Hand Sanitizer 500ml,SKU-PER-001,Personal Care,SALE,-4,304,300,2026-06-28 15:02:59,POS Sale INV-2026-1685
txn-10470,prod-23,Digital Laser Distance Meter 50m,SKU-HAR-003,Hardware & Tools,SALE,-2,30,28,2026-06-28 16:29:42,POS Sale INV-2026-1686
txn-10471,prod-09,Arabica Whole Bean Coffee 1kg,SKU-BEV-001,Beverages & Drinks,SALE,-2,62,60,2026-06-28 16:29:42,POS Sale INV-2026-1686
txn-10472,prod-28,Electric Stainless Steel Kettle 1.7L,SKU-HOM-001,Home Appliances,SALE,-2,34,32,2026-06-28 16:29:42,POS Sale INV-2026-1686
txn-10473,prod-01,Wireless Bluetooth Headset Pro,SKU-ELE-001,Electronics & Gadgets,SALE,-6,51,45,2026-06-28 16:29:42,POS Sale INV-2026-1686
txn-10474,prod-10,Organic Green Tea (Box of 50 Bags),SKU-BEV-002,Beverages & Drinks,SALE,-1,91,90,2026-06-28 09:33:47,POS Sale INV-2026-1687
txn-10475,prod-07,Heavy-Duty Desktop Stapler,SKU-OFF-003,Office Supplies,SALE,-3,43,40,2026-06-28 16:59:32,POS Sale INV-2026-1688
txn-10476,prod-10,Organic Green Tea (Box of 50 Bags),SKU-BEV-002,Beverages & Drinks,SALE,-4,94,90,2026-06-28 16:59:32,POS Sale INV-2026-1688
txn-10477,prod-11,Sparkling Mineral Water 500ml (Pack 12),SKU-BEV-003,Beverages & Drinks,SALE,-4,79,75,2026-06-28 11:06:24,POS Sale INV-2026-1689
txn-10478,prod-03,Mechanical RGB Gaming Keyboard,SKU-ELE-003,Electronics & Gadgets,SALE,-1,31,30,2026-06-28 15:26:38,POS Sale INV-2026-1690
txn-10479,prod-05,A4 Premium Copy Paper 500 Sheets,SKU-OFF-001,Office Supplies,SALE,-1,251,250,2026-06-28 14:18:28,POS Sale INV-2026-1691
txn-10480,prod-28,Electric Stainless Steel Kettle 1.7L,SKU-HOM-001,Home Appliances,SALE,-1,33,32,2026-06-28 14:18:28,POS Sale INV-2026-1691
txn-10481,prod-24,Heavy-Duty Steel Measuring Tape 8m,SKU-HAR-004,Hardware & Tools,SALE,-3,93,90,2026-06-29 17:19:53,POS Sale INV-2026-1692
txn-10482,prod-16,Assorted Roasted Almonds 250g,SKU-GRO-004,Packaged Groceries,SALE,-2,87,85,2026-06-29 17:19:53,POS Sale INV-2026-1692
txn-10483,prod-02,Ergonomic Optical Wireless Mouse,SKU-ELE-002,Electronics & Gadgets,SALE,-2,82,80,2026-06-29 12:13:39,POS Sale INV-2026-1693
txn-10484,prod-01,Wireless Bluetooth Headset Pro,SKU-ELE-001,Electronics & Gadgets,SALE,-1,46,45,2026-06-29 12:13:39,POS Sale INV-2026-1693
txn-10485,prod-06,Gel Ink Rollerball Pens (Box of 12),SKU-OFF-002,Office Supplies,SALE,-1,121,120,2026-06-29 12:13:39,POS Sale INV-2026-1693
txn-10486,prod-26,Gentle Moisturizing Hand Soap 1L,SKU-PER-002,Personal Care,SALE,-1,151,150,2026-06-29 11:45:41,POS Sale INV-2026-1694
txn-10487,prod-09,Arabica Whole Bean Coffee 1kg,SKU-BEV-001,Beverages & Drinks,SALE,-1,61,60,2026-06-29 11:45:41,POS Sale INV-2026-1694
txn-10488,prod-20,Breathable Fleece Jacket (Large),SKU-APP-004,Apparel & Wearables,SALE,-1,36,35,2026-06-29 11:45:41,POS Sale INV-2026-1694
txn-10489,prod-07,Heavy-Duty Desktop Stapler,SKU-OFF-003,Office Supplies,SALE,-1,41,40,2026-06-29 11:45:41,POS Sale INV-2026-1694
txn-10490,prod-05,A4 Premium Copy Paper 500 Sheets,SKU-OFF-001,Office Supplies,SALE,-1,251,250,2026-06-29 19:20:45,POS Sale INV-2026-1695
txn-10491,prod-22,Professional Precision Screwdriver Kit,SKU-HAR-002,Hardware & Tools,SALE,-1,56,55,2026-06-29 19:20:45,POS Sale INV-2026-1695
txn-10492,prod-15,Raw Honey Jar 500g,SKU-GRO-003,Packaged Groceries,SALE,-1,66,65,2026-06-29 19:20:45,POS Sale INV-2026-1695
txn-10493,prod-12,Natural Cold Pressed Citrus Juice 1L,SKU-BEV-004,Beverages & Drinks,SALE,-1,41,40,2026-06-29 18:42:45,POS Sale INV-2026-1696
txn-10494,prod-05,A4 Premium Copy Paper 500 Sheets,SKU-OFF-001,Office Supplies,SALE,-1,251,250,2026-06-29 18:42:45,POS Sale INV-2026-1696
txn-10495,prod-10,Organic Green Tea (Box of 50 Bags),SKU-BEV-002,Beverages & Drinks,SALE,-3,93,90,2026-06-29 15:51:00,POS Sale INV-2026-1697
txn-10496,prod-22,Professional Precision Screwdriver Kit,SKU-HAR-002,Hardware & Tools,SALE,-1,56,55,2026-06-29 15:51:00,POS Sale INV-2026-1697
txn-10497,prod-19,Waterproof Work Gloves (Pair),SKU-APP-003,Apparel & Wearables,SALE,-2,182,180,2026-06-29 15:51:00,POS Sale INV-2026-1697
txn-10498,prod-27,Microfiber Facial Towels (Pack of 4),SKU-PER-003,Personal Care,SALE,-3,73,70,2026-06-29 15:51:00,POS Sale INV-2026-1697
txn-10499,prod-10,Organic Green Tea (Box of 50 Bags),SKU-BEV-002,Beverages & Drinks,SALE,-1,91,90,2026-06-29 19:03:12,POS Sale INV-2026-1698
txn-10500,prod-25,Antibacterial Hand Sanitizer 500ml,SKU-PER-001,Personal Care,SALE,-1,301,300,2026-06-29 19:16:09,POS Sale INV-2026-1699
txn-10501,prod-03,Mechanical RGB Gaming Keyboard,SKU-ELE-003,Electronics & Gadgets,SALE,-1,31,30,2026-06-29 19:16:09,POS Sale INV-2026-1699
txn-10502,prod-16,Assorted Roasted Almonds 250g,SKU-GRO-004,Packaged Groceries,SALE,-6,91,85,2026-06-29 19:16:09,POS Sale INV-2026-1699
txn-10503,prod-02,Ergonomic Optical Wireless Mouse,SKU-ELE-002,Electronics & Gadgets,SALE,-1,81,80,2026-06-30 17:02:22,POS Sale INV-2026-1700
txn-10504,prod-01,Wireless Bluetooth Headset Pro,SKU-ELE-001,Electronics & Gadgets,SALE,-1,46,45,2026-06-30 17:55:14,POS Sale INV-2026-1701
txn-10505,prod-19,Waterproof Work Gloves (Pair),SKU-APP-003,Apparel & Wearables,SALE,-1,181,180,2026-06-30 17:55:14,POS Sale INV-2026-1701
txn-10506,prod-15,Raw Honey Jar 500g,SKU-GRO-003,Packaged Groceries,SALE,-1,66,65,2026-06-30 17:55:14,POS Sale INV-2026-1701
txn-10507,prod-27,Microfiber Facial Towels (Pack of 4),SKU-PER-003,Personal Care,SALE,-2,72,70,2026-06-30 13:44:42,POS Sale INV-2026-1702
txn-10508,prod-07,Heavy-Duty Desktop Stapler,SKU-OFF-003,Office Supplies,SALE,-1,41,40,2026-06-30 19:20:35,POS Sale INV-2026-1703
txn-10509,prod-28,Electric Stainless Steel Kettle 1.7L,SKU-HOM-001,Home Appliances,SALE,-2,34,32,2026-06-30 19:20:35,POS Sale INV-2026-1703
txn-10510,prod-12,Natural Cold Pressed Citrus Juice 1L,SKU-BEV-004,Beverages & Drinks,SALE,-1,41,40,2026-06-30 19:20:35,POS Sale INV-2026-1703
txn-10511,prod-10,Organic Green Tea (Box of 50 Bags),SKU-BEV-002,Beverages & Drinks,SALE,-1,91,90,2026-06-30 19:20:35,POS Sale INV-2026-1703
txn-10512,prod-02,Ergonomic Optical Wireless Mouse,SKU-ELE-002,Electronics & Gadgets,SALE,-2,82,80,2026-06-30 19:20:35,POS Sale INV-2026-1703
txn-10513,prod-16,Assorted Roasted Almonds 250g,SKU-GRO-004,Packaged Groceries,SALE,-1,86,85,2026-06-30 16:53:14,POS Sale INV-2026-1704
txn-10514,prod-10,Organic Green Tea (Box of 50 Bags),SKU-BEV-002,Beverages & Drinks,SALE,-1,91,90,2026-07-01 17:47:38,POS Sale INV-2026-1705
txn-10515,prod-25,Antibacterial Hand Sanitizer 500ml,SKU-PER-001,Personal Care,SALE,-1,301,300,2026-07-01 17:47:38,POS Sale INV-2026-1705
txn-10516,prod-13,Organic Extra Virgin Olive Oil 750ml,SKU-GRO-001,Packaged Groceries,SALE,-1,51,50,2026-07-01 11:43:04,POS Sale INV-2026-1706
txn-10517,prod-06,Gel Ink Rollerball Pens (Box of 12),SKU-OFF-002,Office Supplies,SALE,-3,123,120,2026-07-01 09:27:17,POS Sale INV-2026-1707
txn-10518,prod-11,Sparkling Mineral Water 500ml (Pack 12),SKU-BEV-003,Beverages & Drinks,SALE,-1,76,75,2026-07-01 09:27:17,POS Sale INV-2026-1707
txn-10519,prod-25,Antibacterial Hand Sanitizer 500ml,SKU-PER-001,Personal Care,SALE,-1,301,300,2026-07-01 09:27:17,POS Sale INV-2026-1707
txn-10520,prod-27,Microfiber Facial Towels (Pack of 4),SKU-PER-003,Personal Care,SALE,-1,71,70,2026-07-01 13:00:21,POS Sale INV-2026-1708
txn-10521,prod-20,Breathable Fleece Jacket (Large),SKU-APP-004,Apparel & Wearables,SALE,-1,36,35,2026-07-01 14:38:03,POS Sale INV-2026-1709
txn-10522,prod-15,Raw Honey Jar 500g,SKU-GRO-003,Packaged Groceries,SALE,-1,66,65,2026-07-01 14:38:03,POS Sale INV-2026-1709
txn-10523,prod-01,Wireless Bluetooth Headset Pro,SKU-ELE-001,Electronics & Gadgets,SALE,-2,47,45,2026-07-01 14:38:03,POS Sale INV-2026-1709
txn-10524,prod-13,Organic Extra Virgin Olive Oil 750ml,SKU-GRO-001,Packaged Groceries,SALE,-6,56,50,2026-07-01 14:38:03,POS Sale INV-2026-1709
txn-10525,prod-22,Professional Precision Screwdriver Kit,SKU-HAR-002,Hardware & Tools,SALE,-1,56,55,2026-07-01 13:31:50,POS Sale INV-2026-1710
txn-10526,prod-02,Ergonomic Optical Wireless Mouse,SKU-ELE-002,Electronics & Gadgets,SALE,-1,81,80,2026-07-01 13:31:50,POS Sale INV-2026-1710
txn-10527,prod-27,Microfiber Facial Towels (Pack of 4),SKU-PER-003,Personal Care,SALE,-1,71,70,2026-07-01 14:33:14,POS Sale INV-2026-1711
txn-10528,prod-19,Waterproof Work Gloves (Pair),SKU-APP-003,Apparel & Wearables,SALE,-1,181,180,2026-07-01 14:33:14,POS Sale INV-2026-1711
txn-10529,prod-11,Sparkling Mineral Water 500ml (Pack 12),SKU-BEV-003,Beverages & Drinks,SALE,-2,77,75,2026-07-01 11:26:34,POS Sale INV-2026-1712
txn-10530,prod-25,Antibacterial Hand Sanitizer 500ml,SKU-PER-001,Personal Care,SALE,-2,302,300,2026-07-01 11:26:34,POS Sale INV-2026-1712
txn-10531,prod-07,Heavy-Duty Desktop Stapler,SKU-OFF-003,Office Supplies,SALE,-1,41,40,2026-07-01 12:42:21,POS Sale INV-2026-1713
txn-10532,prod-12,Natural Cold Pressed Citrus Juice 1L,SKU-BEV-004,Beverages & Drinks,SALE,-2,42,40,2026-07-02 18:33:30,POS Sale INV-2026-1714
txn-10533,prod-02,Ergonomic Optical Wireless Mouse,SKU-ELE-002,Electronics & Gadgets,SALE,-1,81,80,2026-07-02 14:28:15,POS Sale INV-2026-1715
txn-10534,prod-11,Sparkling Mineral Water 500ml (Pack 12),SKU-BEV-003,Beverages & Drinks,SALE,-1,76,75,2026-07-02 14:28:15,POS Sale INV-2026-1715
txn-10535,prod-01,Wireless Bluetooth Headset Pro,SKU-ELE-001,Electronics & Gadgets,SALE,-3,48,45,2026-07-02 09:43:56,POS Sale INV-2026-1716
txn-10536,prod-12,Natural Cold Pressed Citrus Juice 1L,SKU-BEV-004,Beverages & Drinks,SALE,-1,41,40,2026-07-02 09:43:56,POS Sale INV-2026-1716
txn-10537,prod-05,A4 Premium Copy Paper 500 Sheets,SKU-OFF-001,Office Supplies,SALE,-1,251,250,2026-07-02 09:43:56,POS Sale INV-2026-1716
txn-10538,prod-22,Professional Precision Screwdriver Kit,SKU-HAR-002,Hardware & Tools,SALE,-1,56,55,2026-07-02 17:46:18,POS Sale INV-2026-1717
txn-10539,prod-27,Microfiber Facial Towels (Pack of 4),SKU-PER-003,Personal Care,SALE,-3,73,70,2026-07-02 17:46:18,POS Sale INV-2026-1717
txn-10540,prod-26,Gentle Moisturizing Hand Soap 1L,SKU-PER-002,Personal Care,SALE,-1,151,150,2026-07-02 17:28:31,POS Sale INV-2026-1718
txn-10541,prod-18,High-Visibility Safety Vest,SKU-APP-002,Apparel & Wearables,SALE,-2,142,140,2026-07-02 17:28:31,POS Sale INV-2026-1718
txn-10542,prod-11,Sparkling Mineral Water 500ml (Pack 12),SKU-BEV-003,Beverages & Drinks,SALE,-1,76,75,2026-07-02 17:28:31,POS Sale INV-2026-1718
txn-10543,prod-22,Professional Precision Screwdriver Kit,SKU-HAR-002,Hardware & Tools,SALE,-2,57,55,2026-07-02 17:28:31,POS Sale INV-2026-1718
txn-10544,prod-05,A4 Premium Copy Paper 500 Sheets,SKU-OFF-001,Office Supplies,SALE,-3,253,250,2026-07-02 10:06:10,POS Sale INV-2026-1719
txn-10545,prod-25,Antibacterial Hand Sanitizer 500ml,SKU-PER-001,Personal Care,SALE,-1,301,300,2026-07-02 10:06:10,POS Sale INV-2026-1719
txn-10546,prod-15,Raw Honey Jar 500g,SKU-GRO-003,Packaged Groceries,SALE,-1,66,65,2026-07-02 10:06:10,POS Sale INV-2026-1719
txn-10547,prod-07,Heavy-Duty Desktop Stapler,SKU-OFF-003,Office Supplies,SALE,-1,41,40,2026-07-02 19:04:13,POS Sale INV-2026-1720
txn-10548,prod-25,Antibacterial Hand Sanitizer 500ml,SKU-PER-001,Personal Care,SALE,-1,301,300,2026-07-02 19:04:13,POS Sale INV-2026-1720
txn-10549,prod-13,Organic Extra Virgin Olive Oil 750ml,SKU-GRO-001,Packaged Groceries,SALE,-1,51,50,2026-07-02 19:04:13,POS Sale INV-2026-1720
txn-10550,prod-14,Wholegrain Oats 1kg,SKU-GRO-002,Packaged Groceries,SALE,-1,111,110,2026-07-02 19:04:13,POS Sale INV-2026-1720
txn-10551,prod-01,Wireless Bluetooth Headset Pro,SKU-ELE-001,Electronics & Gadgets,SALE,-6,51,45,2026-07-02 15:53:06,POS Sale INV-2026-1721
txn-10552,prod-11,Sparkling Mineral Water 500ml (Pack 12),SKU-BEV-003,Beverages & Drinks,SALE,-4,79,75,2026-07-02 10:47:43,POS Sale INV-2026-1722
txn-10553,prod-22,Professional Precision Screwdriver Kit,SKU-HAR-002,Hardware & Tools,SALE,-1,56,55,2026-07-02 10:47:43,POS Sale INV-2026-1722
txn-10554,prod-10,Organic Green Tea (Box of 50 Bags),SKU-BEV-002,Beverages & Drinks,SALE,-2,92,90,2026-07-02 10:47:43,POS Sale INV-2026-1722
txn-10555,prod-19,Waterproof Work Gloves (Pair),SKU-APP-003,Apparel & Wearables,SALE,-1,181,180,2026-07-02 10:47:43,POS Sale INV-2026-1722
txn-10556,prod-25,Antibacterial Hand Sanitizer 500ml,SKU-PER-001,Personal Care,SALE,-6,306,300,2026-07-02 10:47:43,POS Sale INV-2026-1722
txn-10557,prod-20,Breathable Fleece Jacket (Large),SKU-APP-004,Apparel & Wearables,SALE,-4,39,35,2026-07-03 10:03:11,POS Sale INV-2026-1723
txn-10558,prod-05,A4 Premium Copy Paper 500 Sheets,SKU-OFF-001,Office Supplies,SALE,-1,251,250,2026-07-03 10:03:11,POS Sale INV-2026-1723
txn-10559,prod-06,Gel Ink Rollerball Pens (Box of 12),SKU-OFF-002,Office Supplies,SALE,-1,121,120,2026-07-03 12:58:16,POS Sale INV-2026-1724
txn-10560,prod-09,Arabica Whole Bean Coffee 1kg,SKU-BEV-001,Beverages & Drinks,SALE,-1,61,60,2026-07-03 12:58:16,POS Sale INV-2026-1724
txn-10561,prod-05,A4 Premium Copy Paper 500 Sheets,SKU-OFF-001,Office Supplies,SALE,-1,251,250,2026-07-03 09:24:43,POS Sale INV-2026-1725
txn-10562,prod-26,Gentle Moisturizing Hand Soap 1L,SKU-PER-002,Personal Care,SALE,-1,151,150,2026-07-03 18:02:44,POS Sale INV-2026-1726
txn-10563,prod-03,Mechanical RGB Gaming Keyboard,SKU-ELE-003,Electronics & Gadgets,SALE,-1,31,30,2026-07-03 18:02:44,POS Sale INV-2026-1726
txn-10564,prod-11,Sparkling Mineral Water 500ml (Pack 12),SKU-BEV-003,Beverages & Drinks,SALE,-2,77,75,2026-07-03 18:02:44,POS Sale INV-2026-1726
txn-10565,prod-05,A4 Premium Copy Paper 500 Sheets,SKU-OFF-001,Office Supplies,SALE,-1,251,250,2026-07-03 19:19:38,POS Sale INV-2026-1727
txn-10566,prod-07,Heavy-Duty Desktop Stapler,SKU-OFF-003,Office Supplies,SALE,-3,43,40,2026-07-03 19:19:38,POS Sale INV-2026-1727
txn-10567,prod-05,A4 Premium Copy Paper 500 Sheets,SKU-OFF-001,Office Supplies,SALE,-1,251,250,2026-07-03 19:01:30,POS Sale INV-2026-1728
txn-10568,prod-06,Gel Ink Rollerball Pens (Box of 12),SKU-OFF-002,Office Supplies,SALE,-1,121,120,2026-07-03 19:01:30,POS Sale INV-2026-1728
txn-10569,prod-26,Gentle Moisturizing Hand Soap 1L,SKU-PER-002,Personal Care,SALE,-1,151,150,2026-07-03 19:01:30,POS Sale INV-2026-1728
txn-10570,prod-27,Microfiber Facial Towels (Pack of 4),SKU-PER-003,Personal Care,SALE,-1,71,70,2026-07-03 19:01:30,POS Sale INV-2026-1728
txn-10571,prod-12,Natural Cold Pressed Citrus Juice 1L,SKU-BEV-004,Beverages & Drinks,SALE,-1,41,40,2026-07-03 19:01:30,POS Sale INV-2026-1728
txn-10572,prod-01,Wireless Bluetooth Headset Pro,SKU-ELE-001,Electronics & Gadgets,SALE,-1,46,45,2026-07-03 17:18:40,POS Sale INV-2026-1729
txn-10573,prod-25,Antibacterial Hand Sanitizer 500ml,SKU-PER-001,Personal Care,SALE,-1,301,300,2026-07-03 17:18:40,POS Sale INV-2026-1729
txn-10574,prod-11,Sparkling Mineral Water 500ml (Pack 12),SKU-BEV-003,Beverages & Drinks,SALE,-1,76,75,2026-07-03 09:35:55,POS Sale INV-2026-1730
txn-10575,prod-28,Electric Stainless Steel Kettle 1.7L,SKU-HOM-001,Home Appliances,SALE,-1,33,32,2026-07-03 09:35:55,POS Sale INV-2026-1730
txn-10576,prod-09,Arabica Whole Bean Coffee 1kg,SKU-BEV-001,Beverages & Drinks,SALE,-1,61,60,2026-07-03 18:25:34,POS Sale INV-2026-1731
txn-10577,prod-26,Gentle Moisturizing Hand Soap 1L,SKU-PER-002,Personal Care,SALE,-1,151,150,2026-07-03 18:25:34,POS Sale INV-2026-1731
txn-10578,prod-11,Sparkling Mineral Water 500ml (Pack 12),SKU-BEV-003,Beverages & Drinks,SALE,-1,76,75,2026-07-03 18:25:34,POS Sale INV-2026-1731
txn-10579,prod-25,Antibacterial Hand Sanitizer 500ml,SKU-PER-001,Personal Care,SALE,-4,304,300,2026-07-03 14:13:26,POS Sale INV-2026-1732
txn-10580,prod-06,Gel Ink Rollerball Pens (Box of 12),SKU-OFF-002,Office Supplies,SALE,-1,121,120,2026-07-03 14:13:26,POS Sale INV-2026-1732
txn-10581,prod-24,Heavy-Duty Steel Measuring Tape 8m,SKU-HAR-004,Hardware & Tools,SALE,-1,91,90,2026-07-03 14:13:26,POS Sale INV-2026-1732
txn-10582,prod-26,Gentle Moisturizing Hand Soap 1L,SKU-PER-002,Personal Care,SALE,-1,151,150,2026-07-03 12:39:53,POS Sale INV-2026-1733
txn-10583,prod-24,Heavy-Duty Steel Measuring Tape 8m,SKU-HAR-004,Hardware & Tools,SALE,-1,91,90,2026-07-03 18:54:03,POS Sale INV-2026-1734
txn-10584,prod-12,Natural Cold Pressed Citrus Juice 1L,SKU-BEV-004,Beverages & Drinks,SALE,-1,41,40,2026-07-03 10:18:42,POS Sale INV-2026-1735
txn-10585,prod-10,Organic Green Tea (Box of 50 Bags),SKU-BEV-002,Beverages & Drinks,SALE,-1,91,90,2026-07-03 10:18:42,POS Sale INV-2026-1735
txn-10586,prod-16,Assorted Roasted Almonds 250g,SKU-GRO-004,Packaged Groceries,SALE,-2,87,85,2026-07-04 16:21:22,POS Sale INV-2026-1736
txn-10587,prod-05,A4 Premium Copy Paper 500 Sheets,SKU-OFF-001,Office Supplies,SALE,-1,251,250,2026-07-04 18:04:57,POS Sale INV-2026-1737
txn-10588,prod-08,Adjustable Mesh Executive Chair,SKU-OFF-004,Office Supplies,SALE,-2,10,8,2026-07-04 18:04:57,POS Sale INV-2026-1737
txn-10589,prod-11,Sparkling Mineral Water 500ml (Pack 12),SKU-BEV-003,Beverages & Drinks,SALE,-1,76,75,2026-07-04 18:04:57,POS Sale INV-2026-1737
txn-10590,prod-11,Sparkling Mineral Water 500ml (Pack 12),SKU-BEV-003,Beverages & Drinks,SALE,-2,77,75,2026-07-04 19:19:44,POS Sale INV-2026-1738
txn-10591,prod-19,Waterproof Work Gloves (Pair),SKU-APP-003,Apparel & Wearables,SALE,-1,181,180,2026-07-04 14:27:10,POS Sale INV-2026-1739
txn-10592,prod-26,Gentle Moisturizing Hand Soap 1L,SKU-PER-002,Personal Care,SALE,-1,151,150,2026-07-04 19:27:17,POS Sale INV-2026-1740
txn-10593,prod-09,Arabica Whole Bean Coffee 1kg,SKU-BEV-001,Beverages & Drinks,SALE,-2,62,60,2026-07-04 19:27:17,POS Sale INV-2026-1740
txn-10594,prod-06,Gel Ink Rollerball Pens (Box of 12),SKU-OFF-002,Office Supplies,SALE,-3,123,120,2026-07-04 19:27:17,POS Sale INV-2026-1740
txn-10595,prod-11,Sparkling Mineral Water 500ml (Pack 12),SKU-BEV-003,Beverages & Drinks,SALE,-2,77,75,2026-07-04 19:27:17,POS Sale INV-2026-1740
txn-10596,prod-11,Sparkling Mineral Water 500ml (Pack 12),SKU-BEV-003,Beverages & Drinks,SALE,-1,76,75,2026-07-04 16:28:22,POS Sale INV-2026-1741
txn-10597,prod-05,A4 Premium Copy Paper 500 Sheets,SKU-OFF-001,Office Supplies,SALE,-2,252,250,2026-07-04 16:28:22,POS Sale INV-2026-1741
txn-10598,prod-23,Digital Laser Distance Meter 50m,SKU-HAR-003,Hardware & Tools,SALE,-1,29,28,2026-07-04 16:28:22,POS Sale INV-2026-1741
txn-10599,prod-30,Compact Digital Microwave Oven 20L,SKU-HOM-003,Home Appliances,SALE,-1,16,15,2026-07-04 19:38:05,POS Sale INV-2026-1742
txn-10600,prod-28,Electric Stainless Steel Kettle 1.7L,SKU-HOM-001,Home Appliances,SALE,-1,33,32,2026-07-04 19:04:46,POS Sale INV-2026-1743
txn-10601,prod-25,Antibacterial Hand Sanitizer 500ml,SKU-PER-001,Personal Care,SALE,-1,301,300,2026-07-04 19:04:46,POS Sale INV-2026-1743
txn-10602,prod-19,Waterproof Work Gloves (Pair),SKU-APP-003,Apparel & Wearables,SALE,-2,182,180,2026-07-04 19:04:46,POS Sale INV-2026-1743
txn-10603,prod-16,Assorted Roasted Almonds 250g,SKU-GRO-004,Packaged Groceries,SALE,-1,86,85,2026-07-04 19:04:46,POS Sale INV-2026-1743
txn-10604,prod-26,Gentle Moisturizing Hand Soap 1L,SKU-PER-002,Personal Care,SALE,-1,151,150,2026-07-04 19:04:46,POS Sale INV-2026-1743
txn-10605,prod-16,Assorted Roasted Almonds 250g,SKU-GRO-004,Packaged Groceries,SALE,-3,88,85,2026-07-04 18:37:25,POS Sale INV-2026-1744
txn-10606,prod-27,Microfiber Facial Towels (Pack of 4),SKU-PER-003,Personal Care,SALE,-2,72,70,2026-07-04 17:57:34,POS Sale INV-2026-1745
txn-10607,prod-16,Assorted Roasted Almonds 250g,SKU-GRO-004,Packaged Groceries,SALE,-2,87,85,2026-07-04 12:57:49,POS Sale INV-2026-1746
txn-10608,prod-24,Heavy-Duty Steel Measuring Tape 8m,SKU-HAR-004,Hardware & Tools,SALE,-1,91,90,2026-07-04 12:57:49,POS Sale INV-2026-1746
txn-10609,prod-01,Wireless Bluetooth Headset Pro,SKU-ELE-001,Electronics & Gadgets,SALE,-3,48,45,2026-07-04 12:57:49,POS Sale INV-2026-1746
txn-10610,prod-09,Arabica Whole Bean Coffee 1kg,SKU-BEV-001,Beverages & Drinks,SALE,-1,61,60,2026-07-04 17:32:05,POS Sale INV-2026-1747
txn-10611,prod-06,Gel Ink Rollerball Pens (Box of 12),SKU-OFF-002,Office Supplies,SALE,-1,121,120,2026-07-04 17:32:05,POS Sale INV-2026-1747
txn-10612,prod-24,Heavy-Duty Steel Measuring Tape 8m,SKU-HAR-004,Hardware & Tools,SALE,-6,96,90,2026-07-04 17:32:05,POS Sale INV-2026-1747
txn-10613,prod-07,Heavy-Duty Desktop Stapler,SKU-OFF-003,Office Supplies,SALE,-2,42,40,2026-07-04 17:32:05,POS Sale INV-2026-1747
txn-10614,prod-26,Gentle Moisturizing Hand Soap 1L,SKU-PER-002,Personal Care,SALE,-3,153,150,2026-07-04 17:32:05,POS Sale INV-2026-1747
txn-10615,prod-17,100% Cotton Polo Shirt (Medium),SKU-APP-001,Apparel & Wearables,SALE,-1,96,95,2026-07-05 18:43:10,POS Sale INV-2026-1748
txn-10616,prod-20,Breathable Fleece Jacket (Large),SKU-APP-004,Apparel & Wearables,SALE,-1,36,35,2026-07-05 18:43:10,POS Sale INV-2026-1748
txn-10617,prod-24,Heavy-Duty Steel Measuring Tape 8m,SKU-HAR-004,Hardware & Tools,SALE,-1,91,90,2026-07-05 18:36:42,POS Sale INV-2026-1749
txn-10618,prod-07,Heavy-Duty Desktop Stapler,SKU-OFF-003,Office Supplies,SALE,-2,42,40,2026-07-05 09:14:48,POS Sale INV-2026-1750
txn-10619,prod-18,High-Visibility Safety Vest,SKU-APP-002,Apparel & Wearables,SALE,-1,141,140,2026-07-05 09:14:48,POS Sale INV-2026-1750
txn-10620,prod-05,A4 Premium Copy Paper 500 Sheets,SKU-OFF-001,Office Supplies,SALE,-2,252,250,2026-07-05 09:42:13,POS Sale INV-2026-1751
txn-10621,prod-01,Wireless Bluetooth Headset Pro,SKU-ELE-001,Electronics & Gadgets,SALE,-1,46,45,2026-07-05 16:56:02,POS Sale INV-2026-1752
txn-10622,prod-22,Professional Precision Screwdriver Kit,SKU-HAR-002,Hardware & Tools,SALE,-4,59,55,2026-07-05 16:56:02,POS Sale INV-2026-1752
txn-10623,prod-10,Organic Green Tea (Box of 50 Bags),SKU-BEV-002,Beverages & Drinks,SALE,-1,91,90,2026-07-05 16:56:02,POS Sale INV-2026-1752
txn-10624,prod-01,Wireless Bluetooth Headset Pro,SKU-ELE-001,Electronics & Gadgets,SALE,-1,46,45,2026-07-05 17:40:53,POS Sale INV-2026-1753
txn-10625,prod-03,Mechanical RGB Gaming Keyboard,SKU-ELE-003,Electronics & Gadgets,SALE,-1,31,30,2026-07-05 17:40:53,POS Sale INV-2026-1753
txn-10626,prod-12,Natural Cold Pressed Citrus Juice 1L,SKU-BEV-004,Beverages & Drinks,SALE,-1,41,40,2026-07-05 18:11:24,POS Sale INV-2026-1754
txn-10627,prod-15,Raw Honey Jar 500g,SKU-GRO-003,Packaged Groceries,SALE,-1,66,65,2026-07-05 18:11:24,POS Sale INV-2026-1754
txn-10628,prod-28,Electric Stainless Steel Kettle 1.7L,SKU-HOM-001,Home Appliances,SALE,-3,35,32,2026-07-05 10:33:16,POS Sale INV-2026-1755
txn-10629,prod-02,Ergonomic Optical Wireless Mouse,SKU-ELE-002,Electronics & Gadgets,SALE,-1,81,80,2026-07-05 10:33:16,POS Sale INV-2026-1755
txn-10630,prod-14,Wholegrain Oats 1kg,SKU-GRO-002,Packaged Groceries,SALE,-1,111,110,2026-07-05 14:52:55,POS Sale INV-2026-1756
txn-10631,prod-02,Ergonomic Optical Wireless Mouse,SKU-ELE-002,Electronics & Gadgets,SALE,-2,82,80,2026-07-05 14:52:55,POS Sale INV-2026-1756
txn-10632,prod-26,Gentle Moisturizing Hand Soap 1L,SKU-PER-002,Personal Care,SALE,-1,151,150,2026-07-05 09:32:56,POS Sale INV-2026-1757
txn-10633,prod-22,Professional Precision Screwdriver Kit,SKU-HAR-002,Hardware & Tools,SALE,-1,56,55,2026-07-05 19:17:13,POS Sale INV-2026-1758
txn-10634,prod-21,20V Cordless Power Drill Set,SKU-HAR-001,Hardware & Tools,SALE,-2,24,22,2026-07-05 10:42:14,POS Sale INV-2026-1759
txn-10635,prod-26,Gentle Moisturizing Hand Soap 1L,SKU-PER-002,Personal Care,SALE,-2,152,150,2026-07-05 10:42:14,POS Sale INV-2026-1759
txn-10636,prod-27,Microfiber Facial Towels (Pack of 4),SKU-PER-003,Personal Care,SALE,-1,71,70,2026-07-05 16:30:13,POS Sale INV-2026-1760
txn-10637,prod-09,Arabica Whole Bean Coffee 1kg,SKU-BEV-001,Beverages & Drinks,SALE,-1,61,60,2026-07-05 16:30:13,POS Sale INV-2026-1760
txn-10638,prod-19,Waterproof Work Gloves (Pair),SKU-APP-003,Apparel & Wearables,SALE,-2,182,180,2026-07-06 09:08:36,POS Sale INV-2026-1761
txn-10639,prod-01,Wireless Bluetooth Headset Pro,SKU-ELE-001,Electronics & Gadgets,SALE,-1,46,45,2026-07-06 18:09:03,POS Sale INV-2026-1762
txn-10640,prod-22,Professional Precision Screwdriver Kit,SKU-HAR-002,Hardware & Tools,SALE,-2,57,55,2026-07-06 18:09:03,POS Sale INV-2026-1762
txn-10641,prod-10,Organic Green Tea (Box of 50 Bags),SKU-BEV-002,Beverages & Drinks,SALE,-1,91,90,2026-07-06 15:38:36,POS Sale INV-2026-1763
txn-10642,prod-05,A4 Premium Copy Paper 500 Sheets,SKU-OFF-001,Office Supplies,SALE,-3,253,250,2026-07-06 15:38:36,POS Sale INV-2026-1763
txn-10643,prod-19,Waterproof Work Gloves (Pair),SKU-APP-003,Apparel & Wearables,SALE,-2,182,180,2026-07-06 12:28:38,POS Sale INV-2026-1764
txn-10644,prod-03,Mechanical RGB Gaming Keyboard,SKU-ELE-003,Electronics & Gadgets,SALE,-1,31,30,2026-07-06 12:28:38,POS Sale INV-2026-1764
txn-10645,prod-11,Sparkling Mineral Water 500ml (Pack 12),SKU-BEV-003,Beverages & Drinks,SALE,-1,76,75,2026-07-06 12:28:38,POS Sale INV-2026-1764
txn-10646,prod-22,Professional Precision Screwdriver Kit,SKU-HAR-002,Hardware & Tools,SALE,-2,57,55,2026-07-06 12:28:38,POS Sale INV-2026-1764
txn-10647,prod-07,Heavy-Duty Desktop Stapler,SKU-OFF-003,Office Supplies,SALE,-1,41,40,2026-07-06 15:38:09,POS Sale INV-2026-1765
txn-10648,prod-25,Antibacterial Hand Sanitizer 500ml,SKU-PER-001,Personal Care,SALE,-1,301,300,2026-07-06 17:16:10,POS Sale INV-2026-1766
txn-10649,prod-27,Microfiber Facial Towels (Pack of 4),SKU-PER-003,Personal Care,SALE,-1,71,70,2026-07-06 17:16:10,POS Sale INV-2026-1766
txn-10650,prod-17,100% Cotton Polo Shirt (Medium),SKU-APP-001,Apparel & Wearables,SALE,-1,96,95,2026-07-07 10:14:24,POS Sale INV-2026-1767
txn-10651,prod-03,Mechanical RGB Gaming Keyboard,SKU-ELE-003,Electronics & Gadgets,SALE,-1,31,30,2026-07-07 17:43:26,POS Sale INV-2026-1768
txn-10652,prod-05,A4 Premium Copy Paper 500 Sheets,SKU-OFF-001,Office Supplies,SALE,-6,256,250,2026-07-07 18:38:02,POS Sale INV-2026-1769
txn-10653,prod-15,Raw Honey Jar 500g,SKU-GRO-003,Packaged Groceries,SALE,-6,71,65,2026-07-07 10:30:42,POS Sale INV-2026-1770
txn-10654,prod-26,Gentle Moisturizing Hand Soap 1L,SKU-PER-002,Personal Care,SALE,-1,151,150,2026-07-07 10:30:42,POS Sale INV-2026-1770
txn-10655,prod-10,Organic Green Tea (Box of 50 Bags),SKU-BEV-002,Beverages & Drinks,SALE,-2,92,90,2026-07-07 19:41:27,POS Sale INV-2026-1771
txn-10656,prod-09,Arabica Whole Bean Coffee 1kg,SKU-BEV-001,Beverages & Drinks,SALE,-2,62,60,2026-07-07 19:41:27,POS Sale INV-2026-1771
txn-10657,prod-11,Sparkling Mineral Water 500ml (Pack 12),SKU-BEV-003,Beverages & Drinks,SALE,-1,76,75,2026-07-07 19:41:27,POS Sale INV-2026-1771
txn-10658,prod-18,High-Visibility Safety Vest,SKU-APP-002,Apparel & Wearables,SALE,-1,141,140,2026-07-07 15:14:51,POS Sale INV-2026-1772
txn-10659,prod-21,20V Cordless Power Drill Set,SKU-HAR-001,Hardware & Tools,SALE,-3,25,22,2026-07-07 18:06:27,POS Sale INV-2026-1773
txn-10660,prod-24,Heavy-Duty Steel Measuring Tape 8m,SKU-HAR-004,Hardware & Tools,SALE,-1,91,90,2026-07-07 18:06:27,POS Sale INV-2026-1773
txn-10661,prod-18,High-Visibility Safety Vest,SKU-APP-002,Apparel & Wearables,SALE,-1,141,140,2026-07-07 10:18:38,POS Sale INV-2026-1774
txn-10662,prod-06,Gel Ink Rollerball Pens (Box of 12),SKU-OFF-002,Office Supplies,SALE,-1,121,120,2026-07-07 10:18:38,POS Sale INV-2026-1774
txn-10663,prod-01,Wireless Bluetooth Headset Pro,SKU-ELE-001,Electronics & Gadgets,SALE,-2,47,45,2026-07-07 10:18:38,POS Sale INV-2026-1774
txn-10664,prod-06,Gel Ink Rollerball Pens (Box of 12),SKU-OFF-002,Office Supplies,SALE,-1,121,120,2026-07-07 09:36:33,POS Sale INV-2026-1775
txn-10665,prod-05,A4 Premium Copy Paper 500 Sheets,SKU-OFF-001,Office Supplies,SALE,-1,251,250,2026-07-07 09:36:33,POS Sale INV-2026-1775
txn-10666,prod-28,Electric Stainless Steel Kettle 1.7L,SKU-HOM-001,Home Appliances,SALE,-1,33,32,2026-07-07 09:36:33,POS Sale INV-2026-1775
txn-10667,prod-03,Mechanical RGB Gaming Keyboard,SKU-ELE-003,Electronics & Gadgets,SALE,-1,31,30,2026-07-08 14:26:23,POS Sale INV-2026-1776
txn-10668,prod-02,Ergonomic Optical Wireless Mouse,SKU-ELE-002,Electronics & Gadgets,SALE,-1,81,80,2026-07-08 14:26:23,POS Sale INV-2026-1776
txn-10669,prod-07,Heavy-Duty Desktop Stapler,SKU-OFF-003,Office Supplies,SALE,-3,43,40,2026-07-08 17:27:36,POS Sale INV-2026-1777
txn-10670,prod-19,Waterproof Work Gloves (Pair),SKU-APP-003,Apparel & Wearables,SALE,-1,181,180,2026-07-08 17:27:36,POS Sale INV-2026-1777
txn-10671,prod-20,Breathable Fleece Jacket (Large),SKU-APP-004,Apparel & Wearables,SALE,-1,36,35,2026-07-08 15:35:50,POS Sale INV-2026-1778
txn-10672,prod-07,Heavy-Duty Desktop Stapler,SKU-OFF-003,Office Supplies,SALE,-2,42,40,2026-07-08 15:35:50,POS Sale INV-2026-1778
txn-10673,prod-25,Antibacterial Hand Sanitizer 500ml,SKU-PER-001,Personal Care,SALE,-2,302,300,2026-07-08 16:16:19,POS Sale INV-2026-1779
txn-10674,prod-17,100% Cotton Polo Shirt (Medium),SKU-APP-001,Apparel & Wearables,SALE,-1,96,95,2026-07-08 16:16:19,POS Sale INV-2026-1779
txn-10675,prod-22,Professional Precision Screwdriver Kit,SKU-HAR-002,Hardware & Tools,SALE,-1,56,55,2026-07-08 16:16:19,POS Sale INV-2026-1779
txn-10676,prod-10,Organic Green Tea (Box of 50 Bags),SKU-BEV-002,Beverages & Drinks,SALE,-2,92,90,2026-07-08 16:16:19,POS Sale INV-2026-1779
txn-10677,prod-10,Organic Green Tea (Box of 50 Bags),SKU-BEV-002,Beverages & Drinks,SALE,-1,91,90,2026-07-08 19:07:47,POS Sale INV-2026-1780
txn-10678,prod-26,Gentle Moisturizing Hand Soap 1L,SKU-PER-002,Personal Care,SALE,-1,151,150,2026-07-08 19:07:47,POS Sale INV-2026-1780
txn-10679,prod-24,Heavy-Duty Steel Measuring Tape 8m,SKU-HAR-004,Hardware & Tools,SALE,-2,92,90,2026-07-08 17:25:50,POS Sale INV-2026-1781
txn-10680,prod-24,Heavy-Duty Steel Measuring Tape 8m,SKU-HAR-004,Hardware & Tools,SALE,-1,91,90,2026-07-09 09:10:24,POS Sale INV-2026-1782
txn-10681,prod-27,Microfiber Facial Towels (Pack of 4),SKU-PER-003,Personal Care,SALE,-1,71,70,2026-07-09 16:59:38,POS Sale INV-2026-1783
txn-10682,prod-07,Heavy-Duty Desktop Stapler,SKU-OFF-003,Office Supplies,SALE,-1,41,40,2026-07-09 16:59:38,POS Sale INV-2026-1783
txn-10683,prod-11,Sparkling Mineral Water 500ml (Pack 12),SKU-BEV-003,Beverages & Drinks,SALE,-2,77,75,2026-07-09 10:38:02,POS Sale INV-2026-1784
txn-10684,prod-02,Ergonomic Optical Wireless Mouse,SKU-ELE-002,Electronics & Gadgets,SALE,-6,86,80,2026-07-09 10:38:02,POS Sale INV-2026-1784
txn-10685,prod-10,Organic Green Tea (Box of 50 Bags),SKU-BEV-002,Beverages & Drinks,SALE,-1,91,90,2026-07-09 10:38:02,POS Sale INV-2026-1784
txn-10686,prod-14,Wholegrain Oats 1kg,SKU-GRO-002,Packaged Groceries,SALE,-1,111,110,2026-07-09 10:38:02,POS Sale INV-2026-1784
txn-10687,prod-05,A4 Premium Copy Paper 500 Sheets,SKU-OFF-001,Office Supplies,SALE,-1,251,250,2026-07-09 10:38:02,POS Sale INV-2026-1784
txn-10688,prod-26,Gentle Moisturizing Hand Soap 1L,SKU-PER-002,Personal Care,SALE,-1,151,150,2026-07-09 13:45:38,POS Sale INV-2026-1785
txn-10689,prod-19,Waterproof Work Gloves (Pair),SKU-APP-003,Apparel & Wearables,SALE,-1,181,180,2026-07-09 16:00:12,POS Sale INV-2026-1786
txn-10690,prod-02,Ergonomic Optical Wireless Mouse,SKU-ELE-002,Electronics & Gadgets,SALE,-4,84,80,2026-07-09 18:32:33,POS Sale INV-2026-1787
txn-10691,prod-25,Antibacterial Hand Sanitizer 500ml,SKU-PER-001,Personal Care,SALE,-2,302,300,2026-07-09 18:32:33,POS Sale INV-2026-1787
txn-10692,prod-05,A4 Premium Copy Paper 500 Sheets,SKU-OFF-001,Office Supplies,SALE,-1,251,250,2026-07-09 14:15:41,POS Sale INV-2026-1788
txn-10693,prod-13,Organic Extra Virgin Olive Oil 750ml,SKU-GRO-001,Packaged Groceries,SALE,-1,51,50,2026-07-09 14:15:41,POS Sale INV-2026-1788
txn-10694,prod-17,100% Cotton Polo Shirt (Medium),SKU-APP-001,Apparel & Wearables,SALE,-1,96,95,2026-07-09 14:15:41,POS Sale INV-2026-1788
txn-10695,prod-11,Sparkling Mineral Water 500ml (Pack 12),SKU-BEV-003,Beverages & Drinks,SALE,-1,76,75,2026-07-09 14:15:41,POS Sale INV-2026-1788
txn-10696,prod-06,Gel Ink Rollerball Pens (Box of 12),SKU-OFF-002,Office Supplies,SALE,-1,121,120,2026-07-09 15:22:42,POS Sale INV-2026-1789
txn-10697,prod-02,Ergonomic Optical Wireless Mouse,SKU-ELE-002,Electronics & Gadgets,SALE,-3,83,80,2026-07-09 15:22:42,POS Sale INV-2026-1789
txn-10698,prod-15,Raw Honey Jar 500g,SKU-GRO-003,Packaged Groceries,SALE,-1,66,65,2026-07-09 15:22:42,POS Sale INV-2026-1789
txn-10699,prod-25,Antibacterial Hand Sanitizer 500ml,SKU-PER-001,Personal Care,SALE,-1,301,300,2026-07-09 10:58:05,POS Sale INV-2026-1790
txn-10700,prod-16,Assorted Roasted Almonds 250g,SKU-GRO-004,Packaged Groceries,SALE,-3,88,85,2026-07-09 14:22:52,POS Sale INV-2026-1791
txn-10701,prod-09,Arabica Whole Bean Coffee 1kg,SKU-BEV-001,Beverages & Drinks,SALE,-1,61,60,2026-07-09 15:36:00,POS Sale INV-2026-1792
txn-10702,prod-12,Natural Cold Pressed Citrus Juice 1L,SKU-BEV-004,Beverages & Drinks,SALE,-1,41,40,2026-07-10 10:32:18,POS Sale INV-2026-1793
txn-10703,prod-27,Microfiber Facial Towels (Pack of 4),SKU-PER-003,Personal Care,SALE,-2,72,70,2026-07-10 17:52:50,POS Sale INV-2026-1794
txn-10704,prod-25,Antibacterial Hand Sanitizer 500ml,SKU-PER-001,Personal Care,SALE,-1,301,300,2026-07-10 18:30:49,POS Sale INV-2026-1795
txn-10705,prod-02,Ergonomic Optical Wireless Mouse,SKU-ELE-002,Electronics & Gadgets,SALE,-2,82,80,2026-07-10 18:30:49,POS Sale INV-2026-1795
txn-10706,prod-24,Heavy-Duty Steel Measuring Tape 8m,SKU-HAR-004,Hardware & Tools,SALE,-1,91,90,2026-07-10 18:55:01,POS Sale INV-2026-1796
txn-10707,prod-09,Arabica Whole Bean Coffee 1kg,SKU-BEV-001,Beverages & Drinks,SALE,-3,63,60,2026-07-10 18:55:01,POS Sale INV-2026-1796
txn-10708,prod-27,Microfiber Facial Towels (Pack of 4),SKU-PER-003,Personal Care,SALE,-6,76,70,2026-07-10 18:55:01,POS Sale INV-2026-1796
txn-10709,prod-22,Professional Precision Screwdriver Kit,SKU-HAR-002,Hardware & Tools,SALE,-1,56,55,2026-07-10 12:43:44,POS Sale INV-2026-1797
txn-10710,prod-14,Wholegrain Oats 1kg,SKU-GRO-002,Packaged Groceries,SALE,-4,114,110,2026-07-10 17:34:00,POS Sale INV-2026-1798
txn-10711,prod-17,100% Cotton Polo Shirt (Medium),SKU-APP-001,Apparel & Wearables,SALE,-2,97,95,2026-07-10 17:34:00,POS Sale INV-2026-1798
txn-10712,prod-25,Antibacterial Hand Sanitizer 500ml,SKU-PER-001,Personal Care,SALE,-1,301,300,2026-07-10 15:43:47,POS Sale INV-2026-1799
txn-10713,prod-27,Microfiber Facial Towels (Pack of 4),SKU-PER-003,Personal Care,SALE,-6,76,70,2026-07-10 15:43:47,POS Sale INV-2026-1799
txn-10714,prod-25,Antibacterial Hand Sanitizer 500ml,SKU-PER-001,Personal Care,SALE,-1,301,300,2026-07-10 16:20:22,POS Sale INV-2026-1800
txn-10715,prod-12,Natural Cold Pressed Citrus Juice 1L,SKU-BEV-004,Beverages & Drinks,SALE,-2,42,40,2026-07-10 19:59:58,POS Sale INV-2026-1801
txn-10716,prod-26,Gentle Moisturizing Hand Soap 1L,SKU-PER-002,Personal Care,SALE,-1,151,150,2026-07-11 12:55:16,POS Sale INV-2026-1802
txn-10717,prod-11,Sparkling Mineral Water 500ml (Pack 12),SKU-BEV-003,Beverages & Drinks,SALE,-1,76,75,2026-07-11 12:55:16,POS Sale INV-2026-1802
txn-10718,prod-25,Antibacterial Hand Sanitizer 500ml,SKU-PER-001,Personal Care,SALE,-3,303,300,2026-07-11 14:09:49,POS Sale INV-2026-1803
txn-10719,prod-10,Organic Green Tea (Box of 50 Bags),SKU-BEV-002,Beverages & Drinks,SALE,-1,91,90,2026-07-11 19:31:39,POS Sale INV-2026-1804
txn-10720,prod-25,Antibacterial Hand Sanitizer 500ml,SKU-PER-001,Personal Care,SALE,-3,303,300,2026-07-11 19:31:39,POS Sale INV-2026-1804
txn-10721,prod-24,Heavy-Duty Steel Measuring Tape 8m,SKU-HAR-004,Hardware & Tools,SALE,-1,91,90,2026-07-11 16:23:39,POS Sale INV-2026-1805
txn-10722,prod-17,100% Cotton Polo Shirt (Medium),SKU-APP-001,Apparel & Wearables,SALE,-4,99,95,2026-07-11 16:23:39,POS Sale INV-2026-1805
txn-10723,prod-17,100% Cotton Polo Shirt (Medium),SKU-APP-001,Apparel & Wearables,SALE,-2,97,95,2026-07-11 16:11:48,POS Sale INV-2026-1806
txn-10724,prod-06,Gel Ink Rollerball Pens (Box of 12),SKU-OFF-002,Office Supplies,SALE,-1,121,120,2026-07-11 16:11:48,POS Sale INV-2026-1806
txn-10725,prod-02,Ergonomic Optical Wireless Mouse,SKU-ELE-002,Electronics & Gadgets,SALE,-2,82,80,2026-07-11 18:08:03,POS Sale INV-2026-1807
txn-10726,prod-14,Wholegrain Oats 1kg,SKU-GRO-002,Packaged Groceries,SALE,-1,111,110,2026-07-11 09:32:22,POS Sale INV-2026-1808
txn-10727,prod-06,Gel Ink Rollerball Pens (Box of 12),SKU-OFF-002,Office Supplies,SALE,-1,121,120,2026-07-11 09:32:22,POS Sale INV-2026-1808
txn-10728,prod-19,Waterproof Work Gloves (Pair),SKU-APP-003,Apparel & Wearables,SALE,-1,181,180,2026-07-11 09:32:22,POS Sale INV-2026-1808
txn-10729,prod-06,Gel Ink Rollerball Pens (Box of 12),SKU-OFF-002,Office Supplies,SALE,-1,121,120,2026-07-11 10:44:33,POS Sale INV-2026-1809
txn-10730,prod-11,Sparkling Mineral Water 500ml (Pack 12),SKU-BEV-003,Beverages & Drinks,SALE,-1,76,75,2026-07-11 12:24:37,POS Sale INV-2026-1810
txn-10731,prod-11,Sparkling Mineral Water 500ml (Pack 12),SKU-BEV-003,Beverages & Drinks,SALE,-1,76,75,2026-07-11 11:35:16,POS Sale INV-2026-1811
txn-10732,prod-25,Antibacterial Hand Sanitizer 500ml,SKU-PER-001,Personal Care,SALE,-1,301,300,2026-07-11 11:35:16,POS Sale INV-2026-1811
txn-10733,prod-02,Ergonomic Optical Wireless Mouse,SKU-ELE-002,Electronics & Gadgets,SALE,-1,81,80,2026-07-11 11:31:27,POS Sale INV-2026-1812
txn-10734,prod-26,Gentle Moisturizing Hand Soap 1L,SKU-PER-002,Personal Care,SALE,-4,154,150,2026-07-12 15:17:28,POS Sale INV-2026-1813
txn-10735,prod-16,Assorted Roasted Almonds 250g,SKU-GRO-004,Packaged Groceries,SALE,-1,86,85,2026-07-12 15:17:28,POS Sale INV-2026-1813
txn-10736,prod-01,Wireless Bluetooth Headset Pro,SKU-ELE-001,Electronics & Gadgets,SALE,-1,46,45,2026-07-12 10:46:17,POS Sale INV-2026-1814
txn-10737,prod-19,Waterproof Work Gloves (Pair),SKU-APP-003,Apparel & Wearables,SALE,-4,184,180,2026-07-12 12:09:51,POS Sale INV-2026-1815
txn-10738,prod-01,Wireless Bluetooth Headset Pro,SKU-ELE-001,Electronics & Gadgets,SALE,-3,48,45,2026-07-12 12:09:51,POS Sale INV-2026-1815
txn-10739,prod-02,Ergonomic Optical Wireless Mouse,SKU-ELE-002,Electronics & Gadgets,SALE,-1,81,80,2026-07-12 11:26:31,POS Sale INV-2026-1816
txn-10740,prod-05,A4 Premium Copy Paper 500 Sheets,SKU-OFF-001,Office Supplies,SALE,-1,251,250,2026-07-12 14:50:31,POS Sale INV-2026-1817
txn-10741,prod-10,Organic Green Tea (Box of 50 Bags),SKU-BEV-002,Beverages & Drinks,SALE,-6,96,90,2026-07-12 10:44:10,POS Sale INV-2026-1818
txn-10742,prod-27,Microfiber Facial Towels (Pack of 4),SKU-PER-003,Personal Care,SALE,-1,71,70,2026-07-12 19:06:28,POS Sale INV-2026-1819
txn-10743,prod-05,A4 Premium Copy Paper 500 Sheets,SKU-OFF-001,Office Supplies,SALE,-1,251,250,2026-07-12 19:06:28,POS Sale INV-2026-1819
txn-10744,prod-01,Wireless Bluetooth Headset Pro,SKU-ELE-001,Electronics & Gadgets,SALE,-2,47,45,2026-07-12 17:59:51,POS Sale INV-2026-1820
txn-10745,prod-11,Sparkling Mineral Water 500ml (Pack 12),SKU-BEV-003,Beverages & Drinks,SALE,-1,76,75,2026-07-12 19:38:12,POS Sale INV-2026-1821
txn-10746,prod-14,Wholegrain Oats 1kg,SKU-GRO-002,Packaged Groceries,SALE,-1,111,110,2026-07-12 19:38:12,POS Sale INV-2026-1821
txn-10747,prod-05,A4 Premium Copy Paper 500 Sheets,SKU-OFF-001,Office Supplies,SALE,-1,251,250,2026-07-12 13:22:20,POS Sale INV-2026-1822
txn-10748,prod-09,Arabica Whole Bean Coffee 1kg,SKU-BEV-001,Beverages & Drinks,SALE,-1,61,60,2026-07-13 15:39:18,POS Sale INV-2026-1823
txn-10749,prod-11,Sparkling Mineral Water 500ml (Pack 12),SKU-BEV-003,Beverages & Drinks,SALE,-1,76,75,2026-07-13 15:39:18,POS Sale INV-2026-1823
txn-10750,prod-07,Heavy-Duty Desktop Stapler,SKU-OFF-003,Office Supplies,SALE,-2,42,40,2026-07-13 15:39:18,POS Sale INV-2026-1823
txn-10751,prod-15,Raw Honey Jar 500g,SKU-GRO-003,Packaged Groceries,SALE,-4,69,65,2026-07-13 14:26:40,POS Sale INV-2026-1824
txn-10752,prod-13,Organic Extra Virgin Olive Oil 750ml,SKU-GRO-001,Packaged Groceries,SALE,-1,51,50,2026-07-13 14:26:40,POS Sale INV-2026-1824
txn-10753,prod-10,Organic Green Tea (Box of 50 Bags),SKU-BEV-002,Beverages & Drinks,SALE,-2,92,90,2026-07-13 14:14:20,POS Sale INV-2026-1825
txn-10754,prod-07,Heavy-Duty Desktop Stapler,SKU-OFF-003,Office Supplies,SALE,-1,41,40,2026-07-13 15:17:56,POS Sale INV-2026-1826
txn-10755,prod-26,Gentle Moisturizing Hand Soap 1L,SKU-PER-002,Personal Care,SALE,-6,156,150,2026-07-13 15:17:56,POS Sale INV-2026-1826
txn-10756,prod-25,Antibacterial Hand Sanitizer 500ml,SKU-PER-001,Personal Care,SALE,-1,301,300,2026-07-13 15:17:56,POS Sale INV-2026-1826
txn-10757,prod-06,Gel Ink Rollerball Pens (Box of 12),SKU-OFF-002,Office Supplies,SALE,-2,122,120,2026-07-13 15:17:56,POS Sale INV-2026-1826
txn-10758,prod-11,Sparkling Mineral Water 500ml (Pack 12),SKU-BEV-003,Beverages & Drinks,SALE,-1,76,75,2026-07-13 15:17:56,POS Sale INV-2026-1826
txn-10759,prod-12,Natural Cold Pressed Citrus Juice 1L,SKU-BEV-004,Beverages & Drinks,SALE,-2,42,40,2026-07-13 17:28:26,POS Sale INV-2026-1827
txn-10760,prod-16,Assorted Roasted Almonds 250g,SKU-GRO-004,Packaged Groceries,SALE,-3,88,85,2026-07-13 17:28:26,POS Sale INV-2026-1827
txn-10761,prod-25,Antibacterial Hand Sanitizer 500ml,SKU-PER-001,Personal Care,SALE,-1,301,300,2026-07-13 17:28:26,POS Sale INV-2026-1827
txn-10762,prod-05,A4 Premium Copy Paper 500 Sheets,SKU-OFF-001,Office Supplies,SALE,-1,251,250,2026-07-13 12:42:16,POS Sale INV-2026-1828
txn-10763,prod-12,Natural Cold Pressed Citrus Juice 1L,SKU-BEV-004,Beverages & Drinks,SALE,-1,41,40,2026-07-13 12:42:16,POS Sale INV-2026-1828
txn-10764,prod-30,Compact Digital Microwave Oven 20L,SKU-HOM-003,Home Appliances,SALE,-2,17,15,2026-07-13 15:06:06,POS Sale INV-2026-1829
txn-10765,prod-05,A4 Premium Copy Paper 500 Sheets,SKU-OFF-001,Office Supplies,SALE,-1,251,250,2026-07-13 15:06:06,POS Sale INV-2026-1829
txn-10766,prod-05,A4 Premium Copy Paper 500 Sheets,SKU-OFF-001,Office Supplies,SALE,-4,254,250,2026-07-13 09:49:25,POS Sale INV-2026-1830
txn-10767,prod-26,Gentle Moisturizing Hand Soap 1L,SKU-PER-002,Personal Care,SALE,-1,151,150,2026-07-13 11:05:41,POS Sale INV-2026-1831
txn-10768,prod-29,HEPA Air Purifier Desktop Size,SKU-HOM-002,Home Appliances,SALE,-2,20,18,2026-07-13 11:05:41,POS Sale INV-2026-1831
txn-10769,prod-06,Gel Ink Rollerball Pens (Box of 12),SKU-OFF-002,Office Supplies,SALE,-1,121,120,2026-07-13 11:05:41,POS Sale INV-2026-1831
txn-10770,prod-10,Organic Green Tea (Box of 50 Bags),SKU-BEV-002,Beverages & Drinks,SALE,-1,91,90,2026-07-14 13:28:40,POS Sale INV-2026-1832
txn-10771,prod-17,100% Cotton Polo Shirt (Medium),SKU-APP-001,Apparel & Wearables,SALE,-1,96,95,2026-07-14 13:28:40,POS Sale INV-2026-1832
txn-10772,prod-15,Raw Honey Jar 500g,SKU-GRO-003,Packaged Groceries,SALE,-1,66,65,2026-07-14 19:22:55,POS Sale INV-2026-1833
txn-10773,prod-16,Assorted Roasted Almonds 250g,SKU-GRO-004,Packaged Groceries,SALE,-2,87,85,2026-07-14 19:22:55,POS Sale INV-2026-1833
txn-10774,prod-10,Organic Green Tea (Box of 50 Bags),SKU-BEV-002,Beverages & Drinks,SALE,-2,92,90,2026-07-14 17:59:17,POS Sale INV-2026-1834
txn-10775,prod-07,Heavy-Duty Desktop Stapler,SKU-OFF-003,Office Supplies,SALE,-1,41,40,2026-07-14 18:29:40,POS Sale INV-2026-1835
txn-10776,prod-21,20V Cordless Power Drill Set,SKU-HAR-001,Hardware & Tools,SALE,-2,24,22,2026-07-14 18:29:40,POS Sale INV-2026-1835
txn-10777,prod-17,100% Cotton Polo Shirt (Medium),SKU-APP-001,Apparel & Wearables,SALE,-1,96,95,2026-07-14 19:34:19,POS Sale INV-2026-1836
txn-10778,prod-13,Organic Extra Virgin Olive Oil 750ml,SKU-GRO-001,Packaged Groceries,SALE,-1,51,50,2026-07-14 19:34:19,POS Sale INV-2026-1836
txn-10779,prod-05,A4 Premium Copy Paper 500 Sheets,SKU-OFF-001,Office Supplies,SALE,-1,251,250,2026-07-14 19:34:19,POS Sale INV-2026-1836
txn-10780,prod-09,Arabica Whole Bean Coffee 1kg,SKU-BEV-001,Beverages & Drinks,SALE,-1,61,60,2026-07-14 10:28:19,POS Sale INV-2026-1837
txn-10781,prod-01,Wireless Bluetooth Headset Pro,SKU-ELE-001,Electronics & Gadgets,SALE,-1,46,45,2026-07-14 10:28:19,POS Sale INV-2026-1837
txn-10782,prod-01,Wireless Bluetooth Headset Pro,SKU-ELE-001,Electronics & Gadgets,SALE,-1,46,45,2026-07-14 09:33:52,POS Sale INV-2026-1838
txn-10783,prod-17,100% Cotton Polo Shirt (Medium),SKU-APP-001,Apparel & Wearables,SALE,-1,96,95,2026-07-14 09:33:52,POS Sale INV-2026-1838
txn-10784,prod-27,Microfiber Facial Towels (Pack of 4),SKU-PER-003,Personal Care,SALE,-1,71,70,2026-07-14 09:33:52,POS Sale INV-2026-1838
txn-10785,prod-15,Raw Honey Jar 500g,SKU-GRO-003,Packaged Groceries,SALE,-1,66,65,2026-07-14 17:00:44,POS Sale INV-2026-1839
txn-10786,prod-11,Sparkling Mineral Water 500ml (Pack 12),SKU-BEV-003,Beverages & Drinks,SALE,-3,78,75,2026-07-14 17:00:44,POS Sale INV-2026-1839
txn-10787,prod-01,Wireless Bluetooth Headset Pro,SKU-ELE-001,Electronics & Gadgets,SALE,-3,48,45,2026-07-14 15:51:18,POS Sale INV-2026-1840
txn-10788,prod-26,Gentle Moisturizing Hand Soap 1L,SKU-PER-002,Personal Care,SALE,-2,152,150,2026-07-14 12:26:56,POS Sale INV-2026-1841
txn-10789,prod-17,100% Cotton Polo Shirt (Medium),SKU-APP-001,Apparel & Wearables,SALE,-1,96,95,2026-07-14 12:26:56,POS Sale INV-2026-1841
txn-10790,prod-06,Gel Ink Rollerball Pens (Box of 12),SKU-OFF-002,Office Supplies,SALE,-1,121,120,2026-07-15 19:24:53,POS Sale INV-2026-1842
txn-10791,prod-08,Adjustable Mesh Executive Chair,SKU-OFF-004,Office Supplies,SALE,-1,9,8,2026-07-15 19:24:53,POS Sale INV-2026-1842
txn-10792,prod-16,Assorted Roasted Almonds 250g,SKU-GRO-004,Packaged Groceries,SALE,-1,86,85,2026-07-15 12:33:48,POS Sale INV-2026-1843
txn-10793,prod-18,High-Visibility Safety Vest,SKU-APP-002,Apparel & Wearables,SALE,-1,141,140,2026-07-15 17:51:17,POS Sale INV-2026-1844
txn-10794,prod-03,Mechanical RGB Gaming Keyboard,SKU-ELE-003,Electronics & Gadgets,SALE,-1,31,30,2026-07-15 17:51:17,POS Sale INV-2026-1844
txn-10795,prod-06,Gel Ink Rollerball Pens (Box of 12),SKU-OFF-002,Office Supplies,SALE,-1,121,120,2026-07-15 13:07:40,POS Sale INV-2026-1845
txn-10796,prod-09,Arabica Whole Bean Coffee 1kg,SKU-BEV-001,Beverages & Drinks,SALE,-2,62,60,2026-07-15 13:07:40,POS Sale INV-2026-1845
txn-10797,prod-19,Waterproof Work Gloves (Pair),SKU-APP-003,Apparel & Wearables,SALE,-2,182,180,2026-07-15 16:12:20,POS Sale INV-2026-1846
txn-10798,prod-27,Microfiber Facial Towels (Pack of 4),SKU-PER-003,Personal Care,SALE,-3,73,70,2026-07-15 10:18:17,POS Sale INV-2026-1847
txn-10799,prod-01,Wireless Bluetooth Headset Pro,SKU-ELE-001,Electronics & Gadgets,SALE,-1,46,45,2026-07-15 10:18:17,POS Sale INV-2026-1847
txn-10800,prod-05,A4 Premium Copy Paper 500 Sheets,SKU-OFF-001,Office Supplies,SALE,-1,251,250,2026-07-15 10:18:17,POS Sale INV-2026-1847
txn-10801,prod-20,Breathable Fleece Jacket (Large),SKU-APP-004,Apparel & Wearables,SALE,-6,41,35,2026-07-15 11:00:31,POS Sale INV-2026-1848
txn-10802,prod-27,Microfiber Facial Towels (Pack of 4),SKU-PER-003,Personal Care,SALE,-2,72,70,2026-07-15 11:00:31,POS Sale INV-2026-1848
txn-10803,prod-26,Gentle Moisturizing Hand Soap 1L,SKU-PER-002,Personal Care,SALE,-1,151,150,2026-07-15 16:23:29,POS Sale INV-2026-1849
txn-10804,prod-26,Gentle Moisturizing Hand Soap 1L,SKU-PER-002,Personal Care,SALE,-1,151,150,2026-07-15 11:03:17,POS Sale INV-2026-1850
txn-10805,prod-05,A4 Premium Copy Paper 500 Sheets,SKU-OFF-001,Office Supplies,SALE,-3,253,250,2026-07-16 12:57:53,POS Sale INV-2026-1851
txn-10806,prod-19,Waterproof Work Gloves (Pair),SKU-APP-003,Apparel & Wearables,SALE,-2,182,180,2026-07-16 12:24:49,POS Sale INV-2026-1852
txn-10807,prod-07,Heavy-Duty Desktop Stapler,SKU-OFF-003,Office Supplies,SALE,-2,42,40,2026-07-16 12:24:49,POS Sale INV-2026-1852
txn-10808,prod-11,Sparkling Mineral Water 500ml (Pack 12),SKU-BEV-003,Beverages & Drinks,SALE,-1,76,75,2026-07-16 10:33:42,POS Sale INV-2026-1853
txn-10809,prod-19,Waterproof Work Gloves (Pair),SKU-APP-003,Apparel & Wearables,SALE,-4,184,180,2026-07-16 13:59:20,POS Sale INV-2026-1854
txn-10810,prod-27,Microfiber Facial Towels (Pack of 4),SKU-PER-003,Personal Care,SALE,-1,71,70,2026-07-16 13:59:20,POS Sale INV-2026-1854
txn-10811,prod-09,Arabica Whole Bean Coffee 1kg,SKU-BEV-001,Beverages & Drinks,SALE,-1,61,60,2026-07-16 13:59:20,POS Sale INV-2026-1854
txn-10812,prod-24,Heavy-Duty Steel Measuring Tape 8m,SKU-HAR-004,Hardware & Tools,SALE,-2,92,90,2026-07-16 13:59:20,POS Sale INV-2026-1854
txn-10813,prod-18,High-Visibility Safety Vest,SKU-APP-002,Apparel & Wearables,SALE,-2,142,140,2026-07-16 13:59:20,POS Sale INV-2026-1854
txn-10814,prod-06,Gel Ink Rollerball Pens (Box of 12),SKU-OFF-002,Office Supplies,SALE,-1,121,120,2026-07-16 17:33:07,POS Sale INV-2026-1855
txn-10815,prod-14,Wholegrain Oats 1kg,SKU-GRO-002,Packaged Groceries,SALE,-1,111,110,2026-07-16 17:33:07,POS Sale INV-2026-1855
txn-10816,prod-23,Digital Laser Distance Meter 50m,SKU-HAR-003,Hardware & Tools,SALE,-1,29,28,2026-07-16 09:55:42,POS Sale INV-2026-1856
txn-10817,prod-07,Heavy-Duty Desktop Stapler,SKU-OFF-003,Office Supplies,SALE,-1,41,40,2026-07-16 09:55:42,POS Sale INV-2026-1856
txn-10818,prod-24,Heavy-Duty Steel Measuring Tape 8m,SKU-HAR-004,Hardware & Tools,SALE,-3,93,90,2026-07-16 14:00:10,POS Sale INV-2026-1857
txn-10819,prod-24,Heavy-Duty Steel Measuring Tape 8m,SKU-HAR-004,Hardware & Tools,SALE,-3,93,90,2026-07-16 12:00:02,POS Sale INV-2026-1858
txn-10820,prod-06,Gel Ink Rollerball Pens (Box of 12),SKU-OFF-002,Office Supplies,SALE,-1,121,120,2026-07-16 11:23:49,POS Sale INV-2026-1859
txn-10821,prod-27,Microfiber Facial Towels (Pack of 4),SKU-PER-003,Personal Care,SALE,-1,71,70,2026-07-16 11:23:49,POS Sale INV-2026-1859
txn-10822,prod-11,Sparkling Mineral Water 500ml (Pack 12),SKU-BEV-003,Beverages & Drinks,SALE,-1,76,75,2026-07-16 11:23:49,POS Sale INV-2026-1859
txn-10823,prod-25,Antibacterial Hand Sanitizer 500ml,SKU-PER-001,Personal Care,SALE,-3,303,300,2026-07-17 18:21:59,POS Sale INV-2026-1860
txn-10824,prod-25,Antibacterial Hand Sanitizer 500ml,SKU-PER-001,Personal Care,SALE,-3,303,300,2026-07-17 19:09:44,POS Sale INV-2026-1861
txn-10825,prod-05,A4 Premium Copy Paper 500 Sheets,SKU-OFF-001,Office Supplies,SALE,-2,252,250,2026-07-17 14:35:50,POS Sale INV-2026-1862
txn-10826,prod-20,Breathable Fleece Jacket (Large),SKU-APP-004,Apparel & Wearables,SALE,-1,36,35,2026-07-17 14:35:50,POS Sale INV-2026-1862
txn-10827,prod-27,Microfiber Facial Towels (Pack of 4),SKU-PER-003,Personal Care,SALE,-1,71,70,2026-07-17 14:35:50,POS Sale INV-2026-1862
txn-10828,prod-14,Wholegrain Oats 1kg,SKU-GRO-002,Packaged Groceries,SALE,-1,111,110,2026-07-17 09:44:24,POS Sale INV-2026-1863
txn-10829,prod-05,A4 Premium Copy Paper 500 Sheets,SKU-OFF-001,Office Supplies,SALE,-2,252,250,2026-07-17 09:44:24,POS Sale INV-2026-1863
txn-10830,prod-05,A4 Premium Copy Paper 500 Sheets,SKU-OFF-001,Office Supplies,SALE,-2,252,250,2026-07-17 16:45:28,POS Sale INV-2026-1864
txn-10831,prod-27,Microfiber Facial Towels (Pack of 4),SKU-PER-003,Personal Care,SALE,-2,72,70,2026-07-17 16:45:28,POS Sale INV-2026-1864
txn-10832,prod-10,Organic Green Tea (Box of 50 Bags),SKU-BEV-002,Beverages & Drinks,SALE,-2,92,90,2026-07-17 16:45:28,POS Sale INV-2026-1864
txn-10833,prod-09,Arabica Whole Bean Coffee 1kg,SKU-BEV-001,Beverages & Drinks,SALE,-2,62,60,2026-07-17 11:34:22,POS Sale INV-2026-1865
txn-10834,prod-25,Antibacterial Hand Sanitizer 500ml,SKU-PER-001,Personal Care,SALE,-2,302,300,2026-07-17 11:34:22,POS Sale INV-2026-1865
txn-10835,prod-05,A4 Premium Copy Paper 500 Sheets,SKU-OFF-001,Office Supplies,SALE,-1,251,250,2026-07-17 11:34:22,POS Sale INV-2026-1865
txn-10836,prod-21,20V Cordless Power Drill Set,SKU-HAR-001,Hardware & Tools,SALE,-3,25,22,2026-07-17 11:34:22,POS Sale INV-2026-1865
txn-10837,prod-02,Ergonomic Optical Wireless Mouse,SKU-ELE-002,Electronics & Gadgets,SALE,-2,82,80,2026-07-17 18:58:55,POS Sale INV-2026-1866
txn-10838,prod-25,Antibacterial Hand Sanitizer 500ml,SKU-PER-001,Personal Care,SALE,-1,301,300,2026-07-17 13:52:16,POS Sale INV-2026-1867
txn-10839,prod-11,Sparkling Mineral Water 500ml (Pack 12),SKU-BEV-003,Beverages & Drinks,SALE,-3,78,75,2026-07-17 13:52:16,POS Sale INV-2026-1867
txn-10840,prod-06,Gel Ink Rollerball Pens (Box of 12),SKU-OFF-002,Office Supplies,SALE,-1,121,120,2026-07-17 17:24:46,POS Sale INV-2026-1868
txn-10841,prod-22,Professional Precision Screwdriver Kit,SKU-HAR-002,Hardware & Tools,SALE,-2,57,55,2026-07-17 17:24:46,POS Sale INV-2026-1868
txn-10842,prod-25,Antibacterial Hand Sanitizer 500ml,SKU-PER-001,Personal Care,SALE,-1,301,300,2026-07-17 18:15:20,POS Sale INV-2026-1869
txn-10843,prod-19,Waterproof Work Gloves (Pair),SKU-APP-003,Apparel & Wearables,SALE,-3,183,180,2026-07-17 18:15:20,POS Sale INV-2026-1869
txn-10844,prod-21,20V Cordless Power Drill Set,SKU-HAR-001,Hardware & Tools,SALE,-3,25,22,2026-07-17 12:33:43,POS Sale INV-2026-1870
txn-10845,prod-10,Organic Green Tea (Box of 50 Bags),SKU-BEV-002,Beverages & Drinks,SALE,-2,92,90,2026-07-17 12:33:43,POS Sale INV-2026-1870
txn-10846,prod-11,Sparkling Mineral Water 500ml (Pack 12),SKU-BEV-003,Beverages & Drinks,SALE,-3,78,75,2026-07-17 14:26:41,POS Sale INV-2026-1871
txn-10847,prod-27,Microfiber Facial Towels (Pack of 4),SKU-PER-003,Personal Care,SALE,-2,72,70,2026-07-18 09:53:08,POS Sale INV-2026-1872
txn-10848,prod-09,Arabica Whole Bean Coffee 1kg,SKU-BEV-001,Beverages & Drinks,SALE,-4,64,60,2026-07-18 12:06:02,POS Sale INV-2026-1873
txn-10849,prod-07,Heavy-Duty Desktop Stapler,SKU-OFF-003,Office Supplies,SALE,-1,41,40,2026-07-18 12:06:02,POS Sale INV-2026-1873
txn-10850,prod-11,Sparkling Mineral Water 500ml (Pack 12),SKU-BEV-003,Beverages & Drinks,SALE,-1,76,75,2026-07-18 17:39:44,POS Sale INV-2026-1874
txn-10851,prod-05,A4 Premium Copy Paper 500 Sheets,SKU-OFF-001,Office Supplies,SALE,-6,256,250,2026-07-18 17:39:44,POS Sale INV-2026-1874
txn-10852,prod-01,Wireless Bluetooth Headset Pro,SKU-ELE-001,Electronics & Gadgets,SALE,-1,46,45,2026-07-18 17:39:44,POS Sale INV-2026-1874
txn-10853,prod-10,Organic Green Tea (Box of 50 Bags),SKU-BEV-002,Beverages & Drinks,SALE,-1,91,90,2026-07-18 10:00:59,POS Sale INV-2026-1875
txn-10854,prod-26,Gentle Moisturizing Hand Soap 1L,SKU-PER-002,Personal Care,SALE,-1,151,150,2026-07-18 10:29:51,POS Sale INV-2026-1876
txn-10855,prod-14,Wholegrain Oats 1kg,SKU-GRO-002,Packaged Groceries,SALE,-1,111,110,2026-07-18 10:29:51,POS Sale INV-2026-1876
txn-10856,prod-07,Heavy-Duty Desktop Stapler,SKU-OFF-003,Office Supplies,SALE,-1,41,40,2026-07-18 15:52:23,POS Sale INV-2026-1877
txn-10857,prod-02,Ergonomic Optical Wireless Mouse,SKU-ELE-002,Electronics & Gadgets,SALE,-2,82,80,2026-07-18 15:52:23,POS Sale INV-2026-1877
txn-10858,prod-19,Waterproof Work Gloves (Pair),SKU-APP-003,Apparel & Wearables,SALE,-1,181,180,2026-07-18 15:52:23,POS Sale INV-2026-1877
txn-10859,prod-17,100% Cotton Polo Shirt (Medium),SKU-APP-001,Apparel & Wearables,SALE,-3,98,95,2026-07-18 15:52:23,POS Sale INV-2026-1877
txn-10860,prod-12,Natural Cold Pressed Citrus Juice 1L,SKU-BEV-004,Beverages & Drinks,SALE,-2,42,40,2026-07-18 15:52:23,POS Sale INV-2026-1877
txn-10861,prod-13,Organic Extra Virgin Olive Oil 750ml,SKU-GRO-001,Packaged Groceries,SALE,-2,52,50,2026-07-18 09:46:04,POS Sale INV-2026-1878
txn-10862,prod-07,Heavy-Duty Desktop Stapler,SKU-OFF-003,Office Supplies,SALE,-1,41,40,2026-07-18 09:46:04,POS Sale INV-2026-1878
txn-10863,prod-17,100% Cotton Polo Shirt (Medium),SKU-APP-001,Apparel & Wearables,SALE,-6,101,95,2026-07-18 10:06:46,POS Sale INV-2026-1879
txn-10864,prod-26,Gentle Moisturizing Hand Soap 1L,SKU-PER-002,Personal Care,SALE,-1,151,150,2026-07-18 19:15:36,POS Sale INV-2026-1880
txn-10865,prod-10,Organic Green Tea (Box of 50 Bags),SKU-BEV-002,Beverages & Drinks,SALE,-1,91,90,2026-07-18 19:15:36,POS Sale INV-2026-1880
txn-10866,prod-06,Gel Ink Rollerball Pens (Box of 12),SKU-OFF-002,Office Supplies,SALE,-3,123,120,2026-07-18 15:47:06,POS Sale INV-2026-1881
txn-10867,prod-01,Wireless Bluetooth Headset Pro,SKU-ELE-001,Electronics & Gadgets,SALE,-3,48,45,2026-07-18 15:47:06,POS Sale INV-2026-1881
txn-10868,prod-05,A4 Premium Copy Paper 500 Sheets,SKU-OFF-001,Office Supplies,SALE,-4,254,250,2026-07-18 19:27:56,POS Sale INV-2026-1882
txn-10869,prod-02,Ergonomic Optical Wireless Mouse,SKU-ELE-002,Electronics & Gadgets,SALE,-1,81,80,2026-07-18 19:27:56,POS Sale INV-2026-1882
txn-10870,prod-24,Heavy-Duty Steel Measuring Tape 8m,SKU-HAR-004,Hardware & Tools,SALE,-1,91,90,2026-07-18 19:27:56,POS Sale INV-2026-1882
txn-10871,prod-18,High-Visibility Safety Vest,SKU-APP-002,Apparel & Wearables,SALE,-2,142,140,2026-07-19 17:21:42,POS Sale INV-2026-1883
txn-10872,prod-01,Wireless Bluetooth Headset Pro,SKU-ELE-001,Electronics & Gadgets,SALE,-6,51,45,2026-07-19 14:35:20,POS Sale INV-2026-1884
txn-10873,prod-02,Ergonomic Optical Wireless Mouse,SKU-ELE-002,Electronics & Gadgets,SALE,-1,81,80,2026-07-19 14:38:15,POS Sale INV-2026-1885
txn-10874,prod-11,Sparkling Mineral Water 500ml (Pack 12),SKU-BEV-003,Beverages & Drinks,SALE,-2,77,75,2026-07-19 13:23:28,POS Sale INV-2026-1886
txn-10875,prod-12,Natural Cold Pressed Citrus Juice 1L,SKU-BEV-004,Beverages & Drinks,SALE,-2,42,40,2026-07-19 13:38:01,POS Sale INV-2026-1887
txn-10876,prod-25,Antibacterial Hand Sanitizer 500ml,SKU-PER-001,Personal Care,SALE,-1,301,300,2026-07-20 12:13:54,POS Sale INV-2026-1888
txn-10877,prod-26,Gentle Moisturizing Hand Soap 1L,SKU-PER-002,Personal Care,SALE,-2,152,150,2026-07-20 12:13:54,POS Sale INV-2026-1888
txn-10878,prod-29,HEPA Air Purifier Desktop Size,SKU-HOM-002,Home Appliances,SALE,-6,24,18,2026-07-20 17:35:36,POS Sale INV-2026-1889
txn-10879,prod-13,Organic Extra Virgin Olive Oil 750ml,SKU-GRO-001,Packaged Groceries,SALE,-2,52,50,2026-07-20 17:35:36,POS Sale INV-2026-1889
txn-10880,prod-15,Raw Honey Jar 500g,SKU-GRO-003,Packaged Groceries,SALE,-6,71,65,2026-07-20 14:09:08,POS Sale INV-2026-1890
txn-10881,prod-03,Mechanical RGB Gaming Keyboard,SKU-ELE-003,Electronics & Gadgets,SALE,-1,31,30,2026-07-20 13:51:19,POS Sale INV-2026-1891
txn-10882,prod-21,20V Cordless Power Drill Set,SKU-HAR-001,Hardware & Tools,SALE,-1,23,22,2026-07-20 13:51:19,POS Sale INV-2026-1891
txn-10883,prod-10,Organic Green Tea (Box of 50 Bags),SKU-BEV-002,Beverages & Drinks,SALE,-1,91,90,2026-07-20 13:51:19,POS Sale INV-2026-1891
txn-10884,prod-10,Organic Green Tea (Box of 50 Bags),SKU-BEV-002,Beverages & Drinks,SALE,-1,91,90,2026-07-20 10:46:20,POS Sale INV-2026-1892
txn-10885,prod-25,Antibacterial Hand Sanitizer 500ml,SKU-PER-001,Personal Care,SALE,-1,301,300,2026-07-20 10:46:20,POS Sale INV-2026-1892
txn-10886,prod-01,Wireless Bluetooth Headset Pro,SKU-ELE-001,Electronics & Gadgets,SALE,-1,46,45,2026-07-20 10:46:20,POS Sale INV-2026-1892
txn-10887,prod-06,Gel Ink Rollerball Pens (Box of 12),SKU-OFF-002,Office Supplies,SALE,-1,121,120,2026-07-20 18:52:58,POS Sale INV-2026-1893
txn-10888,prod-12,Natural Cold Pressed Citrus Juice 1L,SKU-BEV-004,Beverages & Drinks,SALE,-1,41,40,2026-07-20 18:24:05,POS Sale INV-2026-1894
txn-10889,prod-26,Gentle Moisturizing Hand Soap 1L,SKU-PER-002,Personal Care,SALE,-1,151,150,2026-07-20 15:26:59,POS Sale INV-2026-1895
txn-10890,prod-14,Wholegrain Oats 1kg,SKU-GRO-002,Packaged Groceries,SALE,-4,114,110,2026-07-20 15:26:59,POS Sale INV-2026-1895
txn-10891,prod-10,Organic Green Tea (Box of 50 Bags),SKU-BEV-002,Beverages & Drinks,SALE,-1,91,90,2026-07-20 15:26:59,POS Sale INV-2026-1895
txn-10892,prod-09,Arabica Whole Bean Coffee 1kg,SKU-BEV-001,Beverages & Drinks,SALE,-1,61,60,2026-07-20 18:59:00,POS Sale INV-2026-1896
txn-10893,prod-18,High-Visibility Safety Vest,SKU-APP-002,Apparel & Wearables,SALE,-1,141,140,2026-07-21 17:02:20,POS Sale INV-2026-1897
txn-10894,prod-26,Gentle Moisturizing Hand Soap 1L,SKU-PER-002,Personal Care,SALE,-1,151,150,2026-07-21 12:09:03,POS Sale INV-2026-1898
txn-10895,prod-15,Raw Honey Jar 500g,SKU-GRO-003,Packaged Groceries,SALE,-1,66,65,2026-07-21 18:32:05,POS Sale INV-2026-1899
txn-10896,prod-02,Ergonomic Optical Wireless Mouse,SKU-ELE-002,Electronics & Gadgets,SALE,-3,83,80,2026-07-21 18:32:05,POS Sale INV-2026-1899
txn-10897,prod-27,Microfiber Facial Towels (Pack of 4),SKU-PER-003,Personal Care,SALE,-1,71,70,2026-07-21 18:32:05,POS Sale INV-2026-1899
txn-10898,prod-01,Wireless Bluetooth Headset Pro,SKU-ELE-001,Electronics & Gadgets,SALE,-4,49,45,2026-07-21 14:05:30,POS Sale INV-2026-1900
txn-10899,prod-14,Wholegrain Oats 1kg,SKU-GRO-002,Packaged Groceries,SALE,-3,113,110,2026-07-21 14:05:30,POS Sale INV-2026-1900
txn-10900,prod-24,Heavy-Duty Steel Measuring Tape 8m,SKU-HAR-004,Hardware & Tools,SALE,-2,92,90,2026-07-21 14:05:30,POS Sale INV-2026-1900
txn-10901,prod-06,Gel Ink Rollerball Pens (Box of 12),SKU-OFF-002,Office Supplies,SALE,-1,121,120,2026-07-21 10:25:32,POS Sale INV-2026-1901
txn-10902,prod-09,Arabica Whole Bean Coffee 1kg,SKU-BEV-001,Beverages & Drinks,SALE,-1,61,60,2026-07-21 10:25:32,POS Sale INV-2026-1901
txn-10903,prod-11,Sparkling Mineral Water 500ml (Pack 12),SKU-BEV-003,Beverages & Drinks,SALE,-2,77,75,2026-07-21 10:25:32,POS Sale INV-2026-1901
txn-10904,prod-13,Organic Extra Virgin Olive Oil 750ml,SKU-GRO-001,Packaged Groceries,SALE,-1,51,50,2026-07-21 10:25:32,POS Sale INV-2026-1901
txn-10905,prod-14,Wholegrain Oats 1kg,SKU-GRO-002,Packaged Groceries,SALE,-2,112,110,2026-07-21 16:35:12,POS Sale INV-2026-1902
txn-10906,prod-19,Waterproof Work Gloves (Pair),SKU-APP-003,Apparel & Wearables,SALE,-1,181,180,2026-07-21 18:47:33,POS Sale INV-2026-1903
txn-10907,prod-05,A4 Premium Copy Paper 500 Sheets,SKU-OFF-001,Office Supplies,SALE,-1,251,250,2026-07-21 18:47:33,POS Sale INV-2026-1903
txn-10908,prod-15,Raw Honey Jar 500g,SKU-GRO-003,Packaged Groceries,SALE,-1,66,65,2026-07-21 18:47:33,POS Sale INV-2026-1903
txn-10909,prod-09,Arabica Whole Bean Coffee 1kg,SKU-BEV-001,Beverages & Drinks,SALE,-4,64,60,2026-07-21 14:43:59,POS Sale INV-2026-1904
txn-10910,prod-10,Organic Green Tea (Box of 50 Bags),SKU-BEV-002,Beverages & Drinks,SALE,-4,94,90,2026-07-21 14:12:20,POS Sale INV-2026-1905
txn-10911,prod-01,Wireless Bluetooth Headset Pro,SKU-ELE-001,Electronics & Gadgets,SALE,-1,46,45,2026-07-21 14:12:20,POS Sale INV-2026-1905
txn-10912,prod-05,A4 Premium Copy Paper 500 Sheets,SKU-OFF-001,Office Supplies,SALE,-2,252,250,2026-07-21 14:12:20,POS Sale INV-2026-1905
txn-10913,prod-11,Sparkling Mineral Water 500ml (Pack 12),SKU-BEV-003,Beverages & Drinks,SALE,-1,76,75,2026-07-21 14:12:20,POS Sale INV-2026-1905
txn-10914,prod-11,Sparkling Mineral Water 500ml (Pack 12),SKU-BEV-003,Beverages & Drinks,SALE,-1,76,75,2026-07-21 11:22:39,POS Sale INV-2026-1906
txn-10915,prod-24,Heavy-Duty Steel Measuring Tape 8m,SKU-HAR-004,Hardware & Tools,SALE,-4,94,90,2026-07-21 11:22:39,POS Sale INV-2026-1906
txn-10916,prod-10,Organic Green Tea (Box of 50 Bags),SKU-BEV-002,Beverages & Drinks,SALE,-3,93,90,2026-07-21 11:22:39,POS Sale INV-2026-1906
txn-10917,prod-18,High-Visibility Safety Vest,SKU-APP-002,Apparel & Wearables,SALE,-3,143,140,2026-07-21 11:22:39,POS Sale INV-2026-1906
txn-10918,prod-06,Gel Ink Rollerball Pens (Box of 12),SKU-OFF-002,Office Supplies,SALE,-2,122,120,2026-07-21 11:22:39,POS Sale INV-2026-1906
txn-10919,prod-02,Ergonomic Optical Wireless Mouse,SKU-ELE-002,Electronics & Gadgets,SALE,-2,82,80,2026-07-22 09:59:52,POS Sale INV-2026-1907
txn-10920,prod-10,Organic Green Tea (Box of 50 Bags),SKU-BEV-002,Beverages & Drinks,SALE,-1,91,90,2026-07-22 09:59:52,POS Sale INV-2026-1907
txn-10921,prod-09,Arabica Whole Bean Coffee 1kg,SKU-BEV-001,Beverages & Drinks,SALE,-1,61,60,2026-07-22 09:59:52,POS Sale INV-2026-1907
txn-10922,prod-25,Antibacterial Hand Sanitizer 500ml,SKU-PER-001,Personal Care,SALE,-1,301,300,2026-07-22 10:07:47,POS Sale INV-2026-1908
txn-10923,prod-11,Sparkling Mineral Water 500ml (Pack 12),SKU-BEV-003,Beverages & Drinks,SALE,-1,76,75,2026-07-22 10:07:47,POS Sale INV-2026-1908
txn-10924,prod-09,Arabica Whole Bean Coffee 1kg,SKU-BEV-001,Beverages & Drinks,SALE,-2,62,60,2026-07-22 13:00:21,POS Sale INV-2026-1909
txn-10925,prod-21,20V Cordless Power Drill Set,SKU-HAR-001,Hardware & Tools,SALE,-3,25,22,2026-07-22 09:21:13,POS Sale INV-2026-1910
txn-10926,prod-10,Organic Green Tea (Box of 50 Bags),SKU-BEV-002,Beverages & Drinks,SALE,-1,91,90,2026-07-22 09:21:13,POS Sale INV-2026-1910
txn-10927,prod-25,Antibacterial Hand Sanitizer 500ml,SKU-PER-001,Personal Care,SALE,-1,301,300,2026-07-22 13:35:30,POS Sale INV-2026-1911
txn-10928,prod-05,A4 Premium Copy Paper 500 Sheets,SKU-OFF-001,Office Supplies,SALE,-3,253,250,2026-07-22 13:35:30,POS Sale INV-2026-1911
txn-10929,prod-20,Breathable Fleece Jacket (Large),SKU-APP-004,Apparel & Wearables,SALE,-1,36,35,2026-07-22 19:33:02,POS Sale INV-2026-1912
txn-10930,prod-09,Arabica Whole Bean Coffee 1kg,SKU-BEV-001,Beverages & Drinks,SALE,-2,62,60,2026-07-22 18:17:03,POS Sale INV-2026-1913
txn-10931,prod-02,Ergonomic Optical Wireless Mouse,SKU-ELE-002,Electronics & Gadgets,SALE,-1,81,80,2026-07-22 18:17:03,POS Sale INV-2026-1913
txn-10932,prod-09,Arabica Whole Bean Coffee 1kg,SKU-BEV-001,Beverages & Drinks,SALE,-1,61,60,2026-07-23 13:42:54,POS Sale INV-2026-1914
txn-10933,prod-01,Wireless Bluetooth Headset Pro,SKU-ELE-001,Electronics & Gadgets,SALE,-4,49,45,2026-07-23 19:24:14,POS Sale INV-2026-1915
txn-10934,prod-13,Organic Extra Virgin Olive Oil 750ml,SKU-GRO-001,Packaged Groceries,SALE,-1,51,50,2026-07-23 19:24:14,POS Sale INV-2026-1915
txn-10935,prod-05,A4 Premium Copy Paper 500 Sheets,SKU-OFF-001,Office Supplies,SALE,-4,254,250,2026-07-23 19:24:14,POS Sale INV-2026-1915
txn-10936,prod-09,Arabica Whole Bean Coffee 1kg,SKU-BEV-001,Beverages & Drinks,SALE,-1,61,60,2026-07-23 19:24:14,POS Sale INV-2026-1915
txn-10937,prod-15,Raw Honey Jar 500g,SKU-GRO-003,Packaged Groceries,SALE,-1,66,65,2026-07-23 16:55:38,POS Sale INV-2026-1916
txn-10938,prod-26,Gentle Moisturizing Hand Soap 1L,SKU-PER-002,Personal Care,SALE,-1,151,150,2026-07-23 16:55:38,POS Sale INV-2026-1916
txn-10939,prod-13,Organic Extra Virgin Olive Oil 750ml,SKU-GRO-001,Packaged Groceries,SALE,-3,53,50,2026-07-23 16:55:38,POS Sale INV-2026-1916
txn-10940,prod-11,Sparkling Mineral Water 500ml (Pack 12),SKU-BEV-003,Beverages & Drinks,SALE,-2,77,75,2026-07-23 16:35:59,POS Sale INV-2026-1917
txn-10941,prod-27,Microfiber Facial Towels (Pack of 4),SKU-PER-003,Personal Care,SALE,-2,72,70,2026-07-23 13:21:31,POS Sale INV-2026-1918
txn-10942,prod-26,Gentle Moisturizing Hand Soap 1L,SKU-PER-002,Personal Care,SALE,-1,151,150,2026-07-23 14:22:40,POS Sale INV-2026-1919
txn-10943,prod-02,Ergonomic Optical Wireless Mouse,SKU-ELE-002,Electronics & Gadgets,SALE,-1,81,80,2026-07-23 14:22:40,POS Sale INV-2026-1919
txn-10944,prod-23,Digital Laser Distance Meter 50m,SKU-HAR-003,Hardware & Tools,SALE,-3,31,28,2026-07-23 19:16:56,POS Sale INV-2026-1920
txn-10945,prod-10,Organic Green Tea (Box of 50 Bags),SKU-BEV-002,Beverages & Drinks,SALE,-1,91,90,2026-07-24 13:14:09,POS Sale INV-2026-1921
txn-10946,prod-27,Microfiber Facial Towels (Pack of 4),SKU-PER-003,Personal Care,SALE,-1,71,70,2026-07-24 13:14:09,POS Sale INV-2026-1921
txn-10947,prod-26,Gentle Moisturizing Hand Soap 1L,SKU-PER-002,Personal Care,SALE,-1,151,150,2026-07-24 15:33:43,POS Sale INV-2026-1922
txn-10948,prod-25,Antibacterial Hand Sanitizer 500ml,SKU-PER-001,Personal Care,SALE,-3,303,300,2026-07-24 18:09:27,POS Sale INV-2026-1923
txn-10949,prod-10,Organic Green Tea (Box of 50 Bags),SKU-BEV-002,Beverages & Drinks,SALE,-1,91,90,2026-07-24 18:09:27,POS Sale INV-2026-1923
txn-10950,prod-12,Natural Cold Pressed Citrus Juice 1L,SKU-BEV-004,Beverages & Drinks,SALE,-2,42,40,2026-07-24 18:09:27,POS Sale INV-2026-1923
txn-10951,prod-18,High-Visibility Safety Vest,SKU-APP-002,Apparel & Wearables,SALE,-1,141,140,2026-07-24 11:13:41,POS Sale INV-2026-1924
txn-10952,prod-23,Digital Laser Distance Meter 50m,SKU-HAR-003,Hardware & Tools,SALE,-1,29,28,2026-07-24 11:13:41,POS Sale INV-2026-1924
txn-10953,prod-25,Antibacterial Hand Sanitizer 500ml,SKU-PER-001,Personal Care,SALE,-2,302,300,2026-07-24 11:13:41,POS Sale INV-2026-1924
txn-10954,prod-10,Organic Green Tea (Box of 50 Bags),SKU-BEV-002,Beverages & Drinks,SALE,-1,91,90,2026-07-24 11:13:41,POS Sale INV-2026-1924
txn-10955,prod-10,Organic Green Tea (Box of 50 Bags),SKU-BEV-002,Beverages & Drinks,SALE,-2,92,90,2026-07-24 13:44:45,POS Sale INV-2026-1925
txn-10956,prod-18,High-Visibility Safety Vest,SKU-APP-002,Apparel & Wearables,SALE,-1,141,140,2026-07-24 13:44:45,POS Sale INV-2026-1925
txn-10957,prod-06,Gel Ink Rollerball Pens (Box of 12),SKU-OFF-002,Office Supplies,SALE,-1,121,120,2026-07-24 13:44:45,POS Sale INV-2026-1925
txn-10958,prod-23,Digital Laser Distance Meter 50m,SKU-HAR-003,Hardware & Tools,SALE,-1,29,28,2026-07-24 11:41:59,POS Sale INV-2026-1926
txn-10959,prod-28,Electric Stainless Steel Kettle 1.7L,SKU-HOM-001,Home Appliances,SALE,-2,34,32,2026-07-24 17:46:07,POS Sale INV-2026-1927
txn-10960,prod-12,Natural Cold Pressed Citrus Juice 1L,SKU-BEV-004,Beverages & Drinks,SALE,-2,42,40,2026-07-24 14:56:26,POS Sale INV-2026-1928
txn-10961,prod-13,Organic Extra Virgin Olive Oil 750ml,SKU-GRO-001,Packaged Groceries,SALE,-1,51,50,2026-07-24 14:56:26,POS Sale INV-2026-1928
txn-10962,prod-26,Gentle Moisturizing Hand Soap 1L,SKU-PER-002,Personal Care,SALE,-1,151,150,2026-07-24 14:56:26,POS Sale INV-2026-1928
txn-10963,prod-15,Raw Honey Jar 500g,SKU-GRO-003,Packaged Groceries,SALE,-1,66,65,2026-07-24 14:56:26,POS Sale INV-2026-1928
txn-10964,prod-01,Wireless Bluetooth Headset Pro,SKU-ELE-001,Electronics & Gadgets,SALE,-1,46,45,2026-07-24 19:59:47,POS Sale INV-2026-1929
txn-10965,prod-07,Heavy-Duty Desktop Stapler,SKU-OFF-003,Office Supplies,SALE,-2,42,40,2026-07-24 11:01:48,POS Sale INV-2026-1930
txn-10966,prod-19,Waterproof Work Gloves (Pair),SKU-APP-003,Apparel & Wearables,SALE,-2,182,180,2026-07-24 11:01:48,POS Sale INV-2026-1930
txn-10967,prod-25,Antibacterial Hand Sanitizer 500ml,SKU-PER-001,Personal Care,SALE,-2,302,300,2026-07-24 11:01:48,POS Sale INV-2026-1930
txn-10968,prod-15,Raw Honey Jar 500g,SKU-GRO-003,Packaged Groceries,SALE,-2,67,65,2026-07-24 11:01:48,POS Sale INV-2026-1930
txn-10969,prod-05,A4 Premium Copy Paper 500 Sheets,SKU-OFF-001,Office Supplies,SALE,-6,256,250,2026-07-24 11:01:48,POS Sale INV-2026-1930
txn-10970,prod-10,Organic Green Tea (Box of 50 Bags),SKU-BEV-002,Beverages & Drinks,SALE,-1,91,90,2026-07-24 18:14:38,POS Sale INV-2026-1931
txn-10971,prod-19,Waterproof Work Gloves (Pair),SKU-APP-003,Apparel & Wearables,SALE,-3,183,180,2026-07-24 18:14:38,POS Sale INV-2026-1931
txn-10972,prod-10,Organic Green Tea (Box of 50 Bags),SKU-BEV-002,Beverages & Drinks,SALE,-2,92,90,2026-07-24 16:08:32,POS Sale INV-2026-1932
txn-10973,prod-25,Antibacterial Hand Sanitizer 500ml,SKU-PER-001,Personal Care,SALE,-3,303,300,2026-07-25 15:31:30,POS Sale INV-2026-1933
txn-10974,prod-10,Organic Green Tea (Box of 50 Bags),SKU-BEV-002,Beverages & Drinks,SALE,-1,91,90,2026-07-25 15:31:30,POS Sale INV-2026-1933
txn-10975,prod-25,Antibacterial Hand Sanitizer 500ml,SKU-PER-001,Personal Care,SALE,-1,301,300,2026-07-25 09:59:17,POS Sale INV-2026-1934
txn-10976,prod-06,Gel Ink Rollerball Pens (Box of 12),SKU-OFF-002,Office Supplies,SALE,-2,122,120,2026-07-25 09:59:17,POS Sale INV-2026-1934
txn-10977,prod-12,Natural Cold Pressed Citrus Juice 1L,SKU-BEV-004,Beverages & Drinks,SALE,-1,41,40,2026-07-25 09:59:17,POS Sale INV-2026-1934
txn-10978,prod-06,Gel Ink Rollerball Pens (Box of 12),SKU-OFF-002,Office Supplies,SALE,-1,121,120,2026-07-25 10:11:59,POS Sale INV-2026-1935
txn-10979,prod-01,Wireless Bluetooth Headset Pro,SKU-ELE-001,Electronics & Gadgets,SALE,-1,46,45,2026-07-25 10:11:59,POS Sale INV-2026-1935
txn-10980,prod-19,Waterproof Work Gloves (Pair),SKU-APP-003,Apparel & Wearables,SALE,-2,182,180,2026-07-25 14:55:29,POS Sale INV-2026-1936
txn-10981,prod-12,Natural Cold Pressed Citrus Juice 1L,SKU-BEV-004,Beverages & Drinks,SALE,-4,44,40,2026-07-25 14:55:29,POS Sale INV-2026-1936
txn-10982,prod-27,Microfiber Facial Towels (Pack of 4),SKU-PER-003,Personal Care,SALE,-1,71,70,2026-07-25 14:55:29,POS Sale INV-2026-1936
txn-10983,prod-02,Ergonomic Optical Wireless Mouse,SKU-ELE-002,Electronics & Gadgets,SALE,-2,82,80,2026-07-25 18:47:52,POS Sale INV-2026-1937
txn-10984,prod-09,Arabica Whole Bean Coffee 1kg,SKU-BEV-001,Beverages & Drinks,SALE,-1,61,60,2026-07-25 18:38:34,POS Sale INV-2026-1938
txn-10985,prod-17,100% Cotton Polo Shirt (Medium),SKU-APP-001,Apparel & Wearables,SALE,-1,96,95,2026-07-25 16:29:52,POS Sale INV-2026-1939
txn-10986,prod-05,A4 Premium Copy Paper 500 Sheets,SKU-OFF-001,Office Supplies,SALE,-2,252,250,2026-07-25 16:29:52,POS Sale INV-2026-1939
txn-10987,prod-22,Professional Precision Screwdriver Kit,SKU-HAR-002,Hardware & Tools,SALE,-2,57,55,2026-07-25 09:35:24,POS Sale INV-2026-1940
txn-10988,prod-26,Gentle Moisturizing Hand Soap 1L,SKU-PER-002,Personal Care,SALE,-2,152,150,2026-07-25 09:35:24,POS Sale INV-2026-1940
txn-10989,prod-24,Heavy-Duty Steel Measuring Tape 8m,SKU-HAR-004,Hardware & Tools,SALE,-2,92,90,2026-07-25 09:35:24,POS Sale INV-2026-1940
txn-10990,prod-17,100% Cotton Polo Shirt (Medium),SKU-APP-001,Apparel & Wearables,SALE,-1,96,95,2026-07-25 09:35:24,POS Sale INV-2026-1940
txn-10991,prod-06,Gel Ink Rollerball Pens (Box of 12),SKU-OFF-002,Office Supplies,SALE,-1,121,120,2026-07-25 09:35:24,POS Sale INV-2026-1940
txn-10992,prod-14,Wholegrain Oats 1kg,SKU-GRO-002,Packaged Groceries,SALE,-1,111,110,2026-07-26 16:25:56,POS Sale INV-2026-1941
txn-10993,prod-06,Gel Ink Rollerball Pens (Box of 12),SKU-OFF-002,Office Supplies,SALE,-2,122,120,2026-07-26 15:18:39,POS Sale INV-2026-1942
txn-10994,prod-03,Mechanical RGB Gaming Keyboard,SKU-ELE-003,Electronics & Gadgets,SALE,-1,31,30,2026-07-26 15:18:39,POS Sale INV-2026-1942
txn-10995,prod-12,Natural Cold Pressed Citrus Juice 1L,SKU-BEV-004,Beverages & Drinks,SALE,-1,41,40,2026-07-26 15:18:39,POS Sale INV-2026-1942
txn-10996,prod-10,Organic Green Tea (Box of 50 Bags),SKU-BEV-002,Beverages & Drinks,SALE,-4,94,90,2026-07-26 16:53:41,POS Sale INV-2026-1943
txn-10997,prod-27,Microfiber Facial Towels (Pack of 4),SKU-PER-003,Personal Care,SALE,-1,71,70,2026-07-26 16:53:41,POS Sale INV-2026-1943
txn-10998,prod-22,Professional Precision Screwdriver Kit,SKU-HAR-002,Hardware & Tools,SALE,-1,56,55,2026-07-26 18:57:44,POS Sale INV-2026-1944
txn-10999,prod-10,Organic Green Tea (Box of 50 Bags),SKU-BEV-002,Beverages & Drinks,SALE,-1,91,90,2026-07-26 09:11:29,POS Sale INV-2026-1945
txn-11000,prod-26,Gentle Moisturizing Hand Soap 1L,SKU-PER-002,Personal Care,SALE,-1,151,150,2026-07-26 09:11:29,POS Sale INV-2026-1945
txn-11001,prod-13,Organic Extra Virgin Olive Oil 750ml,SKU-GRO-001,Packaged Groceries,SALE,-1,51,50,2026-07-26 10:16:20,POS Sale INV-2026-1946
txn-11002,prod-03,Mechanical RGB Gaming Keyboard,SKU-ELE-003,Electronics & Gadgets,SALE,-2,32,30,2026-07-26 10:16:20,POS Sale INV-2026-1946
txn-11003,prod-28,Electric Stainless Steel Kettle 1.7L,SKU-HOM-001,Home Appliances,SALE,-1,33,32,2026-07-26 10:16:20,POS Sale INV-2026-1946
txn-11004,prod-12,Natural Cold Pressed Citrus Juice 1L,SKU-BEV-004,Beverages & Drinks,SALE,-1,41,40,2026-07-26 10:05:07,POS Sale INV-2026-1947
txn-11005,prod-02,Ergonomic Optical Wireless Mouse,SKU-ELE-002,Electronics & Gadgets,SALE,-3,83,80,2026-07-26 10:05:07,POS Sale INV-2026-1947
txn-11006,prod-06,Gel Ink Rollerball Pens (Box of 12),SKU-OFF-002,Office Supplies,SALE,-1,121,120,2026-07-26 15:46:50,POS Sale INV-2026-1948
txn-11007,prod-02,Ergonomic Optical Wireless Mouse,SKU-ELE-002,Electronics & Gadgets,SALE,-1,81,80,2026-07-26 15:02:49,POS Sale INV-2026-1949
txn-11008,prod-16,Assorted Roasted Almonds 250g,SKU-GRO-004,Packaged Groceries,SALE,-1,86,85,2026-07-26 15:02:49,POS Sale INV-2026-1949
txn-11009,prod-05,A4 Premium Copy Paper 500 Sheets,SKU-OFF-001,Office Supplies,SALE,-3,253,250,2026-07-26 15:02:49,POS Sale INV-2026-1949
txn-11010,prod-01,Wireless Bluetooth Headset Pro,SKU-ELE-001,Electronics & Gadgets,SALE,-1,46,45,2026-07-26 11:10:55,POS Sale INV-2026-1950
txn-11011,prod-08,Adjustable Mesh Executive Chair,SKU-OFF-004,Office Supplies,SALE,-1,9,8,2026-07-26 13:46:49,POS Sale INV-2026-1951
txn-11012,prod-12,Natural Cold Pressed Citrus Juice 1L,SKU-BEV-004,Beverages & Drinks,SALE,-1,41,40,2026-07-26 13:46:49,POS Sale INV-2026-1951
txn-11013,prod-01,Wireless Bluetooth Headset Pro,SKU-ELE-001,Electronics & Gadgets,SALE,-1,46,45,2026-07-26 13:46:49,POS Sale INV-2026-1951
txn-11014,prod-09,Arabica Whole Bean Coffee 1kg,SKU-BEV-001,Beverages & Drinks,SALE,-1,61,60,2026-07-26 11:12:00,POS Sale INV-2026-1952
txn-11015,prod-03,Mechanical RGB Gaming Keyboard,SKU-ELE-003,Electronics & Gadgets,SALE,-2,32,30,2026-07-26 16:34:51,POS Sale INV-2026-1953
txn-11016,prod-28,Electric Stainless Steel Kettle 1.7L,SKU-HOM-001,Home Appliances,SALE,-2,34,32,2026-07-26 18:42:30,POS Sale INV-2026-1954
txn-11017,prod-26,Gentle Moisturizing Hand Soap 1L,SKU-PER-002,Personal Care,SALE,-1,151,150,2026-07-26 18:42:30,POS Sale INV-2026-1954
txn-11018,prod-17,100% Cotton Polo Shirt (Medium),SKU-APP-001,Apparel & Wearables,SALE,-1,96,95,2026-07-26 18:42:30,POS Sale INV-2026-1954
txn-11019,prod-21,20V Cordless Power Drill Set,SKU-HAR-001,Hardware & Tools,SALE,-2,24,22,2026-07-26 18:42:30,POS Sale INV-2026-1954
txn-11020,prod-09,Arabica Whole Bean Coffee 1kg,SKU-BEV-001,Beverages & Drinks,SALE,-1,61,60,2026-07-26 18:42:30,POS Sale INV-2026-1954
txn-11021,prod-27,Microfiber Facial Towels (Pack of 4),SKU-PER-003,Personal Care,SALE,-1,71,70,2026-07-26 09:15:56,POS Sale INV-2026-1955
txn-11022,prod-15,Raw Honey Jar 500g,SKU-GRO-003,Packaged Groceries,SALE,-1,66,65,2026-07-27 12:03:11,POS Sale INV-2026-1956
txn-11023,prod-07,Heavy-Duty Desktop Stapler,SKU-OFF-003,Office Supplies,SALE,-3,43,40,2026-07-27 12:03:11,POS Sale INV-2026-1956
txn-11024,prod-14,Wholegrain Oats 1kg,SKU-GRO-002,Packaged Groceries,SALE,-1,111,110,2026-07-27 09:42:36,POS Sale INV-2026-1957
txn-11025,prod-03,Mechanical RGB Gaming Keyboard,SKU-ELE-003,Electronics & Gadgets,SALE,-4,34,30,2026-07-27 09:42:36,POS Sale INV-2026-1957
txn-11026,prod-17,100% Cotton Polo Shirt (Medium),SKU-APP-001,Apparel & Wearables,SALE,-1,96,95,2026-07-27 09:06:26,POS Sale INV-2026-1958
txn-11027,prod-27,Microfiber Facial Towels (Pack of 4),SKU-PER-003,Personal Care,SALE,-1,71,70,2026-07-27 18:36:50,POS Sale INV-2026-1959
txn-11028,prod-16,Assorted Roasted Almonds 250g,SKU-GRO-004,Packaged Groceries,SALE,-1,86,85,2026-07-27 18:36:50,POS Sale INV-2026-1959
txn-11029,prod-11,Sparkling Mineral Water 500ml (Pack 12),SKU-BEV-003,Beverages & Drinks,SALE,-3,78,75,2026-07-27 09:05:49,POS Sale INV-2026-1960
txn-11030,prod-26,Gentle Moisturizing Hand Soap 1L,SKU-PER-002,Personal Care,SALE,-2,152,150,2026-07-27 09:05:49,POS Sale INV-2026-1960
txn-11031,prod-19,Waterproof Work Gloves (Pair),SKU-APP-003,Apparel & Wearables,SALE,-1,181,180,2026-07-27 09:05:49,POS Sale INV-2026-1960
txn-11032,prod-06,Gel Ink Rollerball Pens (Box of 12),SKU-OFF-002,Office Supplies,SALE,-3,123,120,2026-07-27 15:53:35,POS Sale INV-2026-1961
txn-11033,prod-19,Waterproof Work Gloves (Pair),SKU-APP-003,Apparel & Wearables,SALE,-2,182,180,2026-07-27 13:21:33,POS Sale INV-2026-1962
txn-11034,prod-09,Arabica Whole Bean Coffee 1kg,SKU-BEV-001,Beverages & Drinks,SALE,-1,61,60,2026-07-27 13:21:33,POS Sale INV-2026-1962
txn-11035,prod-06,Gel Ink Rollerball Pens (Box of 12),SKU-OFF-002,Office Supplies,SALE,-1,121,120,2026-07-27 13:21:33,POS Sale INV-2026-1962
txn-11036,prod-01,Wireless Bluetooth Headset Pro,SKU-ELE-001,Electronics & Gadgets,SALE,-1,46,45,2026-07-27 10:36:46,POS Sale INV-2026-1963
txn-11037,prod-10,Organic Green Tea (Box of 50 Bags),SKU-BEV-002,Beverages & Drinks,SALE,-1,91,90,2026-07-27 10:36:46,POS Sale INV-2026-1963
txn-11038,prod-06,Gel Ink Rollerball Pens (Box of 12),SKU-OFF-002,Office Supplies,SALE,-1,121,120,2026-07-27 18:59:50,POS Sale INV-2026-1964
txn-11039,prod-05,A4 Premium Copy Paper 500 Sheets,SKU-OFF-001,Office Supplies,SALE,-1,251,250,2026-07-27 18:59:50,POS Sale INV-2026-1964
txn-11040,prod-24,Heavy-Duty Steel Measuring Tape 8m,SKU-HAR-004,Hardware & Tools,SALE,-1,91,90,2026-07-27 18:59:50,POS Sale INV-2026-1964
txn-11041,prod-12,Natural Cold Pressed Citrus Juice 1L,SKU-BEV-004,Beverages & Drinks,SALE,-2,42,40,2026-07-27 18:59:50,POS Sale INV-2026-1964
txn-11042,prod-18,High-Visibility Safety Vest,SKU-APP-002,Apparel & Wearables,SALE,-3,143,140,2026-07-27 18:59:50,POS Sale INV-2026-1964
txn-11043,prod-15,Raw Honey Jar 500g,SKU-GRO-003,Packaged Groceries,SALE,-3,68,65,2026-07-27 14:16:33,POS Sale INV-2026-1965
txn-11044,prod-25,Antibacterial Hand Sanitizer 500ml,SKU-PER-001,Personal Care,SALE,-1,301,300,2026-07-27 18:36:31,POS Sale INV-2026-1966
txn-11045,prod-24,Heavy-Duty Steel Measuring Tape 8m,SKU-HAR-004,Hardware & Tools,SALE,-4,94,90,2026-07-28 11:56:39,POS Sale INV-2026-1967
txn-11046,prod-27,Microfiber Facial Towels (Pack of 4),SKU-PER-003,Personal Care,SALE,-1,71,70,2026-07-28 11:56:39,POS Sale INV-2026-1967
txn-11047,prod-19,Waterproof Work Gloves (Pair),SKU-APP-003,Apparel & Wearables,SALE,-1,181,180,2026-07-28 11:56:39,POS Sale INV-2026-1967
txn-11048,prod-10,Organic Green Tea (Box of 50 Bags),SKU-BEV-002,Beverages & Drinks,SALE,-2,92,90,2026-07-28 11:56:39,POS Sale INV-2026-1967
txn-11049,prod-27,Microfiber Facial Towels (Pack of 4),SKU-PER-003,Personal Care,SALE,-2,72,70,2026-07-28 09:29:40,POS Sale INV-2026-1968
txn-11050,prod-06,Gel Ink Rollerball Pens (Box of 12),SKU-OFF-002,Office Supplies,SALE,-1,121,120,2026-07-28 09:29:40,POS Sale INV-2026-1968
txn-11051,prod-25,Antibacterial Hand Sanitizer 500ml,SKU-PER-001,Personal Care,SALE,-1,301,300,2026-07-28 09:29:40,POS Sale INV-2026-1968
txn-11052,prod-09,Arabica Whole Bean Coffee 1kg,SKU-BEV-001,Beverages & Drinks,SALE,-6,66,60,2026-07-28 15:26:02,POS Sale INV-2026-1969
txn-11053,prod-22,Professional Precision Screwdriver Kit,SKU-HAR-002,Hardware & Tools,SALE,-1,56,55,2026-07-28 12:44:18,POS Sale INV-2026-1970
txn-11054,prod-28,Electric Stainless Steel Kettle 1.7L,SKU-HOM-001,Home Appliances,SALE,-2,34,32,2026-07-28 12:44:18,POS Sale INV-2026-1970
txn-11055,prod-26,Gentle Moisturizing Hand Soap 1L,SKU-PER-002,Personal Care,SALE,-4,154,150,2026-07-28 17:20:49,POS Sale INV-2026-1971
txn-11056,prod-05,A4 Premium Copy Paper 500 Sheets,SKU-OFF-001,Office Supplies,SALE,-1,251,250,2026-07-28 17:20:49,POS Sale INV-2026-1971
txn-11057,prod-24,Heavy-Duty Steel Measuring Tape 8m,SKU-HAR-004,Hardware & Tools,SALE,-1,91,90,2026-07-28 18:39:01,POS Sale INV-2026-1972
txn-11058,prod-12,Natural Cold Pressed Citrus Juice 1L,SKU-BEV-004,Beverages & Drinks,SALE,-1,41,40,2026-07-28 19:30:58,POS Sale INV-2026-1973
txn-11059,prod-23,Digital Laser Distance Meter 50m,SKU-HAR-003,Hardware & Tools,SALE,-1,29,28,2026-07-28 19:30:58,POS Sale INV-2026-1973
txn-11060,prod-13,Organic Extra Virgin Olive Oil 750ml,SKU-GRO-001,Packaged Groceries,SALE,-1,51,50,2026-07-28 19:29:57,POS Sale INV-2026-1974
txn-11061,prod-11,Sparkling Mineral Water 500ml (Pack 12),SKU-BEV-003,Beverages & Drinks,SALE,-1,76,75,2026-07-28 15:59:47,POS Sale INV-2026-1975
txn-11062,prod-17,100% Cotton Polo Shirt (Medium),SKU-APP-001,Apparel & Wearables,SALE,-2,97,95,2026-07-29 19:20:35,POS Sale INV-2026-1976
txn-11063,prod-21,20V Cordless Power Drill Set,SKU-HAR-001,Hardware & Tools,SALE,-1,23,22,2026-07-29 14:04:09,POS Sale INV-2026-1977
txn-11064,prod-11,Sparkling Mineral Water 500ml (Pack 12),SKU-BEV-003,Beverages & Drinks,SALE,-1,76,75,2026-07-29 14:04:09,POS Sale INV-2026-1977
txn-11065,prod-19,Waterproof Work Gloves (Pair),SKU-APP-003,Apparel & Wearables,SALE,-1,181,180,2026-07-29 19:34:53,POS Sale INV-2026-1978
txn-11066,prod-01,Wireless Bluetooth Headset Pro,SKU-ELE-001,Electronics & Gadgets,SALE,-6,51,45,2026-07-29 19:34:53,POS Sale INV-2026-1978
txn-11067,prod-14,Wholegrain Oats 1kg,SKU-GRO-002,Packaged Groceries,SALE,-2,112,110,2026-07-29 10:55:50,POS Sale INV-2026-1979
txn-11068,prod-26,Gentle Moisturizing Hand Soap 1L,SKU-PER-002,Personal Care,SALE,-1,151,150,2026-07-29 10:55:50,POS Sale INV-2026-1979
txn-11069,prod-26,Gentle Moisturizing Hand Soap 1L,SKU-PER-002,Personal Care,SALE,-4,154,150,2026-07-29 13:26:05,POS Sale INV-2026-1980
txn-11070,prod-13,Organic Extra Virgin Olive Oil 750ml,SKU-GRO-001,Packaged Groceries,SALE,-2,52,50,2026-07-29 13:26:05,POS Sale INV-2026-1980
txn-11071,prod-10,Organic Green Tea (Box of 50 Bags),SKU-BEV-002,Beverages & Drinks,SALE,-1,91,90,2026-07-29 13:26:05,POS Sale INV-2026-1980
txn-11072,prod-13,Organic Extra Virgin Olive Oil 750ml,SKU-GRO-001,Packaged Groceries,SALE,-1,51,50,2026-07-29 13:13:33,POS Sale INV-2026-1981
txn-11073,prod-02,Ergonomic Optical Wireless Mouse,SKU-ELE-002,Electronics & Gadgets,SALE,-3,83,80,2026-07-29 13:13:33,POS Sale INV-2026-1981
txn-11074,prod-15,Raw Honey Jar 500g,SKU-GRO-003,Packaged Groceries,SALE,-1,66,65,2026-07-29 13:13:33,POS Sale INV-2026-1981
txn-11075,prod-16,Assorted Roasted Almonds 250g,SKU-GRO-004,Packaged Groceries,SALE,-1,86,85,2026-07-29 12:58:05,POS Sale INV-2026-1982
txn-11076,prod-02,Ergonomic Optical Wireless Mouse,SKU-ELE-002,Electronics & Gadgets,SALE,-1,81,80,2026-07-29 12:58:05,POS Sale INV-2026-1982
txn-11077,prod-28,Electric Stainless Steel Kettle 1.7L,SKU-HOM-001,Home Appliances,SALE,-1,33,32,2026-07-29 12:58:05,POS Sale INV-2026-1982
txn-11078,prod-09,Arabica Whole Bean Coffee 1kg,SKU-BEV-001,Beverages & Drinks,SALE,-1,61,60,2026-07-29 11:12:21,POS Sale INV-2026-1983
txn-11079,prod-06,Gel Ink Rollerball Pens (Box of 12),SKU-OFF-002,Office Supplies,SALE,-2,122,120,2026-07-29 11:12:21,POS Sale INV-2026-1983
txn-11080,prod-05,A4 Premium Copy Paper 500 Sheets,SKU-OFF-001,Office Supplies,SALE,-1,251,250,2026-07-29 11:12:21,POS Sale INV-2026-1983
txn-11081,prod-05,A4 Premium Copy Paper 500 Sheets,SKU-OFF-001,Office Supplies,SALE,-1,251,250,2026-07-29 14:09:49,POS Sale INV-2026-1984
txn-11082,prod-10,Organic Green Tea (Box of 50 Bags),SKU-BEV-002,Beverages & Drinks,SALE,-3,93,90,2026-07-29 09:29:24,POS Sale INV-2026-1985
txn-11083,prod-29,HEPA Air Purifier Desktop Size,SKU-HOM-002,Home Appliances,SALE,-1,19,18,2026-07-29 09:29:24,POS Sale INV-2026-1985
txn-11084,prod-13,Organic Extra Virgin Olive Oil 750ml,SKU-GRO-001,Packaged Groceries,SALE,-2,52,50,2026-07-29 09:29:24,POS Sale INV-2026-1985
txn-11085,prod-05,A4 Premium Copy Paper 500 Sheets,SKU-OFF-001,Office Supplies,SALE,-6,256,250,2026-07-29 09:29:24,POS Sale INV-2026-1985
txn-11086,prod-03,Mechanical RGB Gaming Keyboard,SKU-ELE-003,Electronics & Gadgets,SALE,-2,32,30,2026-07-29 09:43:54,POS Sale INV-2026-1986
txn-11087,prod-06,Gel Ink Rollerball Pens (Box of 12),SKU-OFF-002,Office Supplies,SALE,-1,121,120,2026-07-30 09:06:33,POS Sale INV-2026-1987
txn-11088,prod-24,Heavy-Duty Steel Measuring Tape 8m,SKU-HAR-004,Hardware & Tools,SALE,-1,91,90,2026-07-30 13:40:57,POS Sale INV-2026-1988
txn-11089,prod-17,100% Cotton Polo Shirt (Medium),SKU-APP-001,Apparel & Wearables,SALE,-1,96,95,2026-07-30 17:20:49,POS Sale INV-2026-1989
txn-11090,prod-12,Natural Cold Pressed Citrus Juice 1L,SKU-BEV-004,Beverages & Drinks,SALE,-2,42,40,2026-07-30 17:20:49,POS Sale INV-2026-1989
txn-11091,prod-24,Heavy-Duty Steel Measuring Tape 8m,SKU-HAR-004,Hardware & Tools,SALE,-3,93,90,2026-07-30 13:07:00,POS Sale INV-2026-1990
txn-11092,prod-15,Raw Honey Jar 500g,SKU-GRO-003,Packaged Groceries,SALE,-1,66,65,2026-07-30 17:22:35,POS Sale INV-2026-1991
txn-11093,prod-13,Organic Extra Virgin Olive Oil 750ml,SKU-GRO-001,Packaged Groceries,SALE,-3,53,50,2026-07-30 17:22:35,POS Sale INV-2026-1991
txn-11094,prod-10,Organic Green Tea (Box of 50 Bags),SKU-BEV-002,Beverages & Drinks,SALE,-1,91,90,2026-07-30 11:04:19,POS Sale INV-2026-1992
txn-11095,prod-18,High-Visibility Safety Vest,SKU-APP-002,Apparel & Wearables,SALE,-1,141,140,2026-07-30 11:04:19,POS Sale INV-2026-1992
txn-11096,prod-27,Microfiber Facial Towels (Pack of 4),SKU-PER-003,Personal Care,SALE,-1,71,70,2026-07-30 11:04:19,POS Sale INV-2026-1992
txn-11097,prod-28,Electric Stainless Steel Kettle 1.7L,SKU-HOM-001,Home Appliances,SALE,-4,36,32,2026-07-30 11:04:19,POS Sale INV-2026-1992
txn-11098,prod-16,Assorted Roasted Almonds 250g,SKU-GRO-004,Packaged Groceries,SALE,-1,86,85,2026-07-30 11:01:30,POS Sale INV-2026-1993
txn-11099,prod-11,Sparkling Mineral Water 500ml (Pack 12),SKU-BEV-003,Beverages & Drinks,SALE,-6,81,75,2026-07-30 10:27:25,POS Sale INV-2026-1994
txn-11100,prod-16,Assorted Roasted Almonds 250g,SKU-GRO-004,Packaged Groceries,SALE,-1,86,85,2026-07-30 16:39:22,POS Sale INV-2026-1995
txn-11101,prod-07,Heavy-Duty Desktop Stapler,SKU-OFF-003,Office Supplies,SALE,-1,41,40,2026-07-31 19:51:34,POS Sale INV-2026-1996
txn-11102,prod-09,Arabica Whole Bean Coffee 1kg,SKU-BEV-001,Beverages & Drinks,SALE,-1,61,60,2026-07-31 19:51:34,POS Sale INV-2026-1996
txn-11103,prod-27,Microfiber Facial Towels (Pack of 4),SKU-PER-003,Personal Care,SALE,-2,72,70,2026-07-31 10:52:51,POS Sale INV-2026-1997
txn-11104,prod-10,Organic Green Tea (Box of 50 Bags),SKU-BEV-002,Beverages & Drinks,SALE,-4,94,90,2026-07-31 10:52:51,POS Sale INV-2026-1997
txn-11105,prod-16,Assorted Roasted Almonds 250g,SKU-GRO-004,Packaged Groceries,SALE,-1,86,85,2026-07-31 10:52:51,POS Sale INV-2026-1997
txn-11106,prod-26,Gentle Moisturizing Hand Soap 1L,SKU-PER-002,Personal Care,SALE,-1,151,150,2026-07-31 10:52:51,POS Sale INV-2026-1997
txn-11107,prod-01,Wireless Bluetooth Headset Pro,SKU-ELE-001,Electronics & Gadgets,SALE,-4,49,45,2026-07-31 10:52:51,POS Sale INV-2026-1997
txn-11108,prod-01,Wireless Bluetooth Headset Pro,SKU-ELE-001,Electronics & Gadgets,SALE,-1,46,45,2026-07-31 19:41:45,POS Sale INV-2026-1998
txn-11109,prod-07,Heavy-Duty Desktop Stapler,SKU-OFF-003,Office Supplies,SALE,-2,42,40,2026-07-31 19:41:45,POS Sale INV-2026-1998
txn-11110,prod-30,Compact Digital Microwave Oven 20L,SKU-HOM-003,Home Appliances,SALE,-1,16,15,2026-07-31 11:55:57,POS Sale INV-2026-1999
txn-11111,prod-09,Arabica Whole Bean Coffee 1kg,SKU-BEV-001,Beverages & Drinks,SALE,-1,61,60,2026-07-31 11:55:57,POS Sale INV-2026-1999
txn-11112,prod-15,Raw Honey Jar 500g,SKU-GRO-003,Packaged Groceries,SALE,-1,66,65,2026-07-31 11:55:57,POS Sale INV-2026-1999
txn-11113,prod-25,Antibacterial Hand Sanitizer 500ml,SKU-PER-001,Personal Care,SALE,-2,302,300,2026-07-31 19:21:50,POS Sale INV-2026-2000
txn-11114,prod-14,Wholegrain Oats 1kg,SKU-GRO-002,Packaged Groceries,SALE,-1,111,110,2026-07-31 19:21:50,POS Sale INV-2026-2000
txn-11115,prod-17,100% Cotton Polo Shirt (Medium),SKU-APP-001,Apparel & Wearables,SALE,-6,101,95,2026-07-31 19:21:50,POS Sale INV-2026-2000
txn-11116,prod-06,Gel Ink Rollerball Pens (Box of 12),SKU-OFF-002,Office Supplies,SALE,-2,122,120,2026-07-31 19:21:50,POS Sale INV-2026-2000
txn-11117,prod-15,Raw Honey Jar 500g,SKU-GRO-003,Packaged Groceries,SALE,-1,66,65,2026-07-31 19:21:50,POS Sale INV-2026-2000
txn-11118,prod-05,A4 Premium Copy Paper 500 Sheets,SKU-OFF-001,Office Supplies,SALE,-1,251,250,2026-07-31 10:30:07,POS Sale INV-2026-2001
txn-11119,prod-11,Sparkling Mineral Water 500ml (Pack 12),SKU-BEV-003,Beverages & Drinks,SALE,-2,77,75,2026-07-31 10:30:07,POS Sale INV-2026-2001
txn-11120,prod-10,Organic Green Tea (Box of 50 Bags),SKU-BEV-002,Beverages & Drinks,SALE,-1,91,90,2026-07-31 10:30:07,POS Sale INV-2026-2001
txn-11121,prod-16,Assorted Roasted Almonds 250g,SKU-GRO-004,Packaged Groceries,SALE,-1,86,85,2026-07-31 14:38:36,POS Sale INV-2026-2002
txn-11122,prod-10,Organic Green Tea (Box of 50 Bags),SKU-BEV-002,Beverages & Drinks,SALE,-1,91,90,2026-07-31 14:38:36,POS Sale INV-2026-2002
txn-11123,prod-25,Antibacterial Hand Sanitizer 500ml,SKU-PER-001,Personal Care,SALE,-1,301,300,2026-07-31 14:38:36,POS Sale INV-2026-2002
txn-11124,prod-01,Wireless Bluetooth Headset Pro,SKU-ELE-001,Electronics & Gadgets,SALE,-2,47,45,2026-07-31 10:20:35,POS Sale INV-2026-2003
txn-11125,prod-12,Natural Cold Pressed Citrus Juice 1L,SKU-BEV-004,Beverages & Drinks,SALE,-1,41,40,2026-07-31 15:37:26,POS Sale INV-2026-2004
txn-11126,prod-28,Electric Stainless Steel Kettle 1.7L,SKU-HOM-001,Home Appliances,SALE,-3,35,32,2026-07-31 15:37:26,POS Sale INV-2026-2004
txn-11127,prod-16,Assorted Roasted Almonds 250g,SKU-GRO-004,Packaged Groceries,SALE,-3,88,85,2026-07-31 16:24:04,POS Sale INV-2026-2005
txn-11128,prod-22,Professional Precision Screwdriver Kit,SKU-HAR-002,Hardware & Tools,SALE,-1,56,55,2026-07-31 15:36:50,POS Sale INV-2026-2006
txn-11129,prod-11,Sparkling Mineral Water 500ml (Pack 12),SKU-BEV-003,Beverages & Drinks,SALE,-1,76,75,2026-07-31 15:36:50,POS Sale INV-2026-2006
txn-11130,prod-26,Gentle Moisturizing Hand Soap 1L,SKU-PER-002,Personal Care,SALE,-1,151,150,2026-07-31 19:04:47,POS Sale INV-2026-2007
txn-11131,prod-27,Microfiber Facial Towels (Pack of 4),SKU-PER-003,Personal Care,SALE,-1,71,70,2026-07-31 18:29:20,POS Sale INV-2026-2008
txn-11132,prod-07,Heavy-Duty Desktop Stapler,SKU-OFF-003,Office Supplies,SALE,-1,41,40,2026-07-31 18:29:20,POS Sale INV-2026-2008
txn-11133,prod-10,Organic Green Tea (Box of 50 Bags),SKU-BEV-002,Beverages & Drinks,SALE,-1,91,90,2026-07-31 18:29:20,POS Sale INV-2026-2008
txn-11134,prod-26,Gentle Moisturizing Hand Soap 1L,SKU-PER-002,Personal Care,SALE,-2,152,150,2026-07-31 18:29:20,POS Sale INV-2026-2008
txn-11135,prod-28,Electric Stainless Steel Kettle 1.7L,SKU-HOM-001,Home Appliances,SALE,-1,33,32,2026-07-31 18:29:20,POS Sale INV-2026-2008
txn-11136,prod-02,Ergonomic Optical Wireless Mouse,SKU-ELE-002,Electronics & Gadgets,SALE,-1,81,80,2026-08-01 15:04:38,POS Sale INV-2026-2009
txn-11137,prod-11,Sparkling Mineral Water 500ml (Pack 12),SKU-BEV-003,Beverages & Drinks,SALE,-1,76,75,2026-08-01 15:04:38,POS Sale INV-2026-2009
txn-11138,prod-10,Organic Green Tea (Box of 50 Bags),SKU-BEV-002,Beverages & Drinks,SALE,-1,91,90,2026-08-01 15:04:38,POS Sale INV-2026-2009
txn-11139,prod-09,Arabica Whole Bean Coffee 1kg,SKU-BEV-001,Beverages & Drinks,SALE,-6,66,60,2026-08-01 15:20:31,POS Sale INV-2026-2010
txn-11140,prod-12,Natural Cold Pressed Citrus Juice 1L,SKU-BEV-004,Beverages & Drinks,SALE,-6,46,40,2026-08-01 11:56:37,POS Sale INV-2026-2011
txn-11141,prod-16,Assorted Roasted Almonds 250g,SKU-GRO-004,Packaged Groceries,SALE,-1,86,85,2026-08-01 11:56:37,POS Sale INV-2026-2011
txn-11142,prod-22,Professional Precision Screwdriver Kit,SKU-HAR-002,Hardware & Tools,SALE,-1,56,55,2026-08-01 19:09:28,POS Sale INV-2026-2012
txn-11143,prod-17,100% Cotton Polo Shirt (Medium),SKU-APP-001,Apparel & Wearables,SALE,-2,97,95,2026-08-01 19:09:28,POS Sale INV-2026-2012
txn-11144,prod-17,100% Cotton Polo Shirt (Medium),SKU-APP-001,Apparel & Wearables,SALE,-2,97,95,2026-08-01 12:13:43,POS Sale INV-2026-2013
txn-11145,prod-25,Antibacterial Hand Sanitizer 500ml,SKU-PER-001,Personal Care,SALE,-1,301,300,2026-08-01 19:19:58,POS Sale INV-2026-2014
txn-11146,prod-13,Organic Extra Virgin Olive Oil 750ml,SKU-GRO-001,Packaged Groceries,SALE,-4,54,50,2026-08-01 18:00:39,POS Sale INV-2026-2015
txn-11147,prod-06,Gel Ink Rollerball Pens (Box of 12),SKU-OFF-002,Office Supplies,SALE,-1,121,120,2026-08-01 18:00:39,POS Sale INV-2026-2015
txn-11148,prod-05,A4 Premium Copy Paper 500 Sheets,SKU-OFF-001,Office Supplies,SALE,-1,251,250,2026-08-01 18:00:39,POS Sale INV-2026-2015
txn-11149,prod-18,High-Visibility Safety Vest,SKU-APP-002,Apparel & Wearables,SALE,-1,141,140,2026-08-01 09:23:57,POS Sale INV-2026-2016
txn-11150,prod-09,Arabica Whole Bean Coffee 1kg,SKU-BEV-001,Beverages & Drinks,SALE,-1,61,60,2026-08-01 14:07:55,POS Sale INV-2026-2017
txn-11151,prod-06,Gel Ink Rollerball Pens (Box of 12),SKU-OFF-002,Office Supplies,SALE,-6,126,120,2026-08-02 18:25:40,POS Sale INV-2026-2018
txn-11152,prod-10,Organic Green Tea (Box of 50 Bags),SKU-BEV-002,Beverages & Drinks,SALE,-4,94,90,2026-08-02 18:25:40,POS Sale INV-2026-2018
txn-11153,prod-11,Sparkling Mineral Water 500ml (Pack 12),SKU-BEV-003,Beverages & Drinks,SALE,-2,77,75,2026-08-02 18:25:40,POS Sale INV-2026-2018
txn-11154,prod-02,Ergonomic Optical Wireless Mouse,SKU-ELE-002,Electronics & Gadgets,SALE,-1,81,80,2026-08-02 17:13:42,POS Sale INV-2026-2019
txn-11155,prod-14,Wholegrain Oats 1kg,SKU-GRO-002,Packaged Groceries,SALE,-2,112,110,2026-08-02 14:53:26,POS Sale INV-2026-2020
txn-11156,prod-25,Antibacterial Hand Sanitizer 500ml,SKU-PER-001,Personal Care,SALE,-1,301,300,2026-08-02 10:41:01,POS Sale INV-2026-2021
txn-11157,prod-10,Organic Green Tea (Box of 50 Bags),SKU-BEV-002,Beverages & Drinks,SALE,-1,91,90,2026-08-02 10:41:01,POS Sale INV-2026-2021
txn-11158,prod-20,Breathable Fleece Jacket (Large),SKU-APP-004,Apparel & Wearables,SALE,-2,37,35,2026-08-02 10:41:01,POS Sale INV-2026-2021
txn-11159,prod-11,Sparkling Mineral Water 500ml (Pack 12),SKU-BEV-003,Beverages & Drinks,SALE,-1,76,75,2026-08-02 11:05:08,POS Sale INV-2026-2022
txn-11160,prod-24,Heavy-Duty Steel Measuring Tape 8m,SKU-HAR-004,Hardware & Tools,SALE,-2,92,90,2026-08-02 18:59:27,POS Sale INV-2026-2023
txn-11161,prod-09,Arabica Whole Bean Coffee 1kg,SKU-BEV-001,Beverages & Drinks,SALE,-1,61,60,2026-08-02 18:59:27,POS Sale INV-2026-2023
txn-11162,prod-22,Professional Precision Screwdriver Kit,SKU-HAR-002,Hardware & Tools,SALE,-6,61,55,2026-08-02 16:24:22,POS Sale INV-2026-2024
txn-11163,prod-21,20V Cordless Power Drill Set,SKU-HAR-001,Hardware & Tools,SALE,-1,23,22,2026-08-02 16:24:22,POS Sale INV-2026-2024
txn-11164,prod-17,100% Cotton Polo Shirt (Medium),SKU-APP-001,Apparel & Wearables,SALE,-1,96,95,2026-08-02 16:54:46,POS Sale INV-2026-2025
txn-11165,prod-26,Gentle Moisturizing Hand Soap 1L,SKU-PER-002,Personal Care,SALE,-2,152,150,2026-08-02 16:54:46,POS Sale INV-2026-2025
txn-11166,prod-09,Arabica Whole Bean Coffee 1kg,SKU-BEV-001,Beverages & Drinks,SALE,-1,61,60,2026-08-02 17:36:23,POS Sale INV-2026-2026
txn-11167,prod-13,Organic Extra Virgin Olive Oil 750ml,SKU-GRO-001,Packaged Groceries,SALE,-1,51,50,2026-08-02 17:36:23,POS Sale INV-2026-2026
txn-11168,prod-16,Assorted Roasted Almonds 250g,SKU-GRO-004,Packaged Groceries,SALE,-1,86,85,2026-08-02 14:07:37,POS Sale INV-2026-2027
txn-11169,prod-18,High-Visibility Safety Vest,SKU-APP-002,Apparel & Wearables,SALE,-1,141,140,2026-08-02 14:07:37,POS Sale INV-2026-2027
txn-11170,prod-14,Wholegrain Oats 1kg,SKU-GRO-002,Packaged Groceries,SALE,-1,111,110,2026-08-02 14:07:37,POS Sale INV-2026-2027
txn-11171,prod-02,Ergonomic Optical Wireless Mouse,SKU-ELE-002,Electronics & Gadgets,SALE,-1,81,80,2026-08-02 14:07:37,POS Sale INV-2026-2027
txn-11172,prod-09,Arabica Whole Bean Coffee 1kg,SKU-BEV-001,Beverages & Drinks,SALE,-1,61,60,2026-08-03 17:54:48,POS Sale INV-2026-2028
txn-11173,prod-07,Heavy-Duty Desktop Stapler,SKU-OFF-003,Office Supplies,SALE,-1,41,40,2026-08-03 17:54:48,POS Sale INV-2026-2028
txn-11174,prod-26,Gentle Moisturizing Hand Soap 1L,SKU-PER-002,Personal Care,SALE,-2,152,150,2026-08-03 18:05:15,POS Sale INV-2026-2029
txn-11175,prod-21,20V Cordless Power Drill Set,SKU-HAR-001,Hardware & Tools,SALE,-2,24,22,2026-08-03 18:05:15,POS Sale INV-2026-2029
txn-11176,prod-03,Mechanical RGB Gaming Keyboard,SKU-ELE-003,Electronics & Gadgets,SALE,-1,31,30,2026-08-03 18:05:15,POS Sale INV-2026-2029
txn-11177,prod-24,Heavy-Duty Steel Measuring Tape 8m,SKU-HAR-004,Hardware & Tools,SALE,-2,92,90,2026-08-03 18:05:15,POS Sale INV-2026-2029
txn-11178,prod-16,Assorted Roasted Almonds 250g,SKU-GRO-004,Packaged Groceries,SALE,-1,86,85,2026-08-03 17:51:37,POS Sale INV-2026-2030
txn-11179,prod-19,Waterproof Work Gloves (Pair),SKU-APP-003,Apparel & Wearables,SALE,-1,181,180,2026-08-03 17:51:37,POS Sale INV-2026-2030
txn-11180,prod-13,Organic Extra Virgin Olive Oil 750ml,SKU-GRO-001,Packaged Groceries,SALE,-2,52,50,2026-08-03 17:51:37,POS Sale INV-2026-2030
txn-11181,prod-12,Natural Cold Pressed Citrus Juice 1L,SKU-BEV-004,Beverages & Drinks,SALE,-1,41,40,2026-08-03 09:30:29,POS Sale INV-2026-2031
txn-11182,prod-05,A4 Premium Copy Paper 500 Sheets,SKU-OFF-001,Office Supplies,SALE,-2,252,250,2026-08-03 15:22:51,POS Sale INV-2026-2032
txn-11183,prod-20,Breathable Fleece Jacket (Large),SKU-APP-004,Apparel & Wearables,SALE,-1,36,35,2026-08-03 15:22:51,POS Sale INV-2026-2032
txn-11184,prod-05,A4 Premium Copy Paper 500 Sheets,SKU-OFF-001,Office Supplies,SALE,-3,253,250,2026-08-03 18:47:19,POS Sale INV-2026-2033
txn-11185,prod-19,Waterproof Work Gloves (Pair),SKU-APP-003,Apparel & Wearables,SALE,-3,183,180,2026-08-04 16:37:10,POS Sale INV-2026-2034
txn-11186,prod-18,High-Visibility Safety Vest,SKU-APP-002,Apparel & Wearables,SALE,-1,141,140,2026-08-04 18:01:18,POS Sale INV-2026-2035
txn-11187,prod-02,Ergonomic Optical Wireless Mouse,SKU-ELE-002,Electronics & Gadgets,SALE,-1,81,80,2026-08-04 18:01:18,POS Sale INV-2026-2035
txn-11188,prod-04,4K Ultra-HD Monitor 27-inch,SKU-ELE-004,Electronics & Gadgets,SALE,-1,13,12,2026-08-04 18:01:18,POS Sale INV-2026-2035
txn-11189,prod-11,Sparkling Mineral Water 500ml (Pack 12),SKU-BEV-003,Beverages & Drinks,SALE,-4,79,75,2026-08-04 13:16:08,POS Sale INV-2026-2036
txn-11190,prod-25,Antibacterial Hand Sanitizer 500ml,SKU-PER-001,Personal Care,SALE,-1,301,300,2026-08-05 10:38:11,POS Sale INV-2026-2037
txn-11191,prod-22,Professional Precision Screwdriver Kit,SKU-HAR-002,Hardware & Tools,SALE,-2,57,55,2026-08-05 10:38:11,POS Sale INV-2026-2037
txn-11192,prod-19,Waterproof Work Gloves (Pair),SKU-APP-003,Apparel & Wearables,SALE,-1,181,180,2026-08-05 14:51:11,POS Sale INV-2026-2038
txn-11193,prod-08,Adjustable Mesh Executive Chair,SKU-OFF-004,Office Supplies,SALE,-2,10,8,2026-08-05 17:55:02,POS Sale INV-2026-2039
txn-11194,prod-09,Arabica Whole Bean Coffee 1kg,SKU-BEV-001,Beverages & Drinks,SALE,-3,63,60,2026-08-05 17:55:02,POS Sale INV-2026-2039
txn-11195,prod-27,Microfiber Facial Towels (Pack of 4),SKU-PER-003,Personal Care,SALE,-6,76,70,2026-08-05 17:55:02,POS Sale INV-2026-2039
txn-11196,prod-01,Wireless Bluetooth Headset Pro,SKU-ELE-001,Electronics & Gadgets,SALE,-6,51,45,2026-08-05 17:55:02,POS Sale INV-2026-2039
txn-11197,prod-21,20V Cordless Power Drill Set,SKU-HAR-001,Hardware & Tools,SALE,-1,23,22,2026-08-05 17:55:02,POS Sale INV-2026-2039
txn-11198,prod-19,Waterproof Work Gloves (Pair),SKU-APP-003,Apparel & Wearables,SALE,-6,186,180,2026-08-05 11:53:31,POS Sale INV-2026-2040
txn-11199,prod-05,A4 Premium Copy Paper 500 Sheets,SKU-OFF-001,Office Supplies,SALE,-3,253,250,2026-08-05 11:53:31,POS Sale INV-2026-2040
txn-11200,prod-20,Breathable Fleece Jacket (Large),SKU-APP-004,Apparel & Wearables,SALE,-1,36,35,2026-08-05 11:53:31,POS Sale INV-2026-2040
txn-11201,prod-10,Organic Green Tea (Box of 50 Bags),SKU-BEV-002,Beverages & Drinks,SALE,-3,93,90,2026-08-05 16:46:40,POS Sale INV-2026-2041
txn-11202,prod-13,Organic Extra Virgin Olive Oil 750ml,SKU-GRO-001,Packaged Groceries,SALE,-1,51,50,2026-08-05 13:48:52,POS Sale INV-2026-2042
txn-11203,prod-02,Ergonomic Optical Wireless Mouse,SKU-ELE-002,Electronics & Gadgets,SALE,-4,84,80,2026-08-05 13:48:52,POS Sale INV-2026-2042
txn-11204,prod-12,Natural Cold Pressed Citrus Juice 1L,SKU-BEV-004,Beverages & Drinks,SALE,-2,42,40,2026-08-05 13:48:52,POS Sale INV-2026-2042
txn-11205,prod-15,Raw Honey Jar 500g,SKU-GRO-003,Packaged Groceries,SALE,-1,66,65,2026-08-05 13:30:47,POS Sale INV-2026-2043
txn-11206,prod-10,Organic Green Tea (Box of 50 Bags),SKU-BEV-002,Beverages & Drinks,SALE,-1,91,90,2026-08-05 15:30:16,POS Sale INV-2026-2044
txn-11207,prod-13,Organic Extra Virgin Olive Oil 750ml,SKU-GRO-001,Packaged Groceries,SALE,-1,51,50,2026-08-05 15:30:16,POS Sale INV-2026-2044
txn-11208,prod-20,Breathable Fleece Jacket (Large),SKU-APP-004,Apparel & Wearables,SALE,-1,36,35,2026-08-05 15:30:16,POS Sale INV-2026-2044
txn-11209,prod-19,Waterproof Work Gloves (Pair),SKU-APP-003,Apparel & Wearables,SALE,-2,182,180,2026-08-05 15:30:16,POS Sale INV-2026-2044
txn-11210,prod-24,Heavy-Duty Steel Measuring Tape 8m,SKU-HAR-004,Hardware & Tools,SALE,-1,91,90,2026-08-05 15:30:16,POS Sale INV-2026-2044
txn-11211,prod-26,Gentle Moisturizing Hand Soap 1L,SKU-PER-002,Personal Care,SALE,-1,151,150,2026-08-05 16:24:43,POS Sale INV-2026-2045
txn-11212,prod-12,Natural Cold Pressed Citrus Juice 1L,SKU-BEV-004,Beverages & Drinks,SALE,-1,41,40,2026-08-05 16:24:43,POS Sale INV-2026-2045
txn-11213,prod-25,Antibacterial Hand Sanitizer 500ml,SKU-PER-001,Personal Care,SALE,-1,301,300,2026-08-05 17:40:22,POS Sale INV-2026-2046
txn-11214,prod-07,Heavy-Duty Desktop Stapler,SKU-OFF-003,Office Supplies,SALE,-3,43,40,2026-08-05 17:40:22,POS Sale INV-2026-2046
txn-11215,prod-07,Heavy-Duty Desktop Stapler,SKU-OFF-003,Office Supplies,SALE,-1,41,40,2026-08-05 13:21:17,POS Sale INV-2026-2047
txn-11216,prod-15,Raw Honey Jar 500g,SKU-GRO-003,Packaged Groceries,SALE,-3,68,65,2026-08-05 13:21:17,POS Sale INV-2026-2047
txn-11217,prod-06,Gel Ink Rollerball Pens (Box of 12),SKU-OFF-002,Office Supplies,SALE,-3,123,120,2026-08-05 13:21:17,POS Sale INV-2026-2047
txn-11218,prod-02,Ergonomic Optical Wireless Mouse,SKU-ELE-002,Electronics & Gadgets,SALE,-1,81,80,2026-08-05 15:29:49,POS Sale INV-2026-2048
txn-11219,prod-25,Antibacterial Hand Sanitizer 500ml,SKU-PER-001,Personal Care,SALE,-1,301,300,2026-08-05 15:29:49,POS Sale INV-2026-2048
txn-11220,prod-12,Natural Cold Pressed Citrus Juice 1L,SKU-BEV-004,Beverages & Drinks,SALE,-1,41,40,2026-08-05 15:29:49,POS Sale INV-2026-2048
txn-11221,prod-17,100% Cotton Polo Shirt (Medium),SKU-APP-001,Apparel & Wearables,SALE,-1,96,95,2026-08-05 17:21:43,POS Sale INV-2026-2049
txn-11222,prod-06,Gel Ink Rollerball Pens (Box of 12),SKU-OFF-002,Office Supplies,SALE,-1,121,120,2026-08-05 17:21:43,POS Sale INV-2026-2049
txn-11223,prod-05,A4 Premium Copy Paper 500 Sheets,SKU-OFF-001,Office Supplies,SALE,-3,253,250,2026-08-05 17:21:43,POS Sale INV-2026-2049
txn-11224,prod-02,Ergonomic Optical Wireless Mouse,SKU-ELE-002,Electronics & Gadgets,SALE,-1,81,80,2026-08-05 19:00:53,POS Sale INV-2026-2050
txn-11225,prod-17,100% Cotton Polo Shirt (Medium),SKU-APP-001,Apparel & Wearables,SALE,-1,96,95,2026-08-06 19:28:22,POS Sale INV-2026-2051
txn-11226,prod-22,Professional Precision Screwdriver Kit,SKU-HAR-002,Hardware & Tools,SALE,-2,57,55,2026-08-06 09:39:05,POS Sale INV-2026-2052
txn-11227,prod-23,Digital Laser Distance Meter 50m,SKU-HAR-003,Hardware & Tools,SALE,-1,29,28,2026-08-06 19:07:45,POS Sale INV-2026-2053
txn-11228,prod-19,Waterproof Work Gloves (Pair),SKU-APP-003,Apparel & Wearables,SALE,-1,181,180,2026-08-06 19:07:45,POS Sale INV-2026-2053
txn-11229,prod-05,A4 Premium Copy Paper 500 Sheets,SKU-OFF-001,Office Supplies,SALE,-2,252,250,2026-08-06 19:48:57,POS Sale INV-2026-2054
txn-11230,prod-28,Electric Stainless Steel Kettle 1.7L,SKU-HOM-001,Home Appliances,SALE,-1,33,32,2026-08-06 11:16:18,POS Sale INV-2026-2055
txn-11231,prod-18,High-Visibility Safety Vest,SKU-APP-002,Apparel & Wearables,SALE,-2,142,140,2026-08-06 11:16:18,POS Sale INV-2026-2055
txn-11232,prod-06,Gel Ink Rollerball Pens (Box of 12),SKU-OFF-002,Office Supplies,SALE,-1,121,120,2026-08-06 11:16:18,POS Sale INV-2026-2055
txn-11233,prod-24,Heavy-Duty Steel Measuring Tape 8m,SKU-HAR-004,Hardware & Tools,SALE,-3,93,90,2026-08-06 13:49:27,POS Sale INV-2026-2056
txn-11234,prod-21,20V Cordless Power Drill Set,SKU-HAR-001,Hardware & Tools,SALE,-1,23,22,2026-08-06 13:49:27,POS Sale INV-2026-2056
txn-11235,prod-25,Antibacterial Hand Sanitizer 500ml,SKU-PER-001,Personal Care,SALE,-1,301,300,2026-08-06 10:17:49,POS Sale INV-2026-2057
txn-11236,prod-09,Arabica Whole Bean Coffee 1kg,SKU-BEV-001,Beverages & Drinks,SALE,-4,64,60,2026-08-06 10:17:49,POS Sale INV-2026-2057
txn-11237,prod-19,Waterproof Work Gloves (Pair),SKU-APP-003,Apparel & Wearables,SALE,-1,181,180,2026-08-06 10:17:49,POS Sale INV-2026-2057
txn-11238,prod-05,A4 Premium Copy Paper 500 Sheets,SKU-OFF-001,Office Supplies,SALE,-1,251,250,2026-08-06 13:52:16,POS Sale INV-2026-2058
txn-11239,prod-22,Professional Precision Screwdriver Kit,SKU-HAR-002,Hardware & Tools,SALE,-1,56,55,2026-08-06 13:52:16,POS Sale INV-2026-2058
txn-11240,prod-26,Gentle Moisturizing Hand Soap 1L,SKU-PER-002,Personal Care,SALE,-1,151,150,2026-08-07 12:39:25,POS Sale INV-2026-2059
txn-11241,prod-06,Gel Ink Rollerball Pens (Box of 12),SKU-OFF-002,Office Supplies,SALE,-2,122,120,2026-08-07 12:39:25,POS Sale INV-2026-2059
txn-11242,prod-26,Gentle Moisturizing Hand Soap 1L,SKU-PER-002,Personal Care,SALE,-2,152,150,2026-08-07 15:13:39,POS Sale INV-2026-2060
txn-11243,prod-05,A4 Premium Copy Paper 500 Sheets,SKU-OFF-001,Office Supplies,SALE,-1,251,250,2026-08-07 15:13:39,POS Sale INV-2026-2060
txn-11244,prod-20,Breathable Fleece Jacket (Large),SKU-APP-004,Apparel & Wearables,SALE,-1,36,35,2026-08-07 10:02:04,POS Sale INV-2026-2061
txn-11245,prod-09,Arabica Whole Bean Coffee 1kg,SKU-BEV-001,Beverages & Drinks,SALE,-6,66,60,2026-08-07 09:57:31,POS Sale INV-2026-2062
txn-11246,prod-12,Natural Cold Pressed Citrus Juice 1L,SKU-BEV-004,Beverages & Drinks,SALE,-1,41,40,2026-08-07 09:57:31,POS Sale INV-2026-2062
txn-11247,prod-11,Sparkling Mineral Water 500ml (Pack 12),SKU-BEV-003,Beverages & Drinks,SALE,-1,76,75,2026-08-07 09:57:31,POS Sale INV-2026-2062
txn-11248,prod-16,Assorted Roasted Almonds 250g,SKU-GRO-004,Packaged Groceries,SALE,-1,86,85,2026-08-07 19:24:17,POS Sale INV-2026-2063
txn-11249,prod-08,Adjustable Mesh Executive Chair,SKU-OFF-004,Office Supplies,SALE,-3,11,8,2026-08-07 17:45:49,POS Sale INV-2026-2064
txn-11250,prod-26,Gentle Moisturizing Hand Soap 1L,SKU-PER-002,Personal Care,SALE,-1,151,150,2026-08-07 17:45:49,POS Sale INV-2026-2064
txn-11251,prod-03,Mechanical RGB Gaming Keyboard,SKU-ELE-003,Electronics & Gadgets,SALE,-4,34,30,2026-08-07 17:45:49,POS Sale INV-2026-2064
txn-11252,prod-19,Waterproof Work Gloves (Pair),SKU-APP-003,Apparel & Wearables,SALE,-1,181,180,2026-08-07 17:45:49,POS Sale INV-2026-2064
txn-11253,prod-19,Waterproof Work Gloves (Pair),SKU-APP-003,Apparel & Wearables,SALE,-1,181,180,2026-08-07 10:34:14,POS Sale INV-2026-2065
txn-11254,prod-09,Arabica Whole Bean Coffee 1kg,SKU-BEV-001,Beverages & Drinks,SALE,-1,61,60,2026-08-07 10:34:14,POS Sale INV-2026-2065
txn-11255,prod-06,Gel Ink Rollerball Pens (Box of 12),SKU-OFF-002,Office Supplies,SALE,-1,121,120,2026-08-07 10:34:14,POS Sale INV-2026-2065
txn-11256,prod-02,Ergonomic Optical Wireless Mouse,SKU-ELE-002,Electronics & Gadgets,SALE,-2,82,80,2026-08-07 10:34:14,POS Sale INV-2026-2065
txn-11257,prod-05,A4 Premium Copy Paper 500 Sheets,SKU-OFF-001,Office Supplies,SALE,-2,252,250,2026-08-07 17:59:22,POS Sale INV-2026-2066
txn-11258,prod-03,Mechanical RGB Gaming Keyboard,SKU-ELE-003,Electronics & Gadgets,SALE,-1,31,30,2026-08-07 19:05:23,POS Sale INV-2026-2067
txn-11259,prod-25,Antibacterial Hand Sanitizer 500ml,SKU-PER-001,Personal Care,SALE,-2,302,300,2026-08-07 13:41:12,POS Sale INV-2026-2068
txn-11260,prod-10,Organic Green Tea (Box of 50 Bags),SKU-BEV-002,Beverages & Drinks,SALE,-2,92,90,2026-08-07 13:41:12,POS Sale INV-2026-2068
txn-11261,prod-19,Waterproof Work Gloves (Pair),SKU-APP-003,Apparel & Wearables,SALE,-2,182,180,2026-08-07 13:41:12,POS Sale INV-2026-2068
txn-11262,prod-15,Raw Honey Jar 500g,SKU-GRO-003,Packaged Groceries,SALE,-1,66,65,2026-08-07 13:41:12,POS Sale INV-2026-2068
txn-11263,prod-13,Organic Extra Virgin Olive Oil 750ml,SKU-GRO-001,Packaged Groceries,SALE,-3,53,50,2026-08-07 13:44:24,POS Sale INV-2026-2069
txn-11264,prod-25,Antibacterial Hand Sanitizer 500ml,SKU-PER-001,Personal Care,SALE,-1,301,300,2026-08-07 19:28:47,POS Sale INV-2026-2070
txn-11265,prod-29,HEPA Air Purifier Desktop Size,SKU-HOM-002,Home Appliances,SALE,-2,20,18,2026-08-07 19:28:47,POS Sale INV-2026-2070
txn-11266,prod-28,Electric Stainless Steel Kettle 1.7L,SKU-HOM-001,Home Appliances,SALE,-2,34,32,2026-08-07 18:15:31,POS Sale INV-2026-2071
txn-11267,prod-29,HEPA Air Purifier Desktop Size,SKU-HOM-002,Home Appliances,SALE,-1,19,18,2026-08-07 18:15:31,POS Sale INV-2026-2071
txn-11268,prod-04,4K Ultra-HD Monitor 27-inch,SKU-ELE-004,Electronics & Gadgets,SALE,-1,13,12,2026-08-07 16:34:53,POS Sale INV-2026-2072
txn-11269,prod-24,Heavy-Duty Steel Measuring Tape 8m,SKU-HAR-004,Hardware & Tools,SALE,-2,92,90,2026-08-07 16:34:53,POS Sale INV-2026-2072
txn-11270,prod-26,Gentle Moisturizing Hand Soap 1L,SKU-PER-002,Personal Care,SALE,-1,151,150,2026-08-07 16:34:53,POS Sale INV-2026-2072
txn-11271,prod-09,Arabica Whole Bean Coffee 1kg,SKU-BEV-001,Beverages & Drinks,SALE,-4,64,60,2026-08-07 14:50:46,POS Sale INV-2026-2073
txn-11272,prod-24,Heavy-Duty Steel Measuring Tape 8m,SKU-HAR-004,Hardware & Tools,SALE,-4,94,90,2026-08-07 14:50:46,POS Sale INV-2026-2073
txn-11273,prod-26,Gentle Moisturizing Hand Soap 1L,SKU-PER-002,Personal Care,SALE,-2,152,150,2026-08-07 19:33:29,POS Sale INV-2026-2074
txn-11274,prod-02,Ergonomic Optical Wireless Mouse,SKU-ELE-002,Electronics & Gadgets,SALE,-1,81,80,2026-08-07 12:59:04,POS Sale INV-2026-2075
txn-11275,prod-07,Heavy-Duty Desktop Stapler,SKU-OFF-003,Office Supplies,SALE,-1,41,40,2026-08-08 16:58:58,POS Sale INV-2026-2076
txn-11276,prod-22,Professional Precision Screwdriver Kit,SKU-HAR-002,Hardware & Tools,SALE,-2,57,55,2026-08-08 16:58:58,POS Sale INV-2026-2076
txn-11277,prod-01,Wireless Bluetooth Headset Pro,SKU-ELE-001,Electronics & Gadgets,SALE,-1,46,45,2026-08-08 16:58:58,POS Sale INV-2026-2076
txn-11278,prod-07,Heavy-Duty Desktop Stapler,SKU-OFF-003,Office Supplies,SALE,-1,41,40,2026-08-08 19:03:57,POS Sale INV-2026-2077
txn-11279,prod-19,Waterproof Work Gloves (Pair),SKU-APP-003,Apparel & Wearables,SALE,-1,181,180,2026-08-08 19:03:57,POS Sale INV-2026-2077
txn-11280,prod-11,Sparkling Mineral Water 500ml (Pack 12),SKU-BEV-003,Beverages & Drinks,SALE,-1,76,75,2026-08-08 19:03:57,POS Sale INV-2026-2077
txn-11281,prod-08,Adjustable Mesh Executive Chair,SKU-OFF-004,Office Supplies,SALE,-1,9,8,2026-08-08 11:53:37,POS Sale INV-2026-2078
txn-11282,prod-25,Antibacterial Hand Sanitizer 500ml,SKU-PER-001,Personal Care,SALE,-2,302,300,2026-08-08 11:53:37,POS Sale INV-2026-2078
txn-11283,prod-30,Compact Digital Microwave Oven 20L,SKU-HOM-003,Home Appliances,SALE,-4,19,15,2026-08-08 11:53:37,POS Sale INV-2026-2078
txn-11284,prod-06,Gel Ink Rollerball Pens (Box of 12),SKU-OFF-002,Office Supplies,SALE,-3,123,120,2026-08-08 11:53:37,POS Sale INV-2026-2078
txn-11285,prod-25,Antibacterial Hand Sanitizer 500ml,SKU-PER-001,Personal Care,SALE,-6,306,300,2026-08-08 18:51:39,POS Sale INV-2026-2079
txn-11286,prod-05,A4 Premium Copy Paper 500 Sheets,SKU-OFF-001,Office Supplies,SALE,-4,254,250,2026-08-08 18:51:39,POS Sale INV-2026-2079
txn-11287,prod-09,Arabica Whole Bean Coffee 1kg,SKU-BEV-001,Beverages & Drinks,SALE,-1,61,60,2026-08-08 19:25:20,POS Sale INV-2026-2080
txn-11288,prod-25,Antibacterial Hand Sanitizer 500ml,SKU-PER-001,Personal Care,SALE,-1,301,300,2026-08-08 14:53:50,POS Sale INV-2026-2081
txn-11289,prod-10,Organic Green Tea (Box of 50 Bags),SKU-BEV-002,Beverages & Drinks,SALE,-6,96,90,2026-08-08 10:07:17,POS Sale INV-2026-2082
txn-11290,prod-12,Natural Cold Pressed Citrus Juice 1L,SKU-BEV-004,Beverages & Drinks,SALE,-6,46,40,2026-08-08 17:10:28,POS Sale INV-2026-2083
txn-11291,prod-05,A4 Premium Copy Paper 500 Sheets,SKU-OFF-001,Office Supplies,SALE,-3,253,250,2026-08-08 17:10:28,POS Sale INV-2026-2083
txn-11292,prod-02,Ergonomic Optical Wireless Mouse,SKU-ELE-002,Electronics & Gadgets,SALE,-1,81,80,2026-08-08 19:39:24,POS Sale INV-2026-2084
txn-11293,prod-17,100% Cotton Polo Shirt (Medium),SKU-APP-001,Apparel & Wearables,SALE,-4,99,95,2026-08-08 09:11:59,POS Sale INV-2026-2085
txn-11294,prod-25,Antibacterial Hand Sanitizer 500ml,SKU-PER-001,Personal Care,SALE,-2,302,300,2026-08-08 15:44:51,POS Sale INV-2026-2086
txn-11295,prod-12,Natural Cold Pressed Citrus Juice 1L,SKU-BEV-004,Beverages & Drinks,SALE,-2,42,40,2026-08-08 15:44:51,POS Sale INV-2026-2086
txn-11296,prod-10,Organic Green Tea (Box of 50 Bags),SKU-BEV-002,Beverages & Drinks,SALE,-2,92,90,2026-08-08 19:17:33,POS Sale INV-2026-2087
txn-11297,prod-10,Organic Green Tea (Box of 50 Bags),SKU-BEV-002,Beverages & Drinks,SALE,-1,91,90,2026-08-08 09:38:11,POS Sale INV-2026-2088
txn-11298,prod-13,Organic Extra Virgin Olive Oil 750ml,SKU-GRO-001,Packaged Groceries,SALE,-1,51,50,2026-08-08 13:22:26,POS Sale INV-2026-2089
txn-11299,prod-25,Antibacterial Hand Sanitizer 500ml,SKU-PER-001,Personal Care,SALE,-2,302,300,2026-08-08 13:22:26,POS Sale INV-2026-2089
txn-11300,prod-12,Natural Cold Pressed Citrus Juice 1L,SKU-BEV-004,Beverages & Drinks,SALE,-2,42,40,2026-08-08 13:22:26,POS Sale INV-2026-2089
txn-11301,prod-17,100% Cotton Polo Shirt (Medium),SKU-APP-001,Apparel & Wearables,SALE,-1,96,95,2026-08-08 13:22:26,POS Sale INV-2026-2089
txn-11302,prod-26,Gentle Moisturizing Hand Soap 1L,SKU-PER-002,Personal Care,SALE,-1,151,150,2026-08-08 13:22:26,POS Sale INV-2026-2089
txn-11303,prod-01,Wireless Bluetooth Headset Pro,SKU-ELE-001,Electronics & Gadgets,SALE,-3,48,45,2026-08-09 17:06:39,POS Sale INV-2026-2090
txn-11304,prod-06,Gel Ink Rollerball Pens (Box of 12),SKU-OFF-002,Office Supplies,SALE,-2,122,120,2026-08-09 16:49:40,POS Sale INV-2026-2091
txn-11305,prod-14,Wholegrain Oats 1kg,SKU-GRO-002,Packaged Groceries,SALE,-1,111,110,2026-08-09 11:43:54,POS Sale INV-2026-2092
txn-11306,prod-25,Antibacterial Hand Sanitizer 500ml,SKU-PER-001,Personal Care,SALE,-1,301,300,2026-08-09 19:59:02,POS Sale INV-2026-2093
txn-11307,prod-26,Gentle Moisturizing Hand Soap 1L,SKU-PER-002,Personal Care,SALE,-1,151,150,2026-08-09 19:59:02,POS Sale INV-2026-2093
txn-11308,prod-11,Sparkling Mineral Water 500ml (Pack 12),SKU-BEV-003,Beverages & Drinks,SALE,-1,76,75,2026-08-09 19:59:02,POS Sale INV-2026-2093
txn-11309,prod-24,Heavy-Duty Steel Measuring Tape 8m,SKU-HAR-004,Hardware & Tools,SALE,-1,91,90,2026-08-09 19:59:02,POS Sale INV-2026-2093
txn-11310,prod-14,Wholegrain Oats 1kg,SKU-GRO-002,Packaged Groceries,SALE,-1,111,110,2026-08-09 13:21:39,POS Sale INV-2026-2094
txn-11311,prod-01,Wireless Bluetooth Headset Pro,SKU-ELE-001,Electronics & Gadgets,SALE,-2,47,45,2026-08-09 13:21:39,POS Sale INV-2026-2094
txn-11312,prod-22,Professional Precision Screwdriver Kit,SKU-HAR-002,Hardware & Tools,SALE,-2,57,55,2026-08-09 09:59:34,POS Sale INV-2026-2095
txn-11313,prod-07,Heavy-Duty Desktop Stapler,SKU-OFF-003,Office Supplies,SALE,-1,41,40,2026-08-09 09:59:34,POS Sale INV-2026-2095
txn-11314,prod-07,Heavy-Duty Desktop Stapler,SKU-OFF-003,Office Supplies,SALE,-2,42,40,2026-08-09 10:04:57,POS Sale INV-2026-2096
txn-11315,prod-12,Natural Cold Pressed Citrus Juice 1L,SKU-BEV-004,Beverages & Drinks,SALE,-2,42,40,2026-08-09 15:12:47,POS Sale INV-2026-2097
txn-11316,prod-07,Heavy-Duty Desktop Stapler,SKU-OFF-003,Office Supplies,SALE,-1,41,40,2026-08-09 15:12:47,POS Sale INV-2026-2097
txn-11317,prod-26,Gentle Moisturizing Hand Soap 1L,SKU-PER-002,Personal Care,SALE,-1,151,150,2026-08-09 15:12:47,POS Sale INV-2026-2097
txn-11318,prod-18,High-Visibility Safety Vest,SKU-APP-002,Apparel & Wearables,SALE,-1,141,140,2026-08-09 14:14:06,POS Sale INV-2026-2098
txn-11319,prod-13,Organic Extra Virgin Olive Oil 750ml,SKU-GRO-001,Packaged Groceries,SALE,-2,52,50,2026-08-09 12:04:30,POS Sale INV-2026-2099
txn-11320,prod-16,Assorted Roasted Almonds 250g,SKU-GRO-004,Packaged Groceries,SALE,-1,86,85,2026-08-09 12:04:30,POS Sale INV-2026-2099
txn-11321,prod-26,Gentle Moisturizing Hand Soap 1L,SKU-PER-002,Personal Care,SALE,-1,151,150,2026-08-09 12:04:30,POS Sale INV-2026-2099
txn-11322,prod-25,Antibacterial Hand Sanitizer 500ml,SKU-PER-001,Personal Care,SALE,-1,301,300,2026-08-09 12:04:30,POS Sale INV-2026-2099
txn-11323,prod-10,Organic Green Tea (Box of 50 Bags),SKU-BEV-002,Beverages & Drinks,SALE,-1,91,90,2026-08-09 12:04:30,POS Sale INV-2026-2099
txn-11324,prod-26,Gentle Moisturizing Hand Soap 1L,SKU-PER-002,Personal Care,SALE,-1,151,150,2026-08-09 18:29:11,POS Sale INV-2026-2100
txn-11325,prod-15,Raw Honey Jar 500g,SKU-GRO-003,Packaged Groceries,SALE,-1,66,65,2026-08-09 19:22:17,POS Sale INV-2026-2101
txn-11326,prod-18,High-Visibility Safety Vest,SKU-APP-002,Apparel & Wearables,SALE,-2,142,140,2026-08-09 19:22:17,POS Sale INV-2026-2101
txn-11327,prod-05,A4 Premium Copy Paper 500 Sheets,SKU-OFF-001,Office Supplies,SALE,-1,251,250,2026-08-09 19:22:17,POS Sale INV-2026-2101
txn-11328,prod-11,Sparkling Mineral Water 500ml (Pack 12),SKU-BEV-003,Beverages & Drinks,SALE,-2,77,75,2026-08-09 19:22:17,POS Sale INV-2026-2101
txn-11329,prod-05,A4 Premium Copy Paper 500 Sheets,SKU-OFF-001,Office Supplies,SALE,-1,251,250,2026-08-09 09:17:08,POS Sale INV-2026-2102
txn-11330,prod-14,Wholegrain Oats 1kg,SKU-GRO-002,Packaged Groceries,SALE,-6,116,110,2026-08-10 14:14:56,POS Sale INV-2026-2103
txn-11331,prod-03,Mechanical RGB Gaming Keyboard,SKU-ELE-003,Electronics & Gadgets,SALE,-2,32,30,2026-08-10 14:14:56,POS Sale INV-2026-2103
txn-11332,prod-17,100% Cotton Polo Shirt (Medium),SKU-APP-001,Apparel & Wearables,SALE,-1,96,95,2026-08-10 18:35:54,POS Sale INV-2026-2104
txn-11333,prod-05,A4 Premium Copy Paper 500 Sheets,SKU-OFF-001,Office Supplies,SALE,-2,252,250,2026-08-10 12:37:30,POS Sale INV-2026-2105
txn-11334,prod-19,Waterproof Work Gloves (Pair),SKU-APP-003,Apparel & Wearables,SALE,-2,182,180,2026-08-10 12:37:30,POS Sale INV-2026-2105
txn-11335,prod-07,Heavy-Duty Desktop Stapler,SKU-OFF-003,Office Supplies,SALE,-3,43,40,2026-08-10 12:37:30,POS Sale INV-2026-2105
txn-11336,prod-22,Professional Precision Screwdriver Kit,SKU-HAR-002,Hardware & Tools,SALE,-1,56,55,2026-08-10 12:37:30,POS Sale INV-2026-2105
txn-11337,prod-24,Heavy-Duty Steel Measuring Tape 8m,SKU-HAR-004,Hardware & Tools,SALE,-1,91,90,2026-08-10 12:37:30,POS Sale INV-2026-2105
txn-11338,prod-29,HEPA Air Purifier Desktop Size,SKU-HOM-002,Home Appliances,SALE,-1,19,18,2026-08-10 12:15:20,POS Sale INV-2026-2106
txn-11339,prod-20,Breathable Fleece Jacket (Large),SKU-APP-004,Apparel & Wearables,SALE,-1,36,35,2026-08-10 18:57:00,POS Sale INV-2026-2107
txn-11340,prod-06,Gel Ink Rollerball Pens (Box of 12),SKU-OFF-002,Office Supplies,SALE,-1,121,120,2026-08-10 18:57:00,POS Sale INV-2026-2107
txn-11341,prod-07,Heavy-Duty Desktop Stapler,SKU-OFF-003,Office Supplies,SALE,-1,41,40,2026-08-10 18:57:00,POS Sale INV-2026-2107
txn-11342,prod-26,Gentle Moisturizing Hand Soap 1L,SKU-PER-002,Personal Care,SALE,-4,154,150,2026-08-10 17:02:27,POS Sale INV-2026-2108
txn-11343,prod-10,Organic Green Tea (Box of 50 Bags),SKU-BEV-002,Beverages & Drinks,SALE,-1,91,90,2026-08-10 12:05:35,POS Sale INV-2026-2109
txn-11344,prod-25,Antibacterial Hand Sanitizer 500ml,SKU-PER-001,Personal Care,SALE,-1,301,300,2026-08-10 11:22:18,POS Sale INV-2026-2110
txn-11345,prod-05,A4 Premium Copy Paper 500 Sheets,SKU-OFF-001,Office Supplies,SALE,-2,252,250,2026-08-10 11:22:18,POS Sale INV-2026-2110
txn-11346,prod-01,Wireless Bluetooth Headset Pro,SKU-ELE-001,Electronics & Gadgets,SALE,-1,46,45,2026-08-10 13:10:45,POS Sale INV-2026-2111
txn-11347,prod-18,High-Visibility Safety Vest,SKU-APP-002,Apparel & Wearables,SALE,-1,141,140,2026-08-10 13:10:45,POS Sale INV-2026-2111
txn-11348,prod-25,Antibacterial Hand Sanitizer 500ml,SKU-PER-001,Personal Care,SALE,-1,301,300,2026-08-11 16:29:49,POS Sale INV-2026-2112
txn-11349,prod-11,Sparkling Mineral Water 500ml (Pack 12),SKU-BEV-003,Beverages & Drinks,SALE,-2,77,75,2026-08-11 16:29:49,POS Sale INV-2026-2112
txn-11350,prod-27,Microfiber Facial Towels (Pack of 4),SKU-PER-003,Personal Care,SALE,-1,71,70,2026-08-11 16:29:49,POS Sale INV-2026-2112
txn-11351,prod-26,Gentle Moisturizing Hand Soap 1L,SKU-PER-002,Personal Care,SALE,-2,152,150,2026-08-11 14:40:29,POS Sale INV-2026-2113
txn-11352,prod-03,Mechanical RGB Gaming Keyboard,SKU-ELE-003,Electronics & Gadgets,SALE,-1,31,30,2026-08-11 14:40:29,POS Sale INV-2026-2113
txn-11353,prod-27,Microfiber Facial Towels (Pack of 4),SKU-PER-003,Personal Care,SALE,-2,72,70,2026-08-11 14:40:29,POS Sale INV-2026-2113
txn-11354,prod-25,Antibacterial Hand Sanitizer 500ml,SKU-PER-001,Personal Care,SALE,-3,303,300,2026-08-11 14:40:29,POS Sale INV-2026-2113
txn-11355,prod-27,Microfiber Facial Towels (Pack of 4),SKU-PER-003,Personal Care,SALE,-1,71,70,2026-08-11 14:33:02,POS Sale INV-2026-2114
txn-11356,prod-15,Raw Honey Jar 500g,SKU-GRO-003,Packaged Groceries,SALE,-1,66,65,2026-08-11 18:34:36,POS Sale INV-2026-2115
txn-11357,prod-01,Wireless Bluetooth Headset Pro,SKU-ELE-001,Electronics & Gadgets,SALE,-1,46,45,2026-08-11 14:47:59,POS Sale INV-2026-2116
txn-11358,prod-27,Microfiber Facial Towels (Pack of 4),SKU-PER-003,Personal Care,SALE,-1,71,70,2026-08-11 14:47:59,POS Sale INV-2026-2116
txn-11359,prod-16,Assorted Roasted Almonds 250g,SKU-GRO-004,Packaged Groceries,SALE,-4,89,85,2026-08-11 10:24:23,POS Sale INV-2026-2117
txn-11360,prod-25,Antibacterial Hand Sanitizer 500ml,SKU-PER-001,Personal Care,SALE,-1,301,300,2026-08-11 19:35:45,POS Sale INV-2026-2118
txn-11361,prod-01,Wireless Bluetooth Headset Pro,SKU-ELE-001,Electronics & Gadgets,SALE,-1,46,45,2026-08-11 19:35:45,POS Sale INV-2026-2118
txn-11362,prod-02,Ergonomic Optical Wireless Mouse,SKU-ELE-002,Electronics & Gadgets,SALE,-1,81,80,2026-08-11 14:15:34,POS Sale INV-2026-2119
txn-11363,prod-20,Breathable Fleece Jacket (Large),SKU-APP-004,Apparel & Wearables,SALE,-2,37,35,2026-08-11 14:15:34,POS Sale INV-2026-2119
txn-11364,prod-05,A4 Premium Copy Paper 500 Sheets,SKU-OFF-001,Office Supplies,SALE,-1,251,250,2026-08-11 12:48:47,POS Sale INV-2026-2120
txn-11365,prod-19,Waterproof Work Gloves (Pair),SKU-APP-003,Apparel & Wearables,SALE,-3,183,180,2026-08-11 12:48:47,POS Sale INV-2026-2120
txn-11366,prod-05,A4 Premium Copy Paper 500 Sheets,SKU-OFF-001,Office Supplies,SALE,-1,251,250,2026-08-11 17:43:27,POS Sale INV-2026-2121
txn-11367,prod-28,Electric Stainless Steel Kettle 1.7L,SKU-HOM-001,Home Appliances,SALE,-1,33,32,2026-08-11 17:43:27,POS Sale INV-2026-2121
txn-11368,prod-25,Antibacterial Hand Sanitizer 500ml,SKU-PER-001,Personal Care,SALE,-1,301,300,2026-08-12 16:32:33,POS Sale INV-2026-2122
txn-11369,prod-28,Electric Stainless Steel Kettle 1.7L,SKU-HOM-001,Home Appliances,SALE,-2,34,32,2026-08-12 16:32:33,POS Sale INV-2026-2122
txn-11370,prod-14,Wholegrain Oats 1kg,SKU-GRO-002,Packaged Groceries,SALE,-1,111,110,2026-08-12 16:32:33,POS Sale INV-2026-2122
txn-11371,prod-15,Raw Honey Jar 500g,SKU-GRO-003,Packaged Groceries,SALE,-1,66,65,2026-08-12 17:57:18,POS Sale INV-2026-2123
txn-11372,prod-03,Mechanical RGB Gaming Keyboard,SKU-ELE-003,Electronics & Gadgets,SALE,-3,33,30,2026-08-12 17:57:18,POS Sale INV-2026-2123
txn-11373,prod-03,Mechanical RGB Gaming Keyboard,SKU-ELE-003,Electronics & Gadgets,SALE,-1,31,30,2026-08-12 16:05:05,POS Sale INV-2026-2124
txn-11374,prod-08,Adjustable Mesh Executive Chair,SKU-OFF-004,Office Supplies,SALE,-2,10,8,2026-08-12 16:05:05,POS Sale INV-2026-2124
txn-11375,prod-26,Gentle Moisturizing Hand Soap 1L,SKU-PER-002,Personal Care,SALE,-1,151,150,2026-08-12 16:05:05,POS Sale INV-2026-2124
txn-11376,prod-10,Organic Green Tea (Box of 50 Bags),SKU-BEV-002,Beverages & Drinks,SALE,-1,91,90,2026-08-12 10:06:10,POS Sale INV-2026-2125
txn-11377,prod-25,Antibacterial Hand Sanitizer 500ml,SKU-PER-001,Personal Care,SALE,-2,302,300,2026-08-12 10:06:10,POS Sale INV-2026-2125
txn-11378,prod-22,Professional Precision Screwdriver Kit,SKU-HAR-002,Hardware & Tools,SALE,-3,58,55,2026-08-12 12:33:40,POS Sale INV-2026-2126
txn-11379,prod-26,Gentle Moisturizing Hand Soap 1L,SKU-PER-002,Personal Care,SALE,-1,151,150,2026-08-12 16:22:26,POS Sale INV-2026-2127
txn-11380,prod-12,Natural Cold Pressed Citrus Juice 1L,SKU-BEV-004,Beverages & Drinks,SALE,-1,41,40,2026-08-13 10:01:55,POS Sale INV-2026-2128
txn-11381,prod-24,Heavy-Duty Steel Measuring Tape 8m,SKU-HAR-004,Hardware & Tools,SALE,-2,92,90,2026-08-13 14:41:41,POS Sale INV-2026-2129
txn-11382,prod-03,Mechanical RGB Gaming Keyboard,SKU-ELE-003,Electronics & Gadgets,SALE,-4,34,30,2026-08-13 14:41:41,POS Sale INV-2026-2129
txn-11383,prod-14,Wholegrain Oats 1kg,SKU-GRO-002,Packaged Groceries,SALE,-1,111,110,2026-08-13 14:41:41,POS Sale INV-2026-2129
txn-11384,prod-15,Raw Honey Jar 500g,SKU-GRO-003,Packaged Groceries,SALE,-1,66,65,2026-08-13 17:53:35,POS Sale INV-2026-2130
txn-11385,prod-11,Sparkling Mineral Water 500ml (Pack 12),SKU-BEV-003,Beverages & Drinks,SALE,-1,76,75,2026-08-13 17:53:35,POS Sale INV-2026-2130
txn-11386,prod-25,Antibacterial Hand Sanitizer 500ml,SKU-PER-001,Personal Care,SALE,-3,303,300,2026-08-13 17:53:35,POS Sale INV-2026-2130
txn-11387,prod-14,Wholegrain Oats 1kg,SKU-GRO-002,Packaged Groceries,SALE,-3,113,110,2026-08-13 17:53:35,POS Sale INV-2026-2130
txn-11388,prod-10,Organic Green Tea (Box of 50 Bags),SKU-BEV-002,Beverages & Drinks,SALE,-1,91,90,2026-08-13 13:10:50,POS Sale INV-2026-2131
txn-11389,prod-14,Wholegrain Oats 1kg,SKU-GRO-002,Packaged Groceries,SALE,-1,111,110,2026-08-13 13:10:50,POS Sale INV-2026-2131
txn-11390,prod-13,Organic Extra Virgin Olive Oil 750ml,SKU-GRO-001,Packaged Groceries,SALE,-1,51,50,2026-08-13 09:09:22,POS Sale INV-2026-2132
txn-11391,prod-10,Organic Green Tea (Box of 50 Bags),SKU-BEV-002,Beverages & Drinks,SALE,-4,94,90,2026-08-13 09:09:22,POS Sale INV-2026-2132
txn-11392,prod-03,Mechanical RGB Gaming Keyboard,SKU-ELE-003,Electronics & Gadgets,SALE,-1,31,30,2026-08-13 09:09:22,POS Sale INV-2026-2132
txn-11393,prod-13,Organic Extra Virgin Olive Oil 750ml,SKU-GRO-001,Packaged Groceries,SALE,-1,51,50,2026-08-13 17:18:11,POS Sale INV-2026-2133
txn-11394,prod-09,Arabica Whole Bean Coffee 1kg,SKU-BEV-001,Beverages & Drinks,SALE,-1,61,60,2026-08-13 10:02:20,POS Sale INV-2026-2134
txn-11395,prod-10,Organic Green Tea (Box of 50 Bags),SKU-BEV-002,Beverages & Drinks,SALE,-4,94,90,2026-08-13 12:35:45,POS Sale INV-2026-2135
txn-11396,prod-12,Natural Cold Pressed Citrus Juice 1L,SKU-BEV-004,Beverages & Drinks,SALE,-1,41,40,2026-08-13 12:35:45,POS Sale INV-2026-2135
txn-11397,prod-07,Heavy-Duty Desktop Stapler,SKU-OFF-003,Office Supplies,SALE,-1,41,40,2026-08-13 16:34:10,POS Sale INV-2026-2136
txn-11398,prod-06,Gel Ink Rollerball Pens (Box of 12),SKU-OFF-002,Office Supplies,SALE,-1,121,120,2026-08-13 16:49:09,POS Sale INV-2026-2137
txn-11399,prod-21,20V Cordless Power Drill Set,SKU-HAR-001,Hardware & Tools,SALE,-2,24,22,2026-08-13 16:49:09,POS Sale INV-2026-2137
txn-11400,prod-01,Wireless Bluetooth Headset Pro,SKU-ELE-001,Electronics & Gadgets,SALE,-1,46,45,2026-08-13 16:49:09,POS Sale INV-2026-2137
txn-11401,prod-06,Gel Ink Rollerball Pens (Box of 12),SKU-OFF-002,Office Supplies,SALE,-1,121,120,2026-08-13 17:32:21,POS Sale INV-2026-2138
txn-11402,prod-23,Digital Laser Distance Meter 50m,SKU-HAR-003,Hardware & Tools,SALE,-3,31,28,2026-08-13 17:32:21,POS Sale INV-2026-2138
txn-11403,prod-22,Professional Precision Screwdriver Kit,SKU-HAR-002,Hardware & Tools,SALE,-1,56,55,2026-08-14 18:42:09,POS Sale INV-2026-2139
txn-11404,prod-05,A4 Premium Copy Paper 500 Sheets,SKU-OFF-001,Office Supplies,SALE,-4,254,250,2026-08-14 10:46:30,POS Sale INV-2026-2140
txn-11405,prod-14,Wholegrain Oats 1kg,SKU-GRO-002,Packaged Groceries,SALE,-6,116,110,2026-08-14 10:46:30,POS Sale INV-2026-2140
txn-11406,prod-03,Mechanical RGB Gaming Keyboard,SKU-ELE-003,Electronics & Gadgets,SALE,-1,31,30,2026-08-14 10:46:30,POS Sale INV-2026-2140
txn-11407,prod-07,Heavy-Duty Desktop Stapler,SKU-OFF-003,Office Supplies,SALE,-4,44,40,2026-08-14 10:46:30,POS Sale INV-2026-2140
txn-11408,prod-09,Arabica Whole Bean Coffee 1kg,SKU-BEV-001,Beverages & Drinks,SALE,-2,62,60,2026-08-14 09:25:39,POS Sale INV-2026-2141
txn-11409,prod-21,20V Cordless Power Drill Set,SKU-HAR-001,Hardware & Tools,SALE,-6,28,22,2026-08-14 09:25:39,POS Sale INV-2026-2141
txn-11410,prod-19,Waterproof Work Gloves (Pair),SKU-APP-003,Apparel & Wearables,SALE,-1,181,180,2026-08-14 09:38:41,POS Sale INV-2026-2142
txn-11411,prod-01,Wireless Bluetooth Headset Pro,SKU-ELE-001,Electronics & Gadgets,SALE,-6,51,45,2026-08-14 13:12:01,POS Sale INV-2026-2143
txn-11412,prod-25,Antibacterial Hand Sanitizer 500ml,SKU-PER-001,Personal Care,SALE,-1,301,300,2026-08-14 10:32:25,POS Sale INV-2026-2144
txn-11413,prod-14,Wholegrain Oats 1kg,SKU-GRO-002,Packaged Groceries,SALE,-1,111,110,2026-08-14 10:32:25,POS Sale INV-2026-2144
txn-11414,prod-09,Arabica Whole Bean Coffee 1kg,SKU-BEV-001,Beverages & Drinks,SALE,-1,61,60,2026-08-14 10:32:25,POS Sale INV-2026-2144
txn-11415,prod-15,Raw Honey Jar 500g,SKU-GRO-003,Packaged Groceries,SALE,-1,66,65,2026-08-14 09:58:42,POS Sale INV-2026-2145
txn-11416,prod-02,Ergonomic Optical Wireless Mouse,SKU-ELE-002,Electronics & Gadgets,SALE,-1,81,80,2026-08-14 09:58:42,POS Sale INV-2026-2145
txn-11417,prod-01,Wireless Bluetooth Headset Pro,SKU-ELE-001,Electronics & Gadgets,SALE,-4,49,45,2026-08-14 09:58:42,POS Sale INV-2026-2145
txn-11418,prod-25,Antibacterial Hand Sanitizer 500ml,SKU-PER-001,Personal Care,SALE,-1,301,300,2026-08-14 14:00:18,POS Sale INV-2026-2146
txn-11419,prod-13,Organic Extra Virgin Olive Oil 750ml,SKU-GRO-001,Packaged Groceries,SALE,-1,51,50,2026-08-14 14:00:18,POS Sale INV-2026-2146
txn-11420,prod-24,Heavy-Duty Steel Measuring Tape 8m,SKU-HAR-004,Hardware & Tools,SALE,-1,91,90,2026-08-14 10:13:46,POS Sale INV-2026-2147
txn-11421,prod-05,A4 Premium Copy Paper 500 Sheets,SKU-OFF-001,Office Supplies,SALE,-2,252,250,2026-08-14 10:13:46,POS Sale INV-2026-2147
txn-11422,prod-14,Wholegrain Oats 1kg,SKU-GRO-002,Packaged Groceries,SALE,-4,114,110,2026-08-14 10:13:46,POS Sale INV-2026-2147
txn-11423,prod-15,Raw Honey Jar 500g,SKU-GRO-003,Packaged Groceries,SALE,-1,66,65,2026-08-14 13:10:51,POS Sale INV-2026-2148
txn-11424,prod-02,Ergonomic Optical Wireless Mouse,SKU-ELE-002,Electronics & Gadgets,SALE,-1,81,80,2026-08-14 13:10:51,POS Sale INV-2026-2148
txn-11425,prod-23,Digital Laser Distance Meter 50m,SKU-HAR-003,Hardware & Tools,SALE,-2,30,28,2026-08-14 18:38:05,POS Sale INV-2026-2149
txn-11426,prod-25,Antibacterial Hand Sanitizer 500ml,SKU-PER-001,Personal Care,SALE,-1,301,300,2026-08-14 17:21:04,POS Sale INV-2026-2150
txn-11427,prod-07,Heavy-Duty Desktop Stapler,SKU-OFF-003,Office Supplies,SALE,-1,41,40,2026-08-14 15:40:58,POS Sale INV-2026-2151
txn-11428,prod-14,Wholegrain Oats 1kg,SKU-GRO-002,Packaged Groceries,SALE,-1,111,110,2026-08-14 18:48:58,POS Sale INV-2026-2152
txn-11429,prod-02,Ergonomic Optical Wireless Mouse,SKU-ELE-002,Electronics & Gadgets,SALE,-1,81,80,2026-08-14 16:02:52,POS Sale INV-2026-2153
txn-11430,prod-05,A4 Premium Copy Paper 500 Sheets,SKU-OFF-001,Office Supplies,SALE,-1,251,250,2026-08-14 16:02:52,POS Sale INV-2026-2153
txn-11431,prod-18,High-Visibility Safety Vest,SKU-APP-002,Apparel & Wearables,SALE,-1,141,140,2026-08-14 16:02:52,POS Sale INV-2026-2153
txn-11432,prod-25,Antibacterial Hand Sanitizer 500ml,SKU-PER-001,Personal Care,SALE,-1,301,300,2026-08-14 16:02:52,POS Sale INV-2026-2153
txn-11433,prod-15,Raw Honey Jar 500g,SKU-GRO-003,Packaged Groceries,SALE,-1,66,65,2026-08-14 16:02:52,POS Sale INV-2026-2153
txn-11434,prod-06,Gel Ink Rollerball Pens (Box of 12),SKU-OFF-002,Office Supplies,SALE,-6,126,120,2026-08-15 16:14:01,POS Sale INV-2026-2154
txn-11435,prod-04,4K Ultra-HD Monitor 27-inch,SKU-ELE-004,Electronics & Gadgets,SALE,-1,13,12,2026-08-15 16:14:01,POS Sale INV-2026-2154
txn-11436,prod-25,Antibacterial Hand Sanitizer 500ml,SKU-PER-001,Personal Care,SALE,-1,301,300,2026-08-15 19:53:40,POS Sale INV-2026-2155
txn-11437,prod-09,Arabica Whole Bean Coffee 1kg,SKU-BEV-001,Beverages & Drinks,SALE,-2,62,60,2026-08-15 19:53:40,POS Sale INV-2026-2155
txn-11438,prod-05,A4 Premium Copy Paper 500 Sheets,SKU-OFF-001,Office Supplies,SALE,-2,252,250,2026-08-15 19:53:40,POS Sale INV-2026-2155
txn-11439,prod-27,Microfiber Facial Towels (Pack of 4),SKU-PER-003,Personal Care,SALE,-1,71,70,2026-08-15 16:58:44,POS Sale INV-2026-2156
txn-11440,prod-20,Breathable Fleece Jacket (Large),SKU-APP-004,Apparel & Wearables,SALE,-3,38,35,2026-08-15 16:58:44,POS Sale INV-2026-2156
txn-11441,prod-05,A4 Premium Copy Paper 500 Sheets,SKU-OFF-001,Office Supplies,SALE,-1,251,250,2026-08-15 16:58:44,POS Sale INV-2026-2156
txn-11442,prod-21,20V Cordless Power Drill Set,SKU-HAR-001,Hardware & Tools,SALE,-1,23,22,2026-08-15 16:04:38,POS Sale INV-2026-2157
txn-11443,prod-19,Waterproof Work Gloves (Pair),SKU-APP-003,Apparel & Wearables,SALE,-1,181,180,2026-08-15 13:40:43,POS Sale INV-2026-2158
txn-11444,prod-03,Mechanical RGB Gaming Keyboard,SKU-ELE-003,Electronics & Gadgets,SALE,-1,31,30,2026-08-15 13:40:43,POS Sale INV-2026-2158
txn-11445,prod-27,Microfiber Facial Towels (Pack of 4),SKU-PER-003,Personal Care,SALE,-1,71,70,2026-08-15 13:40:43,POS Sale INV-2026-2158
txn-11446,prod-07,Heavy-Duty Desktop Stapler,SKU-OFF-003,Office Supplies,SALE,-1,41,40,2026-08-15 13:40:43,POS Sale INV-2026-2158
txn-11447,prod-11,Sparkling Mineral Water 500ml (Pack 12),SKU-BEV-003,Beverages & Drinks,SALE,-1,76,75,2026-08-15 18:01:54,POS Sale INV-2026-2159
txn-11448,prod-25,Antibacterial Hand Sanitizer 500ml,SKU-PER-001,Personal Care,SALE,-1,301,300,2026-08-15 16:56:44,POS Sale INV-2026-2160
txn-11449,prod-05,A4 Premium Copy Paper 500 Sheets,SKU-OFF-001,Office Supplies,SALE,-1,251,250,2026-08-15 16:56:44,POS Sale INV-2026-2160
txn-11450,prod-10,Organic Green Tea (Box of 50 Bags),SKU-BEV-002,Beverages & Drinks,SALE,-2,92,90,2026-08-15 16:56:44,POS Sale INV-2026-2160
txn-11451,prod-06,Gel Ink Rollerball Pens (Box of 12),SKU-OFF-002,Office Supplies,SALE,-2,122,120,2026-08-15 15:40:58,POS Sale INV-2026-2161
txn-11452,prod-10,Organic Green Tea (Box of 50 Bags),SKU-BEV-002,Beverages & Drinks,SALE,-1,91,90,2026-08-15 15:40:58,POS Sale INV-2026-2161
txn-11453,prod-03,Mechanical RGB Gaming Keyboard,SKU-ELE-003,Electronics & Gadgets,SALE,-6,36,30,2026-08-15 15:40:58,POS Sale INV-2026-2161
txn-11454,prod-11,Sparkling Mineral Water 500ml (Pack 12),SKU-BEV-003,Beverages & Drinks,SALE,-1,76,75,2026-08-15 19:59:04,POS Sale INV-2026-2162
txn-11455,prod-16,Assorted Roasted Almonds 250g,SKU-GRO-004,Packaged Groceries,SALE,-1,86,85,2026-08-15 19:59:04,POS Sale INV-2026-2162
txn-11456,prod-26,Gentle Moisturizing Hand Soap 1L,SKU-PER-002,Personal Care,SALE,-1,151,150,2026-08-15 19:59:04,POS Sale INV-2026-2162
txn-11457,prod-19,Waterproof Work Gloves (Pair),SKU-APP-003,Apparel & Wearables,SALE,-3,183,180,2026-08-15 18:48:10,POS Sale INV-2026-2163
txn-11458,prod-26,Gentle Moisturizing Hand Soap 1L,SKU-PER-002,Personal Care,SALE,-1,151,150,2026-08-15 18:48:10,POS Sale INV-2026-2163
txn-11459,prod-25,Antibacterial Hand Sanitizer 500ml,SKU-PER-001,Personal Care,SALE,-1,301,300,2026-08-15 18:48:10,POS Sale INV-2026-2163
txn-11460,prod-24,Heavy-Duty Steel Measuring Tape 8m,SKU-HAR-004,Hardware & Tools,SALE,-2,92,90,2026-08-15 19:51:19,POS Sale INV-2026-2164
txn-11461,prod-17,100% Cotton Polo Shirt (Medium),SKU-APP-001,Apparel & Wearables,SALE,-2,97,95,2026-08-15 19:51:19,POS Sale INV-2026-2164
txn-11462,prod-05,A4 Premium Copy Paper 500 Sheets,SKU-OFF-001,Office Supplies,SALE,-1,251,250,2026-08-15 19:51:19,POS Sale INV-2026-2164
txn-11463,prod-05,A4 Premium Copy Paper 500 Sheets,SKU-OFF-001,Office Supplies,SALE,-1,251,250,2026-08-15 18:22:52,POS Sale INV-2026-2165
txn-11464,prod-10,Organic Green Tea (Box of 50 Bags),SKU-BEV-002,Beverages & Drinks,SALE,-1,91,90,2026-08-15 18:22:52,POS Sale INV-2026-2165
txn-11465,prod-18,High-Visibility Safety Vest,SKU-APP-002,Apparel & Wearables,SALE,-3,143,140,2026-08-15 16:26:21,POS Sale INV-2026-2166
txn-11466,prod-19,Waterproof Work Gloves (Pair),SKU-APP-003,Apparel & Wearables,SALE,-1,181,180,2026-08-15 16:26:21,POS Sale INV-2026-2166
txn-11467,prod-03,Mechanical RGB Gaming Keyboard,SKU-ELE-003,Electronics & Gadgets,SALE,-1,31,30,2026-08-16 17:14:53,POS Sale INV-2026-2167
txn-11468,prod-09,Arabica Whole Bean Coffee 1kg,SKU-BEV-001,Beverages & Drinks,SALE,-1,61,60,2026-08-16 17:14:53,POS Sale INV-2026-2167
txn-11469,prod-19,Waterproof Work Gloves (Pair),SKU-APP-003,Apparel & Wearables,SALE,-1,181,180,2026-08-16 17:14:53,POS Sale INV-2026-2167
txn-11470,prod-10,Organic Green Tea (Box of 50 Bags),SKU-BEV-002,Beverages & Drinks,SALE,-2,92,90,2026-08-16 17:14:53,POS Sale INV-2026-2167
txn-11471,prod-27,Microfiber Facial Towels (Pack of 4),SKU-PER-003,Personal Care,SALE,-1,71,70,2026-08-16 17:14:53,POS Sale INV-2026-2167
txn-11472,prod-25,Antibacterial Hand Sanitizer 500ml,SKU-PER-001,Personal Care,SALE,-1,301,300,2026-08-16 17:54:34,POS Sale INV-2026-2168
txn-11473,prod-16,Assorted Roasted Almonds 250g,SKU-GRO-004,Packaged Groceries,SALE,-1,86,85,2026-08-16 10:07:52,POS Sale INV-2026-2169
txn-11474,prod-24,Heavy-Duty Steel Measuring Tape 8m,SKU-HAR-004,Hardware & Tools,SALE,-1,91,90,2026-08-16 10:07:52,POS Sale INV-2026-2169
txn-11475,prod-22,Professional Precision Screwdriver Kit,SKU-HAR-002,Hardware & Tools,SALE,-3,58,55,2026-08-16 10:07:52,POS Sale INV-2026-2169
txn-11476,prod-28,Electric Stainless Steel Kettle 1.7L,SKU-HOM-001,Home Appliances,SALE,-1,33,32,2026-08-16 14:08:52,POS Sale INV-2026-2170
txn-11477,prod-13,Organic Extra Virgin Olive Oil 750ml,SKU-GRO-001,Packaged Groceries,SALE,-1,51,50,2026-08-16 14:08:52,POS Sale INV-2026-2170
txn-11478,prod-09,Arabica Whole Bean Coffee 1kg,SKU-BEV-001,Beverages & Drinks,SALE,-2,62,60,2026-08-16 14:11:45,POS Sale INV-2026-2171
txn-11479,prod-26,Gentle Moisturizing Hand Soap 1L,SKU-PER-002,Personal Care,SALE,-1,151,150,2026-08-16 14:11:45,POS Sale INV-2026-2171
txn-11480,prod-10,Organic Green Tea (Box of 50 Bags),SKU-BEV-002,Beverages & Drinks,SALE,-2,92,90,2026-08-16 14:11:45,POS Sale INV-2026-2171
txn-11481,prod-02,Ergonomic Optical Wireless Mouse,SKU-ELE-002,Electronics & Gadgets,SALE,-1,81,80,2026-08-16 14:11:45,POS Sale INV-2026-2171
txn-11482,prod-24,Heavy-Duty Steel Measuring Tape 8m,SKU-HAR-004,Hardware & Tools,SALE,-1,91,90,2026-08-16 11:44:14,POS Sale INV-2026-2172
txn-11483,prod-11,Sparkling Mineral Water 500ml (Pack 12),SKU-BEV-003,Beverages & Drinks,SALE,-1,76,75,2026-08-16 11:44:14,POS Sale INV-2026-2172
txn-11484,prod-15,Raw Honey Jar 500g,SKU-GRO-003,Packaged Groceries,SALE,-2,67,65,2026-08-16 15:44:48,POS Sale INV-2026-2173
txn-11485,prod-15,Raw Honey Jar 500g,SKU-GRO-003,Packaged Groceries,SALE,-2,67,65,2026-08-16 15:02:12,POS Sale INV-2026-2174
txn-11486,prod-09,Arabica Whole Bean Coffee 1kg,SKU-BEV-001,Beverages & Drinks,SALE,-4,64,60,2026-08-16 16:07:58,POS Sale INV-2026-2175
txn-11487,prod-16,Assorted Roasted Almonds 250g,SKU-GRO-004,Packaged Groceries,SALE,-2,87,85,2026-08-16 10:50:07,POS Sale INV-2026-2176
txn-11488,prod-19,Waterproof Work Gloves (Pair),SKU-APP-003,Apparel & Wearables,SALE,-1,181,180,2026-08-16 10:50:07,POS Sale INV-2026-2176
txn-11489,prod-01,Wireless Bluetooth Headset Pro,SKU-ELE-001,Electronics & Gadgets,SALE,-1,46,45,2026-08-16 10:50:07,POS Sale INV-2026-2176
txn-11490,prod-03,Mechanical RGB Gaming Keyboard,SKU-ELE-003,Electronics & Gadgets,SALE,-1,31,30,2026-08-16 11:42:22,POS Sale INV-2026-2177
txn-11491,prod-11,Sparkling Mineral Water 500ml (Pack 12),SKU-BEV-003,Beverages & Drinks,SALE,-2,77,75,2026-08-17 14:22:10,POS Sale INV-2026-2178
txn-11492,prod-13,Organic Extra Virgin Olive Oil 750ml,SKU-GRO-001,Packaged Groceries,SALE,-1,51,50,2026-08-17 14:22:10,POS Sale INV-2026-2178
txn-11493,prod-02,Ergonomic Optical Wireless Mouse,SKU-ELE-002,Electronics & Gadgets,SALE,-1,81,80,2026-08-17 14:22:10,POS Sale INV-2026-2178
txn-11494,prod-01,Wireless Bluetooth Headset Pro,SKU-ELE-001,Electronics & Gadgets,SALE,-1,46,45,2026-08-17 14:22:10,POS Sale INV-2026-2178
txn-11495,prod-05,A4 Premium Copy Paper 500 Sheets,SKU-OFF-001,Office Supplies,SALE,-1,251,250,2026-08-17 18:04:06,POS Sale INV-2026-2179
txn-11496,prod-06,Gel Ink Rollerball Pens (Box of 12),SKU-OFF-002,Office Supplies,SALE,-1,121,120,2026-08-17 18:04:06,POS Sale INV-2026-2179
txn-11497,prod-13,Organic Extra Virgin Olive Oil 750ml,SKU-GRO-001,Packaged Groceries,SALE,-2,52,50,2026-08-17 18:04:06,POS Sale INV-2026-2179
txn-11498,prod-25,Antibacterial Hand Sanitizer 500ml,SKU-PER-001,Personal Care,SALE,-1,301,300,2026-08-17 12:18:10,POS Sale INV-2026-2180
txn-11499,prod-12,Natural Cold Pressed Citrus Juice 1L,SKU-BEV-004,Beverages & Drinks,SALE,-1,41,40,2026-08-17 12:18:10,POS Sale INV-2026-2180
txn-11500,prod-17,100% Cotton Polo Shirt (Medium),SKU-APP-001,Apparel & Wearables,SALE,-4,99,95,2026-08-17 10:59:13,POS Sale INV-2026-2181
txn-11501,prod-21,20V Cordless Power Drill Set,SKU-HAR-001,Hardware & Tools,SALE,-4,26,22,2026-08-17 10:59:13,POS Sale INV-2026-2181
txn-11502,prod-01,Wireless Bluetooth Headset Pro,SKU-ELE-001,Electronics & Gadgets,SALE,-1,46,45,2026-08-17 10:59:13,POS Sale INV-2026-2181
txn-11503,prod-14,Wholegrain Oats 1kg,SKU-GRO-002,Packaged Groceries,SALE,-1,111,110,2026-08-17 10:59:13,POS Sale INV-2026-2181
txn-11504,prod-16,Assorted Roasted Almonds 250g,SKU-GRO-004,Packaged Groceries,SALE,-4,89,85,2026-08-17 10:59:13,POS Sale INV-2026-2181
txn-11505,prod-02,Ergonomic Optical Wireless Mouse,SKU-ELE-002,Electronics & Gadgets,SALE,-1,81,80,2026-08-17 18:11:28,POS Sale INV-2026-2182
txn-11506,prod-13,Organic Extra Virgin Olive Oil 750ml,SKU-GRO-001,Packaged Groceries,SALE,-1,51,50,2026-08-17 18:11:28,POS Sale INV-2026-2182
txn-11507,prod-17,100% Cotton Polo Shirt (Medium),SKU-APP-001,Apparel & Wearables,SALE,-1,96,95,2026-08-17 15:27:13,POS Sale INV-2026-2183
txn-11508,prod-10,Organic Green Tea (Box of 50 Bags),SKU-BEV-002,Beverages & Drinks,SALE,-1,91,90,2026-08-17 15:27:13,POS Sale INV-2026-2183
txn-11509,prod-19,Waterproof Work Gloves (Pair),SKU-APP-003,Apparel & Wearables,SALE,-3,183,180,2026-08-17 14:07:29,POS Sale INV-2026-2184
txn-11510,prod-10,Organic Green Tea (Box of 50 Bags),SKU-BEV-002,Beverages & Drinks,SALE,-1,91,90,2026-08-17 14:07:29,POS Sale INV-2026-2184
txn-11511,prod-27,Microfiber Facial Towels (Pack of 4),SKU-PER-003,Personal Care,SALE,-1,71,70,2026-08-17 14:07:29,POS Sale INV-2026-2184
txn-11512,prod-25,Antibacterial Hand Sanitizer 500ml,SKU-PER-001,Personal Care,SALE,-2,302,300,2026-08-17 13:35:46,POS Sale INV-2026-2185
txn-11513,prod-28,Electric Stainless Steel Kettle 1.7L,SKU-HOM-001,Home Appliances,SALE,-1,33,32,2026-08-17 13:35:46,POS Sale INV-2026-2185
txn-11514,prod-26,Gentle Moisturizing Hand Soap 1L,SKU-PER-002,Personal Care,SALE,-1,151,150,2026-08-17 13:35:46,POS Sale INV-2026-2185
txn-11515,prod-13,Organic Extra Virgin Olive Oil 750ml,SKU-GRO-001,Packaged Groceries,SALE,-2,52,50,2026-08-17 13:29:38,POS Sale INV-2026-2186
txn-11516,prod-23,Digital Laser Distance Meter 50m,SKU-HAR-003,Hardware & Tools,SALE,-1,29,28,2026-08-17 15:18:54,POS Sale INV-2026-2187
txn-11517,prod-09,Arabica Whole Bean Coffee 1kg,SKU-BEV-001,Beverages & Drinks,SALE,-1,61,60,2026-08-17 15:18:54,POS Sale INV-2026-2187
txn-11518,prod-23,Digital Laser Distance Meter 50m,SKU-HAR-003,Hardware & Tools,SALE,-6,34,28,2026-08-17 16:43:23,POS Sale INV-2026-2188
txn-11519,prod-21,20V Cordless Power Drill Set,SKU-HAR-001,Hardware & Tools,SALE,-1,23,22,2026-08-17 16:43:23,POS Sale INV-2026-2188
txn-11520,prod-10,Organic Green Tea (Box of 50 Bags),SKU-BEV-002,Beverages & Drinks,SALE,-3,93,90,2026-08-17 15:28:33,POS Sale INV-2026-2189
txn-11521,prod-12,Natural Cold Pressed Citrus Juice 1L,SKU-BEV-004,Beverages & Drinks,SALE,-2,42,40,2026-08-17 15:28:33,POS Sale INV-2026-2189
txn-11522,prod-02,Ergonomic Optical Wireless Mouse,SKU-ELE-002,Electronics & Gadgets,SALE,-1,81,80,2026-08-18 15:44:37,POS Sale INV-2026-2190
txn-11523,prod-26,Gentle Moisturizing Hand Soap 1L,SKU-PER-002,Personal Care,SALE,-1,151,150,2026-08-18 15:44:37,POS Sale INV-2026-2190
txn-11524,prod-10,Organic Green Tea (Box of 50 Bags),SKU-BEV-002,Beverages & Drinks,SALE,-4,94,90,2026-08-18 15:44:37,POS Sale INV-2026-2190
txn-11525,prod-10,Organic Green Tea (Box of 50 Bags),SKU-BEV-002,Beverages & Drinks,SALE,-3,93,90,2026-08-18 12:21:12,POS Sale INV-2026-2191
txn-11526,prod-06,Gel Ink Rollerball Pens (Box of 12),SKU-OFF-002,Office Supplies,SALE,-1,121,120,2026-08-18 15:46:31,POS Sale INV-2026-2192
txn-11527,prod-26,Gentle Moisturizing Hand Soap 1L,SKU-PER-002,Personal Care,SALE,-2,152,150,2026-08-18 19:25:22,POS Sale INV-2026-2193
txn-11528,prod-29,HEPA Air Purifier Desktop Size,SKU-HOM-002,Home Appliances,SALE,-1,19,18,2026-08-18 17:17:09,POS Sale INV-2026-2194
txn-11529,prod-13,Organic Extra Virgin Olive Oil 750ml,SKU-GRO-001,Packaged Groceries,SALE,-1,51,50,2026-08-18 17:17:09,POS Sale INV-2026-2194
txn-11530,prod-05,A4 Premium Copy Paper 500 Sheets,SKU-OFF-001,Office Supplies,SALE,-2,252,250,2026-08-18 16:14:40,POS Sale INV-2026-2195
txn-11531,prod-27,Microfiber Facial Towels (Pack of 4),SKU-PER-003,Personal Care,SALE,-1,71,70,2026-08-18 16:14:40,POS Sale INV-2026-2195
txn-11532,prod-22,Professional Precision Screwdriver Kit,SKU-HAR-002,Hardware & Tools,SALE,-3,58,55,2026-08-18 10:31:43,POS Sale INV-2026-2196
txn-11533,prod-27,Microfiber Facial Towels (Pack of 4),SKU-PER-003,Personal Care,SALE,-1,71,70,2026-08-18 10:31:43,POS Sale INV-2026-2196
txn-11534,prod-16,Assorted Roasted Almonds 250g,SKU-GRO-004,Packaged Groceries,SALE,-1,86,85,2026-08-18 14:09:19,POS Sale INV-2026-2197
txn-11535,prod-15,Raw Honey Jar 500g,SKU-GRO-003,Packaged Groceries,SALE,-1,66,65,2026-08-18 14:09:19,POS Sale INV-2026-2197
txn-11536,prod-04,4K Ultra-HD Monitor 27-inch,SKU-ELE-004,Electronics & Gadgets,SALE,-1,13,12,2026-08-18 14:09:19,POS Sale INV-2026-2197
txn-11537,prod-22,Professional Precision Screwdriver Kit,SKU-HAR-002,Hardware & Tools,SALE,-1,56,55,2026-08-18 17:49:31,POS Sale INV-2026-2198
txn-11538,prod-15,Raw Honey Jar 500g,SKU-GRO-003,Packaged Groceries,SALE,-1,66,65,2026-08-19 16:32:16,POS Sale INV-2026-2199
txn-11539,prod-28,Electric Stainless Steel Kettle 1.7L,SKU-HOM-001,Home Appliances,SALE,-1,33,32,2026-08-19 16:32:16,POS Sale INV-2026-2199
txn-11540,prod-25,Antibacterial Hand Sanitizer 500ml,SKU-PER-001,Personal Care,SALE,-1,301,300,2026-08-19 09:27:56,POS Sale INV-2026-2200
txn-11541,prod-30,Compact Digital Microwave Oven 20L,SKU-HOM-003,Home Appliances,SALE,-1,16,15,2026-08-19 09:27:56,POS Sale INV-2026-2200
txn-11542,prod-06,Gel Ink Rollerball Pens (Box of 12),SKU-OFF-002,Office Supplies,SALE,-1,121,120,2026-08-19 15:28:29,POS Sale INV-2026-2201
txn-11543,prod-18,High-Visibility Safety Vest,SKU-APP-002,Apparel & Wearables,SALE,-1,141,140,2026-08-19 15:28:29,POS Sale INV-2026-2201
txn-11544,prod-11,Sparkling Mineral Water 500ml (Pack 12),SKU-BEV-003,Beverages & Drinks,SALE,-2,77,75,2026-08-19 15:28:29,POS Sale INV-2026-2201
txn-11545,prod-01,Wireless Bluetooth Headset Pro,SKU-ELE-001,Electronics & Gadgets,SALE,-4,49,45,2026-08-19 15:28:29,POS Sale INV-2026-2201
txn-11546,prod-25,Antibacterial Hand Sanitizer 500ml,SKU-PER-001,Personal Care,SALE,-1,301,300,2026-08-19 13:56:45,POS Sale INV-2026-2202
txn-11547,prod-02,Ergonomic Optical Wireless Mouse,SKU-ELE-002,Electronics & Gadgets,SALE,-2,82,80,2026-08-19 15:31:48,POS Sale INV-2026-2203
txn-11548,prod-27,Microfiber Facial Towels (Pack of 4),SKU-PER-003,Personal Care,SALE,-2,72,70,2026-08-19 15:31:48,POS Sale INV-2026-2203
txn-11549,prod-19,Waterproof Work Gloves (Pair),SKU-APP-003,Apparel & Wearables,SALE,-4,184,180,2026-08-19 19:34:36,POS Sale INV-2026-2204
txn-11550,prod-28,Electric Stainless Steel Kettle 1.7L,SKU-HOM-001,Home Appliances,SALE,-1,33,32,2026-08-19 19:34:36,POS Sale INV-2026-2204
txn-11551,prod-22,Professional Precision Screwdriver Kit,SKU-HAR-002,Hardware & Tools,SALE,-1,56,55,2026-08-19 19:34:36,POS Sale INV-2026-2204
txn-11552,prod-05,A4 Premium Copy Paper 500 Sheets,SKU-OFF-001,Office Supplies,SALE,-1,251,250,2026-08-19 15:16:31,POS Sale INV-2026-2205
txn-11553,prod-17,100% Cotton Polo Shirt (Medium),SKU-APP-001,Apparel & Wearables,SALE,-2,97,95,2026-08-19 15:16:31,POS Sale INV-2026-2205
txn-11554,prod-06,Gel Ink Rollerball Pens (Box of 12),SKU-OFF-002,Office Supplies,SALE,-1,121,120,2026-08-19 13:20:03,POS Sale INV-2026-2206
txn-11555,prod-11,Sparkling Mineral Water 500ml (Pack 12),SKU-BEV-003,Beverages & Drinks,SALE,-1,76,75,2026-08-19 14:51:47,POS Sale INV-2026-2207
txn-11556,prod-12,Natural Cold Pressed Citrus Juice 1L,SKU-BEV-004,Beverages & Drinks,SALE,-1,41,40,2026-08-19 14:51:47,POS Sale INV-2026-2207
txn-11557,prod-22,Professional Precision Screwdriver Kit,SKU-HAR-002,Hardware & Tools,SALE,-1,56,55,2026-08-19 14:51:47,POS Sale INV-2026-2207
txn-11558,prod-17,100% Cotton Polo Shirt (Medium),SKU-APP-001,Apparel & Wearables,SALE,-4,99,95,2026-08-19 14:51:47,POS Sale INV-2026-2207
txn-11559,prod-11,Sparkling Mineral Water 500ml (Pack 12),SKU-BEV-003,Beverages & Drinks,SALE,-1,76,75,2026-08-19 15:22:22,POS Sale INV-2026-2208
txn-11560,prod-02,Ergonomic Optical Wireless Mouse,SKU-ELE-002,Electronics & Gadgets,SALE,-1,81,80,2026-08-20 19:19:37,POS Sale INV-2026-2209
txn-11561,prod-03,Mechanical RGB Gaming Keyboard,SKU-ELE-003,Electronics & Gadgets,SALE,-2,32,30,2026-08-20 10:21:10,POS Sale INV-2026-2210
txn-11562,prod-26,Gentle Moisturizing Hand Soap 1L,SKU-PER-002,Personal Care,SALE,-1,151,150,2026-08-20 15:36:32,POS Sale INV-2026-2211
txn-11563,prod-25,Antibacterial Hand Sanitizer 500ml,SKU-PER-001,Personal Care,SALE,-2,302,300,2026-08-20 15:36:32,POS Sale INV-2026-2211
txn-11564,prod-20,Breathable Fleece Jacket (Large),SKU-APP-004,Apparel & Wearables,SALE,-3,38,35,2026-08-20 15:36:32,POS Sale INV-2026-2211
txn-11565,prod-14,Wholegrain Oats 1kg,SKU-GRO-002,Packaged Groceries,SALE,-2,112,110,2026-08-20 18:01:20,POS Sale INV-2026-2212
txn-11566,prod-07,Heavy-Duty Desktop Stapler,SKU-OFF-003,Office Supplies,SALE,-6,46,40,2026-08-20 18:01:20,POS Sale INV-2026-2212
txn-11567,prod-25,Antibacterial Hand Sanitizer 500ml,SKU-PER-001,Personal Care,SALE,-1,301,300,2026-08-20 18:01:20,POS Sale INV-2026-2212
txn-11568,prod-06,Gel Ink Rollerball Pens (Box of 12),SKU-OFF-002,Office Supplies,SALE,-2,122,120,2026-08-20 16:06:44,POS Sale INV-2026-2213
txn-11569,prod-02,Ergonomic Optical Wireless Mouse,SKU-ELE-002,Electronics & Gadgets,SALE,-6,86,80,2026-08-20 19:21:10,POS Sale INV-2026-2214
txn-11570,prod-25,Antibacterial Hand Sanitizer 500ml,SKU-PER-001,Personal Care,SALE,-1,301,300,2026-08-20 19:54:50,POS Sale INV-2026-2215
txn-11571,prod-15,Raw Honey Jar 500g,SKU-GRO-003,Packaged Groceries,SALE,-1,66,65,2026-08-20 13:03:19,POS Sale INV-2026-2216
txn-11572,prod-26,Gentle Moisturizing Hand Soap 1L,SKU-PER-002,Personal Care,SALE,-1,151,150,2026-08-20 13:03:19,POS Sale INV-2026-2216
txn-11573,prod-27,Microfiber Facial Towels (Pack of 4),SKU-PER-003,Personal Care,SALE,-1,71,70,2026-08-20 13:03:19,POS Sale INV-2026-2216
txn-11574,prod-26,Gentle Moisturizing Hand Soap 1L,SKU-PER-002,Personal Care,SALE,-2,152,150,2026-08-20 10:45:54,POS Sale INV-2026-2217
txn-11575,prod-13,Organic Extra Virgin Olive Oil 750ml,SKU-GRO-001,Packaged Groceries,SALE,-1,51,50,2026-08-20 10:45:54,POS Sale INV-2026-2217
txn-11576,prod-28,Electric Stainless Steel Kettle 1.7L,SKU-HOM-001,Home Appliances,SALE,-1,33,32,2026-08-20 18:51:33,POS Sale INV-2026-2218
txn-11577,prod-08,Adjustable Mesh Executive Chair,SKU-OFF-004,Office Supplies,SALE,-1,9,8,2026-08-20 18:51:33,POS Sale INV-2026-2218
txn-11578,prod-14,Wholegrain Oats 1kg,SKU-GRO-002,Packaged Groceries,SALE,-1,111,110,2026-08-20 18:51:33,POS Sale INV-2026-2218
txn-11579,prod-12,Natural Cold Pressed Citrus Juice 1L,SKU-BEV-004,Beverages & Drinks,SALE,-1,41,40,2026-08-20 19:52:19,POS Sale INV-2026-2219
txn-11580,prod-17,100% Cotton Polo Shirt (Medium),SKU-APP-001,Apparel & Wearables,SALE,-2,97,95,2026-08-21 14:12:26,POS Sale INV-2026-2220
txn-11581,prod-01,Wireless Bluetooth Headset Pro,SKU-ELE-001,Electronics & Gadgets,SALE,-2,47,45,2026-08-21 14:12:26,POS Sale INV-2026-2220
txn-11582,prod-02,Ergonomic Optical Wireless Mouse,SKU-ELE-002,Electronics & Gadgets,SALE,-2,82,80,2026-08-21 17:11:56,POS Sale INV-2026-2221
txn-11583,prod-07,Heavy-Duty Desktop Stapler,SKU-OFF-003,Office Supplies,SALE,-1,41,40,2026-08-21 18:31:13,POS Sale INV-2026-2222
txn-11584,prod-09,Arabica Whole Bean Coffee 1kg,SKU-BEV-001,Beverages & Drinks,SALE,-1,61,60,2026-08-21 18:31:13,POS Sale INV-2026-2222
txn-11585,prod-06,Gel Ink Rollerball Pens (Box of 12),SKU-OFF-002,Office Supplies,SALE,-2,122,120,2026-08-21 18:31:13,POS Sale INV-2026-2222
txn-11586,prod-16,Assorted Roasted Almonds 250g,SKU-GRO-004,Packaged Groceries,SALE,-1,86,85,2026-08-21 18:31:13,POS Sale INV-2026-2222
txn-11587,prod-12,Natural Cold Pressed Citrus Juice 1L,SKU-BEV-004,Beverages & Drinks,SALE,-1,41,40,2026-08-21 19:34:51,POS Sale INV-2026-2223
txn-11588,prod-02,Ergonomic Optical Wireless Mouse,SKU-ELE-002,Electronics & Gadgets,SALE,-3,83,80,2026-08-21 19:03:33,POS Sale INV-2026-2224
txn-11589,prod-21,20V Cordless Power Drill Set,SKU-HAR-001,Hardware & Tools,SALE,-4,26,22,2026-08-21 19:48:19,POS Sale INV-2026-2225
txn-11590,prod-10,Organic Green Tea (Box of 50 Bags),SKU-BEV-002,Beverages & Drinks,SALE,-1,91,90,2026-08-21 10:40:13,POS Sale INV-2026-2226
txn-11591,prod-27,Microfiber Facial Towels (Pack of 4),SKU-PER-003,Personal Care,SALE,-1,71,70,2026-08-21 13:43:38,POS Sale INV-2026-2227
txn-11592,prod-23,Digital Laser Distance Meter 50m,SKU-HAR-003,Hardware & Tools,SALE,-1,29,28,2026-08-21 13:43:38,POS Sale INV-2026-2227
txn-11593,prod-03,Mechanical RGB Gaming Keyboard,SKU-ELE-003,Electronics & Gadgets,SALE,-1,31,30,2026-08-21 13:43:38,POS Sale INV-2026-2227
txn-11594,prod-19,Waterproof Work Gloves (Pair),SKU-APP-003,Apparel & Wearables,SALE,-1,181,180,2026-08-21 13:43:38,POS Sale INV-2026-2227
txn-11595,prod-13,Organic Extra Virgin Olive Oil 750ml,SKU-GRO-001,Packaged Groceries,SALE,-3,53,50,2026-08-21 09:15:51,POS Sale INV-2026-2228
txn-11596,prod-09,Arabica Whole Bean Coffee 1kg,SKU-BEV-001,Beverages & Drinks,SALE,-2,62,60,2026-08-21 09:15:51,POS Sale INV-2026-2228
txn-11597,prod-11,Sparkling Mineral Water 500ml (Pack 12),SKU-BEV-003,Beverages & Drinks,SALE,-1,76,75,2026-08-21 09:15:51,POS Sale INV-2026-2228
txn-11598,prod-07,Heavy-Duty Desktop Stapler,SKU-OFF-003,Office Supplies,SALE,-4,44,40,2026-08-21 15:27:41,POS Sale INV-2026-2229
txn-11599,prod-15,Raw Honey Jar 500g,SKU-GRO-003,Packaged Groceries,SALE,-1,66,65,2026-08-21 09:16:50,POS Sale INV-2026-2230
txn-11600,prod-17,100% Cotton Polo Shirt (Medium),SKU-APP-001,Apparel & Wearables,SALE,-2,97,95,2026-08-21 09:16:50,POS Sale INV-2026-2230
txn-11601,prod-15,Raw Honey Jar 500g,SKU-GRO-003,Packaged Groceries,SALE,-4,69,65,2026-08-22 09:46:31,POS Sale INV-2026-2231
txn-11602,prod-26,Gentle Moisturizing Hand Soap 1L,SKU-PER-002,Personal Care,SALE,-2,152,150,2026-08-22 13:55:04,POS Sale INV-2026-2232
txn-11603,prod-01,Wireless Bluetooth Headset Pro,SKU-ELE-001,Electronics & Gadgets,SALE,-1,46,45,2026-08-22 10:25:53,POS Sale INV-2026-2233
txn-11604,prod-06,Gel Ink Rollerball Pens (Box of 12),SKU-OFF-002,Office Supplies,SALE,-2,122,120,2026-08-22 17:59:07,POS Sale INV-2026-2234
txn-11605,prod-10,Organic Green Tea (Box of 50 Bags),SKU-BEV-002,Beverages & Drinks,SALE,-1,91,90,2026-08-22 17:59:07,POS Sale INV-2026-2234
txn-11606,prod-14,Wholegrain Oats 1kg,SKU-GRO-002,Packaged Groceries,SALE,-1,111,110,2026-08-22 17:59:07,POS Sale INV-2026-2234
txn-11607,prod-15,Raw Honey Jar 500g,SKU-GRO-003,Packaged Groceries,SALE,-1,66,65,2026-08-22 17:16:31,POS Sale INV-2026-2235
txn-11608,prod-25,Antibacterial Hand Sanitizer 500ml,SKU-PER-001,Personal Care,SALE,-2,302,300,2026-08-22 17:16:31,POS Sale INV-2026-2235
txn-11609,prod-16,Assorted Roasted Almonds 250g,SKU-GRO-004,Packaged Groceries,SALE,-1,86,85,2026-08-22 14:21:53,POS Sale INV-2026-2236
txn-11610,prod-21,20V Cordless Power Drill Set,SKU-HAR-001,Hardware & Tools,SALE,-1,23,22,2026-08-22 14:21:53,POS Sale INV-2026-2236
txn-11611,prod-15,Raw Honey Jar 500g,SKU-GRO-003,Packaged Groceries,SALE,-1,66,65,2026-08-22 12:09:06,POS Sale INV-2026-2237
txn-11612,prod-19,Waterproof Work Gloves (Pair),SKU-APP-003,Apparel & Wearables,SALE,-3,183,180,2026-08-22 12:09:06,POS Sale INV-2026-2237
txn-11613,prod-03,Mechanical RGB Gaming Keyboard,SKU-ELE-003,Electronics & Gadgets,SALE,-2,32,30,2026-08-22 18:03:31,POS Sale INV-2026-2238
txn-11614,prod-12,Natural Cold Pressed Citrus Juice 1L,SKU-BEV-004,Beverages & Drinks,SALE,-2,42,40,2026-08-22 18:03:31,POS Sale INV-2026-2238
txn-11615,prod-26,Gentle Moisturizing Hand Soap 1L,SKU-PER-002,Personal Care,SALE,-1,151,150,2026-08-22 15:30:43,POS Sale INV-2026-2239
txn-11616,prod-08,Adjustable Mesh Executive Chair,SKU-OFF-004,Office Supplies,SALE,-3,11,8,2026-08-22 15:30:43,POS Sale INV-2026-2239
txn-11617,prod-20,Breathable Fleece Jacket (Large),SKU-APP-004,Apparel & Wearables,SALE,-1,36,35,2026-08-22 14:52:19,POS Sale INV-2026-2240
txn-11618,prod-25,Antibacterial Hand Sanitizer 500ml,SKU-PER-001,Personal Care,SALE,-1,301,300,2026-08-22 14:52:19,POS Sale INV-2026-2240
txn-11619,prod-03,Mechanical RGB Gaming Keyboard,SKU-ELE-003,Electronics & Gadgets,SALE,-1,31,30,2026-08-22 14:52:19,POS Sale INV-2026-2240
txn-11620,prod-26,Gentle Moisturizing Hand Soap 1L,SKU-PER-002,Personal Care,SALE,-1,151,150,2026-08-22 14:52:19,POS Sale INV-2026-2240
txn-11621,prod-09,Arabica Whole Bean Coffee 1kg,SKU-BEV-001,Beverages & Drinks,SALE,-1,61,60,2026-08-23 19:51:03,POS Sale INV-2026-2241
txn-11622,prod-16,Assorted Roasted Almonds 250g,SKU-GRO-004,Packaged Groceries,SALE,-1,86,85,2026-08-23 15:19:40,POS Sale INV-2026-2242
txn-11623,prod-23,Digital Laser Distance Meter 50m,SKU-HAR-003,Hardware & Tools,SALE,-3,31,28,2026-08-23 12:54:28,POS Sale INV-2026-2243
txn-11624,prod-10,Organic Green Tea (Box of 50 Bags),SKU-BEV-002,Beverages & Drinks,SALE,-1,91,90,2026-08-23 13:19:05,POS Sale INV-2026-2244
txn-11625,prod-23,Digital Laser Distance Meter 50m,SKU-HAR-003,Hardware & Tools,SALE,-1,29,28,2026-08-23 13:19:05,POS Sale INV-2026-2244
txn-11626,prod-05,A4 Premium Copy Paper 500 Sheets,SKU-OFF-001,Office Supplies,SALE,-2,252,250,2026-08-23 13:19:05,POS Sale INV-2026-2244
txn-11627,prod-02,Ergonomic Optical Wireless Mouse,SKU-ELE-002,Electronics & Gadgets,SALE,-1,81,80,2026-08-23 11:58:28,POS Sale INV-2026-2245
txn-11628,prod-18,High-Visibility Safety Vest,SKU-APP-002,Apparel & Wearables,SALE,-1,141,140,2026-08-23 13:55:05,POS Sale INV-2026-2246
txn-11629,prod-07,Heavy-Duty Desktop Stapler,SKU-OFF-003,Office Supplies,SALE,-2,42,40,2026-08-23 13:55:05,POS Sale INV-2026-2246
txn-11630,prod-16,Assorted Roasted Almonds 250g,SKU-GRO-004,Packaged Groceries,SALE,-1,86,85,2026-08-23 13:55:05,POS Sale INV-2026-2246
txn-11631,prod-09,Arabica Whole Bean Coffee 1kg,SKU-BEV-001,Beverages & Drinks,SALE,-1,61,60,2026-08-23 14:45:27,POS Sale INV-2026-2247
txn-11632,prod-21,20V Cordless Power Drill Set,SKU-HAR-001,Hardware & Tools,SALE,-1,23,22,2026-08-23 14:45:27,POS Sale INV-2026-2247
txn-11633,prod-01,Wireless Bluetooth Headset Pro,SKU-ELE-001,Electronics & Gadgets,SALE,-1,46,45,2026-08-23 14:45:27,POS Sale INV-2026-2247
txn-11634,prod-25,Antibacterial Hand Sanitizer 500ml,SKU-PER-001,Personal Care,SALE,-1,301,300,2026-08-23 17:04:22,POS Sale INV-2026-2248
txn-11635,prod-25,Antibacterial Hand Sanitizer 500ml,SKU-PER-001,Personal Care,SALE,-2,302,300,2026-08-23 16:44:01,POS Sale INV-2026-2249
txn-11636,prod-16,Assorted Roasted Almonds 250g,SKU-GRO-004,Packaged Groceries,SALE,-2,87,85,2026-08-23 16:44:01,POS Sale INV-2026-2249
txn-11637,prod-25,Antibacterial Hand Sanitizer 500ml,SKU-PER-001,Personal Care,SALE,-1,301,300,2026-08-23 19:08:00,POS Sale INV-2026-2250
txn-11638,prod-23,Digital Laser Distance Meter 50m,SKU-HAR-003,Hardware & Tools,SALE,-1,29,28,2026-08-23 10:07:10,POS Sale INV-2026-2251
txn-11639,prod-11,Sparkling Mineral Water 500ml (Pack 12),SKU-BEV-003,Beverages & Drinks,SALE,-1,76,75,2026-08-23 10:07:10,POS Sale INV-2026-2251
txn-11640,prod-03,Mechanical RGB Gaming Keyboard,SKU-ELE-003,Electronics & Gadgets,SALE,-3,33,30,2026-08-24 19:26:50,POS Sale INV-2026-2252
txn-11641,prod-07,Heavy-Duty Desktop Stapler,SKU-OFF-003,Office Supplies,SALE,-1,41,40,2026-08-24 19:26:50,POS Sale INV-2026-2252
txn-11642,prod-21,20V Cordless Power Drill Set,SKU-HAR-001,Hardware & Tools,SALE,-1,23,22,2026-08-24 19:26:50,POS Sale INV-2026-2252
txn-11643,prod-25,Antibacterial Hand Sanitizer 500ml,SKU-PER-001,Personal Care,SALE,-1,301,300,2026-08-24 19:26:50,POS Sale INV-2026-2252
txn-11644,prod-09,Arabica Whole Bean Coffee 1kg,SKU-BEV-001,Beverages & Drinks,SALE,-2,62,60,2026-08-24 11:16:11,POS Sale INV-2026-2253
txn-11645,prod-25,Antibacterial Hand Sanitizer 500ml,SKU-PER-001,Personal Care,SALE,-1,301,300,2026-08-24 15:23:11,POS Sale INV-2026-2254
txn-11646,prod-03,Mechanical RGB Gaming Keyboard,SKU-ELE-003,Electronics & Gadgets,SALE,-1,31,30,2026-08-24 09:59:35,POS Sale INV-2026-2255
txn-11647,prod-10,Organic Green Tea (Box of 50 Bags),SKU-BEV-002,Beverages & Drinks,SALE,-4,94,90,2026-08-24 09:59:35,POS Sale INV-2026-2255
txn-11648,prod-13,Organic Extra Virgin Olive Oil 750ml,SKU-GRO-001,Packaged Groceries,SALE,-1,51,50,2026-08-24 16:12:16,POS Sale INV-2026-2256
txn-11649,prod-06,Gel Ink Rollerball Pens (Box of 12),SKU-OFF-002,Office Supplies,SALE,-1,121,120,2026-08-24 16:12:16,POS Sale INV-2026-2256
txn-11650,prod-27,Microfiber Facial Towels (Pack of 4),SKU-PER-003,Personal Care,SALE,-1,71,70,2026-08-24 16:12:16,POS Sale INV-2026-2256
txn-11651,prod-01,Wireless Bluetooth Headset Pro,SKU-ELE-001,Electronics & Gadgets,SALE,-1,46,45,2026-08-24 15:38:16,POS Sale INV-2026-2257
txn-11652,prod-07,Heavy-Duty Desktop Stapler,SKU-OFF-003,Office Supplies,SALE,-1,41,40,2026-08-24 15:38:16,POS Sale INV-2026-2257
txn-11653,prod-27,Microfiber Facial Towels (Pack of 4),SKU-PER-003,Personal Care,SALE,-3,73,70,2026-08-24 15:38:16,POS Sale INV-2026-2257
txn-11654,prod-05,A4 Premium Copy Paper 500 Sheets,SKU-OFF-001,Office Supplies,SALE,-1,251,250,2026-08-24 15:38:16,POS Sale INV-2026-2257
txn-11655,prod-20,Breathable Fleece Jacket (Large),SKU-APP-004,Apparel & Wearables,SALE,-1,36,35,2026-08-24 10:00:45,POS Sale INV-2026-2258
txn-11656,prod-02,Ergonomic Optical Wireless Mouse,SKU-ELE-002,Electronics & Gadgets,SALE,-1,81,80,2026-08-24 10:00:45,POS Sale INV-2026-2258
txn-11657,prod-30,Compact Digital Microwave Oven 20L,SKU-HOM-003,Home Appliances,SALE,-1,16,15,2026-08-24 10:00:45,POS Sale INV-2026-2258
txn-11658,prod-11,Sparkling Mineral Water 500ml (Pack 12),SKU-BEV-003,Beverages & Drinks,SALE,-1,76,75,2026-08-24 10:00:45,POS Sale INV-2026-2258
txn-11659,prod-09,Arabica Whole Bean Coffee 1kg,SKU-BEV-001,Beverages & Drinks,SALE,-1,61,60,2026-08-24 10:00:45,POS Sale INV-2026-2258
txn-11660,prod-16,Assorted Roasted Almonds 250g,SKU-GRO-004,Packaged Groceries,SALE,-1,86,85,2026-08-24 16:07:14,POS Sale INV-2026-2259
txn-11661,prod-30,Compact Digital Microwave Oven 20L,SKU-HOM-003,Home Appliances,SALE,-1,16,15,2026-08-24 16:07:14,POS Sale INV-2026-2259
txn-11662,prod-09,Arabica Whole Bean Coffee 1kg,SKU-BEV-001,Beverages & Drinks,SALE,-1,61,60,2026-08-24 16:07:14,POS Sale INV-2026-2259
txn-11663,prod-25,Antibacterial Hand Sanitizer 500ml,SKU-PER-001,Personal Care,SALE,-3,303,300,2026-08-24 16:24:08,POS Sale INV-2026-2260
txn-11664,prod-07,Heavy-Duty Desktop Stapler,SKU-OFF-003,Office Supplies,SALE,-1,41,40,2026-08-24 13:46:43,POS Sale INV-2026-2261
txn-11665,prod-26,Gentle Moisturizing Hand Soap 1L,SKU-PER-002,Personal Care,SALE,-1,151,150,2026-08-24 13:46:43,POS Sale INV-2026-2261
txn-11666,prod-10,Organic Green Tea (Box of 50 Bags),SKU-BEV-002,Beverages & Drinks,SALE,-1,91,90,2026-08-24 13:46:43,POS Sale INV-2026-2261
txn-11667,prod-04,4K Ultra-HD Monitor 27-inch,SKU-ELE-004,Electronics & Gadgets,SALE,-2,14,12,2026-08-24 13:46:43,POS Sale INV-2026-2261
txn-11668,prod-18,High-Visibility Safety Vest,SKU-APP-002,Apparel & Wearables,SALE,-1,141,140,2026-08-24 13:46:43,POS Sale INV-2026-2261
txn-11669,prod-02,Ergonomic Optical Wireless Mouse,SKU-ELE-002,Electronics & Gadgets,SALE,-2,82,80,2026-08-24 09:18:16,POS Sale INV-2026-2262
txn-11670,prod-10,Organic Green Tea (Box of 50 Bags),SKU-BEV-002,Beverages & Drinks,SALE,-3,93,90,2026-08-24 09:18:16,POS Sale INV-2026-2262
txn-11671,prod-13,Organic Extra Virgin Olive Oil 750ml,SKU-GRO-001,Packaged Groceries,SALE,-4,54,50,2026-08-24 09:18:16,POS Sale INV-2026-2262
txn-11672,prod-14,Wholegrain Oats 1kg,SKU-GRO-002,Packaged Groceries,SALE,-2,112,110,2026-08-24 09:18:16,POS Sale INV-2026-2262
txn-11673,prod-09,Arabica Whole Bean Coffee 1kg,SKU-BEV-001,Beverages & Drinks,SALE,-3,63,60,2026-08-24 09:18:16,POS Sale INV-2026-2262
txn-11674,prod-25,Antibacterial Hand Sanitizer 500ml,SKU-PER-001,Personal Care,SALE,-1,301,300,2026-08-24 19:41:29,POS Sale INV-2026-2263
txn-11675,prod-09,Arabica Whole Bean Coffee 1kg,SKU-BEV-001,Beverages & Drinks,SALE,-1,61,60,2026-08-24 19:41:29,POS Sale INV-2026-2263
txn-11676,prod-09,Arabica Whole Bean Coffee 1kg,SKU-BEV-001,Beverages & Drinks,SALE,-1,61,60,2026-08-24 15:43:13,POS Sale INV-2026-2264
txn-11677,prod-27,Microfiber Facial Towels (Pack of 4),SKU-PER-003,Personal Care,SALE,-1,71,70,2026-08-24 15:43:13,POS Sale INV-2026-2264
txn-11678,prod-02,Ergonomic Optical Wireless Mouse,SKU-ELE-002,Electronics & Gadgets,SALE,-1,81,80,2026-08-24 13:04:06,POS Sale INV-2026-2265
txn-11679,prod-04,4K Ultra-HD Monitor 27-inch,SKU-ELE-004,Electronics & Gadgets,SALE,-1,13,12,2026-08-24 13:04:06,POS Sale INV-2026-2265
txn-11680,prod-25,Antibacterial Hand Sanitizer 500ml,SKU-PER-001,Personal Care,SALE,-1,301,300,2026-08-25 16:58:22,POS Sale INV-2026-2266
txn-11681,prod-23,Digital Laser Distance Meter 50m,SKU-HAR-003,Hardware & Tools,SALE,-1,29,28,2026-08-25 16:58:22,POS Sale INV-2026-2266
txn-11682,prod-24,Heavy-Duty Steel Measuring Tape 8m,SKU-HAR-004,Hardware & Tools,SALE,-1,91,90,2026-08-25 09:00:16,POS Sale INV-2026-2267
txn-11683,prod-25,Antibacterial Hand Sanitizer 500ml,SKU-PER-001,Personal Care,SALE,-1,301,300,2026-08-25 19:23:08,POS Sale INV-2026-2268
txn-11684,prod-07,Heavy-Duty Desktop Stapler,SKU-OFF-003,Office Supplies,SALE,-4,44,40,2026-08-25 13:10:32,POS Sale INV-2026-2269
txn-11685,prod-21,20V Cordless Power Drill Set,SKU-HAR-001,Hardware & Tools,SALE,-6,28,22,2026-08-25 14:45:33,POS Sale INV-2026-2270
txn-11686,prod-13,Organic Extra Virgin Olive Oil 750ml,SKU-GRO-001,Packaged Groceries,SALE,-4,54,50,2026-08-25 14:45:33,POS Sale INV-2026-2270
txn-11687,prod-14,Wholegrain Oats 1kg,SKU-GRO-002,Packaged Groceries,SALE,-1,111,110,2026-08-25 14:45:33,POS Sale INV-2026-2270
txn-11688,prod-06,Gel Ink Rollerball Pens (Box of 12),SKU-OFF-002,Office Supplies,SALE,-4,124,120,2026-08-25 11:31:55,POS Sale INV-2026-2271
txn-11689,prod-19,Waterproof Work Gloves (Pair),SKU-APP-003,Apparel & Wearables,SALE,-1,181,180,2026-08-25 11:31:55,POS Sale INV-2026-2271
txn-11690,prod-12,Natural Cold Pressed Citrus Juice 1L,SKU-BEV-004,Beverages & Drinks,SALE,-1,41,40,2026-08-25 11:31:55,POS Sale INV-2026-2271
txn-11691,prod-26,Gentle Moisturizing Hand Soap 1L,SKU-PER-002,Personal Care,SALE,-1,151,150,2026-08-25 13:57:56,POS Sale INV-2026-2272
txn-11692,prod-05,A4 Premium Copy Paper 500 Sheets,SKU-OFF-001,Office Supplies,SALE,-4,254,250,2026-08-25 13:57:56,POS Sale INV-2026-2272
txn-11693,prod-10,Organic Green Tea (Box of 50 Bags),SKU-BEV-002,Beverages & Drinks,SALE,-3,93,90,2026-08-25 13:57:56,POS Sale INV-2026-2272
txn-11694,prod-18,High-Visibility Safety Vest,SKU-APP-002,Apparel & Wearables,SALE,-1,141,140,2026-08-25 13:57:56,POS Sale INV-2026-2272
txn-11695,prod-03,Mechanical RGB Gaming Keyboard,SKU-ELE-003,Electronics & Gadgets,SALE,-3,33,30,2026-08-25 15:57:10,POS Sale INV-2026-2273
txn-11696,prod-12,Natural Cold Pressed Citrus Juice 1L,SKU-BEV-004,Beverages & Drinks,SALE,-1,41,40,2026-08-25 19:40:51,POS Sale INV-2026-2274
txn-11697,prod-02,Ergonomic Optical Wireless Mouse,SKU-ELE-002,Electronics & Gadgets,SALE,-4,84,80,2026-08-25 11:02:30,POS Sale INV-2026-2275
txn-11698,prod-06,Gel Ink Rollerball Pens (Box of 12),SKU-OFF-002,Office Supplies,SALE,-3,123,120,2026-08-25 11:02:30,POS Sale INV-2026-2275
txn-11699,prod-01,Wireless Bluetooth Headset Pro,SKU-ELE-001,Electronics & Gadgets,SALE,-1,46,45,2026-08-25 16:02:28,POS Sale INV-2026-2276
txn-11700,prod-10,Organic Green Tea (Box of 50 Bags),SKU-BEV-002,Beverages & Drinks,SALE,-3,93,90,2026-08-25 16:02:28,POS Sale INV-2026-2276
txn-11701,prod-18,High-Visibility Safety Vest,SKU-APP-002,Apparel & Wearables,SALE,-2,142,140,2026-08-25 16:02:28,POS Sale INV-2026-2276
txn-11702,prod-05,A4 Premium Copy Paper 500 Sheets,SKU-OFF-001,Office Supplies,SALE,-1,251,250,2026-08-26 16:07:54,POS Sale INV-2026-2277
txn-11703,prod-14,Wholegrain Oats 1kg,SKU-GRO-002,Packaged Groceries,SALE,-3,113,110,2026-08-26 12:55:18,POS Sale INV-2026-2278
txn-11704,prod-03,Mechanical RGB Gaming Keyboard,SKU-ELE-003,Electronics & Gadgets,SALE,-1,31,30,2026-08-26 12:55:18,POS Sale INV-2026-2278
txn-11705,prod-18,High-Visibility Safety Vest,SKU-APP-002,Apparel & Wearables,SALE,-1,141,140,2026-08-26 12:55:18,POS Sale INV-2026-2278
txn-11706,prod-10,Organic Green Tea (Box of 50 Bags),SKU-BEV-002,Beverages & Drinks,SALE,-1,91,90,2026-08-26 12:55:18,POS Sale INV-2026-2278
txn-11707,prod-08,Adjustable Mesh Executive Chair,SKU-OFF-004,Office Supplies,SALE,-1,9,8,2026-08-26 18:57:42,POS Sale INV-2026-2279
txn-11708,prod-24,Heavy-Duty Steel Measuring Tape 8m,SKU-HAR-004,Hardware & Tools,SALE,-1,91,90,2026-08-26 18:57:42,POS Sale INV-2026-2279
txn-11709,prod-06,Gel Ink Rollerball Pens (Box of 12),SKU-OFF-002,Office Supplies,SALE,-4,124,120,2026-08-26 18:57:42,POS Sale INV-2026-2279
txn-11710,prod-06,Gel Ink Rollerball Pens (Box of 12),SKU-OFF-002,Office Supplies,SALE,-1,121,120,2026-08-26 18:11:26,POS Sale INV-2026-2280
txn-11711,prod-10,Organic Green Tea (Box of 50 Bags),SKU-BEV-002,Beverages & Drinks,SALE,-3,93,90,2026-08-26 18:11:26,POS Sale INV-2026-2280
txn-11712,prod-05,A4 Premium Copy Paper 500 Sheets,SKU-OFF-001,Office Supplies,SALE,-4,254,250,2026-08-26 18:11:26,POS Sale INV-2026-2280
txn-11713,prod-14,Wholegrain Oats 1kg,SKU-GRO-002,Packaged Groceries,SALE,-1,111,110,2026-08-26 18:11:26,POS Sale INV-2026-2280
txn-11714,prod-26,Gentle Moisturizing Hand Soap 1L,SKU-PER-002,Personal Care,SALE,-1,151,150,2026-08-26 14:01:18,POS Sale INV-2026-2281
txn-11715,prod-25,Antibacterial Hand Sanitizer 500ml,SKU-PER-001,Personal Care,SALE,-1,301,300,2026-08-26 14:01:18,POS Sale INV-2026-2281
txn-11716,prod-06,Gel Ink Rollerball Pens (Box of 12),SKU-OFF-002,Office Supplies,SALE,-2,122,120,2026-08-27 18:59:06,POS Sale INV-2026-2282
txn-11717,prod-01,Wireless Bluetooth Headset Pro,SKU-ELE-001,Electronics & Gadgets,SALE,-1,46,45,2026-08-27 18:59:06,POS Sale INV-2026-2282
txn-11718,prod-06,Gel Ink Rollerball Pens (Box of 12),SKU-OFF-002,Office Supplies,SALE,-2,122,120,2026-08-27 19:30:29,POS Sale INV-2026-2283
txn-11719,prod-13,Organic Extra Virgin Olive Oil 750ml,SKU-GRO-001,Packaged Groceries,SALE,-1,51,50,2026-08-27 14:02:41,POS Sale INV-2026-2284
txn-11720,prod-12,Natural Cold Pressed Citrus Juice 1L,SKU-BEV-004,Beverages & Drinks,SALE,-1,41,40,2026-08-27 14:02:41,POS Sale INV-2026-2284
txn-11721,prod-28,Electric Stainless Steel Kettle 1.7L,SKU-HOM-001,Home Appliances,SALE,-1,33,32,2026-08-27 14:02:41,POS Sale INV-2026-2284
txn-11722,prod-11,Sparkling Mineral Water 500ml (Pack 12),SKU-BEV-003,Beverages & Drinks,SALE,-3,78,75,2026-08-27 18:08:13,POS Sale INV-2026-2285
txn-11723,prod-11,Sparkling Mineral Water 500ml (Pack 12),SKU-BEV-003,Beverages & Drinks,SALE,-1,76,75,2026-08-27 09:47:04,POS Sale INV-2026-2286
txn-11724,prod-27,Microfiber Facial Towels (Pack of 4),SKU-PER-003,Personal Care,SALE,-1,71,70,2026-08-27 09:47:04,POS Sale INV-2026-2286
txn-11725,prod-18,High-Visibility Safety Vest,SKU-APP-002,Apparel & Wearables,SALE,-1,141,140,2026-08-27 13:11:15,POS Sale INV-2026-2287
txn-11726,prod-01,Wireless Bluetooth Headset Pro,SKU-ELE-001,Electronics & Gadgets,SALE,-2,47,45,2026-08-27 13:11:15,POS Sale INV-2026-2287
txn-11727,prod-19,Waterproof Work Gloves (Pair),SKU-APP-003,Apparel & Wearables,SALE,-1,181,180,2026-08-27 12:10:24,POS Sale INV-2026-2288
txn-11728,prod-09,Arabica Whole Bean Coffee 1kg,SKU-BEV-001,Beverages & Drinks,SALE,-1,61,60,2026-08-27 12:10:24,POS Sale INV-2026-2288
txn-11729,prod-27,Microfiber Facial Towels (Pack of 4),SKU-PER-003,Personal Care,SALE,-1,71,70,2026-08-27 16:51:27,POS Sale INV-2026-2289
txn-11730,prod-24,Heavy-Duty Steel Measuring Tape 8m,SKU-HAR-004,Hardware & Tools,SALE,-1,91,90,2026-08-27 19:06:53,POS Sale INV-2026-2290
txn-11731,prod-25,Antibacterial Hand Sanitizer 500ml,SKU-PER-001,Personal Care,SALE,-3,303,300,2026-08-27 15:30:17,POS Sale INV-2026-2291
txn-11732,prod-24,Heavy-Duty Steel Measuring Tape 8m,SKU-HAR-004,Hardware & Tools,SALE,-1,91,90,2026-08-28 14:39:11,POS Sale INV-2026-2292
txn-11733,prod-05,A4 Premium Copy Paper 500 Sheets,SKU-OFF-001,Office Supplies,SALE,-3,253,250,2026-08-28 14:39:11,POS Sale INV-2026-2292
txn-11734,prod-24,Heavy-Duty Steel Measuring Tape 8m,SKU-HAR-004,Hardware & Tools,SALE,-1,91,90,2026-08-28 14:29:43,POS Sale INV-2026-2293
txn-11735,prod-01,Wireless Bluetooth Headset Pro,SKU-ELE-001,Electronics & Gadgets,SALE,-1,46,45,2026-08-28 17:40:41,POS Sale INV-2026-2294
txn-11736,prod-25,Antibacterial Hand Sanitizer 500ml,SKU-PER-001,Personal Care,SALE,-1,301,300,2026-08-28 17:40:41,POS Sale INV-2026-2294
txn-11737,prod-21,20V Cordless Power Drill Set,SKU-HAR-001,Hardware & Tools,SALE,-1,23,22,2026-08-28 16:19:09,POS Sale INV-2026-2295
txn-11738,prod-27,Microfiber Facial Towels (Pack of 4),SKU-PER-003,Personal Care,SALE,-1,71,70,2026-08-28 16:19:09,POS Sale INV-2026-2295
txn-11739,prod-19,Waterproof Work Gloves (Pair),SKU-APP-003,Apparel & Wearables,SALE,-1,181,180,2026-08-28 17:27:18,POS Sale INV-2026-2296
txn-11740,prod-09,Arabica Whole Bean Coffee 1kg,SKU-BEV-001,Beverages & Drinks,SALE,-2,62,60,2026-08-28 17:27:18,POS Sale INV-2026-2296
txn-11741,prod-05,A4 Premium Copy Paper 500 Sheets,SKU-OFF-001,Office Supplies,SALE,-1,251,250,2026-08-28 17:27:18,POS Sale INV-2026-2296
txn-11742,prod-25,Antibacterial Hand Sanitizer 500ml,SKU-PER-001,Personal Care,SALE,-1,301,300,2026-08-28 17:27:18,POS Sale INV-2026-2296
txn-11743,prod-02,Ergonomic Optical Wireless Mouse,SKU-ELE-002,Electronics & Gadgets,SALE,-1,81,80,2026-08-28 17:06:32,POS Sale INV-2026-2297
txn-11744,prod-12,Natural Cold Pressed Citrus Juice 1L,SKU-BEV-004,Beverages & Drinks,SALE,-1,41,40,2026-08-28 17:06:32,POS Sale INV-2026-2297
txn-11745,prod-25,Antibacterial Hand Sanitizer 500ml,SKU-PER-001,Personal Care,SALE,-1,301,300,2026-08-28 18:52:16,POS Sale INV-2026-2298
txn-11746,prod-24,Heavy-Duty Steel Measuring Tape 8m,SKU-HAR-004,Hardware & Tools,SALE,-1,91,90,2026-08-28 18:52:16,POS Sale INV-2026-2298
txn-11747,prod-01,Wireless Bluetooth Headset Pro,SKU-ELE-001,Electronics & Gadgets,SALE,-4,49,45,2026-08-28 18:52:16,POS Sale INV-2026-2298
txn-11748,prod-25,Antibacterial Hand Sanitizer 500ml,SKU-PER-001,Personal Care,SALE,-1,301,300,2026-08-28 09:07:47,POS Sale INV-2026-2299
txn-11749,prod-09,Arabica Whole Bean Coffee 1kg,SKU-BEV-001,Beverages & Drinks,SALE,-1,61,60,2026-08-28 09:07:47,POS Sale INV-2026-2299
txn-11750,prod-12,Natural Cold Pressed Citrus Juice 1L,SKU-BEV-004,Beverages & Drinks,SALE,-1,41,40,2026-08-28 09:07:47,POS Sale INV-2026-2299
txn-11751,prod-07,Heavy-Duty Desktop Stapler,SKU-OFF-003,Office Supplies,SALE,-2,42,40,2026-08-28 09:05:26,POS Sale INV-2026-2300
txn-11752,prod-03,Mechanical RGB Gaming Keyboard,SKU-ELE-003,Electronics & Gadgets,SALE,-3,33,30,2026-08-28 09:05:26,POS Sale INV-2026-2300
txn-11753,prod-27,Microfiber Facial Towels (Pack of 4),SKU-PER-003,Personal Care,SALE,-1,71,70,2026-08-28 09:05:26,POS Sale INV-2026-2300
txn-11754,prod-17,100% Cotton Polo Shirt (Medium),SKU-APP-001,Apparel & Wearables,SALE,-2,97,95,2026-08-28 09:05:26,POS Sale INV-2026-2300
txn-11755,prod-06,Gel Ink Rollerball Pens (Box of 12),SKU-OFF-002,Office Supplies,SALE,-3,123,120,2026-08-28 16:48:42,POS Sale INV-2026-2301
txn-11756,prod-10,Organic Green Tea (Box of 50 Bags),SKU-BEV-002,Beverages & Drinks,SALE,-1,91,90,2026-08-28 11:13:11,POS Sale INV-2026-2302
txn-11757,prod-11,Sparkling Mineral Water 500ml (Pack 12),SKU-BEV-003,Beverages & Drinks,SALE,-1,76,75,2026-08-28 11:13:11,POS Sale INV-2026-2302
txn-11758,prod-15,Raw Honey Jar 500g,SKU-GRO-003,Packaged Groceries,SALE,-1,66,65,2026-08-28 11:13:11,POS Sale INV-2026-2302
txn-11759,prod-25,Antibacterial Hand Sanitizer 500ml,SKU-PER-001,Personal Care,SALE,-1,301,300,2026-08-28 10:27:34,POS Sale INV-2026-2303
txn-11760,prod-14,Wholegrain Oats 1kg,SKU-GRO-002,Packaged Groceries,SALE,-3,113,110,2026-08-28 19:30:29,POS Sale INV-2026-2304
txn-11761,prod-02,Ergonomic Optical Wireless Mouse,SKU-ELE-002,Electronics & Gadgets,SALE,-1,81,80,2026-08-29 13:39:52,POS Sale INV-2026-2305
txn-11762,prod-15,Raw Honey Jar 500g,SKU-GRO-003,Packaged Groceries,SALE,-2,67,65,2026-08-29 10:08:08,POS Sale INV-2026-2306
txn-11763,prod-25,Antibacterial Hand Sanitizer 500ml,SKU-PER-001,Personal Care,SALE,-2,302,300,2026-08-29 10:08:08,POS Sale INV-2026-2306
txn-11764,prod-27,Microfiber Facial Towels (Pack of 4),SKU-PER-003,Personal Care,SALE,-1,71,70,2026-08-29 10:08:08,POS Sale INV-2026-2306
txn-11765,prod-29,HEPA Air Purifier Desktop Size,SKU-HOM-002,Home Appliances,SALE,-1,19,18,2026-08-29 12:54:01,POS Sale INV-2026-2307
txn-11766,prod-19,Waterproof Work Gloves (Pair),SKU-APP-003,Apparel & Wearables,SALE,-1,181,180,2026-08-29 15:53:40,POS Sale INV-2026-2308
txn-11767,prod-17,100% Cotton Polo Shirt (Medium),SKU-APP-001,Apparel & Wearables,SALE,-3,98,95,2026-08-29 16:09:30,POS Sale INV-2026-2309
txn-11768,prod-12,Natural Cold Pressed Citrus Juice 1L,SKU-BEV-004,Beverages & Drinks,SALE,-1,41,40,2026-08-29 16:09:30,POS Sale INV-2026-2309
txn-11769,prod-15,Raw Honey Jar 500g,SKU-GRO-003,Packaged Groceries,SALE,-2,67,65,2026-08-29 16:31:30,POS Sale INV-2026-2310
txn-11770,prod-19,Waterproof Work Gloves (Pair),SKU-APP-003,Apparel & Wearables,SALE,-1,181,180,2026-08-29 16:31:30,POS Sale INV-2026-2310
txn-11771,prod-05,A4 Premium Copy Paper 500 Sheets,SKU-OFF-001,Office Supplies,SALE,-1,251,250,2026-08-29 13:36:53,POS Sale INV-2026-2311
txn-11772,prod-27,Microfiber Facial Towels (Pack of 4),SKU-PER-003,Personal Care,SALE,-2,72,70,2026-08-29 13:36:53,POS Sale INV-2026-2311
txn-11773,prod-06,Gel Ink Rollerball Pens (Box of 12),SKU-OFF-002,Office Supplies,SALE,-1,121,120,2026-08-29 19:54:45,POS Sale INV-2026-2312
txn-11774,prod-15,Raw Honey Jar 500g,SKU-GRO-003,Packaged Groceries,SALE,-1,66,65,2026-08-29 18:46:35,POS Sale INV-2026-2313
txn-11775,prod-27,Microfiber Facial Towels (Pack of 4),SKU-PER-003,Personal Care,SALE,-1,71,70,2026-08-29 18:46:35,POS Sale INV-2026-2313
txn-11776,prod-13,Organic Extra Virgin Olive Oil 750ml,SKU-GRO-001,Packaged Groceries,SALE,-2,52,50,2026-08-29 18:46:35,POS Sale INV-2026-2313
txn-11777,prod-26,Gentle Moisturizing Hand Soap 1L,SKU-PER-002,Personal Care,SALE,-3,153,150,2026-08-29 17:37:46,POS Sale INV-2026-2314
txn-11778,prod-14,Wholegrain Oats 1kg,SKU-GRO-002,Packaged Groceries,SALE,-2,112,110,2026-08-29 09:33:01,POS Sale INV-2026-2315
txn-11779,prod-20,Breathable Fleece Jacket (Large),SKU-APP-004,Apparel & Wearables,SALE,-1,36,35,2026-08-29 09:33:01,POS Sale INV-2026-2315
txn-11780,prod-24,Heavy-Duty Steel Measuring Tape 8m,SKU-HAR-004,Hardware & Tools,SALE,-1,91,90,2026-08-29 09:33:01,POS Sale INV-2026-2315
txn-11781,prod-05,A4 Premium Copy Paper 500 Sheets,SKU-OFF-001,Office Supplies,SALE,-1,251,250,2026-08-29 09:33:01,POS Sale INV-2026-2315
txn-11782,prod-10,Organic Green Tea (Box of 50 Bags),SKU-BEV-002,Beverages & Drinks,SALE,-1,91,90,2026-08-29 19:26:56,POS Sale INV-2026-2316
txn-11783,prod-02,Ergonomic Optical Wireless Mouse,SKU-ELE-002,Electronics & Gadgets,SALE,-1,81,80,2026-08-29 14:28:44,POS Sale INV-2026-2317
txn-11784,prod-14,Wholegrain Oats 1kg,SKU-GRO-002,Packaged Groceries,SALE,-1,111,110,2026-08-29 14:28:44,POS Sale INV-2026-2317
txn-11785,prod-16,Assorted Roasted Almonds 250g,SKU-GRO-004,Packaged Groceries,SALE,-1,86,85,2026-08-29 16:22:28,POS Sale INV-2026-2318
txn-11786,prod-23,Digital Laser Distance Meter 50m,SKU-HAR-003,Hardware & Tools,SALE,-2,30,28,2026-08-29 16:22:28,POS Sale INV-2026-2318
txn-11787,prod-13,Organic Extra Virgin Olive Oil 750ml,SKU-GRO-001,Packaged Groceries,SALE,-1,51,50,2026-08-29 14:58:38,POS Sale INV-2026-2319
txn-11788,prod-19,Waterproof Work Gloves (Pair),SKU-APP-003,Apparel & Wearables,SALE,-2,182,180,2026-08-29 14:58:38,POS Sale INV-2026-2319
txn-11789,prod-03,Mechanical RGB Gaming Keyboard,SKU-ELE-003,Electronics & Gadgets,SALE,-4,34,30,2026-08-30 13:46:45,POS Sale INV-2026-2320
txn-11790,prod-05,A4 Premium Copy Paper 500 Sheets,SKU-OFF-001,Office Supplies,SALE,-1,251,250,2026-08-30 11:39:13,POS Sale INV-2026-2321
txn-11791,prod-10,Organic Green Tea (Box of 50 Bags),SKU-BEV-002,Beverages & Drinks,SALE,-3,93,90,2026-08-30 11:39:13,POS Sale INV-2026-2321
txn-11792,prod-07,Heavy-Duty Desktop Stapler,SKU-OFF-003,Office Supplies,SALE,-3,43,40,2026-08-30 11:11:12,POS Sale INV-2026-2322
txn-11793,prod-06,Gel Ink Rollerball Pens (Box of 12),SKU-OFF-002,Office Supplies,SALE,-4,124,120,2026-08-30 16:19:15,POS Sale INV-2026-2323
txn-11794,prod-07,Heavy-Duty Desktop Stapler,SKU-OFF-003,Office Supplies,SALE,-1,41,40,2026-08-30 13:22:43,POS Sale INV-2026-2324
txn-11795,prod-02,Ergonomic Optical Wireless Mouse,SKU-ELE-002,Electronics & Gadgets,SALE,-1,81,80,2026-08-30 13:22:43,POS Sale INV-2026-2324
txn-11796,prod-12,Natural Cold Pressed Citrus Juice 1L,SKU-BEV-004,Beverages & Drinks,SALE,-1,41,40,2026-08-30 10:21:27,POS Sale INV-2026-2325
txn-11797,prod-22,Professional Precision Screwdriver Kit,SKU-HAR-002,Hardware & Tools,SALE,-1,56,55,2026-08-30 10:21:27,POS Sale INV-2026-2325
txn-11798,prod-26,Gentle Moisturizing Hand Soap 1L,SKU-PER-002,Personal Care,SALE,-3,153,150,2026-08-30 10:21:27,POS Sale INV-2026-2325
txn-11799,prod-11,Sparkling Mineral Water 500ml (Pack 12),SKU-BEV-003,Beverages & Drinks,SALE,-2,77,75,2026-08-30 10:21:27,POS Sale INV-2026-2325
txn-11800,prod-21,20V Cordless Power Drill Set,SKU-HAR-001,Hardware & Tools,SALE,-1,23,22,2026-08-30 16:16:21,POS Sale INV-2026-2326
txn-11801,prod-05,A4 Premium Copy Paper 500 Sheets,SKU-OFF-001,Office Supplies,SALE,-1,251,250,2026-08-31 17:17:57,POS Sale INV-2026-2327
txn-11802,prod-15,Raw Honey Jar 500g,SKU-GRO-003,Packaged Groceries,SALE,-1,66,65,2026-08-31 17:17:57,POS Sale INV-2026-2327
txn-11803,prod-26,Gentle Moisturizing Hand Soap 1L,SKU-PER-002,Personal Care,SALE,-1,151,150,2026-08-31 17:17:57,POS Sale INV-2026-2327
txn-11804,prod-11,Sparkling Mineral Water 500ml (Pack 12),SKU-BEV-003,Beverages & Drinks,SALE,-1,76,75,2026-08-31 17:17:57,POS Sale INV-2026-2327
txn-11805,prod-09,Arabica Whole Bean Coffee 1kg,SKU-BEV-001,Beverages & Drinks,SALE,-1,61,60,2026-08-31 10:45:03,POS Sale INV-2026-2328
txn-11806,prod-13,Organic Extra Virgin Olive Oil 750ml,SKU-GRO-001,Packaged Groceries,SALE,-2,52,50,2026-08-31 10:45:03,POS Sale INV-2026-2328
txn-11807,prod-19,Waterproof Work Gloves (Pair),SKU-APP-003,Apparel & Wearables,SALE,-3,183,180,2026-08-31 10:45:03,POS Sale INV-2026-2328
txn-11808,prod-05,A4 Premium Copy Paper 500 Sheets,SKU-OFF-001,Office Supplies,SALE,-2,252,250,2026-08-31 10:45:03,POS Sale INV-2026-2328
txn-11809,prod-05,A4 Premium Copy Paper 500 Sheets,SKU-OFF-001,Office Supplies,SALE,-1,251,250,2026-08-31 10:06:50,POS Sale INV-2026-2329
txn-11810,prod-27,Microfiber Facial Towels (Pack of 4),SKU-PER-003,Personal Care,SALE,-2,72,70,2026-08-31 10:06:50,POS Sale INV-2026-2329
txn-11811,prod-27,Microfiber Facial Towels (Pack of 4),SKU-PER-003,Personal Care,SALE,-2,72,70,2026-08-31 09:32:06,POS Sale INV-2026-2330
txn-11812,prod-06,Gel Ink Rollerball Pens (Box of 12),SKU-OFF-002,Office Supplies,SALE,-2,122,120,2026-08-31 11:46:18,POS Sale INV-2026-2331
txn-11813,prod-12,Natural Cold Pressed Citrus Juice 1L,SKU-BEV-004,Beverages & Drinks,SALE,-1,41,40,2026-08-31 11:46:18,POS Sale INV-2026-2331
txn-11814,prod-18,High-Visibility Safety Vest,SKU-APP-002,Apparel & Wearables,SALE,-4,144,140,2026-08-31 11:46:18,POS Sale INV-2026-2331
txn-11815,prod-09,Arabica Whole Bean Coffee 1kg,SKU-BEV-001,Beverages & Drinks,SALE,-1,61,60,2026-08-31 10:09:41,POS Sale INV-2026-2332
txn-11816,prod-25,Antibacterial Hand Sanitizer 500ml,SKU-PER-001,Personal Care,SALE,-1,301,300,2026-08-31 10:09:41,POS Sale INV-2026-2332
txn-11817,prod-14,Wholegrain Oats 1kg,SKU-GRO-002,Packaged Groceries,SALE,-2,112,110,2026-08-31 10:09:41,POS Sale INV-2026-2332
txn-11818,prod-13,Organic Extra Virgin Olive Oil 750ml,SKU-GRO-001,Packaged Groceries,SALE,-1,51,50,2026-08-31 10:09:41,POS Sale INV-2026-2332
txn-11819,prod-21,20V Cordless Power Drill Set,SKU-HAR-001,Hardware & Tools,SALE,-1,23,22,2026-08-31 12:28:26,POS Sale INV-2026-2333
txn-11820,prod-22,Professional Precision Screwdriver Kit,SKU-HAR-002,Hardware & Tools,SALE,-3,58,55,2026-08-31 12:28:26,POS Sale INV-2026-2333
txn-11821,prod-08,Adjustable Mesh Executive Chair,SKU-OFF-004,Office Supplies,SALE,-1,9,8,2026-08-31 16:21:18,POS Sale INV-2026-2334
txn-11822,prod-07,Heavy-Duty Desktop Stapler,SKU-OFF-003,Office Supplies,SALE,-3,43,40,2026-08-31 16:21:18,POS Sale INV-2026-2334
txn-11823,prod-23,Digital Laser Distance Meter 50m,SKU-HAR-003,Hardware & Tools,SALE,-1,29,28,2026-08-31 15:23:40,POS Sale INV-2026-2335
txn-11824,prod-29,HEPA Air Purifier Desktop Size,SKU-HOM-002,Home Appliances,SALE,-1,19,18,2026-08-31 12:08:51,POS Sale INV-2026-2336
txn-11825,prod-24,Heavy-Duty Steel Measuring Tape 8m,SKU-HAR-004,Hardware & Tools,SALE,-1,91,90,2026-08-31 12:08:51,POS Sale INV-2026-2336
txn-11826,prod-11,Sparkling Mineral Water 500ml (Pack 12),SKU-BEV-003,Beverages & Drinks,SALE,-2,77,75,2026-08-31 17:50:43,POS Sale INV-2026-2337
txn-11827,prod-06,Gel Ink Rollerball Pens (Box of 12),SKU-OFF-002,Office Supplies,SALE,-1,121,120,2026-08-31 09:45:51,POS Sale INV-2026-2338
txn-11828,prod-26,Gentle Moisturizing Hand Soap 1L,SKU-PER-002,Personal Care,SALE,-1,151,150,2026-08-31 09:45:51,POS Sale INV-2026-2338
txn-11829,prod-17,100% Cotton Polo Shirt (Medium),SKU-APP-001,Apparel & Wearables,SALE,-2,97,95,2026-08-31 09:45:51,POS Sale INV-2026-2338
txn-11830,prod-05,A4 Premium Copy Paper 500 Sheets,SKU-OFF-001,Office Supplies,SALE,-1,251,250,2026-09-01 15:49:10,POS Sale INV-2026-2339
txn-11831,prod-25,Antibacterial Hand Sanitizer 500ml,SKU-PER-001,Personal Care,SALE,-1,301,300,2026-09-01 15:49:10,POS Sale INV-2026-2339
txn-11832,prod-27,Microfiber Facial Towels (Pack of 4),SKU-PER-003,Personal Care,SALE,-1,71,70,2026-09-01 19:09:57,POS Sale INV-2026-2340
txn-11833,prod-10,Organic Green Tea (Box of 50 Bags),SKU-BEV-002,Beverages & Drinks,SALE,-1,91,90,2026-09-01 19:09:57,POS Sale INV-2026-2340
txn-11834,prod-05,A4 Premium Copy Paper 500 Sheets,SKU-OFF-001,Office Supplies,SALE,-4,254,250,2026-09-01 19:09:57,POS Sale INV-2026-2340
txn-11835,prod-07,Heavy-Duty Desktop Stapler,SKU-OFF-003,Office Supplies,SALE,-1,41,40,2026-09-01 15:25:56,POS Sale INV-2026-2341
txn-11836,prod-25,Antibacterial Hand Sanitizer 500ml,SKU-PER-001,Personal Care,SALE,-1,301,300,2026-09-01 14:58:22,POS Sale INV-2026-2342
txn-11837,prod-08,Adjustable Mesh Executive Chair,SKU-OFF-004,Office Supplies,SALE,-1,9,8,2026-09-01 11:44:25,POS Sale INV-2026-2343
txn-11838,prod-18,High-Visibility Safety Vest,SKU-APP-002,Apparel & Wearables,SALE,-1,141,140,2026-09-01 18:41:28,POS Sale INV-2026-2344
txn-11839,prod-27,Microfiber Facial Towels (Pack of 4),SKU-PER-003,Personal Care,SALE,-1,71,70,2026-09-01 13:05:02,POS Sale INV-2026-2345
txn-11840,prod-26,Gentle Moisturizing Hand Soap 1L,SKU-PER-002,Personal Care,SALE,-1,151,150,2026-09-01 13:05:02,POS Sale INV-2026-2345
txn-11841,prod-06,Gel Ink Rollerball Pens (Box of 12),SKU-OFF-002,Office Supplies,SALE,-3,123,120,2026-09-01 13:05:02,POS Sale INV-2026-2345
txn-11842,prod-25,Antibacterial Hand Sanitizer 500ml,SKU-PER-001,Personal Care,SALE,-1,301,300,2026-09-01 17:18:13,POS Sale INV-2026-2346
txn-11843,prod-04,4K Ultra-HD Monitor 27-inch,SKU-ELE-004,Electronics & Gadgets,SALE,-1,13,12,2026-09-01 17:18:13,POS Sale INV-2026-2346
txn-11844,prod-27,Microfiber Facial Towels (Pack of 4),SKU-PER-003,Personal Care,SALE,-1,71,70,2026-09-01 17:18:13,POS Sale INV-2026-2346
txn-11845,prod-12,Natural Cold Pressed Citrus Juice 1L,SKU-BEV-004,Beverages & Drinks,SALE,-1,41,40,2026-09-01 17:18:13,POS Sale INV-2026-2346
txn-11846,prod-01,Wireless Bluetooth Headset Pro,SKU-ELE-001,Electronics & Gadgets,SALE,-1,46,45,2026-09-01 17:18:13,POS Sale INV-2026-2346
txn-11847,prod-26,Gentle Moisturizing Hand Soap 1L,SKU-PER-002,Personal Care,SALE,-1,151,150,2026-09-02 19:10:01,POS Sale INV-2026-2347
txn-11848,prod-19,Waterproof Work Gloves (Pair),SKU-APP-003,Apparel & Wearables,SALE,-2,182,180,2026-09-02 19:10:01,POS Sale INV-2026-2347
txn-11849,prod-05,A4 Premium Copy Paper 500 Sheets,SKU-OFF-001,Office Supplies,SALE,-2,252,250,2026-09-02 12:53:49,POS Sale INV-2026-2348
txn-11850,prod-15,Raw Honey Jar 500g,SKU-GRO-003,Packaged Groceries,SALE,-3,68,65,2026-09-02 12:53:49,POS Sale INV-2026-2348
txn-11851,prod-09,Arabica Whole Bean Coffee 1kg,SKU-BEV-001,Beverages & Drinks,SALE,-1,61,60,2026-09-02 12:53:49,POS Sale INV-2026-2348
txn-11852,prod-02,Ergonomic Optical Wireless Mouse,SKU-ELE-002,Electronics & Gadgets,SALE,-2,82,80,2026-09-02 12:53:49,POS Sale INV-2026-2348
txn-11853,prod-26,Gentle Moisturizing Hand Soap 1L,SKU-PER-002,Personal Care,SALE,-1,151,150,2026-09-02 09:53:23,POS Sale INV-2026-2349
txn-11854,prod-08,Adjustable Mesh Executive Chair,SKU-OFF-004,Office Supplies,SALE,-1,9,8,2026-09-02 09:53:23,POS Sale INV-2026-2349
txn-11855,prod-09,Arabica Whole Bean Coffee 1kg,SKU-BEV-001,Beverages & Drinks,SALE,-1,61,60,2026-09-02 09:53:23,POS Sale INV-2026-2349
txn-11856,prod-12,Natural Cold Pressed Citrus Juice 1L,SKU-BEV-004,Beverages & Drinks,SALE,-2,42,40,2026-09-02 19:07:28,POS Sale INV-2026-2350
txn-11857,prod-07,Heavy-Duty Desktop Stapler,SKU-OFF-003,Office Supplies,SALE,-1,41,40,2026-09-02 19:07:28,POS Sale INV-2026-2350
txn-11858,prod-06,Gel Ink Rollerball Pens (Box of 12),SKU-OFF-002,Office Supplies,SALE,-2,122,120,2026-09-02 19:07:28,POS Sale INV-2026-2350
txn-11859,prod-06,Gel Ink Rollerball Pens (Box of 12),SKU-OFF-002,Office Supplies,SALE,-1,121,120,2026-09-02 12:51:47,POS Sale INV-2026-2351
txn-11860,prod-10,Organic Green Tea (Box of 50 Bags),SKU-BEV-002,Beverages & Drinks,SALE,-4,94,90,2026-09-02 12:22:19,POS Sale INV-2026-2352
txn-11861,prod-09,Arabica Whole Bean Coffee 1kg,SKU-BEV-001,Beverages & Drinks,SALE,-2,62,60,2026-09-02 12:22:19,POS Sale INV-2026-2352
txn-11862,prod-12,Natural Cold Pressed Citrus Juice 1L,SKU-BEV-004,Beverages & Drinks,SALE,-3,43,40,2026-09-02 15:33:47,POS Sale INV-2026-2353
txn-11863,prod-03,Mechanical RGB Gaming Keyboard,SKU-ELE-003,Electronics & Gadgets,SALE,-2,32,30,2026-09-02 14:29:06,POS Sale INV-2026-2354
txn-11864,prod-16,Assorted Roasted Almonds 250g,SKU-GRO-004,Packaged Groceries,SALE,-1,86,85,2026-09-02 09:27:56,POS Sale INV-2026-2355
txn-11865,prod-02,Ergonomic Optical Wireless Mouse,SKU-ELE-002,Electronics & Gadgets,SALE,-2,82,80,2026-09-02 09:27:56,POS Sale INV-2026-2355
txn-11866,prod-14,Wholegrain Oats 1kg,SKU-GRO-002,Packaged Groceries,SALE,-1,111,110,2026-09-02 19:33:25,POS Sale INV-2026-2356
txn-11867,prod-27,Microfiber Facial Towels (Pack of 4),SKU-PER-003,Personal Care,SALE,-3,73,70,2026-09-02 18:31:40,POS Sale INV-2026-2357
txn-11868,prod-02,Ergonomic Optical Wireless Mouse,SKU-ELE-002,Electronics & Gadgets,SALE,-1,81,80,2026-09-02 15:52:10,POS Sale INV-2026-2358
txn-11869,prod-03,Mechanical RGB Gaming Keyboard,SKU-ELE-003,Electronics & Gadgets,SALE,-6,36,30,2026-09-02 15:52:10,POS Sale INV-2026-2358
txn-11870,prod-14,Wholegrain Oats 1kg,SKU-GRO-002,Packaged Groceries,SALE,-1,111,110,2026-09-02 15:52:10,POS Sale INV-2026-2358
txn-11871,prod-10,Organic Green Tea (Box of 50 Bags),SKU-BEV-002,Beverages & Drinks,SALE,-1,91,90,2026-09-02 11:45:32,POS Sale INV-2026-2359
txn-11872,prod-19,Waterproof Work Gloves (Pair),SKU-APP-003,Apparel & Wearables,SALE,-1,181,180,2026-09-02 11:45:32,POS Sale INV-2026-2359
txn-11873,prod-26,Gentle Moisturizing Hand Soap 1L,SKU-PER-002,Personal Care,SALE,-1,151,150,2026-09-02 09:47:10,POS Sale INV-2026-2360
txn-11874,prod-25,Antibacterial Hand Sanitizer 500ml,SKU-PER-001,Personal Care,SALE,-1,301,300,2026-09-02 15:07:07,POS Sale INV-2026-2361
txn-11875,prod-09,Arabica Whole Bean Coffee 1kg,SKU-BEV-001,Beverages & Drinks,SALE,-1,61,60,2026-09-02 15:07:07,POS Sale INV-2026-2361
txn-11876,prod-01,Wireless Bluetooth Headset Pro,SKU-ELE-001,Electronics & Gadgets,SALE,-1,46,45,2026-09-02 15:07:07,POS Sale INV-2026-2361
txn-11877,prod-28,Electric Stainless Steel Kettle 1.7L,SKU-HOM-001,Home Appliances,SALE,-1,33,32,2026-09-02 15:07:07,POS Sale INV-2026-2361
txn-11878,prod-01,Wireless Bluetooth Headset Pro,SKU-ELE-001,Electronics & Gadgets,SALE,-1,46,45,2026-09-02 10:23:19,POS Sale INV-2026-2362
txn-11879,prod-19,Waterproof Work Gloves (Pair),SKU-APP-003,Apparel & Wearables,SALE,-1,181,180,2026-09-02 10:23:19,POS Sale INV-2026-2362
txn-11880,prod-12,Natural Cold Pressed Citrus Juice 1L,SKU-BEV-004,Beverages & Drinks,SALE,-2,42,40,2026-09-02 10:23:19,POS Sale INV-2026-2362
txn-11881,prod-27,Microfiber Facial Towels (Pack of 4),SKU-PER-003,Personal Care,SALE,-1,71,70,2026-09-02 10:23:19,POS Sale INV-2026-2362
txn-11882,prod-07,Heavy-Duty Desktop Stapler,SKU-OFF-003,Office Supplies,SALE,-1,41,40,2026-09-02 10:23:19,POS Sale INV-2026-2362
txn-11883,prod-16,Assorted Roasted Almonds 250g,SKU-GRO-004,Packaged Groceries,SALE,-1,86,85,2026-09-03 11:09:50,POS Sale INV-2026-2363
txn-11884,prod-27,Microfiber Facial Towels (Pack of 4),SKU-PER-003,Personal Care,SALE,-1,71,70,2026-09-03 12:11:52,POS Sale INV-2026-2364
txn-11885,prod-14,Wholegrain Oats 1kg,SKU-GRO-002,Packaged Groceries,SALE,-1,111,110,2026-09-03 12:11:52,POS Sale INV-2026-2364
txn-11886,prod-10,Organic Green Tea (Box of 50 Bags),SKU-BEV-002,Beverages & Drinks,SALE,-1,91,90,2026-09-03 12:11:52,POS Sale INV-2026-2364
txn-11887,prod-15,Raw Honey Jar 500g,SKU-GRO-003,Packaged Groceries,SALE,-1,66,65,2026-09-03 10:55:02,POS Sale INV-2026-2365
txn-11888,prod-27,Microfiber Facial Towels (Pack of 4),SKU-PER-003,Personal Care,SALE,-2,72,70,2026-09-03 10:55:02,POS Sale INV-2026-2365
txn-11889,prod-14,Wholegrain Oats 1kg,SKU-GRO-002,Packaged Groceries,SALE,-1,111,110,2026-09-03 14:50:24,POS Sale INV-2026-2366
txn-11890,prod-08,Adjustable Mesh Executive Chair,SKU-OFF-004,Office Supplies,SALE,-1,9,8,2026-09-03 14:50:24,POS Sale INV-2026-2366
txn-11891,prod-27,Microfiber Facial Towels (Pack of 4),SKU-PER-003,Personal Care,SALE,-1,71,70,2026-09-03 11:32:40,POS Sale INV-2026-2367
txn-11892,prod-10,Organic Green Tea (Box of 50 Bags),SKU-BEV-002,Beverages & Drinks,SALE,-1,91,90,2026-09-03 11:32:40,POS Sale INV-2026-2367
txn-11893,prod-01,Wireless Bluetooth Headset Pro,SKU-ELE-001,Electronics & Gadgets,SALE,-1,46,45,2026-09-03 11:32:40,POS Sale INV-2026-2367
txn-11894,prod-29,HEPA Air Purifier Desktop Size,SKU-HOM-002,Home Appliances,SALE,-3,21,18,2026-09-03 14:05:51,POS Sale INV-2026-2368
txn-11895,prod-27,Microfiber Facial Towels (Pack of 4),SKU-PER-003,Personal Care,SALE,-2,72,70,2026-09-03 14:05:51,POS Sale INV-2026-2368
txn-11896,prod-06,Gel Ink Rollerball Pens (Box of 12),SKU-OFF-002,Office Supplies,SALE,-1,121,120,2026-09-03 14:05:51,POS Sale INV-2026-2368
txn-11897,prod-25,Antibacterial Hand Sanitizer 500ml,SKU-PER-001,Personal Care,SALE,-1,301,300,2026-09-03 15:21:34,POS Sale INV-2026-2369
txn-11898,prod-13,Organic Extra Virgin Olive Oil 750ml,SKU-GRO-001,Packaged Groceries,SALE,-1,51,50,2026-09-03 15:21:34,POS Sale INV-2026-2369
txn-11899,prod-06,Gel Ink Rollerball Pens (Box of 12),SKU-OFF-002,Office Supplies,SALE,-2,122,120,2026-09-03 19:05:55,POS Sale INV-2026-2370
txn-11900,prod-26,Gentle Moisturizing Hand Soap 1L,SKU-PER-002,Personal Care,SALE,-2,152,150,2026-09-03 19:05:55,POS Sale INV-2026-2370
txn-11901,prod-17,100% Cotton Polo Shirt (Medium),SKU-APP-001,Apparel & Wearables,SALE,-1,96,95,2026-09-03 13:35:41,POS Sale INV-2026-2371
txn-11902,prod-15,Raw Honey Jar 500g,SKU-GRO-003,Packaged Groceries,SALE,-1,66,65,2026-09-03 18:34:36,POS Sale INV-2026-2372
txn-11903,prod-03,Mechanical RGB Gaming Keyboard,SKU-ELE-003,Electronics & Gadgets,SALE,-1,31,30,2026-09-03 16:32:57,POS Sale INV-2026-2373
txn-11904,prod-12,Natural Cold Pressed Citrus Juice 1L,SKU-BEV-004,Beverages & Drinks,SALE,-6,46,40,2026-09-03 16:32:57,POS Sale INV-2026-2373
txn-11905,prod-20,Breathable Fleece Jacket (Large),SKU-APP-004,Apparel & Wearables,SALE,-1,36,35,2026-09-04 09:17:50,POS Sale INV-2026-2374
txn-11906,prod-09,Arabica Whole Bean Coffee 1kg,SKU-BEV-001,Beverages & Drinks,SALE,-6,66,60,2026-09-04 09:17:50,POS Sale INV-2026-2374
txn-11907,prod-12,Natural Cold Pressed Citrus Juice 1L,SKU-BEV-004,Beverages & Drinks,SALE,-2,42,40,2026-09-04 17:38:20,POS Sale INV-2026-2375
txn-11908,prod-25,Antibacterial Hand Sanitizer 500ml,SKU-PER-001,Personal Care,SALE,-1,301,300,2026-09-04 09:21:27,POS Sale INV-2026-2376
txn-11909,prod-02,Ergonomic Optical Wireless Mouse,SKU-ELE-002,Electronics & Gadgets,SALE,-1,81,80,2026-09-04 13:05:07,POS Sale INV-2026-2377
txn-11910,prod-20,Breathable Fleece Jacket (Large),SKU-APP-004,Apparel & Wearables,SALE,-1,36,35,2026-09-04 11:16:49,POS Sale INV-2026-2378
txn-11911,prod-07,Heavy-Duty Desktop Stapler,SKU-OFF-003,Office Supplies,SALE,-1,41,40,2026-09-04 11:16:49,POS Sale INV-2026-2378
txn-11912,prod-02,Ergonomic Optical Wireless Mouse,SKU-ELE-002,Electronics & Gadgets,SALE,-1,81,80,2026-09-04 11:16:49,POS Sale INV-2026-2378
txn-11913,prod-17,100% Cotton Polo Shirt (Medium),SKU-APP-001,Apparel & Wearables,SALE,-2,97,95,2026-09-04 11:16:49,POS Sale INV-2026-2378
txn-11914,prod-05,A4 Premium Copy Paper 500 Sheets,SKU-OFF-001,Office Supplies,SALE,-1,251,250,2026-09-04 09:39:20,POS Sale INV-2026-2379
txn-11915,prod-17,100% Cotton Polo Shirt (Medium),SKU-APP-001,Apparel & Wearables,SALE,-1,96,95,2026-09-04 09:39:20,POS Sale INV-2026-2379
txn-11916,prod-12,Natural Cold Pressed Citrus Juice 1L,SKU-BEV-004,Beverages & Drinks,SALE,-1,41,40,2026-09-04 09:39:20,POS Sale INV-2026-2379
txn-11917,prod-07,Heavy-Duty Desktop Stapler,SKU-OFF-003,Office Supplies,SALE,-1,41,40,2026-09-04 09:39:20,POS Sale INV-2026-2379
txn-11918,prod-25,Antibacterial Hand Sanitizer 500ml,SKU-PER-001,Personal Care,SALE,-1,301,300,2026-09-04 09:39:20,POS Sale INV-2026-2379
txn-11919,prod-06,Gel Ink Rollerball Pens (Box of 12),SKU-OFF-002,Office Supplies,SALE,-1,121,120,2026-09-04 10:20:09,POS Sale INV-2026-2380
txn-11920,prod-20,Breathable Fleece Jacket (Large),SKU-APP-004,Apparel & Wearables,SALE,-1,36,35,2026-09-04 10:20:09,POS Sale INV-2026-2380
txn-11921,prod-11,Sparkling Mineral Water 500ml (Pack 12),SKU-BEV-003,Beverages & Drinks,SALE,-1,76,75,2026-09-04 10:20:09,POS Sale INV-2026-2380
txn-11922,prod-09,Arabica Whole Bean Coffee 1kg,SKU-BEV-001,Beverages & Drinks,SALE,-2,62,60,2026-09-04 10:03:12,POS Sale INV-2026-2381
txn-11923,prod-09,Arabica Whole Bean Coffee 1kg,SKU-BEV-001,Beverages & Drinks,SALE,-1,61,60,2026-09-04 17:48:32,POS Sale INV-2026-2382
txn-11924,prod-13,Organic Extra Virgin Olive Oil 750ml,SKU-GRO-001,Packaged Groceries,SALE,-1,51,50,2026-09-04 17:48:32,POS Sale INV-2026-2382
txn-11925,prod-26,Gentle Moisturizing Hand Soap 1L,SKU-PER-002,Personal Care,SALE,-1,151,150,2026-09-04 16:35:26,POS Sale INV-2026-2383
txn-11926,prod-09,Arabica Whole Bean Coffee 1kg,SKU-BEV-001,Beverages & Drinks,SALE,-1,61,60,2026-09-04 09:17:35,POS Sale INV-2026-2384
txn-11927,prod-19,Waterproof Work Gloves (Pair),SKU-APP-003,Apparel & Wearables,SALE,-1,181,180,2026-09-05 17:41:50,POS Sale INV-2026-2385
txn-11928,prod-16,Assorted Roasted Almonds 250g,SKU-GRO-004,Packaged Groceries,SALE,-1,86,85,2026-09-05 19:32:13,POS Sale INV-2026-2386
txn-11929,prod-07,Heavy-Duty Desktop Stapler,SKU-OFF-003,Office Supplies,SALE,-1,41,40,2026-09-05 19:32:13,POS Sale INV-2026-2386
txn-11930,prod-19,Waterproof Work Gloves (Pair),SKU-APP-003,Apparel & Wearables,SALE,-1,181,180,2026-09-05 19:32:13,POS Sale INV-2026-2386
txn-11931,prod-17,100% Cotton Polo Shirt (Medium),SKU-APP-001,Apparel & Wearables,SALE,-3,98,95,2026-09-05 11:50:15,POS Sale INV-2026-2387
txn-11932,prod-17,100% Cotton Polo Shirt (Medium),SKU-APP-001,Apparel & Wearables,SALE,-1,96,95,2026-09-05 09:52:29,POS Sale INV-2026-2388
txn-11933,prod-11,Sparkling Mineral Water 500ml (Pack 12),SKU-BEV-003,Beverages & Drinks,SALE,-3,78,75,2026-09-05 09:52:29,POS Sale INV-2026-2388
txn-11934,prod-06,Gel Ink Rollerball Pens (Box of 12),SKU-OFF-002,Office Supplies,SALE,-1,121,120,2026-09-05 09:52:29,POS Sale INV-2026-2388
txn-11935,prod-07,Heavy-Duty Desktop Stapler,SKU-OFF-003,Office Supplies,SALE,-1,41,40,2026-09-05 09:52:29,POS Sale INV-2026-2388
txn-11936,prod-13,Organic Extra Virgin Olive Oil 750ml,SKU-GRO-001,Packaged Groceries,SALE,-1,51,50,2026-09-05 09:52:29,POS Sale INV-2026-2388
txn-11937,prod-19,Waterproof Work Gloves (Pair),SKU-APP-003,Apparel & Wearables,SALE,-2,182,180,2026-09-05 11:00:03,POS Sale INV-2026-2389
txn-11938,prod-18,High-Visibility Safety Vest,SKU-APP-002,Apparel & Wearables,SALE,-1,141,140,2026-09-05 11:00:03,POS Sale INV-2026-2389
txn-11939,prod-10,Organic Green Tea (Box of 50 Bags),SKU-BEV-002,Beverages & Drinks,SALE,-3,93,90,2026-09-05 11:00:03,POS Sale INV-2026-2389
txn-11940,prod-11,Sparkling Mineral Water 500ml (Pack 12),SKU-BEV-003,Beverages & Drinks,SALE,-2,77,75,2026-09-05 19:24:22,POS Sale INV-2026-2390
txn-11941,prod-14,Wholegrain Oats 1kg,SKU-GRO-002,Packaged Groceries,SALE,-1,111,110,2026-09-05 19:24:22,POS Sale INV-2026-2390
txn-11942,prod-12,Natural Cold Pressed Citrus Juice 1L,SKU-BEV-004,Beverages & Drinks,SALE,-1,41,40,2026-09-05 13:02:10,POS Sale INV-2026-2391
txn-11943,prod-10,Organic Green Tea (Box of 50 Bags),SKU-BEV-002,Beverages & Drinks,SALE,-1,91,90,2026-09-05 13:02:10,POS Sale INV-2026-2391
txn-11944,prod-05,A4 Premium Copy Paper 500 Sheets,SKU-OFF-001,Office Supplies,SALE,-1,251,250,2026-09-05 13:02:10,POS Sale INV-2026-2391
txn-11945,prod-12,Natural Cold Pressed Citrus Juice 1L,SKU-BEV-004,Beverages & Drinks,SALE,-1,41,40,2026-09-05 15:44:07,POS Sale INV-2026-2392
txn-11946,prod-27,Microfiber Facial Towels (Pack of 4),SKU-PER-003,Personal Care,SALE,-2,72,70,2026-09-05 15:44:07,POS Sale INV-2026-2392
txn-11947,prod-11,Sparkling Mineral Water 500ml (Pack 12),SKU-BEV-003,Beverages & Drinks,SALE,-1,76,75,2026-09-05 15:13:39,POS Sale INV-2026-2393
txn-11948,prod-25,Antibacterial Hand Sanitizer 500ml,SKU-PER-001,Personal Care,SALE,-1,301,300,2026-09-05 14:40:16,POS Sale INV-2026-2394
txn-11949,prod-02,Ergonomic Optical Wireless Mouse,SKU-ELE-002,Electronics & Gadgets,SALE,-3,83,80,2026-09-05 14:40:16,POS Sale INV-2026-2394
txn-11950,prod-19,Waterproof Work Gloves (Pair),SKU-APP-003,Apparel & Wearables,SALE,-1,181,180,2026-09-05 19:20:21,POS Sale INV-2026-2395
txn-11951,prod-05,A4 Premium Copy Paper 500 Sheets,SKU-OFF-001,Office Supplies,SALE,-1,251,250,2026-09-05 11:41:59,POS Sale INV-2026-2396
txn-11952,prod-16,Assorted Roasted Almonds 250g,SKU-GRO-004,Packaged Groceries,SALE,-1,86,85,2026-09-05 11:41:59,POS Sale INV-2026-2396
txn-11953,prod-27,Microfiber Facial Towels (Pack of 4),SKU-PER-003,Personal Care,SALE,-2,72,70,2026-09-05 11:41:59,POS Sale INV-2026-2396
txn-11954,prod-25,Antibacterial Hand Sanitizer 500ml,SKU-PER-001,Personal Care,SALE,-2,302,300,2026-09-06 19:11:26,POS Sale INV-2026-2397
txn-11955,prod-30,Compact Digital Microwave Oven 20L,SKU-HOM-003,Home Appliances,SALE,-3,18,15,2026-09-06 19:11:26,POS Sale INV-2026-2397
txn-11956,prod-01,Wireless Bluetooth Headset Pro,SKU-ELE-001,Electronics & Gadgets,SALE,-1,46,45,2026-09-06 19:11:26,POS Sale INV-2026-2397
txn-11957,prod-04,4K Ultra-HD Monitor 27-inch,SKU-ELE-004,Electronics & Gadgets,SALE,-1,13,12,2026-09-06 19:11:26,POS Sale INV-2026-2397
txn-11958,prod-02,Ergonomic Optical Wireless Mouse,SKU-ELE-002,Electronics & Gadgets,SALE,-1,81,80,2026-09-06 17:05:50,POS Sale INV-2026-2398
txn-11959,prod-10,Organic Green Tea (Box of 50 Bags),SKU-BEV-002,Beverages & Drinks,SALE,-2,92,90,2026-09-06 17:05:50,POS Sale INV-2026-2398
txn-11960,prod-14,Wholegrain Oats 1kg,SKU-GRO-002,Packaged Groceries,SALE,-1,111,110,2026-09-06 17:05:50,POS Sale INV-2026-2398
txn-11961,prod-17,100% Cotton Polo Shirt (Medium),SKU-APP-001,Apparel & Wearables,SALE,-2,97,95,2026-09-06 19:28:43,POS Sale INV-2026-2399
txn-11962,prod-15,Raw Honey Jar 500g,SKU-GRO-003,Packaged Groceries,SALE,-1,66,65,2026-09-06 19:28:43,POS Sale INV-2026-2399
txn-11963,prod-05,A4 Premium Copy Paper 500 Sheets,SKU-OFF-001,Office Supplies,SALE,-1,251,250,2026-09-06 14:24:11,POS Sale INV-2026-2400
txn-11964,prod-25,Antibacterial Hand Sanitizer 500ml,SKU-PER-001,Personal Care,SALE,-2,302,300,2026-09-06 14:59:12,POS Sale INV-2026-2401
txn-11965,prod-21,20V Cordless Power Drill Set,SKU-HAR-001,Hardware & Tools,SALE,-1,23,22,2026-09-06 14:59:12,POS Sale INV-2026-2401
txn-11966,prod-11,Sparkling Mineral Water 500ml (Pack 12),SKU-BEV-003,Beverages & Drinks,SALE,-1,76,75,2026-09-06 19:58:45,POS Sale INV-2026-2402
txn-11967,prod-06,Gel Ink Rollerball Pens (Box of 12),SKU-OFF-002,Office Supplies,SALE,-1,121,120,2026-09-06 19:58:45,POS Sale INV-2026-2402
txn-11968,prod-05,A4 Premium Copy Paper 500 Sheets,SKU-OFF-001,Office Supplies,SALE,-2,252,250,2026-09-06 12:14:31,POS Sale INV-2026-2403
txn-11969,prod-02,Ergonomic Optical Wireless Mouse,SKU-ELE-002,Electronics & Gadgets,SALE,-4,84,80,2026-09-06 12:14:31,POS Sale INV-2026-2403
txn-11970,prod-24,Heavy-Duty Steel Measuring Tape 8m,SKU-HAR-004,Hardware & Tools,SALE,-1,91,90,2026-09-06 12:14:31,POS Sale INV-2026-2403
txn-11971,prod-07,Heavy-Duty Desktop Stapler,SKU-OFF-003,Office Supplies,SALE,-2,42,40,2026-09-06 12:14:31,POS Sale INV-2026-2403
txn-11972,prod-25,Antibacterial Hand Sanitizer 500ml,SKU-PER-001,Personal Care,SALE,-1,301,300,2026-09-06 12:14:31,POS Sale INV-2026-2403
txn-11973,prod-12,Natural Cold Pressed Citrus Juice 1L,SKU-BEV-004,Beverages & Drinks,SALE,-1,41,40,2026-09-06 18:13:00,POS Sale INV-2026-2404
txn-11974,prod-06,Gel Ink Rollerball Pens (Box of 12),SKU-OFF-002,Office Supplies,SALE,-1,121,120,2026-09-06 18:13:00,POS Sale INV-2026-2404
txn-11975,prod-22,Professional Precision Screwdriver Kit,SKU-HAR-002,Hardware & Tools,SALE,-2,57,55,2026-09-06 13:36:32,POS Sale INV-2026-2405
txn-11976,prod-19,Waterproof Work Gloves (Pair),SKU-APP-003,Apparel & Wearables,SALE,-1,181,180,2026-09-06 13:36:32,POS Sale INV-2026-2405
txn-11977,prod-04,4K Ultra-HD Monitor 27-inch,SKU-ELE-004,Electronics & Gadgets,SALE,-3,15,12,2026-09-06 13:36:32,POS Sale INV-2026-2405
txn-11978,prod-02,Ergonomic Optical Wireless Mouse,SKU-ELE-002,Electronics & Gadgets,SALE,-1,81,80,2026-09-06 18:43:43,POS Sale INV-2026-2406
txn-11979,prod-25,Antibacterial Hand Sanitizer 500ml,SKU-PER-001,Personal Care,SALE,-1,301,300,2026-09-06 18:43:43,POS Sale INV-2026-2406
txn-11980,prod-01,Wireless Bluetooth Headset Pro,SKU-ELE-001,Electronics & Gadgets,SALE,-2,47,45,2026-09-06 18:43:43,POS Sale INV-2026-2406
txn-11981,prod-10,Organic Green Tea (Box of 50 Bags),SKU-BEV-002,Beverages & Drinks,SALE,-1,91,90,2026-09-06 18:43:43,POS Sale INV-2026-2406
txn-11982,prod-17,100% Cotton Polo Shirt (Medium),SKU-APP-001,Apparel & Wearables,SALE,-2,97,95,2026-09-06 10:08:16,POS Sale INV-2026-2407
txn-11983,prod-21,20V Cordless Power Drill Set,SKU-HAR-001,Hardware & Tools,SALE,-1,23,22,2026-09-06 13:12:54,POS Sale INV-2026-2408
txn-11984,prod-19,Waterproof Work Gloves (Pair),SKU-APP-003,Apparel & Wearables,SALE,-1,181,180,2026-09-06 13:12:54,POS Sale INV-2026-2408
txn-11985,prod-11,Sparkling Mineral Water 500ml (Pack 12),SKU-BEV-003,Beverages & Drinks,SALE,-2,77,75,2026-09-06 13:12:54,POS Sale INV-2026-2408
txn-11986,prod-01,Wireless Bluetooth Headset Pro,SKU-ELE-001,Electronics & Gadgets,SALE,-1,46,45,2026-09-06 13:12:54,POS Sale INV-2026-2408
txn-11987,prod-06,Gel Ink Rollerball Pens (Box of 12),SKU-OFF-002,Office Supplies,SALE,-3,123,120,2026-09-07 19:35:56,POS Sale INV-2026-2409
txn-11988,prod-26,Gentle Moisturizing Hand Soap 1L,SKU-PER-002,Personal Care,SALE,-1,151,150,2026-09-07 14:27:54,POS Sale INV-2026-2410
txn-11989,prod-05,A4 Premium Copy Paper 500 Sheets,SKU-OFF-001,Office Supplies,SALE,-1,251,250,2026-09-07 14:27:54,POS Sale INV-2026-2410
txn-11990,prod-29,HEPA Air Purifier Desktop Size,SKU-HOM-002,Home Appliances,SALE,-6,24,18,2026-09-07 14:27:54,POS Sale INV-2026-2410
txn-11991,prod-19,Waterproof Work Gloves (Pair),SKU-APP-003,Apparel & Wearables,SALE,-1,181,180,2026-09-07 16:31:23,POS Sale INV-2026-2411
txn-11992,prod-26,Gentle Moisturizing Hand Soap 1L,SKU-PER-002,Personal Care,SALE,-2,152,150,2026-09-07 15:34:28,POS Sale INV-2026-2412
txn-11993,prod-09,Arabica Whole Bean Coffee 1kg,SKU-BEV-001,Beverages & Drinks,SALE,-1,61,60,2026-09-07 15:34:28,POS Sale INV-2026-2412
txn-11994,prod-10,Organic Green Tea (Box of 50 Bags),SKU-BEV-002,Beverages & Drinks,SALE,-1,91,90,2026-09-07 18:51:01,POS Sale INV-2026-2413
txn-11995,prod-06,Gel Ink Rollerball Pens (Box of 12),SKU-OFF-002,Office Supplies,SALE,-1,121,120,2026-09-07 18:51:01,POS Sale INV-2026-2413
txn-11996,prod-11,Sparkling Mineral Water 500ml (Pack 12),SKU-BEV-003,Beverages & Drinks,SALE,-2,77,75,2026-09-07 12:12:10,POS Sale INV-2026-2414
txn-11997,prod-07,Heavy-Duty Desktop Stapler,SKU-OFF-003,Office Supplies,SALE,-6,46,40,2026-09-07 12:12:10,POS Sale INV-2026-2414
txn-11998,prod-12,Natural Cold Pressed Citrus Juice 1L,SKU-BEV-004,Beverages & Drinks,SALE,-1,41,40,2026-09-07 12:12:10,POS Sale INV-2026-2414
txn-11999,prod-09,Arabica Whole Bean Coffee 1kg,SKU-BEV-001,Beverages & Drinks,SALE,-3,63,60,2026-09-07 12:12:10,POS Sale INV-2026-2414
txn-12000,prod-05,A4 Premium Copy Paper 500 Sheets,SKU-OFF-001,Office Supplies,SALE,-1,251,250,2026-09-07 15:51:01,POS Sale INV-2026-2415
txn-12001,prod-20,Breathable Fleece Jacket (Large),SKU-APP-004,Apparel & Wearables,SALE,-2,37,35,2026-09-07 15:51:01,POS Sale INV-2026-2415
txn-12002,prod-12,Natural Cold Pressed Citrus Juice 1L,SKU-BEV-004,Beverages & Drinks,SALE,-2,42,40,2026-09-07 12:06:30,POS Sale INV-2026-2416
txn-12003,prod-26,Gentle Moisturizing Hand Soap 1L,SKU-PER-002,Personal Care,SALE,-1,151,150,2026-09-07 12:06:30,POS Sale INV-2026-2416
txn-12004,prod-24,Heavy-Duty Steel Measuring Tape 8m,SKU-HAR-004,Hardware & Tools,SALE,-6,96,90,2026-09-07 12:06:30,POS Sale INV-2026-2416
txn-12005,prod-14,Wholegrain Oats 1kg,SKU-GRO-002,Packaged Groceries,SALE,-2,112,110,2026-09-07 12:06:30,POS Sale INV-2026-2416
txn-12006,prod-10,Organic Green Tea (Box of 50 Bags),SKU-BEV-002,Beverages & Drinks,SALE,-2,92,90,2026-09-07 17:50:15,POS Sale INV-2026-2417
txn-12007,prod-01,Wireless Bluetooth Headset Pro,SKU-ELE-001,Electronics & Gadgets,SALE,-1,46,45,2026-09-07 10:40:28,POS Sale INV-2026-2418
txn-12008,prod-12,Natural Cold Pressed Citrus Juice 1L,SKU-BEV-004,Beverages & Drinks,SALE,-1,41,40,2026-09-08 15:20:56,POS Sale INV-2026-2419
txn-12009,prod-20,Breathable Fleece Jacket (Large),SKU-APP-004,Apparel & Wearables,SALE,-1,36,35,2026-09-08 16:03:19,POS Sale INV-2026-2420
txn-12010,prod-09,Arabica Whole Bean Coffee 1kg,SKU-BEV-001,Beverages & Drinks,SALE,-1,61,60,2026-09-08 09:35:03,POS Sale INV-2026-2421
txn-12011,prod-05,A4 Premium Copy Paper 500 Sheets,SKU-OFF-001,Office Supplies,SALE,-1,251,250,2026-09-08 15:14:55,POS Sale INV-2026-2422
txn-12012,prod-24,Heavy-Duty Steel Measuring Tape 8m,SKU-HAR-004,Hardware & Tools,SALE,-1,91,90,2026-09-08 15:29:50,POS Sale INV-2026-2423
txn-12013,prod-22,Professional Precision Screwdriver Kit,SKU-HAR-002,Hardware & Tools,SALE,-2,57,55,2026-09-08 15:29:50,POS Sale INV-2026-2423
txn-12014,prod-18,High-Visibility Safety Vest,SKU-APP-002,Apparel & Wearables,SALE,-1,141,140,2026-09-08 15:29:50,POS Sale INV-2026-2423
txn-12015,prod-24,Heavy-Duty Steel Measuring Tape 8m,SKU-HAR-004,Hardware & Tools,SALE,-1,91,90,2026-09-08 19:43:50,POS Sale INV-2026-2424
txn-12016,prod-14,Wholegrain Oats 1kg,SKU-GRO-002,Packaged Groceries,SALE,-1,111,110,2026-09-08 19:43:50,POS Sale INV-2026-2424
txn-12017,prod-21,20V Cordless Power Drill Set,SKU-HAR-001,Hardware & Tools,SALE,-1,23,22,2026-09-08 10:06:00,POS Sale INV-2026-2425
txn-12018,prod-26,Gentle Moisturizing Hand Soap 1L,SKU-PER-002,Personal Care,SALE,-2,152,150,2026-09-08 10:06:00,POS Sale INV-2026-2425
txn-12019,prod-26,Gentle Moisturizing Hand Soap 1L,SKU-PER-002,Personal Care,SALE,-1,151,150,2026-09-08 12:57:36,POS Sale INV-2026-2426
txn-12020,prod-15,Raw Honey Jar 500g,SKU-GRO-003,Packaged Groceries,SALE,-1,66,65,2026-09-08 12:57:36,POS Sale INV-2026-2426
txn-12021,prod-28,Electric Stainless Steel Kettle 1.7L,SKU-HOM-001,Home Appliances,SALE,-1,33,32,2026-09-08 16:46:39,POS Sale INV-2026-2427
txn-12022,prod-02,Ergonomic Optical Wireless Mouse,SKU-ELE-002,Electronics & Gadgets,SALE,-2,82,80,2026-09-08 16:46:39,POS Sale INV-2026-2427
txn-12023,prod-26,Gentle Moisturizing Hand Soap 1L,SKU-PER-002,Personal Care,SALE,-1,151,150,2026-09-08 16:46:39,POS Sale INV-2026-2427
txn-12024,prod-24,Heavy-Duty Steel Measuring Tape 8m,SKU-HAR-004,Hardware & Tools,SALE,-2,92,90,2026-09-08 09:08:19,POS Sale INV-2026-2428
txn-12025,prod-09,Arabica Whole Bean Coffee 1kg,SKU-BEV-001,Beverages & Drinks,SALE,-3,63,60,2026-09-08 17:49:09,POS Sale INV-2026-2429
txn-12026,prod-26,Gentle Moisturizing Hand Soap 1L,SKU-PER-002,Personal Care,SALE,-1,151,150,2026-09-08 14:00:33,POS Sale INV-2026-2430
txn-12027,prod-27,Microfiber Facial Towels (Pack of 4),SKU-PER-003,Personal Care,SALE,-1,71,70,2026-09-08 17:52:53,POS Sale INV-2026-2431
txn-12028,prod-20,Breathable Fleece Jacket (Large),SKU-APP-004,Apparel & Wearables,SALE,-2,37,35,2026-09-08 17:52:53,POS Sale INV-2026-2431
txn-12029,prod-09,Arabica Whole Bean Coffee 1kg,SKU-BEV-001,Beverages & Drinks,SALE,-6,66,60,2026-09-08 12:40:58,POS Sale INV-2026-2432
txn-12030,prod-02,Ergonomic Optical Wireless Mouse,SKU-ELE-002,Electronics & Gadgets,SALE,-1,81,80,2026-09-09 16:44:44,POS Sale INV-2026-2433
txn-12031,prod-24,Heavy-Duty Steel Measuring Tape 8m,SKU-HAR-004,Hardware & Tools,SALE,-3,93,90,2026-09-09 18:21:39,POS Sale INV-2026-2434
txn-12032,prod-15,Raw Honey Jar 500g,SKU-GRO-003,Packaged Groceries,SALE,-1,66,65,2026-09-09 18:21:39,POS Sale INV-2026-2434
txn-12033,prod-07,Heavy-Duty Desktop Stapler,SKU-OFF-003,Office Supplies,SALE,-1,41,40,2026-09-09 09:31:14,POS Sale INV-2026-2435
txn-12034,prod-27,Microfiber Facial Towels (Pack of 4),SKU-PER-003,Personal Care,SALE,-1,71,70,2026-09-09 16:39:13,POS Sale INV-2026-2436
txn-12035,prod-12,Natural Cold Pressed Citrus Juice 1L,SKU-BEV-004,Beverages & Drinks,SALE,-1,41,40,2026-09-09 15:13:25,POS Sale INV-2026-2437
txn-12036,prod-29,HEPA Air Purifier Desktop Size,SKU-HOM-002,Home Appliances,SALE,-2,20,18,2026-09-09 15:13:25,POS Sale INV-2026-2437
txn-12037,prod-15,Raw Honey Jar 500g,SKU-GRO-003,Packaged Groceries,SALE,-3,68,65,2026-09-09 15:13:25,POS Sale INV-2026-2437
txn-12038,prod-27,Microfiber Facial Towels (Pack of 4),SKU-PER-003,Personal Care,SALE,-1,71,70,2026-09-09 15:13:25,POS Sale INV-2026-2437
txn-12039,prod-12,Natural Cold Pressed Citrus Juice 1L,SKU-BEV-004,Beverages & Drinks,SALE,-4,44,40,2026-09-09 14:01:35,POS Sale INV-2026-2438
txn-12040,prod-15,Raw Honey Jar 500g,SKU-GRO-003,Packaged Groceries,SALE,-1,66,65,2026-09-09 18:58:48,POS Sale INV-2026-2439
txn-12041,prod-05,A4 Premium Copy Paper 500 Sheets,SKU-OFF-001,Office Supplies,SALE,-2,252,250,2026-09-09 18:58:48,POS Sale INV-2026-2439
txn-12042,prod-18,High-Visibility Safety Vest,SKU-APP-002,Apparel & Wearables,SALE,-3,143,140,2026-09-09 11:14:56,POS Sale INV-2026-2440
txn-12043,prod-19,Waterproof Work Gloves (Pair),SKU-APP-003,Apparel & Wearables,SALE,-1,181,180,2026-09-09 12:11:12,POS Sale INV-2026-2441
txn-12044,prod-05,A4 Premium Copy Paper 500 Sheets,SKU-OFF-001,Office Supplies,SALE,-1,251,250,2026-09-09 09:53:43,POS Sale INV-2026-2442
txn-12045,prod-22,Professional Precision Screwdriver Kit,SKU-HAR-002,Hardware & Tools,SALE,-1,56,55,2026-09-09 09:53:43,POS Sale INV-2026-2442
txn-12046,prod-05,A4 Premium Copy Paper 500 Sheets,SKU-OFF-001,Office Supplies,SALE,-1,251,250,2026-09-09 12:19:29,POS Sale INV-2026-2443
txn-12047,prod-23,Digital Laser Distance Meter 50m,SKU-HAR-003,Hardware & Tools,SALE,-2,30,28,2026-09-09 12:19:29,POS Sale INV-2026-2443
txn-12048,prod-20,Breathable Fleece Jacket (Large),SKU-APP-004,Apparel & Wearables,SALE,-1,36,35,2026-09-10 17:51:39,POS Sale INV-2026-2444
txn-12049,prod-07,Heavy-Duty Desktop Stapler,SKU-OFF-003,Office Supplies,SALE,-1,41,40,2026-09-10 11:50:12,POS Sale INV-2026-2445
txn-12050,prod-23,Digital Laser Distance Meter 50m,SKU-HAR-003,Hardware & Tools,SALE,-3,31,28,2026-09-10 11:50:12,POS Sale INV-2026-2445
txn-12051,prod-06,Gel Ink Rollerball Pens (Box of 12),SKU-OFF-002,Office Supplies,SALE,-2,122,120,2026-09-10 15:40:15,POS Sale INV-2026-2446
txn-12052,prod-18,High-Visibility Safety Vest,SKU-APP-002,Apparel & Wearables,SALE,-2,142,140,2026-09-10 15:40:15,POS Sale INV-2026-2446
txn-12053,prod-03,Mechanical RGB Gaming Keyboard,SKU-ELE-003,Electronics & Gadgets,SALE,-2,32,30,2026-09-10 15:40:15,POS Sale INV-2026-2446
txn-12054,prod-11,Sparkling Mineral Water 500ml (Pack 12),SKU-BEV-003,Beverages & Drinks,SALE,-1,76,75,2026-09-10 15:40:15,POS Sale INV-2026-2446
txn-12055,prod-03,Mechanical RGB Gaming Keyboard,SKU-ELE-003,Electronics & Gadgets,SALE,-2,32,30,2026-09-10 17:18:50,POS Sale INV-2026-2447
txn-12056,prod-21,20V Cordless Power Drill Set,SKU-HAR-001,Hardware & Tools,SALE,-1,23,22,2026-09-10 13:55:08,POS Sale INV-2026-2448
txn-12057,prod-07,Heavy-Duty Desktop Stapler,SKU-OFF-003,Office Supplies,SALE,-1,41,40,2026-09-10 13:55:08,POS Sale INV-2026-2448
txn-12058,prod-10,Organic Green Tea (Box of 50 Bags),SKU-BEV-002,Beverages & Drinks,SALE,-2,92,90,2026-09-10 10:50:30,POS Sale INV-2026-2449
txn-12059,prod-14,Wholegrain Oats 1kg,SKU-GRO-002,Packaged Groceries,SALE,-1,111,110,2026-09-10 15:48:56,POS Sale INV-2026-2450
txn-12060,prod-13,Organic Extra Virgin Olive Oil 750ml,SKU-GRO-001,Packaged Groceries,SALE,-4,54,50,2026-09-10 15:48:56,POS Sale INV-2026-2450
txn-12061,prod-01,Wireless Bluetooth Headset Pro,SKU-ELE-001,Electronics & Gadgets,SALE,-1,46,45,2026-09-10 15:48:56,POS Sale INV-2026-2450
txn-12062,prod-26,Gentle Moisturizing Hand Soap 1L,SKU-PER-002,Personal Care,SALE,-1,151,150,2026-09-10 15:48:56,POS Sale INV-2026-2450
txn-12063,prod-01,Wireless Bluetooth Headset Pro,SKU-ELE-001,Electronics & Gadgets,SALE,-1,46,45,2026-09-10 16:11:20,POS Sale INV-2026-2451
txn-12064,prod-17,100% Cotton Polo Shirt (Medium),SKU-APP-001,Apparel & Wearables,SALE,-2,97,95,2026-09-10 16:11:20,POS Sale INV-2026-2451
txn-12065,prod-15,Raw Honey Jar 500g,SKU-GRO-003,Packaged Groceries,SALE,-2,67,65,2026-09-10 16:11:20,POS Sale INV-2026-2451
txn-12066,prod-06,Gel Ink Rollerball Pens (Box of 12),SKU-OFF-002,Office Supplies,SALE,-1,121,120,2026-09-10 16:11:20,POS Sale INV-2026-2451
txn-12067,prod-05,A4 Premium Copy Paper 500 Sheets,SKU-OFF-001,Office Supplies,SALE,-1,251,250,2026-09-10 16:30:17,POS Sale INV-2026-2452
txn-12068,prod-07,Heavy-Duty Desktop Stapler,SKU-OFF-003,Office Supplies,SALE,-6,46,40,2026-09-10 16:30:17,POS Sale INV-2026-2452
txn-12069,prod-08,Adjustable Mesh Executive Chair,SKU-OFF-004,Office Supplies,SALE,-1,9,8,2026-09-10 16:30:17,POS Sale INV-2026-2452
txn-12070,prod-01,Wireless Bluetooth Headset Pro,SKU-ELE-001,Electronics & Gadgets,SALE,-1,46,45,2026-09-10 16:30:17,POS Sale INV-2026-2452
txn-12071,prod-22,Professional Precision Screwdriver Kit,SKU-HAR-002,Hardware & Tools,SALE,-3,58,55,2026-09-10 12:14:57,POS Sale INV-2026-2453
txn-12072,prod-01,Wireless Bluetooth Headset Pro,SKU-ELE-001,Electronics & Gadgets,SALE,-1,46,45,2026-09-10 13:27:56,POS Sale INV-2026-2454
txn-12073,prod-03,Mechanical RGB Gaming Keyboard,SKU-ELE-003,Electronics & Gadgets,SALE,-1,31,30,2026-09-10 10:08:48,POS Sale INV-2026-2455
txn-12074,prod-14,Wholegrain Oats 1kg,SKU-GRO-002,Packaged Groceries,SALE,-1,111,110,2026-09-10 18:02:29,POS Sale INV-2026-2456
txn-12075,prod-11,Sparkling Mineral Water 500ml (Pack 12),SKU-BEV-003,Beverages & Drinks,SALE,-2,77,75,2026-09-11 15:26:23,POS Sale INV-2026-2457
txn-12076,prod-25,Antibacterial Hand Sanitizer 500ml,SKU-PER-001,Personal Care,SALE,-1,301,300,2026-09-11 11:28:14,POS Sale INV-2026-2458
txn-12077,prod-27,Microfiber Facial Towels (Pack of 4),SKU-PER-003,Personal Care,SALE,-1,71,70,2026-09-11 11:28:14,POS Sale INV-2026-2458
txn-12078,prod-06,Gel Ink Rollerball Pens (Box of 12),SKU-OFF-002,Office Supplies,SALE,-1,121,120,2026-09-11 13:53:32,POS Sale INV-2026-2459
txn-12079,prod-26,Gentle Moisturizing Hand Soap 1L,SKU-PER-002,Personal Care,SALE,-1,151,150,2026-09-11 12:06:07,POS Sale INV-2026-2460
txn-12080,prod-17,100% Cotton Polo Shirt (Medium),SKU-APP-001,Apparel & Wearables,SALE,-1,96,95,2026-09-11 12:43:21,POS Sale INV-2026-2461
txn-12081,prod-20,Breathable Fleece Jacket (Large),SKU-APP-004,Apparel & Wearables,SALE,-3,38,35,2026-09-11 12:43:21,POS Sale INV-2026-2461
txn-12082,prod-12,Natural Cold Pressed Citrus Juice 1L,SKU-BEV-004,Beverages & Drinks,SALE,-1,41,40,2026-09-11 18:08:54,POS Sale INV-2026-2462
txn-12083,prod-02,Ergonomic Optical Wireless Mouse,SKU-ELE-002,Electronics & Gadgets,SALE,-3,83,80,2026-09-11 18:08:54,POS Sale INV-2026-2462
txn-12084,prod-25,Antibacterial Hand Sanitizer 500ml,SKU-PER-001,Personal Care,SALE,-1,301,300,2026-09-11 09:49:19,POS Sale INV-2026-2463
txn-12085,prod-14,Wholegrain Oats 1kg,SKU-GRO-002,Packaged Groceries,SALE,-1,111,110,2026-09-11 09:49:19,POS Sale INV-2026-2463
txn-12086,prod-21,20V Cordless Power Drill Set,SKU-HAR-001,Hardware & Tools,SALE,-2,24,22,2026-09-12 18:48:41,POS Sale INV-2026-2464
txn-12087,prod-14,Wholegrain Oats 1kg,SKU-GRO-002,Packaged Groceries,SALE,-1,111,110,2026-09-12 11:55:25,POS Sale INV-2026-2465
txn-12088,prod-06,Gel Ink Rollerball Pens (Box of 12),SKU-OFF-002,Office Supplies,SALE,-1,121,120,2026-09-12 17:37:50,POS Sale INV-2026-2466
txn-12089,prod-05,A4 Premium Copy Paper 500 Sheets,SKU-OFF-001,Office Supplies,SALE,-1,251,250,2026-09-12 17:37:50,POS Sale INV-2026-2466
txn-12090,prod-01,Wireless Bluetooth Headset Pro,SKU-ELE-001,Electronics & Gadgets,SALE,-2,47,45,2026-09-12 10:20:54,POS Sale INV-2026-2467
txn-12091,prod-28,Electric Stainless Steel Kettle 1.7L,SKU-HOM-001,Home Appliances,SALE,-1,33,32,2026-09-12 16:54:35,POS Sale INV-2026-2468
txn-12092,prod-10,Organic Green Tea (Box of 50 Bags),SKU-BEV-002,Beverages & Drinks,SALE,-1,91,90,2026-09-12 13:47:00,POS Sale INV-2026-2469
txn-12093,prod-01,Wireless Bluetooth Headset Pro,SKU-ELE-001,Electronics & Gadgets,SALE,-1,46,45,2026-09-12 15:27:43,POS Sale INV-2026-2470
txn-12094,prod-27,Microfiber Facial Towels (Pack of 4),SKU-PER-003,Personal Care,SALE,-1,71,70,2026-09-12 15:27:43,POS Sale INV-2026-2470
txn-12095,prod-26,Gentle Moisturizing Hand Soap 1L,SKU-PER-002,Personal Care,SALE,-2,152,150,2026-09-12 15:27:43,POS Sale INV-2026-2470
txn-12096,prod-19,Waterproof Work Gloves (Pair),SKU-APP-003,Apparel & Wearables,SALE,-1,181,180,2026-09-12 18:01:36,POS Sale INV-2026-2471
txn-12097,prod-13,Organic Extra Virgin Olive Oil 750ml,SKU-GRO-001,Packaged Groceries,SALE,-1,51,50,2026-09-12 14:36:40,POS Sale INV-2026-2472
txn-12098,prod-03,Mechanical RGB Gaming Keyboard,SKU-ELE-003,Electronics & Gadgets,SALE,-1,31,30,2026-09-12 15:13:25,POS Sale INV-2026-2473
txn-12099,prod-25,Antibacterial Hand Sanitizer 500ml,SKU-PER-001,Personal Care,SALE,-1,301,300,2026-09-12 15:13:25,POS Sale INV-2026-2473
txn-12100,prod-06,Gel Ink Rollerball Pens (Box of 12),SKU-OFF-002,Office Supplies,SALE,-1,121,120,2026-09-12 15:13:25,POS Sale INV-2026-2473
txn-12101,prod-11,Sparkling Mineral Water 500ml (Pack 12),SKU-BEV-003,Beverages & Drinks,SALE,-1,76,75,2026-09-12 15:13:25,POS Sale INV-2026-2473
txn-12102,prod-12,Natural Cold Pressed Citrus Juice 1L,SKU-BEV-004,Beverages & Drinks,SALE,-2,42,40,2026-09-12 14:36:28,POS Sale INV-2026-2474
txn-12103,prod-14,Wholegrain Oats 1kg,SKU-GRO-002,Packaged Groceries,SALE,-1,111,110,2026-09-12 14:36:28,POS Sale INV-2026-2474
txn-12104,prod-25,Antibacterial Hand Sanitizer 500ml,SKU-PER-001,Personal Care,SALE,-1,301,300,2026-09-12 14:36:28,POS Sale INV-2026-2474
txn-12105,prod-16,Assorted Roasted Almonds 250g,SKU-GRO-004,Packaged Groceries,SALE,-1,86,85,2026-09-12 19:35:11,POS Sale INV-2026-2475
txn-12106,prod-06,Gel Ink Rollerball Pens (Box of 12),SKU-OFF-002,Office Supplies,SALE,-6,126,120,2026-09-12 19:35:11,POS Sale INV-2026-2475
txn-12107,prod-08,Adjustable Mesh Executive Chair,SKU-OFF-004,Office Supplies,SALE,-1,9,8,2026-09-12 19:35:11,POS Sale INV-2026-2475
txn-12108,prod-25,Antibacterial Hand Sanitizer 500ml,SKU-PER-001,Personal Care,SALE,-2,302,300,2026-09-12 19:35:11,POS Sale INV-2026-2475
txn-12109,prod-14,Wholegrain Oats 1kg,SKU-GRO-002,Packaged Groceries,SALE,-3,113,110,2026-09-12 11:12:04,POS Sale INV-2026-2476
txn-12110,prod-15,Raw Honey Jar 500g,SKU-GRO-003,Packaged Groceries,SALE,-1,66,65,2026-09-12 13:42:33,POS Sale INV-2026-2477
txn-12111,prod-02,Ergonomic Optical Wireless Mouse,SKU-ELE-002,Electronics & Gadgets,SALE,-1,81,80,2026-09-12 13:42:33,POS Sale INV-2026-2477
txn-12112,prod-05,A4 Premium Copy Paper 500 Sheets,SKU-OFF-001,Office Supplies,SALE,-1,251,250,2026-09-12 11:20:55,POS Sale INV-2026-2478
txn-12113,prod-04,4K Ultra-HD Monitor 27-inch,SKU-ELE-004,Electronics & Gadgets,SALE,-2,14,12,2026-09-12 11:20:55,POS Sale INV-2026-2478
txn-12114,prod-05,A4 Premium Copy Paper 500 Sheets,SKU-OFF-001,Office Supplies,SALE,-1,251,250,2026-09-12 11:34:26,POS Sale INV-2026-2479
txn-12115,prod-02,Ergonomic Optical Wireless Mouse,SKU-ELE-002,Electronics & Gadgets,SALE,-3,83,80,2026-09-12 11:34:26,POS Sale INV-2026-2479
txn-12116,prod-27,Microfiber Facial Towels (Pack of 4),SKU-PER-003,Personal Care,SALE,-3,73,70,2026-09-12 11:34:26,POS Sale INV-2026-2479
txn-12117,prod-05,A4 Premium Copy Paper 500 Sheets,SKU-OFF-001,Office Supplies,SALE,-1,251,250,2026-09-12 12:08:55,POS Sale INV-2026-2480
txn-12118,prod-25,Antibacterial Hand Sanitizer 500ml,SKU-PER-001,Personal Care,SALE,-1,301,300,2026-09-12 12:08:55,POS Sale INV-2026-2480
txn-12119,prod-24,Heavy-Duty Steel Measuring Tape 8m,SKU-HAR-004,Hardware & Tools,SALE,-1,91,90,2026-09-12 12:08:55,POS Sale INV-2026-2480
txn-12120,prod-14,Wholegrain Oats 1kg,SKU-GRO-002,Packaged Groceries,SALE,-1,111,110,2026-09-12 18:19:37,POS Sale INV-2026-2481
txn-12121,prod-19,Waterproof Work Gloves (Pair),SKU-APP-003,Apparel & Wearables,SALE,-3,183,180,2026-09-13 09:09:28,POS Sale INV-2026-2482
txn-12122,prod-11,Sparkling Mineral Water 500ml (Pack 12),SKU-BEV-003,Beverages & Drinks,SALE,-1,76,75,2026-09-13 17:21:58,POS Sale INV-2026-2483
txn-12123,prod-22,Professional Precision Screwdriver Kit,SKU-HAR-002,Hardware & Tools,SALE,-1,56,55,2026-09-13 09:47:05,POS Sale INV-2026-2484
txn-12124,prod-27,Microfiber Facial Towels (Pack of 4),SKU-PER-003,Personal Care,SALE,-4,74,70,2026-09-13 09:47:05,POS Sale INV-2026-2484
txn-12125,prod-17,100% Cotton Polo Shirt (Medium),SKU-APP-001,Apparel & Wearables,SALE,-1,96,95,2026-09-13 13:25:39,POS Sale INV-2026-2485
txn-12126,prod-15,Raw Honey Jar 500g,SKU-GRO-003,Packaged Groceries,SALE,-1,66,65,2026-09-13 18:46:27,POS Sale INV-2026-2486
txn-12127,prod-19,Waterproof Work Gloves (Pair),SKU-APP-003,Apparel & Wearables,SALE,-3,183,180,2026-09-13 18:46:27,POS Sale INV-2026-2486
txn-12128,prod-25,Antibacterial Hand Sanitizer 500ml,SKU-PER-001,Personal Care,SALE,-1,301,300,2026-09-13 18:46:27,POS Sale INV-2026-2486
txn-12129,prod-05,A4 Premium Copy Paper 500 Sheets,SKU-OFF-001,Office Supplies,SALE,-1,251,250,2026-09-13 18:46:27,POS Sale INV-2026-2486
txn-12130,prod-17,100% Cotton Polo Shirt (Medium),SKU-APP-001,Apparel & Wearables,SALE,-1,96,95,2026-09-13 10:25:44,POS Sale INV-2026-2487
txn-12131,prod-01,Wireless Bluetooth Headset Pro,SKU-ELE-001,Electronics & Gadgets,SALE,-1,46,45,2026-09-13 10:25:44,POS Sale INV-2026-2487
txn-12132,prod-26,Gentle Moisturizing Hand Soap 1L,SKU-PER-002,Personal Care,SALE,-2,152,150,2026-09-13 19:34:18,POS Sale INV-2026-2488
txn-12133,prod-29,HEPA Air Purifier Desktop Size,SKU-HOM-002,Home Appliances,SALE,-1,19,18,2026-09-13 19:34:18,POS Sale INV-2026-2488
txn-12134,prod-14,Wholegrain Oats 1kg,SKU-GRO-002,Packaged Groceries,SALE,-2,112,110,2026-09-13 15:48:35,POS Sale INV-2026-2489
txn-12135,prod-05,A4 Premium Copy Paper 500 Sheets,SKU-OFF-001,Office Supplies,SALE,-2,252,250,2026-09-13 15:48:35,POS Sale INV-2026-2489
txn-12136,prod-26,Gentle Moisturizing Hand Soap 1L,SKU-PER-002,Personal Care,SALE,-1,151,150,2026-09-13 15:48:35,POS Sale INV-2026-2489
txn-12137,prod-24,Heavy-Duty Steel Measuring Tape 8m,SKU-HAR-004,Hardware & Tools,SALE,-1,91,90,2026-09-13 15:48:35,POS Sale INV-2026-2489
txn-12138,prod-06,Gel Ink Rollerball Pens (Box of 12),SKU-OFF-002,Office Supplies,SALE,-2,122,120,2026-09-13 17:49:49,POS Sale INV-2026-2490
txn-12139,prod-12,Natural Cold Pressed Citrus Juice 1L,SKU-BEV-004,Beverages & Drinks,SALE,-2,42,40,2026-09-13 17:49:49,POS Sale INV-2026-2490
txn-12140,prod-25,Antibacterial Hand Sanitizer 500ml,SKU-PER-001,Personal Care,SALE,-1,301,300,2026-09-13 17:02:29,POS Sale INV-2026-2491
txn-12141,prod-17,100% Cotton Polo Shirt (Medium),SKU-APP-001,Apparel & Wearables,SALE,-1,96,95,2026-09-13 17:02:29,POS Sale INV-2026-2491
txn-12142,prod-04,4K Ultra-HD Monitor 27-inch,SKU-ELE-004,Electronics & Gadgets,SALE,-1,13,12,2026-09-13 15:54:12,POS Sale INV-2026-2492
txn-12143,prod-13,Organic Extra Virgin Olive Oil 750ml,SKU-GRO-001,Packaged Groceries,SALE,-3,53,50,2026-09-14 11:20:42,POS Sale INV-2026-2493
txn-12144,prod-22,Professional Precision Screwdriver Kit,SKU-HAR-002,Hardware & Tools,SALE,-2,57,55,2026-09-14 17:42:15,POS Sale INV-2026-2494
txn-12145,prod-26,Gentle Moisturizing Hand Soap 1L,SKU-PER-002,Personal Care,SALE,-1,151,150,2026-09-14 13:53:10,POS Sale INV-2026-2495
txn-12146,prod-24,Heavy-Duty Steel Measuring Tape 8m,SKU-HAR-004,Hardware & Tools,SALE,-1,91,90,2026-09-14 13:07:34,POS Sale INV-2026-2496
txn-12147,prod-12,Natural Cold Pressed Citrus Juice 1L,SKU-BEV-004,Beverages & Drinks,SALE,-2,42,40,2026-09-15 09:43:17,POS Sale INV-2026-2497
txn-12148,prod-19,Waterproof Work Gloves (Pair),SKU-APP-003,Apparel & Wearables,SALE,-2,182,180,2026-09-15 09:43:17,POS Sale INV-2026-2497
txn-12149,prod-06,Gel Ink Rollerball Pens (Box of 12),SKU-OFF-002,Office Supplies,SALE,-1,121,120,2026-09-15 09:43:17,POS Sale INV-2026-2497
txn-12150,prod-13,Organic Extra Virgin Olive Oil 750ml,SKU-GRO-001,Packaged Groceries,SALE,-1,51,50,2026-09-15 09:57:43,POS Sale INV-2026-2498
txn-12151,prod-26,Gentle Moisturizing Hand Soap 1L,SKU-PER-002,Personal Care,SALE,-3,153,150,2026-09-15 09:57:43,POS Sale INV-2026-2498
txn-12152,prod-11,Sparkling Mineral Water 500ml (Pack 12),SKU-BEV-003,Beverages & Drinks,SALE,-1,76,75,2026-09-15 17:41:42,POS Sale INV-2026-2499
txn-12153,prod-06,Gel Ink Rollerball Pens (Box of 12),SKU-OFF-002,Office Supplies,SALE,-1,121,120,2026-09-15 17:41:42,POS Sale INV-2026-2499
txn-12154,prod-25,Antibacterial Hand Sanitizer 500ml,SKU-PER-001,Personal Care,SALE,-2,302,300,2026-09-15 17:41:42,POS Sale INV-2026-2499
txn-12155,prod-19,Waterproof Work Gloves (Pair),SKU-APP-003,Apparel & Wearables,SALE,-1,181,180,2026-09-15 16:03:38,POS Sale INV-2026-2500
txn-12156,prod-25,Antibacterial Hand Sanitizer 500ml,SKU-PER-001,Personal Care,SALE,-1,301,300,2026-09-15 12:23:58,POS Sale INV-2026-2501
txn-12157,prod-25,Antibacterial Hand Sanitizer 500ml,SKU-PER-001,Personal Care,SALE,-1,301,300,2026-09-15 09:21:52,POS Sale INV-2026-2502
txn-12158,prod-28,Electric Stainless Steel Kettle 1.7L,SKU-HOM-001,Home Appliances,SALE,-1,33,32,2026-09-15 10:51:53,POS Sale INV-2026-2503
txn-12159,prod-08,Adjustable Mesh Executive Chair,SKU-OFF-004,Office Supplies,SALE,-2,10,8,2026-09-15 10:51:53,POS Sale INV-2026-2503
txn-12160,prod-01,Wireless Bluetooth Headset Pro,SKU-ELE-001,Electronics & Gadgets,SALE,-1,46,45,2026-09-15 10:51:53,POS Sale INV-2026-2503
txn-12161,prod-21,20V Cordless Power Drill Set,SKU-HAR-001,Hardware & Tools,SALE,-3,25,22,2026-09-15 10:51:53,POS Sale INV-2026-2503
txn-12162,prod-13,Organic Extra Virgin Olive Oil 750ml,SKU-GRO-001,Packaged Groceries,SALE,-1,51,50,2026-09-15 10:51:53,POS Sale INV-2026-2503
txn-12163,prod-05,A4 Premium Copy Paper 500 Sheets,SKU-OFF-001,Office Supplies,SALE,-4,254,250,2026-09-15 17:06:52,POS Sale INV-2026-2504
txn-12164,prod-25,Antibacterial Hand Sanitizer 500ml,SKU-PER-001,Personal Care,SALE,-1,301,300,2026-09-15 17:25:27,POS Sale INV-2026-2505
txn-12165,prod-11,Sparkling Mineral Water 500ml (Pack 12),SKU-BEV-003,Beverages & Drinks,SALE,-1,76,75,2026-09-15 17:25:27,POS Sale INV-2026-2505
txn-12166,prod-15,Raw Honey Jar 500g,SKU-GRO-003,Packaged Groceries,SALE,-1,66,65,2026-09-16 11:00:25,POS Sale INV-2026-2506
txn-12167,prod-18,High-Visibility Safety Vest,SKU-APP-002,Apparel & Wearables,SALE,-4,144,140,2026-09-16 11:00:25,POS Sale INV-2026-2506
txn-12168,prod-28,Electric Stainless Steel Kettle 1.7L,SKU-HOM-001,Home Appliances,SALE,-1,33,32,2026-09-16 12:04:42,POS Sale INV-2026-2507
txn-12169,prod-10,Organic Green Tea (Box of 50 Bags),SKU-BEV-002,Beverages & Drinks,SALE,-1,91,90,2026-09-16 10:56:13,POS Sale INV-2026-2508
txn-12170,prod-12,Natural Cold Pressed Citrus Juice 1L,SKU-BEV-004,Beverages & Drinks,SALE,-1,41,40,2026-09-16 10:56:13,POS Sale INV-2026-2508
txn-12171,prod-22,Professional Precision Screwdriver Kit,SKU-HAR-002,Hardware & Tools,SALE,-3,58,55,2026-09-16 10:45:34,POS Sale INV-2026-2509
txn-12172,prod-20,Breathable Fleece Jacket (Large),SKU-APP-004,Apparel & Wearables,SALE,-1,36,35,2026-09-16 10:45:34,POS Sale INV-2026-2509
txn-12173,prod-17,100% Cotton Polo Shirt (Medium),SKU-APP-001,Apparel & Wearables,SALE,-1,96,95,2026-09-16 10:38:20,POS Sale INV-2026-2510
txn-12174,prod-10,Organic Green Tea (Box of 50 Bags),SKU-BEV-002,Beverages & Drinks,SALE,-1,91,90,2026-09-16 10:38:20,POS Sale INV-2026-2510
txn-12175,prod-06,Gel Ink Rollerball Pens (Box of 12),SKU-OFF-002,Office Supplies,SALE,-1,121,120,2026-09-16 11:21:11,POS Sale INV-2026-2511
txn-12176,prod-19,Waterproof Work Gloves (Pair),SKU-APP-003,Apparel & Wearables,SALE,-2,182,180,2026-09-16 19:30:04,POS Sale INV-2026-2512
txn-12177,prod-27,Microfiber Facial Towels (Pack of 4),SKU-PER-003,Personal Care,SALE,-1,71,70,2026-09-16 19:30:04,POS Sale INV-2026-2512
txn-12178,prod-26,Gentle Moisturizing Hand Soap 1L,SKU-PER-002,Personal Care,SALE,-1,151,150,2026-09-16 17:40:47,POS Sale INV-2026-2513
txn-12179,prod-12,Natural Cold Pressed Citrus Juice 1L,SKU-BEV-004,Beverages & Drinks,SALE,-3,43,40,2026-09-16 17:40:47,POS Sale INV-2026-2513
txn-12180,prod-17,100% Cotton Polo Shirt (Medium),SKU-APP-001,Apparel & Wearables,SALE,-1,96,95,2026-09-16 17:40:47,POS Sale INV-2026-2513
txn-12181,prod-28,Electric Stainless Steel Kettle 1.7L,SKU-HOM-001,Home Appliances,SALE,-1,33,32,2026-09-16 17:40:47,POS Sale INV-2026-2513
txn-12182,prod-17,100% Cotton Polo Shirt (Medium),SKU-APP-001,Apparel & Wearables,SALE,-6,101,95,2026-09-16 18:48:57,POS Sale INV-2026-2514
txn-12183,prod-25,Antibacterial Hand Sanitizer 500ml,SKU-PER-001,Personal Care,SALE,-1,301,300,2026-09-16 18:48:57,POS Sale INV-2026-2514
txn-12184,prod-25,Antibacterial Hand Sanitizer 500ml,SKU-PER-001,Personal Care,SALE,-2,302,300,2026-09-16 18:05:03,POS Sale INV-2026-2515
txn-12185,prod-24,Heavy-Duty Steel Measuring Tape 8m,SKU-HAR-004,Hardware & Tools,SALE,-6,96,90,2026-09-17 15:13:41,POS Sale INV-2026-2516
txn-12186,prod-14,Wholegrain Oats 1kg,SKU-GRO-002,Packaged Groceries,SALE,-2,112,110,2026-09-17 15:13:41,POS Sale INV-2026-2516
txn-12187,prod-09,Arabica Whole Bean Coffee 1kg,SKU-BEV-001,Beverages & Drinks,SALE,-1,61,60,2026-09-17 15:13:41,POS Sale INV-2026-2516
txn-12188,prod-22,Professional Precision Screwdriver Kit,SKU-HAR-002,Hardware & Tools,SALE,-1,56,55,2026-09-17 16:47:56,POS Sale INV-2026-2517
txn-12189,prod-15,Raw Honey Jar 500g,SKU-GRO-003,Packaged Groceries,SALE,-1,66,65,2026-09-17 09:33:50,POS Sale INV-2026-2518
txn-12190,prod-05,A4 Premium Copy Paper 500 Sheets,SKU-OFF-001,Office Supplies,SALE,-1,251,250,2026-09-17 12:54:46,POS Sale INV-2026-2519
txn-12191,prod-19,Waterproof Work Gloves (Pair),SKU-APP-003,Apparel & Wearables,SALE,-1,181,180,2026-09-17 12:54:46,POS Sale INV-2026-2519
txn-12192,prod-27,Microfiber Facial Towels (Pack of 4),SKU-PER-003,Personal Care,SALE,-3,73,70,2026-09-17 19:15:51,POS Sale INV-2026-2520
txn-12193,prod-24,Heavy-Duty Steel Measuring Tape 8m,SKU-HAR-004,Hardware & Tools,SALE,-2,92,90,2026-09-17 15:33:20,POS Sale INV-2026-2521
txn-12194,prod-11,Sparkling Mineral Water 500ml (Pack 12),SKU-BEV-003,Beverages & Drinks,SALE,-1,76,75,2026-09-17 16:04:12,POS Sale INV-2026-2522
txn-12195,prod-20,Breathable Fleece Jacket (Large),SKU-APP-004,Apparel & Wearables,SALE,-1,36,35,2026-09-17 16:04:12,POS Sale INV-2026-2522
txn-12196,prod-02,Ergonomic Optical Wireless Mouse,SKU-ELE-002,Electronics & Gadgets,SALE,-2,82,80,2026-09-17 16:04:12,POS Sale INV-2026-2522
txn-12197,prod-28,Electric Stainless Steel Kettle 1.7L,SKU-HOM-001,Home Appliances,SALE,-2,34,32,2026-09-17 16:04:12,POS Sale INV-2026-2522
txn-12198,prod-16,Assorted Roasted Almonds 250g,SKU-GRO-004,Packaged Groceries,SALE,-1,86,85,2026-09-17 16:04:12,POS Sale INV-2026-2522
txn-12199,prod-01,Wireless Bluetooth Headset Pro,SKU-ELE-001,Electronics & Gadgets,SALE,-1,46,45,2026-09-17 11:37:35,POS Sale INV-2026-2523
txn-12200,prod-09,Arabica Whole Bean Coffee 1kg,SKU-BEV-001,Beverages & Drinks,SALE,-3,63,60,2026-09-17 11:37:35,POS Sale INV-2026-2523
txn-12201,prod-26,Gentle Moisturizing Hand Soap 1L,SKU-PER-002,Personal Care,SALE,-1,151,150,2026-09-17 11:37:35,POS Sale INV-2026-2523
txn-12202,prod-07,Heavy-Duty Desktop Stapler,SKU-OFF-003,Office Supplies,SALE,-4,44,40,2026-09-17 11:37:35,POS Sale INV-2026-2523
txn-12203,prod-06,Gel Ink Rollerball Pens (Box of 12),SKU-OFF-002,Office Supplies,SALE,-1,121,120,2026-09-17 15:46:29,POS Sale INV-2026-2524
txn-12204,prod-22,Professional Precision Screwdriver Kit,SKU-HAR-002,Hardware & Tools,SALE,-2,57,55,2026-09-17 15:46:29,POS Sale INV-2026-2524
txn-12205,prod-11,Sparkling Mineral Water 500ml (Pack 12),SKU-BEV-003,Beverages & Drinks,SALE,-4,79,75,2026-09-17 15:46:29,POS Sale INV-2026-2524
txn-12206,prod-12,Natural Cold Pressed Citrus Juice 1L,SKU-BEV-004,Beverages & Drinks,SALE,-1,41,40,2026-09-17 11:38:15,POS Sale INV-2026-2525
txn-12207,prod-10,Organic Green Tea (Box of 50 Bags),SKU-BEV-002,Beverages & Drinks,SALE,-1,91,90,2026-09-18 12:17:55,POS Sale INV-2026-2526
txn-12208,prod-12,Natural Cold Pressed Citrus Juice 1L,SKU-BEV-004,Beverages & Drinks,SALE,-2,42,40,2026-09-18 11:30:28,POS Sale INV-2026-2527
txn-12209,prod-06,Gel Ink Rollerball Pens (Box of 12),SKU-OFF-002,Office Supplies,SALE,-2,122,120,2026-09-18 11:30:28,POS Sale INV-2026-2527
txn-12210,prod-09,Arabica Whole Bean Coffee 1kg,SKU-BEV-001,Beverages & Drinks,SALE,-1,61,60,2026-09-18 16:01:48,POS Sale INV-2026-2528
txn-12211,prod-19,Waterproof Work Gloves (Pair),SKU-APP-003,Apparel & Wearables,SALE,-1,181,180,2026-09-18 16:01:48,POS Sale INV-2026-2528
txn-12212,prod-01,Wireless Bluetooth Headset Pro,SKU-ELE-001,Electronics & Gadgets,SALE,-1,46,45,2026-09-18 13:38:34,POS Sale INV-2026-2529
txn-12213,prod-03,Mechanical RGB Gaming Keyboard,SKU-ELE-003,Electronics & Gadgets,SALE,-6,36,30,2026-09-18 13:38:34,POS Sale INV-2026-2529
txn-12214,prod-06,Gel Ink Rollerball Pens (Box of 12),SKU-OFF-002,Office Supplies,SALE,-1,121,120,2026-09-18 13:38:34,POS Sale INV-2026-2529
txn-12215,prod-07,Heavy-Duty Desktop Stapler,SKU-OFF-003,Office Supplies,SALE,-4,44,40,2026-09-18 16:19:29,POS Sale INV-2026-2530
txn-12216,prod-10,Organic Green Tea (Box of 50 Bags),SKU-BEV-002,Beverages & Drinks,SALE,-1,91,90,2026-09-18 14:08:45,POS Sale INV-2026-2531
txn-12217,prod-26,Gentle Moisturizing Hand Soap 1L,SKU-PER-002,Personal Care,SALE,-1,151,150,2026-09-18 14:08:45,POS Sale INV-2026-2531
txn-12218,prod-11,Sparkling Mineral Water 500ml (Pack 12),SKU-BEV-003,Beverages & Drinks,SALE,-1,76,75,2026-09-18 17:46:46,POS Sale INV-2026-2532
txn-12219,prod-09,Arabica Whole Bean Coffee 1kg,SKU-BEV-001,Beverages & Drinks,SALE,-1,61,60,2026-09-18 14:24:31,POS Sale INV-2026-2533
txn-12220,prod-16,Assorted Roasted Almonds 250g,SKU-GRO-004,Packaged Groceries,SALE,-1,86,85,2026-09-18 14:24:31,POS Sale INV-2026-2533
txn-12221,prod-27,Microfiber Facial Towels (Pack of 4),SKU-PER-003,Personal Care,SALE,-2,72,70,2026-09-18 09:58:07,POS Sale INV-2026-2534
txn-12222,prod-11,Sparkling Mineral Water 500ml (Pack 12),SKU-BEV-003,Beverages & Drinks,SALE,-1,76,75,2026-09-18 09:58:07,POS Sale INV-2026-2534
txn-12223,prod-24,Heavy-Duty Steel Measuring Tape 8m,SKU-HAR-004,Hardware & Tools,SALE,-1,91,90,2026-09-19 15:16:49,POS Sale INV-2026-2535
txn-12224,prod-11,Sparkling Mineral Water 500ml (Pack 12),SKU-BEV-003,Beverages & Drinks,SALE,-1,76,75,2026-09-19 16:40:44,POS Sale INV-2026-2536
txn-12225,prod-14,Wholegrain Oats 1kg,SKU-GRO-002,Packaged Groceries,SALE,-1,111,110,2026-09-19 16:40:44,POS Sale INV-2026-2536
txn-12226,prod-22,Professional Precision Screwdriver Kit,SKU-HAR-002,Hardware & Tools,SALE,-3,58,55,2026-09-19 12:15:30,POS Sale INV-2026-2537
txn-12227,prod-03,Mechanical RGB Gaming Keyboard,SKU-ELE-003,Electronics & Gadgets,SALE,-3,33,30,2026-09-19 19:01:44,POS Sale INV-2026-2538
txn-12228,prod-15,Raw Honey Jar 500g,SKU-GRO-003,Packaged Groceries,SALE,-1,66,65,2026-09-19 19:09:16,POS Sale INV-2026-2539
txn-12229,prod-17,100% Cotton Polo Shirt (Medium),SKU-APP-001,Apparel & Wearables,SALE,-1,96,95,2026-09-19 10:41:45,POS Sale INV-2026-2540
txn-12230,prod-13,Organic Extra Virgin Olive Oil 750ml,SKU-GRO-001,Packaged Groceries,SALE,-2,52,50,2026-09-19 10:33:58,POS Sale INV-2026-2541
txn-12231,prod-03,Mechanical RGB Gaming Keyboard,SKU-ELE-003,Electronics & Gadgets,SALE,-2,32,30,2026-09-19 13:44:19,POS Sale INV-2026-2542
txn-12232,prod-15,Raw Honey Jar 500g,SKU-GRO-003,Packaged Groceries,SALE,-2,67,65,2026-09-19 13:44:19,POS Sale INV-2026-2542
txn-12233,prod-05,A4 Premium Copy Paper 500 Sheets,SKU-OFF-001,Office Supplies,SALE,-2,252,250,2026-09-19 15:48:56,POS Sale INV-2026-2543
txn-12234,prod-22,Professional Precision Screwdriver Kit,SKU-HAR-002,Hardware & Tools,SALE,-1,56,55,2026-09-19 15:48:56,POS Sale INV-2026-2543
txn-12235,prod-10,Organic Green Tea (Box of 50 Bags),SKU-BEV-002,Beverages & Drinks,SALE,-1,91,90,2026-09-19 14:52:09,POS Sale INV-2026-2544
txn-12236,prod-19,Waterproof Work Gloves (Pair),SKU-APP-003,Apparel & Wearables,SALE,-1,181,180,2026-09-19 14:52:09,POS Sale INV-2026-2544
txn-12237,prod-25,Antibacterial Hand Sanitizer 500ml,SKU-PER-001,Personal Care,SALE,-2,302,300,2026-09-19 09:10:52,POS Sale INV-2026-2545
txn-12238,prod-26,Gentle Moisturizing Hand Soap 1L,SKU-PER-002,Personal Care,SALE,-1,151,150,2026-09-19 09:10:52,POS Sale INV-2026-2545
txn-12239,prod-28,Electric Stainless Steel Kettle 1.7L,SKU-HOM-001,Home Appliances,SALE,-3,35,32,2026-09-19 09:10:52,POS Sale INV-2026-2545
txn-12240,prod-01,Wireless Bluetooth Headset Pro,SKU-ELE-001,Electronics & Gadgets,SALE,-1,46,45,2026-09-19 09:10:52,POS Sale INV-2026-2545
txn-12241,prod-18,High-Visibility Safety Vest,SKU-APP-002,Apparel & Wearables,SALE,-1,141,140,2026-09-20 15:33:26,POS Sale INV-2026-2546
txn-12242,prod-25,Antibacterial Hand Sanitizer 500ml,SKU-PER-001,Personal Care,SALE,-2,302,300,2026-09-20 15:33:26,POS Sale INV-2026-2546
txn-12243,prod-03,Mechanical RGB Gaming Keyboard,SKU-ELE-003,Electronics & Gadgets,SALE,-1,31,30,2026-09-20 15:33:26,POS Sale INV-2026-2546
txn-12244,prod-06,Gel Ink Rollerball Pens (Box of 12),SKU-OFF-002,Office Supplies,SALE,-2,122,120,2026-09-20 15:33:26,POS Sale INV-2026-2546
txn-12245,prod-24,Heavy-Duty Steel Measuring Tape 8m,SKU-HAR-004,Hardware & Tools,SALE,-1,91,90,2026-09-20 15:33:26,POS Sale INV-2026-2546
txn-12246,prod-21,20V Cordless Power Drill Set,SKU-HAR-001,Hardware & Tools,SALE,-1,23,22,2026-09-20 14:11:45,POS Sale INV-2026-2547
txn-12247,prod-10,Organic Green Tea (Box of 50 Bags),SKU-BEV-002,Beverages & Drinks,SALE,-1,91,90,2026-09-20 14:11:45,POS Sale INV-2026-2547
txn-12248,prod-14,Wholegrain Oats 1kg,SKU-GRO-002,Packaged Groceries,SALE,-1,111,110,2026-09-20 10:28:36,POS Sale INV-2026-2548
txn-12249,prod-23,Digital Laser Distance Meter 50m,SKU-HAR-003,Hardware & Tools,SALE,-1,29,28,2026-09-20 10:28:36,POS Sale INV-2026-2548
txn-12250,prod-01,Wireless Bluetooth Headset Pro,SKU-ELE-001,Electronics & Gadgets,SALE,-1,46,45,2026-09-20 11:51:48,POS Sale INV-2026-2549
txn-12251,prod-26,Gentle Moisturizing Hand Soap 1L,SKU-PER-002,Personal Care,SALE,-1,151,150,2026-09-20 18:06:55,POS Sale INV-2026-2550
txn-12252,prod-10,Organic Green Tea (Box of 50 Bags),SKU-BEV-002,Beverages & Drinks,SALE,-1,91,90,2026-09-20 18:06:55,POS Sale INV-2026-2550
txn-12253,prod-17,100% Cotton Polo Shirt (Medium),SKU-APP-001,Apparel & Wearables,SALE,-1,96,95,2026-09-20 18:06:55,POS Sale INV-2026-2550
txn-12254,prod-25,Antibacterial Hand Sanitizer 500ml,SKU-PER-001,Personal Care,SALE,-4,304,300,2026-09-20 18:06:55,POS Sale INV-2026-2550
txn-12255,prod-12,Natural Cold Pressed Citrus Juice 1L,SKU-BEV-004,Beverages & Drinks,SALE,-2,42,40,2026-09-20 18:06:55,POS Sale INV-2026-2550
txn-12256,prod-06,Gel Ink Rollerball Pens (Box of 12),SKU-OFF-002,Office Supplies,SALE,-2,122,120,2026-09-20 10:17:04,POS Sale INV-2026-2551
txn-12257,prod-18,High-Visibility Safety Vest,SKU-APP-002,Apparel & Wearables,SALE,-3,143,140,2026-09-20 19:48:06,POS Sale INV-2026-2552
txn-12258,prod-19,Waterproof Work Gloves (Pair),SKU-APP-003,Apparel & Wearables,SALE,-2,182,180,2026-09-20 19:48:06,POS Sale INV-2026-2552
txn-12259,prod-01,Wireless Bluetooth Headset Pro,SKU-ELE-001,Electronics & Gadgets,SALE,-1,46,45,2026-09-20 19:48:06,POS Sale INV-2026-2552
txn-12260,prod-06,Gel Ink Rollerball Pens (Box of 12),SKU-OFF-002,Office Supplies,SALE,-1,121,120,2026-09-20 09:06:13,POS Sale INV-2026-2553
txn-12261,prod-01,Wireless Bluetooth Headset Pro,SKU-ELE-001,Electronics & Gadgets,SALE,-1,46,45,2026-09-20 09:06:13,POS Sale INV-2026-2553
txn-12262,prod-07,Heavy-Duty Desktop Stapler,SKU-OFF-003,Office Supplies,SALE,-1,41,40,2026-09-20 09:06:13,POS Sale INV-2026-2553
txn-12263,prod-09,Arabica Whole Bean Coffee 1kg,SKU-BEV-001,Beverages & Drinks,SALE,-2,62,60,2026-09-20 13:59:31,POS Sale INV-2026-2554
txn-12264,prod-01,Wireless Bluetooth Headset Pro,SKU-ELE-001,Electronics & Gadgets,SALE,-1,46,45,2026-09-20 13:59:31,POS Sale INV-2026-2554
txn-12265,prod-26,Gentle Moisturizing Hand Soap 1L,SKU-PER-002,Personal Care,SALE,-2,152,150,2026-09-20 14:43:56,POS Sale INV-2026-2555
txn-12266,prod-21,20V Cordless Power Drill Set,SKU-HAR-001,Hardware & Tools,SALE,-1,23,22,2026-09-21 19:25:24,POS Sale INV-2026-2556
txn-12267,prod-02,Ergonomic Optical Wireless Mouse,SKU-ELE-002,Electronics & Gadgets,SALE,-1,81,80,2026-09-21 09:29:55,POS Sale INV-2026-2557
txn-12268,prod-25,Antibacterial Hand Sanitizer 500ml,SKU-PER-001,Personal Care,SALE,-3,303,300,2026-09-21 09:29:55,POS Sale INV-2026-2557
txn-12269,prod-13,Organic Extra Virgin Olive Oil 750ml,SKU-GRO-001,Packaged Groceries,SALE,-2,52,50,2026-09-21 10:55:33,POS Sale INV-2026-2558
txn-12270,prod-23,Digital Laser Distance Meter 50m,SKU-HAR-003,Hardware & Tools,SALE,-1,29,28,2026-09-21 10:55:33,POS Sale INV-2026-2558
txn-12271,prod-18,High-Visibility Safety Vest,SKU-APP-002,Apparel & Wearables,SALE,-2,142,140,2026-09-21 10:55:33,POS Sale INV-2026-2558
txn-12272,prod-27,Microfiber Facial Towels (Pack of 4),SKU-PER-003,Personal Care,SALE,-1,71,70,2026-09-21 18:43:42,POS Sale INV-2026-2559
txn-12273,prod-13,Organic Extra Virgin Olive Oil 750ml,SKU-GRO-001,Packaged Groceries,SALE,-2,52,50,2026-09-21 18:43:42,POS Sale INV-2026-2559
txn-12274,prod-15,Raw Honey Jar 500g,SKU-GRO-003,Packaged Groceries,SALE,-4,69,65,2026-09-21 09:40:52,POS Sale INV-2026-2560
txn-12275,prod-05,A4 Premium Copy Paper 500 Sheets,SKU-OFF-001,Office Supplies,SALE,-2,252,250,2026-09-21 09:40:52,POS Sale INV-2026-2560
txn-12276,prod-13,Organic Extra Virgin Olive Oil 750ml,SKU-GRO-001,Packaged Groceries,SALE,-2,52,50,2026-09-21 09:40:52,POS Sale INV-2026-2560
txn-12277,prod-13,Organic Extra Virgin Olive Oil 750ml,SKU-GRO-001,Packaged Groceries,SALE,-2,52,50,2026-09-21 14:43:28,POS Sale INV-2026-2561
txn-12278,prod-02,Ergonomic Optical Wireless Mouse,SKU-ELE-002,Electronics & Gadgets,SALE,-1,81,80,2026-09-21 10:22:27,POS Sale INV-2026-2562
txn-12279,prod-25,Antibacterial Hand Sanitizer 500ml,SKU-PER-001,Personal Care,SALE,-1,301,300,2026-09-21 10:22:27,POS Sale INV-2026-2562
txn-12280,prod-15,Raw Honey Jar 500g,SKU-GRO-003,Packaged Groceries,SALE,-1,66,65,2026-09-21 10:22:27,POS Sale INV-2026-2562
txn-12281,prod-02,Ergonomic Optical Wireless Mouse,SKU-ELE-002,Electronics & Gadgets,SALE,-2,82,80,2026-09-21 13:38:12,POS Sale INV-2026-2563
txn-12282,prod-05,A4 Premium Copy Paper 500 Sheets,SKU-OFF-001,Office Supplies,SALE,-1,251,250,2026-09-21 13:38:12,POS Sale INV-2026-2563
txn-12283,prod-13,Organic Extra Virgin Olive Oil 750ml,SKU-GRO-001,Packaged Groceries,SALE,-1,51,50,2026-09-21 17:02:08,POS Sale INV-2026-2564
txn-12284,prod-12,Natural Cold Pressed Citrus Juice 1L,SKU-BEV-004,Beverages & Drinks,SALE,-1,41,40,2026-09-21 17:55:29,POS Sale INV-2026-2565
txn-12285,prod-25,Antibacterial Hand Sanitizer 500ml,SKU-PER-001,Personal Care,SALE,-1,301,300,2026-09-21 17:55:29,POS Sale INV-2026-2565
txn-12286,prod-18,High-Visibility Safety Vest,SKU-APP-002,Apparel & Wearables,SALE,-1,141,140,2026-09-21 17:55:29,POS Sale INV-2026-2565
txn-12287,prod-23,Digital Laser Distance Meter 50m,SKU-HAR-003,Hardware & Tools,SALE,-1,29,28,2026-09-22 17:15:15,POS Sale INV-2026-2566
txn-12288,prod-05,A4 Premium Copy Paper 500 Sheets,SKU-OFF-001,Office Supplies,SALE,-1,251,250,2026-09-22 09:10:59,POS Sale INV-2026-2567
txn-12289,prod-12,Natural Cold Pressed Citrus Juice 1L,SKU-BEV-004,Beverages & Drinks,SALE,-1,41,40,2026-09-22 13:42:30,POS Sale INV-2026-2568
txn-12290,prod-14,Wholegrain Oats 1kg,SKU-GRO-002,Packaged Groceries,SALE,-2,112,110,2026-09-22 13:42:30,POS Sale INV-2026-2568
txn-12291,prod-07,Heavy-Duty Desktop Stapler,SKU-OFF-003,Office Supplies,SALE,-1,41,40,2026-09-22 17:40:46,POS Sale INV-2026-2569
txn-12292,prod-14,Wholegrain Oats 1kg,SKU-GRO-002,Packaged Groceries,SALE,-1,111,110,2026-09-22 17:40:46,POS Sale INV-2026-2569
txn-12293,prod-28,Electric Stainless Steel Kettle 1.7L,SKU-HOM-001,Home Appliances,SALE,-1,33,32,2026-09-22 17:40:46,POS Sale INV-2026-2569
txn-12294,prod-03,Mechanical RGB Gaming Keyboard,SKU-ELE-003,Electronics & Gadgets,SALE,-2,32,30,2026-09-22 18:49:59,POS Sale INV-2026-2570
txn-12295,prod-27,Microfiber Facial Towels (Pack of 4),SKU-PER-003,Personal Care,SALE,-2,72,70,2026-09-22 18:49:59,POS Sale INV-2026-2570
txn-12296,prod-17,100% Cotton Polo Shirt (Medium),SKU-APP-001,Apparel & Wearables,SALE,-4,99,95,2026-09-22 15:41:41,POS Sale INV-2026-2571
txn-12297,prod-12,Natural Cold Pressed Citrus Juice 1L,SKU-BEV-004,Beverages & Drinks,SALE,-1,41,40,2026-09-22 15:41:41,POS Sale INV-2026-2571
txn-12298,prod-25,Antibacterial Hand Sanitizer 500ml,SKU-PER-001,Personal Care,SALE,-4,304,300,2026-09-22 15:41:41,POS Sale INV-2026-2571
txn-12299,prod-15,Raw Honey Jar 500g,SKU-GRO-003,Packaged Groceries,SALE,-1,66,65,2026-09-22 10:18:05,POS Sale INV-2026-2572
txn-12300,prod-13,Organic Extra Virgin Olive Oil 750ml,SKU-GRO-001,Packaged Groceries,SALE,-1,51,50,2026-09-22 10:18:05,POS Sale INV-2026-2572
txn-12301,prod-14,Wholegrain Oats 1kg,SKU-GRO-002,Packaged Groceries,SALE,-1,111,110,2026-09-22 10:36:23,POS Sale INV-2026-2573
txn-12302,prod-28,Electric Stainless Steel Kettle 1.7L,SKU-HOM-001,Home Appliances,SALE,-1,33,32,2026-09-22 09:19:03,POS Sale INV-2026-2574
txn-12303,prod-10,Organic Green Tea (Box of 50 Bags),SKU-BEV-002,Beverages & Drinks,SALE,-1,91,90,2026-09-22 09:19:03,POS Sale INV-2026-2574
txn-12304,prod-24,Heavy-Duty Steel Measuring Tape 8m,SKU-HAR-004,Hardware & Tools,SALE,-1,91,90,2026-09-22 14:49:23,POS Sale INV-2026-2575
txn-12305,prod-05,A4 Premium Copy Paper 500 Sheets,SKU-OFF-001,Office Supplies,SALE,-1,251,250,2026-09-22 18:14:06,POS Sale INV-2026-2576
txn-12306,prod-16,Assorted Roasted Almonds 250g,SKU-GRO-004,Packaged Groceries,SALE,-1,86,85,2026-09-22 18:14:06,POS Sale INV-2026-2576
txn-12307,prod-07,Heavy-Duty Desktop Stapler,SKU-OFF-003,Office Supplies,SALE,-1,41,40,2026-09-22 18:14:06,POS Sale INV-2026-2576
txn-12308,prod-04,4K Ultra-HD Monitor 27-inch,SKU-ELE-004,Electronics & Gadgets,SALE,-6,18,12,2026-09-22 13:53:14,POS Sale INV-2026-2577
txn-12309,prod-05,A4 Premium Copy Paper 500 Sheets,SKU-OFF-001,Office Supplies,SALE,-1,251,250,2026-09-22 11:47:42,POS Sale INV-2026-2578
txn-12310,prod-27,Microfiber Facial Towels (Pack of 4),SKU-PER-003,Personal Care,SALE,-1,71,70,2026-09-23 13:32:44,POS Sale INV-2026-2579
txn-12311,prod-07,Heavy-Duty Desktop Stapler,SKU-OFF-003,Office Supplies,SALE,-2,42,40,2026-09-23 13:32:44,POS Sale INV-2026-2579
txn-12312,prod-12,Natural Cold Pressed Citrus Juice 1L,SKU-BEV-004,Beverages & Drinks,SALE,-1,41,40,2026-09-23 13:32:44,POS Sale INV-2026-2579
txn-12313,prod-06,Gel Ink Rollerball Pens (Box of 12),SKU-OFF-002,Office Supplies,SALE,-2,122,120,2026-09-23 12:31:18,POS Sale INV-2026-2580
txn-12314,prod-05,A4 Premium Copy Paper 500 Sheets,SKU-OFF-001,Office Supplies,SALE,-1,251,250,2026-09-23 14:09:52,POS Sale INV-2026-2581
txn-12315,prod-20,Breathable Fleece Jacket (Large),SKU-APP-004,Apparel & Wearables,SALE,-3,38,35,2026-09-23 14:09:52,POS Sale INV-2026-2581
txn-12316,prod-24,Heavy-Duty Steel Measuring Tape 8m,SKU-HAR-004,Hardware & Tools,SALE,-2,92,90,2026-09-23 09:59:55,POS Sale INV-2026-2582
txn-12317,prod-21,20V Cordless Power Drill Set,SKU-HAR-001,Hardware & Tools,SALE,-1,23,22,2026-09-23 19:58:54,POS Sale INV-2026-2583
txn-12318,prod-05,A4 Premium Copy Paper 500 Sheets,SKU-OFF-001,Office Supplies,SALE,-1,251,250,2026-09-23 15:43:30,POS Sale INV-2026-2584
txn-12319,prod-19,Waterproof Work Gloves (Pair),SKU-APP-003,Apparel & Wearables,SALE,-4,184,180,2026-09-23 15:43:30,POS Sale INV-2026-2584
txn-12320,prod-11,Sparkling Mineral Water 500ml (Pack 12),SKU-BEV-003,Beverages & Drinks,SALE,-3,78,75,2026-09-23 15:43:30,POS Sale INV-2026-2584
txn-12321,prod-27,Microfiber Facial Towels (Pack of 4),SKU-PER-003,Personal Care,SALE,-1,71,70,2026-09-23 15:43:30,POS Sale INV-2026-2584
txn-12322,prod-30,Compact Digital Microwave Oven 20L,SKU-HOM-003,Home Appliances,SALE,-1,16,15,2026-09-23 17:46:18,POS Sale INV-2026-2585
txn-12323,prod-07,Heavy-Duty Desktop Stapler,SKU-OFF-003,Office Supplies,SALE,-1,41,40,2026-09-23 17:46:18,POS Sale INV-2026-2585
txn-12324,prod-12,Natural Cold Pressed Citrus Juice 1L,SKU-BEV-004,Beverages & Drinks,SALE,-1,41,40,2026-09-23 17:46:18,POS Sale INV-2026-2585
txn-12325,prod-09,Arabica Whole Bean Coffee 1kg,SKU-BEV-001,Beverages & Drinks,SALE,-1,61,60,2026-09-23 17:25:06,POS Sale INV-2026-2586
txn-12326,prod-26,Gentle Moisturizing Hand Soap 1L,SKU-PER-002,Personal Care,SALE,-2,152,150,2026-09-24 09:54:59,POS Sale INV-2026-2587
txn-12327,prod-19,Waterproof Work Gloves (Pair),SKU-APP-003,Apparel & Wearables,SALE,-2,182,180,2026-09-24 16:44:30,POS Sale INV-2026-2588
txn-12328,prod-01,Wireless Bluetooth Headset Pro,SKU-ELE-001,Electronics & Gadgets,SALE,-2,47,45,2026-09-24 12:47:41,POS Sale INV-2026-2589
txn-12329,prod-07,Heavy-Duty Desktop Stapler,SKU-OFF-003,Office Supplies,SALE,-1,41,40,2026-09-24 12:47:41,POS Sale INV-2026-2589
txn-12330,prod-27,Microfiber Facial Towels (Pack of 4),SKU-PER-003,Personal Care,SALE,-1,71,70,2026-09-24 12:47:41,POS Sale INV-2026-2589
txn-12331,prod-22,Professional Precision Screwdriver Kit,SKU-HAR-002,Hardware & Tools,SALE,-1,56,55,2026-09-24 12:47:41,POS Sale INV-2026-2589
txn-12332,prod-25,Antibacterial Hand Sanitizer 500ml,SKU-PER-001,Personal Care,SALE,-1,301,300,2026-09-24 11:24:27,POS Sale INV-2026-2590
txn-12333,prod-27,Microfiber Facial Towels (Pack of 4),SKU-PER-003,Personal Care,SALE,-6,76,70,2026-09-24 16:11:03,POS Sale INV-2026-2591
txn-12334,prod-06,Gel Ink Rollerball Pens (Box of 12),SKU-OFF-002,Office Supplies,SALE,-6,126,120,2026-09-24 16:11:03,POS Sale INV-2026-2591
txn-12335,prod-05,A4 Premium Copy Paper 500 Sheets,SKU-OFF-001,Office Supplies,SALE,-1,251,250,2026-09-24 11:40:46,POS Sale INV-2026-2592
txn-12336,prod-09,Arabica Whole Bean Coffee 1kg,SKU-BEV-001,Beverages & Drinks,SALE,-1,61,60,2026-09-24 11:40:46,POS Sale INV-2026-2592
txn-12337,prod-28,Electric Stainless Steel Kettle 1.7L,SKU-HOM-001,Home Appliances,SALE,-1,33,32,2026-09-24 16:19:44,POS Sale INV-2026-2593
txn-12338,prod-01,Wireless Bluetooth Headset Pro,SKU-ELE-001,Electronics & Gadgets,SALE,-1,46,45,2026-09-24 19:42:05,POS Sale INV-2026-2594
txn-12339,prod-17,100% Cotton Polo Shirt (Medium),SKU-APP-001,Apparel & Wearables,SALE,-1,96,95,2026-09-24 19:42:05,POS Sale INV-2026-2594
txn-12340,prod-26,Gentle Moisturizing Hand Soap 1L,SKU-PER-002,Personal Care,SALE,-2,152,150,2026-09-24 19:42:05,POS Sale INV-2026-2594
txn-12341,prod-20,Breathable Fleece Jacket (Large),SKU-APP-004,Apparel & Wearables,SALE,-4,39,35,2026-09-24 19:28:23,POS Sale INV-2026-2595
txn-12342,prod-09,Arabica Whole Bean Coffee 1kg,SKU-BEV-001,Beverages & Drinks,SALE,-4,64,60,2026-09-24 19:28:23,POS Sale INV-2026-2595
txn-12343,prod-07,Heavy-Duty Desktop Stapler,SKU-OFF-003,Office Supplies,SALE,-1,41,40,2026-09-24 19:28:23,POS Sale INV-2026-2595
txn-12344,prod-13,Organic Extra Virgin Olive Oil 750ml,SKU-GRO-001,Packaged Groceries,SALE,-1,51,50,2026-09-24 19:42:58,POS Sale INV-2026-2596
txn-12345,prod-12,Natural Cold Pressed Citrus Juice 1L,SKU-BEV-004,Beverages & Drinks,SALE,-1,41,40,2026-09-24 19:42:58,POS Sale INV-2026-2596
txn-12346,prod-05,A4 Premium Copy Paper 500 Sheets,SKU-OFF-001,Office Supplies,SALE,-1,251,250,2026-09-24 19:42:58,POS Sale INV-2026-2596
txn-12347,prod-18,High-Visibility Safety Vest,SKU-APP-002,Apparel & Wearables,SALE,-1,141,140,2026-09-25 18:30:17,POS Sale INV-2026-2597
txn-12348,prod-26,Gentle Moisturizing Hand Soap 1L,SKU-PER-002,Personal Care,SALE,-1,151,150,2026-09-25 18:30:17,POS Sale INV-2026-2597
txn-12349,prod-15,Raw Honey Jar 500g,SKU-GRO-003,Packaged Groceries,SALE,-3,68,65,2026-09-25 16:41:44,POS Sale INV-2026-2598
txn-12350,prod-09,Arabica Whole Bean Coffee 1kg,SKU-BEV-001,Beverages & Drinks,SALE,-1,61,60,2026-09-25 16:41:44,POS Sale INV-2026-2598
txn-12351,prod-05,A4 Premium Copy Paper 500 Sheets,SKU-OFF-001,Office Supplies,SALE,-3,253,250,2026-09-25 16:41:44,POS Sale INV-2026-2598
txn-12352,prod-19,Waterproof Work Gloves (Pair),SKU-APP-003,Apparel & Wearables,SALE,-2,182,180,2026-09-25 10:45:58,POS Sale INV-2026-2599
txn-12353,prod-25,Antibacterial Hand Sanitizer 500ml,SKU-PER-001,Personal Care,SALE,-1,301,300,2026-09-25 10:45:58,POS Sale INV-2026-2599
txn-12354,prod-25,Antibacterial Hand Sanitizer 500ml,SKU-PER-001,Personal Care,SALE,-1,301,300,2026-09-25 09:25:35,POS Sale INV-2026-2600
txn-12355,prod-11,Sparkling Mineral Water 500ml (Pack 12),SKU-BEV-003,Beverages & Drinks,SALE,-1,76,75,2026-09-25 09:25:35,POS Sale INV-2026-2600
txn-12356,prod-03,Mechanical RGB Gaming Keyboard,SKU-ELE-003,Electronics & Gadgets,SALE,-2,32,30,2026-09-25 18:34:45,POS Sale INV-2026-2601
txn-12357,prod-19,Waterproof Work Gloves (Pair),SKU-APP-003,Apparel & Wearables,SALE,-1,181,180,2026-09-25 18:34:45,POS Sale INV-2026-2601
txn-12358,prod-12,Natural Cold Pressed Citrus Juice 1L,SKU-BEV-004,Beverages & Drinks,SALE,-1,41,40,2026-09-25 18:34:45,POS Sale INV-2026-2601
txn-12359,prod-11,Sparkling Mineral Water 500ml (Pack 12),SKU-BEV-003,Beverages & Drinks,SALE,-2,77,75,2026-09-25 18:34:45,POS Sale INV-2026-2601
txn-12360,prod-05,A4 Premium Copy Paper 500 Sheets,SKU-OFF-001,Office Supplies,SALE,-3,253,250,2026-09-25 12:42:57,POS Sale INV-2026-2602
txn-12361,prod-26,Gentle Moisturizing Hand Soap 1L,SKU-PER-002,Personal Care,SALE,-1,151,150,2026-09-25 12:42:57,POS Sale INV-2026-2602
txn-12362,prod-19,Waterproof Work Gloves (Pair),SKU-APP-003,Apparel & Wearables,SALE,-1,181,180,2026-09-25 12:42:57,POS Sale INV-2026-2602
txn-12363,prod-26,Gentle Moisturizing Hand Soap 1L,SKU-PER-002,Personal Care,SALE,-1,151,150,2026-09-25 09:35:28,POS Sale INV-2026-2603
txn-12364,prod-12,Natural Cold Pressed Citrus Juice 1L,SKU-BEV-004,Beverages & Drinks,SALE,-1,41,40,2026-09-25 09:35:28,POS Sale INV-2026-2603
txn-12365,prod-09,Arabica Whole Bean Coffee 1kg,SKU-BEV-001,Beverages & Drinks,SALE,-1,61,60,2026-09-25 09:35:28,POS Sale INV-2026-2603
txn-12366,prod-11,Sparkling Mineral Water 500ml (Pack 12),SKU-BEV-003,Beverages & Drinks,SALE,-3,78,75,2026-09-25 09:35:28,POS Sale INV-2026-2603
txn-12367,prod-20,Breathable Fleece Jacket (Large),SKU-APP-004,Apparel & Wearables,SALE,-1,36,35,2026-09-25 12:41:10,POS Sale INV-2026-2604
txn-12368,prod-02,Ergonomic Optical Wireless Mouse,SKU-ELE-002,Electronics & Gadgets,SALE,-1,81,80,2026-09-25 10:32:19,POS Sale INV-2026-2605
txn-12369,prod-26,Gentle Moisturizing Hand Soap 1L,SKU-PER-002,Personal Care,SALE,-1,151,150,2026-09-25 19:00:15,POS Sale INV-2026-2606
txn-12370,prod-06,Gel Ink Rollerball Pens (Box of 12),SKU-OFF-002,Office Supplies,SALE,-3,123,120,2026-09-25 19:00:15,POS Sale INV-2026-2606
txn-12371,prod-13,Organic Extra Virgin Olive Oil 750ml,SKU-GRO-001,Packaged Groceries,SALE,-2,52,50,2026-09-25 19:00:15,POS Sale INV-2026-2606
txn-12372,prod-19,Waterproof Work Gloves (Pair),SKU-APP-003,Apparel & Wearables,SALE,-1,181,180,2026-09-25 16:08:36,POS Sale INV-2026-2607
txn-12373,prod-25,Antibacterial Hand Sanitizer 500ml,SKU-PER-001,Personal Care,SALE,-1,301,300,2026-09-25 16:08:36,POS Sale INV-2026-2607
txn-12374,prod-23,Digital Laser Distance Meter 50m,SKU-HAR-003,Hardware & Tools,SALE,-2,30,28,2026-09-25 14:38:34,POS Sale INV-2026-2608
txn-12375,prod-15,Raw Honey Jar 500g,SKU-GRO-003,Packaged Groceries,SALE,-1,66,65,2026-09-25 14:38:34,POS Sale INV-2026-2608
txn-12376,prod-10,Organic Green Tea (Box of 50 Bags),SKU-BEV-002,Beverages & Drinks,SALE,-2,92,90,2026-09-25 14:38:34,POS Sale INV-2026-2608
txn-12377,prod-14,Wholegrain Oats 1kg,SKU-GRO-002,Packaged Groceries,SALE,-3,113,110,2026-09-25 14:38:34,POS Sale INV-2026-2608
txn-12378,prod-13,Organic Extra Virgin Olive Oil 750ml,SKU-GRO-001,Packaged Groceries,SALE,-1,51,50,2026-09-25 09:15:02,POS Sale INV-2026-2609
txn-12379,prod-07,Heavy-Duty Desktop Stapler,SKU-OFF-003,Office Supplies,SALE,-3,43,40,2026-09-25 18:35:13,POS Sale INV-2026-2610
txn-12380,prod-19,Waterproof Work Gloves (Pair),SKU-APP-003,Apparel & Wearables,SALE,-1,181,180,2026-09-25 18:35:13,POS Sale INV-2026-2610
txn-12381,prod-30,Compact Digital Microwave Oven 20L,SKU-HOM-003,Home Appliances,SALE,-4,19,15,2026-09-25 15:04:35,POS Sale INV-2026-2611
txn-12382,prod-03,Mechanical RGB Gaming Keyboard,SKU-ELE-003,Electronics & Gadgets,SALE,-1,31,30,2026-09-25 15:04:35,POS Sale INV-2026-2611
txn-12383,prod-07,Heavy-Duty Desktop Stapler,SKU-OFF-003,Office Supplies,SALE,-1,41,40,2026-09-25 15:04:35,POS Sale INV-2026-2611
txn-12384,prod-27,Microfiber Facial Towels (Pack of 4),SKU-PER-003,Personal Care,SALE,-1,71,70,2026-09-25 15:04:35,POS Sale INV-2026-2611
txn-12385,prod-05,A4 Premium Copy Paper 500 Sheets,SKU-OFF-001,Office Supplies,SALE,-1,251,250,2026-09-25 10:16:43,POS Sale INV-2026-2612
txn-12386,prod-14,Wholegrain Oats 1kg,SKU-GRO-002,Packaged Groceries,SALE,-3,113,110,2026-09-25 10:16:43,POS Sale INV-2026-2612
txn-12387,prod-25,Antibacterial Hand Sanitizer 500ml,SKU-PER-001,Personal Care,SALE,-1,301,300,2026-09-25 10:16:43,POS Sale INV-2026-2612
txn-12388,prod-01,Wireless Bluetooth Headset Pro,SKU-ELE-001,Electronics & Gadgets,SALE,-2,47,45,2026-09-25 10:16:43,POS Sale INV-2026-2612
txn-12389,prod-17,100% Cotton Polo Shirt (Medium),SKU-APP-001,Apparel & Wearables,SALE,-2,97,95,2026-09-25 10:16:43,POS Sale INV-2026-2612
txn-12390,prod-01,Wireless Bluetooth Headset Pro,SKU-ELE-001,Electronics & Gadgets,SALE,-1,46,45,2026-09-25 10:40:46,POS Sale INV-2026-2613
txn-12391,prod-25,Antibacterial Hand Sanitizer 500ml,SKU-PER-001,Personal Care,SALE,-2,302,300,2026-09-25 18:42:41,POS Sale INV-2026-2614
txn-12392,prod-17,100% Cotton Polo Shirt (Medium),SKU-APP-001,Apparel & Wearables,SALE,-1,96,95,2026-09-25 11:20:50,POS Sale INV-2026-2615
txn-12393,prod-25,Antibacterial Hand Sanitizer 500ml,SKU-PER-001,Personal Care,SALE,-1,301,300,2026-09-25 11:20:50,POS Sale INV-2026-2615
txn-12394,prod-15,Raw Honey Jar 500g,SKU-GRO-003,Packaged Groceries,SALE,-1,66,65,2026-09-25 13:07:34,POS Sale INV-2026-2616
txn-12395,prod-03,Mechanical RGB Gaming Keyboard,SKU-ELE-003,Electronics & Gadgets,SALE,-1,31,30,2026-09-26 19:05:23,POS Sale INV-2026-2617
txn-12396,prod-22,Professional Precision Screwdriver Kit,SKU-HAR-002,Hardware & Tools,SALE,-1,56,55,2026-09-26 19:05:23,POS Sale INV-2026-2617
txn-12397,prod-06,Gel Ink Rollerball Pens (Box of 12),SKU-OFF-002,Office Supplies,SALE,-1,121,120,2026-09-26 12:17:00,POS Sale INV-2026-2618
txn-12398,prod-17,100% Cotton Polo Shirt (Medium),SKU-APP-001,Apparel & Wearables,SALE,-1,96,95,2026-09-26 12:17:00,POS Sale INV-2026-2618
txn-12399,prod-06,Gel Ink Rollerball Pens (Box of 12),SKU-OFF-002,Office Supplies,SALE,-3,123,120,2026-09-26 10:11:33,POS Sale INV-2026-2619
txn-12400,prod-05,A4 Premium Copy Paper 500 Sheets,SKU-OFF-001,Office Supplies,SALE,-1,251,250,2026-09-26 10:11:33,POS Sale INV-2026-2619
txn-12401,prod-01,Wireless Bluetooth Headset Pro,SKU-ELE-001,Electronics & Gadgets,SALE,-1,46,45,2026-09-26 16:06:33,POS Sale INV-2026-2620
txn-12402,prod-14,Wholegrain Oats 1kg,SKU-GRO-002,Packaged Groceries,SALE,-1,111,110,2026-09-26 16:06:33,POS Sale INV-2026-2620
txn-12403,prod-05,A4 Premium Copy Paper 500 Sheets,SKU-OFF-001,Office Supplies,SALE,-4,254,250,2026-09-26 18:06:57,POS Sale INV-2026-2621
txn-12404,prod-07,Heavy-Duty Desktop Stapler,SKU-OFF-003,Office Supplies,SALE,-1,41,40,2026-09-26 18:06:57,POS Sale INV-2026-2621
txn-12405,prod-25,Antibacterial Hand Sanitizer 500ml,SKU-PER-001,Personal Care,SALE,-1,301,300,2026-09-26 18:06:57,POS Sale INV-2026-2621
txn-12406,prod-02,Ergonomic Optical Wireless Mouse,SKU-ELE-002,Electronics & Gadgets,SALE,-1,81,80,2026-09-26 19:50:34,POS Sale INV-2026-2622
txn-12407,prod-22,Professional Precision Screwdriver Kit,SKU-HAR-002,Hardware & Tools,SALE,-1,56,55,2026-09-26 11:16:00,POS Sale INV-2026-2623
txn-12408,prod-01,Wireless Bluetooth Headset Pro,SKU-ELE-001,Electronics & Gadgets,SALE,-2,47,45,2026-09-26 11:24:36,POS Sale INV-2026-2624
txn-12409,prod-17,100% Cotton Polo Shirt (Medium),SKU-APP-001,Apparel & Wearables,SALE,-1,96,95,2026-09-26 12:43:38,POS Sale INV-2026-2625
txn-12410,prod-09,Arabica Whole Bean Coffee 1kg,SKU-BEV-001,Beverages & Drinks,SALE,-1,61,60,2026-09-26 14:51:29,POS Sale INV-2026-2626
txn-12411,prod-03,Mechanical RGB Gaming Keyboard,SKU-ELE-003,Electronics & Gadgets,SALE,-1,31,30,2026-09-26 14:51:29,POS Sale INV-2026-2626
txn-12412,prod-19,Waterproof Work Gloves (Pair),SKU-APP-003,Apparel & Wearables,SALE,-1,181,180,2026-09-26 12:19:40,POS Sale INV-2026-2627
txn-12413,prod-08,Adjustable Mesh Executive Chair,SKU-OFF-004,Office Supplies,SALE,-1,9,8,2026-09-26 12:19:40,POS Sale INV-2026-2627
txn-12414,prod-28,Electric Stainless Steel Kettle 1.7L,SKU-HOM-001,Home Appliances,SALE,-1,33,32,2026-09-26 10:40:05,POS Sale INV-2026-2628
txn-12415,prod-17,100% Cotton Polo Shirt (Medium),SKU-APP-001,Apparel & Wearables,SALE,-1,96,95,2026-09-26 10:40:05,POS Sale INV-2026-2628
txn-12416,prod-25,Antibacterial Hand Sanitizer 500ml,SKU-PER-001,Personal Care,SALE,-1,301,300,2026-09-26 09:05:47,POS Sale INV-2026-2629
txn-12417,prod-09,Arabica Whole Bean Coffee 1kg,SKU-BEV-001,Beverages & Drinks,SALE,-2,62,60,2026-09-26 09:05:47,POS Sale INV-2026-2629
txn-12418,prod-07,Heavy-Duty Desktop Stapler,SKU-OFF-003,Office Supplies,SALE,-1,41,40,2026-09-26 09:05:47,POS Sale INV-2026-2629
txn-12419,prod-08,Adjustable Mesh Executive Chair,SKU-OFF-004,Office Supplies,SALE,-1,9,8,2026-09-26 09:05:47,POS Sale INV-2026-2629
txn-12420,prod-25,Antibacterial Hand Sanitizer 500ml,SKU-PER-001,Personal Care,SALE,-1,301,300,2026-09-26 09:27:43,POS Sale INV-2026-2630
txn-12421,prod-09,Arabica Whole Bean Coffee 1kg,SKU-BEV-001,Beverages & Drinks,SALE,-3,63,60,2026-09-26 09:27:43,POS Sale INV-2026-2630
txn-12422,prod-19,Waterproof Work Gloves (Pair),SKU-APP-003,Apparel & Wearables,SALE,-3,183,180,2026-09-26 09:27:43,POS Sale INV-2026-2630
txn-12423,prod-14,Wholegrain Oats 1kg,SKU-GRO-002,Packaged Groceries,SALE,-1,111,110,2026-09-27 17:43:43,POS Sale INV-2026-2631
txn-12424,prod-09,Arabica Whole Bean Coffee 1kg,SKU-BEV-001,Beverages & Drinks,SALE,-3,63,60,2026-09-27 17:43:43,POS Sale INV-2026-2631
txn-12425,prod-24,Heavy-Duty Steel Measuring Tape 8m,SKU-HAR-004,Hardware & Tools,SALE,-2,92,90,2026-09-27 17:43:43,POS Sale INV-2026-2631
txn-12426,prod-06,Gel Ink Rollerball Pens (Box of 12),SKU-OFF-002,Office Supplies,SALE,-1,121,120,2026-09-27 17:43:43,POS Sale INV-2026-2631
txn-12427,prod-10,Organic Green Tea (Box of 50 Bags),SKU-BEV-002,Beverages & Drinks,SALE,-1,91,90,2026-09-27 18:12:58,POS Sale INV-2026-2632
txn-12428,prod-23,Digital Laser Distance Meter 50m,SKU-HAR-003,Hardware & Tools,SALE,-1,29,28,2026-09-27 14:15:47,POS Sale INV-2026-2633
txn-12429,prod-11,Sparkling Mineral Water 500ml (Pack 12),SKU-BEV-003,Beverages & Drinks,SALE,-1,76,75,2026-09-27 16:10:43,POS Sale INV-2026-2634
txn-12430,prod-28,Electric Stainless Steel Kettle 1.7L,SKU-HOM-001,Home Appliances,SALE,-1,33,32,2026-09-27 16:10:43,POS Sale INV-2026-2634
txn-12431,prod-17,100% Cotton Polo Shirt (Medium),SKU-APP-001,Apparel & Wearables,SALE,-1,96,95,2026-09-27 11:04:23,POS Sale INV-2026-2635
txn-12432,prod-12,Natural Cold Pressed Citrus Juice 1L,SKU-BEV-004,Beverages & Drinks,SALE,-1,41,40,2026-09-27 15:31:24,POS Sale INV-2026-2636
txn-12433,prod-02,Ergonomic Optical Wireless Mouse,SKU-ELE-002,Electronics & Gadgets,SALE,-1,81,80,2026-09-27 15:31:24,POS Sale INV-2026-2636
txn-12434,prod-03,Mechanical RGB Gaming Keyboard,SKU-ELE-003,Electronics & Gadgets,SALE,-1,31,30,2026-09-27 12:53:34,POS Sale INV-2026-2637
txn-12435,prod-17,100% Cotton Polo Shirt (Medium),SKU-APP-001,Apparel & Wearables,SALE,-1,96,95,2026-09-27 13:16:13,POS Sale INV-2026-2638
txn-12436,prod-05,A4 Premium Copy Paper 500 Sheets,SKU-OFF-001,Office Supplies,SALE,-4,254,250,2026-09-27 13:59:59,POS Sale INV-2026-2639
txn-12437,prod-06,Gel Ink Rollerball Pens (Box of 12),SKU-OFF-002,Office Supplies,SALE,-1,121,120,2026-09-27 18:54:31,POS Sale INV-2026-2640
txn-12438,prod-10,Organic Green Tea (Box of 50 Bags),SKU-BEV-002,Beverages & Drinks,SALE,-2,92,90,2026-09-27 18:54:31,POS Sale INV-2026-2640
txn-12439,prod-15,Raw Honey Jar 500g,SKU-GRO-003,Packaged Groceries,SALE,-1,66,65,2026-09-27 18:54:31,POS Sale INV-2026-2640
txn-12440,prod-05,A4 Premium Copy Paper 500 Sheets,SKU-OFF-001,Office Supplies,SALE,-1,251,250,2026-09-27 13:22:06,POS Sale INV-2026-2641
txn-12441,prod-25,Antibacterial Hand Sanitizer 500ml,SKU-PER-001,Personal Care,SALE,-1,301,300,2026-09-27 13:22:06,POS Sale INV-2026-2641
txn-12442,prod-11,Sparkling Mineral Water 500ml (Pack 12),SKU-BEV-003,Beverages & Drinks,SALE,-1,76,75,2026-09-27 13:22:06,POS Sale INV-2026-2641
txn-12443,prod-06,Gel Ink Rollerball Pens (Box of 12),SKU-OFF-002,Office Supplies,SALE,-1,121,120,2026-09-27 13:22:06,POS Sale INV-2026-2641
txn-12444,prod-05,A4 Premium Copy Paper 500 Sheets,SKU-OFF-001,Office Supplies,SALE,-1,251,250,2026-09-27 09:06:27,POS Sale INV-2026-2642
txn-12445,prod-28,Electric Stainless Steel Kettle 1.7L,SKU-HOM-001,Home Appliances,SALE,-1,33,32,2026-09-27 09:06:27,POS Sale INV-2026-2642
txn-12446,prod-06,Gel Ink Rollerball Pens (Box of 12),SKU-OFF-002,Office Supplies,SALE,-3,123,120,2026-09-27 09:06:27,POS Sale INV-2026-2642
txn-12447,prod-24,Heavy-Duty Steel Measuring Tape 8m,SKU-HAR-004,Hardware & Tools,SALE,-1,91,90,2026-09-27 09:06:27,POS Sale INV-2026-2642
txn-12448,prod-16,Assorted Roasted Almonds 250g,SKU-GRO-004,Packaged Groceries,SALE,-1,86,85,2026-09-27 11:26:07,POS Sale INV-2026-2643
txn-12449,prod-13,Organic Extra Virgin Olive Oil 750ml,SKU-GRO-001,Packaged Groceries,SALE,-2,52,50,2026-09-27 11:26:07,POS Sale INV-2026-2643
txn-12450,prod-19,Waterproof Work Gloves (Pair),SKU-APP-003,Apparel & Wearables,SALE,-3,183,180,2026-09-27 13:14:30,POS Sale INV-2026-2644
txn-12451,prod-05,A4 Premium Copy Paper 500 Sheets,SKU-OFF-001,Office Supplies,SALE,-2,252,250,2026-09-27 11:34:51,POS Sale INV-2026-2645
txn-12452,prod-11,Sparkling Mineral Water 500ml (Pack 12),SKU-BEV-003,Beverages & Drinks,SALE,-1,76,75,2026-09-27 14:47:27,POS Sale INV-2026-2646
txn-12453,prod-05,A4 Premium Copy Paper 500 Sheets,SKU-OFF-001,Office Supplies,SALE,-1,251,250,2026-09-27 14:47:27,POS Sale INV-2026-2646
txn-12454,prod-24,Heavy-Duty Steel Measuring Tape 8m,SKU-HAR-004,Hardware & Tools,SALE,-1,91,90,2026-09-27 13:02:08,POS Sale INV-2026-2647
txn-12455,prod-07,Heavy-Duty Desktop Stapler,SKU-OFF-003,Office Supplies,SALE,-6,46,40,2026-09-27 13:02:08,POS Sale INV-2026-2647
txn-12456,prod-25,Antibacterial Hand Sanitizer 500ml,SKU-PER-001,Personal Care,SALE,-2,302,300,2026-09-27 11:42:12,POS Sale INV-2026-2648
txn-12457,prod-12,Natural Cold Pressed Citrus Juice 1L,SKU-BEV-004,Beverages & Drinks,SALE,-1,41,40,2026-09-27 11:42:12,POS Sale INV-2026-2648
txn-12458,prod-06,Gel Ink Rollerball Pens (Box of 12),SKU-OFF-002,Office Supplies,SALE,-1,121,120,2026-09-28 16:35:31,POS Sale INV-2026-2649
txn-12459,prod-10,Organic Green Tea (Box of 50 Bags),SKU-BEV-002,Beverages & Drinks,SALE,-1,91,90,2026-09-28 15:32:46,POS Sale INV-2026-2650
txn-12460,prod-19,Waterproof Work Gloves (Pair),SKU-APP-003,Apparel & Wearables,SALE,-1,181,180,2026-09-28 15:32:46,POS Sale INV-2026-2650
txn-12461,prod-21,20V Cordless Power Drill Set,SKU-HAR-001,Hardware & Tools,SALE,-1,23,22,2026-09-28 15:32:46,POS Sale INV-2026-2650
txn-12462,prod-03,Mechanical RGB Gaming Keyboard,SKU-ELE-003,Electronics & Gadgets,SALE,-6,36,30,2026-09-28 10:50:01,POS Sale INV-2026-2651
txn-12463,prod-02,Ergonomic Optical Wireless Mouse,SKU-ELE-002,Electronics & Gadgets,SALE,-3,83,80,2026-09-28 19:15:03,POS Sale INV-2026-2652
txn-12464,prod-19,Waterproof Work Gloves (Pair),SKU-APP-003,Apparel & Wearables,SALE,-1,181,180,2026-09-28 09:27:30,POS Sale INV-2026-2653
txn-12465,prod-08,Adjustable Mesh Executive Chair,SKU-OFF-004,Office Supplies,SALE,-1,9,8,2026-09-28 12:39:09,POS Sale INV-2026-2654
txn-12466,prod-22,Professional Precision Screwdriver Kit,SKU-HAR-002,Hardware & Tools,SALE,-4,59,55,2026-09-28 10:55:16,POS Sale INV-2026-2655
txn-12467,prod-14,Wholegrain Oats 1kg,SKU-GRO-002,Packaged Groceries,SALE,-1,111,110,2026-09-28 10:55:16,POS Sale INV-2026-2655
txn-12468,prod-17,100% Cotton Polo Shirt (Medium),SKU-APP-001,Apparel & Wearables,SALE,-1,96,95,2026-09-28 10:44:46,POS Sale INV-2026-2656
txn-12469,prod-26,Gentle Moisturizing Hand Soap 1L,SKU-PER-002,Personal Care,SALE,-1,151,150,2026-09-28 10:44:46,POS Sale INV-2026-2656
txn-12470,prod-07,Heavy-Duty Desktop Stapler,SKU-OFF-003,Office Supplies,SALE,-2,42,40,2026-09-28 18:40:40,POS Sale INV-2026-2657
txn-12471,prod-26,Gentle Moisturizing Hand Soap 1L,SKU-PER-002,Personal Care,SALE,-4,154,150,2026-09-28 18:40:40,POS Sale INV-2026-2657
txn-12472,prod-01,Wireless Bluetooth Headset Pro,SKU-ELE-001,Electronics & Gadgets,SALE,-2,47,45,2026-09-28 18:40:40,POS Sale INV-2026-2657
txn-12473,prod-01,Wireless Bluetooth Headset Pro,SKU-ELE-001,Electronics & Gadgets,SALE,-1,46,45,2026-09-28 13:12:59,POS Sale INV-2026-2658
txn-12474,prod-26,Gentle Moisturizing Hand Soap 1L,SKU-PER-002,Personal Care,SALE,-1,151,150,2026-09-28 13:12:59,POS Sale INV-2026-2658
txn-12475,prod-06,Gel Ink Rollerball Pens (Box of 12),SKU-OFF-002,Office Supplies,SALE,-1,121,120,2026-09-29 09:24:26,POS Sale INV-2026-2659
txn-12476,prod-18,High-Visibility Safety Vest,SKU-APP-002,Apparel & Wearables,SALE,-2,142,140,2026-09-29 15:30:03,POS Sale INV-2026-2660
txn-12477,prod-14,Wholegrain Oats 1kg,SKU-GRO-002,Packaged Groceries,SALE,-3,113,110,2026-09-29 15:30:03,POS Sale INV-2026-2660
txn-12478,prod-01,Wireless Bluetooth Headset Pro,SKU-ELE-001,Electronics & Gadgets,SALE,-1,46,45,2026-09-29 13:23:17,POS Sale INV-2026-2661
txn-12479,prod-21,20V Cordless Power Drill Set,SKU-HAR-001,Hardware & Tools,SALE,-1,23,22,2026-09-29 13:23:17,POS Sale INV-2026-2661
txn-12480,prod-10,Organic Green Tea (Box of 50 Bags),SKU-BEV-002,Beverages & Drinks,SALE,-1,91,90,2026-09-29 09:11:02,POS Sale INV-2026-2662
txn-12481,prod-26,Gentle Moisturizing Hand Soap 1L,SKU-PER-002,Personal Care,SALE,-2,152,150,2026-09-29 09:11:02,POS Sale INV-2026-2662
txn-12482,prod-27,Microfiber Facial Towels (Pack of 4),SKU-PER-003,Personal Care,SALE,-1,71,70,2026-09-29 16:17:58,POS Sale INV-2026-2663
txn-12483,prod-10,Organic Green Tea (Box of 50 Bags),SKU-BEV-002,Beverages & Drinks,SALE,-1,91,90,2026-09-29 16:23:21,POS Sale INV-2026-2664
txn-12484,prod-17,100% Cotton Polo Shirt (Medium),SKU-APP-001,Apparel & Wearables,SALE,-1,96,95,2026-09-29 11:21:23,POS Sale INV-2026-2665
txn-12485,prod-09,Arabica Whole Bean Coffee 1kg,SKU-BEV-001,Beverages & Drinks,SALE,-2,62,60,2026-09-29 14:15:41,POS Sale INV-2026-2666
txn-12486,prod-22,Professional Precision Screwdriver Kit,SKU-HAR-002,Hardware & Tools,SALE,-1,56,55,2026-09-29 10:08:40,POS Sale INV-2026-2667
txn-12487,prod-21,20V Cordless Power Drill Set,SKU-HAR-001,Hardware & Tools,SALE,-1,23,22,2026-09-29 10:08:40,POS Sale INV-2026-2667
txn-12488,prod-25,Antibacterial Hand Sanitizer 500ml,SKU-PER-001,Personal Care,SALE,-6,306,300,2026-09-30 19:52:12,POS Sale INV-2026-2668
txn-12489,prod-01,Wireless Bluetooth Headset Pro,SKU-ELE-001,Electronics & Gadgets,SALE,-1,46,45,2026-09-30 17:39:21,POS Sale INV-2026-2669
txn-12490,prod-05,A4 Premium Copy Paper 500 Sheets,SKU-OFF-001,Office Supplies,SALE,-1,251,250,2026-09-30 17:39:21,POS Sale INV-2026-2669
txn-12491,prod-27,Microfiber Facial Towels (Pack of 4),SKU-PER-003,Personal Care,SALE,-1,71,70,2026-09-30 11:02:08,POS Sale INV-2026-2670
txn-12492,prod-24,Heavy-Duty Steel Measuring Tape 8m,SKU-HAR-004,Hardware & Tools,SALE,-2,92,90,2026-09-30 17:22:57,POS Sale INV-2026-2671
txn-12493,prod-17,100% Cotton Polo Shirt (Medium),SKU-APP-001,Apparel & Wearables,SALE,-1,96,95,2026-09-30 17:22:57,POS Sale INV-2026-2671
txn-12494,prod-18,High-Visibility Safety Vest,SKU-APP-002,Apparel & Wearables,SALE,-6,146,140,2026-09-30 17:22:57,POS Sale INV-2026-2671
txn-12495,prod-16,Assorted Roasted Almonds 250g,SKU-GRO-004,Packaged Groceries,SALE,-2,87,85,2026-09-30 17:22:57,POS Sale INV-2026-2671
txn-12496,prod-26,Gentle Moisturizing Hand Soap 1L,SKU-PER-002,Personal Care,SALE,-1,151,150,2026-09-30 10:30:26,POS Sale INV-2026-2672
txn-12497,prod-06,Gel Ink Rollerball Pens (Box of 12),SKU-OFF-002,Office Supplies,SALE,-1,121,120,2026-09-30 10:30:26,POS Sale INV-2026-2672
txn-12498,prod-03,Mechanical RGB Gaming Keyboard,SKU-ELE-003,Electronics & Gadgets,SALE,-3,33,30,2026-09-30 10:30:26,POS Sale INV-2026-2672
txn-12499,prod-16,Assorted Roasted Almonds 250g,SKU-GRO-004,Packaged Groceries,SALE,-1,86,85,2026-09-30 13:44:08,POS Sale INV-2026-2673
txn-12500,prod-15,Raw Honey Jar 500g,SKU-GRO-003,Packaged Groceries,SALE,-2,67,65,2026-09-30 13:44:08,POS Sale INV-2026-2673
txn-12501,prod-05,A4 Premium Copy Paper 500 Sheets,SKU-OFF-001,Office Supplies,SALE,-1,251,250,2026-09-30 12:47:52,POS Sale INV-2026-2674
txn-12502,prod-17,100% Cotton Polo Shirt (Medium),SKU-APP-001,Apparel & Wearables,SALE,-6,101,95,2026-09-30 12:47:52,POS Sale INV-2026-2674
txn-12503,prod-06,Gel Ink Rollerball Pens (Box of 12),SKU-OFF-002,Office Supplies,SALE,-1,121,120,2026-09-30 12:47:52,POS Sale INV-2026-2674
txn-12504,prod-05,A4 Premium Copy Paper 500 Sheets,SKU-OFF-001,Office Supplies,SALE,-2,252,250,2026-09-30 10:10:28,POS Sale INV-2026-2675
txn-12505,prod-19,Waterproof Work Gloves (Pair),SKU-APP-003,Apparel & Wearables,SALE,-3,183,180,2026-09-30 15:38:17,POS Sale INV-2026-2676
txn-12506,prod-03,Mechanical RGB Gaming Keyboard,SKU-ELE-003,Electronics & Gadgets,SALE,-1,31,30,2026-09-30 15:38:17,POS Sale INV-2026-2676
txn-12507,prod-13,Organic Extra Virgin Olive Oil 750ml,SKU-GRO-001,Packaged Groceries,SALE,-1,51,50,2026-09-30 18:44:00,POS Sale INV-2026-2677
txn-12508,prod-27,Microfiber Facial Towels (Pack of 4),SKU-PER-003,Personal Care,SALE,-2,72,70,2026-09-30 17:16:19,POS Sale INV-2026-2678
txn-12509,prod-09,Arabica Whole Bean Coffee 1kg,SKU-BEV-001,Beverages & Drinks,SALE,-4,64,60,2026-09-30 17:16:19,POS Sale INV-2026-2678
txn-12510,prod-26,Gentle Moisturizing Hand Soap 1L,SKU-PER-002,Personal Care,SALE,-1,151,150,2026-09-30 17:16:19,POS Sale INV-2026-2678
txn-12511,prod-09,Arabica Whole Bean Coffee 1kg,SKU-BEV-001,Beverages & Drinks,SALE,-1,61,60,2026-09-30 11:14:02,POS Sale INV-2026-2679
txn-12512,prod-25,Antibacterial Hand Sanitizer 500ml,SKU-PER-001,Personal Care,SALE,-1,301,300,2026-09-30 11:14:02,POS Sale INV-2026-2679
txn-12513,prod-09,Arabica Whole Bean Coffee 1kg,SKU-BEV-001,Beverages & Drinks,SALE,-2,62,60,2026-09-30 13:59:08,POS Sale INV-2026-2680
txn-12514,prod-17,100% Cotton Polo Shirt (Medium),SKU-APP-001,Apparel & Wearables,SALE,-1,96,95,2026-09-30 12:52:13,POS Sale INV-2026-2681
txn-12515,prod-25,Antibacterial Hand Sanitizer 500ml,SKU-PER-001,Personal Care,SALE,-1,301,300,2026-09-30 12:52:13,POS Sale INV-2026-2681
txn-12516,prod-08,Adjustable Mesh Executive Chair,SKU-OFF-004,Office Supplies,SALE,-1,9,8,2026-09-30 12:52:13,POS Sale INV-2026-2681
txn-12517,prod-19,Waterproof Work Gloves (Pair),SKU-APP-003,Apparel & Wearables,SALE,-2,182,180,2026-09-30 14:20:05,POS Sale INV-2026-2682
txn-12518,prod-17,100% Cotton Polo Shirt (Medium),SKU-APP-001,Apparel & Wearables,SALE,-1,96,95,2026-09-30 14:20:05,POS Sale INV-2026-2682
txn-12519,prod-12,Natural Cold Pressed Citrus Juice 1L,SKU-BEV-004,Beverages & Drinks,SALE,-1,41,40,2026-10-01 15:57:39,POS Sale INV-2026-2683
txn-12520,prod-22,Professional Precision Screwdriver Kit,SKU-HAR-002,Hardware & Tools,SALE,-2,57,55,2026-10-01 12:46:17,POS Sale INV-2026-2684
txn-12521,prod-24,Heavy-Duty Steel Measuring Tape 8m,SKU-HAR-004,Hardware & Tools,SALE,-2,92,90,2026-10-01 18:06:46,POS Sale INV-2026-2685
txn-12522,prod-15,Raw Honey Jar 500g,SKU-GRO-003,Packaged Groceries,SALE,-2,67,65,2026-10-01 19:38:35,POS Sale INV-2026-2686
txn-12523,prod-01,Wireless Bluetooth Headset Pro,SKU-ELE-001,Electronics & Gadgets,SALE,-1,46,45,2026-10-01 19:38:35,POS Sale INV-2026-2686
txn-12524,prod-25,Antibacterial Hand Sanitizer 500ml,SKU-PER-001,Personal Care,SALE,-1,301,300,2026-10-01 12:37:40,POS Sale INV-2026-2687
txn-12525,prod-17,100% Cotton Polo Shirt (Medium),SKU-APP-001,Apparel & Wearables,SALE,-1,96,95,2026-10-01 12:37:40,POS Sale INV-2026-2687
txn-12526,prod-07,Heavy-Duty Desktop Stapler,SKU-OFF-003,Office Supplies,SALE,-1,41,40,2026-10-01 12:37:40,POS Sale INV-2026-2687
txn-12527,prod-06,Gel Ink Rollerball Pens (Box of 12),SKU-OFF-002,Office Supplies,SALE,-1,121,120,2026-10-01 12:37:40,POS Sale INV-2026-2687
txn-12528,prod-28,Electric Stainless Steel Kettle 1.7L,SKU-HOM-001,Home Appliances,SALE,-1,33,32,2026-10-01 12:46:46,POS Sale INV-2026-2688
txn-12529,prod-26,Gentle Moisturizing Hand Soap 1L,SKU-PER-002,Personal Care,SALE,-2,152,150,2026-10-02 11:29:11,POS Sale INV-2026-2689
txn-12530,prod-15,Raw Honey Jar 500g,SKU-GRO-003,Packaged Groceries,SALE,-1,66,65,2026-10-02 11:29:11,POS Sale INV-2026-2689
txn-12531,prod-22,Professional Precision Screwdriver Kit,SKU-HAR-002,Hardware & Tools,SALE,-1,56,55,2026-10-02 11:29:11,POS Sale INV-2026-2689
txn-12532,prod-12,Natural Cold Pressed Citrus Juice 1L,SKU-BEV-004,Beverages & Drinks,SALE,-1,41,40,2026-10-02 11:29:11,POS Sale INV-2026-2689
txn-12533,prod-16,Assorted Roasted Almonds 250g,SKU-GRO-004,Packaged Groceries,SALE,-1,86,85,2026-10-02 11:41:18,POS Sale INV-2026-2690
txn-12534,prod-09,Arabica Whole Bean Coffee 1kg,SKU-BEV-001,Beverages & Drinks,SALE,-1,61,60,2026-10-02 11:41:18,POS Sale INV-2026-2690
txn-12535,prod-07,Heavy-Duty Desktop Stapler,SKU-OFF-003,Office Supplies,SALE,-1,41,40,2026-10-02 19:38:12,POS Sale INV-2026-2691
txn-12536,prod-25,Antibacterial Hand Sanitizer 500ml,SKU-PER-001,Personal Care,SALE,-1,301,300,2026-10-02 19:25:06,POS Sale INV-2026-2692
txn-12537,prod-09,Arabica Whole Bean Coffee 1kg,SKU-BEV-001,Beverages & Drinks,SALE,-1,61,60,2026-10-02 15:24:01,POS Sale INV-2026-2693
txn-12538,prod-26,Gentle Moisturizing Hand Soap 1L,SKU-PER-002,Personal Care,SALE,-1,151,150,2026-10-02 15:24:01,POS Sale INV-2026-2693
txn-12539,prod-11,Sparkling Mineral Water 500ml (Pack 12),SKU-BEV-003,Beverages & Drinks,SALE,-1,76,75,2026-10-02 10:17:09,POS Sale INV-2026-2694
txn-12540,prod-16,Assorted Roasted Almonds 250g,SKU-GRO-004,Packaged Groceries,SALE,-6,91,85,2026-10-02 10:17:09,POS Sale INV-2026-2694
txn-12541,prod-10,Organic Green Tea (Box of 50 Bags),SKU-BEV-002,Beverages & Drinks,SALE,-1,91,90,2026-10-02 09:50:06,POS Sale INV-2026-2695
txn-12542,prod-22,Professional Precision Screwdriver Kit,SKU-HAR-002,Hardware & Tools,SALE,-3,58,55,2026-10-02 09:50:06,POS Sale INV-2026-2695
txn-12543,prod-22,Professional Precision Screwdriver Kit,SKU-HAR-002,Hardware & Tools,SALE,-3,58,55,2026-10-02 10:12:08,POS Sale INV-2026-2696
txn-12544,prod-04,4K Ultra-HD Monitor 27-inch,SKU-ELE-004,Electronics & Gadgets,SALE,-2,14,12,2026-10-02 10:12:08,POS Sale INV-2026-2696
txn-12545,prod-05,A4 Premium Copy Paper 500 Sheets,SKU-OFF-001,Office Supplies,SALE,-1,251,250,2026-10-02 13:21:30,POS Sale INV-2026-2697
txn-12546,prod-07,Heavy-Duty Desktop Stapler,SKU-OFF-003,Office Supplies,SALE,-4,44,40,2026-10-02 19:34:07,POS Sale INV-2026-2698
txn-12547,prod-13,Organic Extra Virgin Olive Oil 750ml,SKU-GRO-001,Packaged Groceries,SALE,-1,51,50,2026-10-02 19:34:07,POS Sale INV-2026-2698
txn-12548,prod-01,Wireless Bluetooth Headset Pro,SKU-ELE-001,Electronics & Gadgets,SALE,-2,47,45,2026-10-02 19:34:07,POS Sale INV-2026-2698
txn-12549,prod-11,Sparkling Mineral Water 500ml (Pack 12),SKU-BEV-003,Beverages & Drinks,SALE,-1,76,75,2026-10-02 19:34:07,POS Sale INV-2026-2698
txn-12550,prod-16,Assorted Roasted Almonds 250g,SKU-GRO-004,Packaged Groceries,SALE,-1,86,85,2026-10-02 19:34:07,POS Sale INV-2026-2698
txn-12551,prod-16,Assorted Roasted Almonds 250g,SKU-GRO-004,Packaged Groceries,SALE,-4,89,85,2026-10-02 10:32:56,POS Sale INV-2026-2699
txn-12552,prod-06,Gel Ink Rollerball Pens (Box of 12),SKU-OFF-002,Office Supplies,SALE,-2,122,120,2026-10-02 09:14:27,POS Sale INV-2026-2700
txn-12553,prod-27,Microfiber Facial Towels (Pack of 4),SKU-PER-003,Personal Care,SALE,-1,71,70,2026-10-02 09:14:27,POS Sale INV-2026-2700
txn-12554,prod-25,Antibacterial Hand Sanitizer 500ml,SKU-PER-001,Personal Care,SALE,-1,301,300,2026-10-02 09:14:27,POS Sale INV-2026-2700
txn-12555,prod-07,Heavy-Duty Desktop Stapler,SKU-OFF-003,Office Supplies,SALE,-1,41,40,2026-10-02 19:24:43,POS Sale INV-2026-2701
txn-12556,prod-14,Wholegrain Oats 1kg,SKU-GRO-002,Packaged Groceries,SALE,-1,111,110,2026-10-02 19:24:43,POS Sale INV-2026-2701
txn-12557,prod-24,Heavy-Duty Steel Measuring Tape 8m,SKU-HAR-004,Hardware & Tools,SALE,-2,92,90,2026-10-02 10:14:06,POS Sale INV-2026-2702
txn-12558,prod-12,Natural Cold Pressed Citrus Juice 1L,SKU-BEV-004,Beverages & Drinks,SALE,-2,42,40,2026-10-02 10:14:06,POS Sale INV-2026-2702
txn-12559,prod-14,Wholegrain Oats 1kg,SKU-GRO-002,Packaged Groceries,SALE,-2,112,110,2026-10-02 10:14:06,POS Sale INV-2026-2702
txn-12560,prod-10,Organic Green Tea (Box of 50 Bags),SKU-BEV-002,Beverages & Drinks,SALE,-2,92,90,2026-10-02 10:14:06,POS Sale INV-2026-2702
txn-12561,prod-10,Organic Green Tea (Box of 50 Bags),SKU-BEV-002,Beverages & Drinks,SALE,-1,91,90,2026-10-02 14:07:23,POS Sale INV-2026-2703
txn-12562,prod-24,Heavy-Duty Steel Measuring Tape 8m,SKU-HAR-004,Hardware & Tools,SALE,-1,91,90,2026-10-02 11:27:33,POS Sale INV-2026-2704
txn-12563,prod-11,Sparkling Mineral Water 500ml (Pack 12),SKU-BEV-003,Beverages & Drinks,SALE,-6,81,75,2026-10-02 19:43:19,POS Sale INV-2026-2705
txn-12564,prod-18,High-Visibility Safety Vest,SKU-APP-002,Apparel & Wearables,SALE,-1,141,140,2026-10-02 13:58:31,POS Sale INV-2026-2706
txn-12565,prod-14,Wholegrain Oats 1kg,SKU-GRO-002,Packaged Groceries,SALE,-1,111,110,2026-10-03 11:49:41,POS Sale INV-2026-2707
txn-12566,prod-26,Gentle Moisturizing Hand Soap 1L,SKU-PER-002,Personal Care,SALE,-4,154,150,2026-10-03 11:49:41,POS Sale INV-2026-2707
txn-12567,prod-09,Arabica Whole Bean Coffee 1kg,SKU-BEV-001,Beverages & Drinks,SALE,-1,61,60,2026-10-03 11:49:41,POS Sale INV-2026-2707
txn-12568,prod-25,Antibacterial Hand Sanitizer 500ml,SKU-PER-001,Personal Care,SALE,-2,302,300,2026-10-03 16:52:04,POS Sale INV-2026-2708
txn-12569,prod-09,Arabica Whole Bean Coffee 1kg,SKU-BEV-001,Beverages & Drinks,SALE,-1,61,60,2026-10-03 16:52:04,POS Sale INV-2026-2708
txn-12570,prod-05,A4 Premium Copy Paper 500 Sheets,SKU-OFF-001,Office Supplies,SALE,-2,252,250,2026-10-03 14:08:11,POS Sale INV-2026-2709
txn-12571,prod-22,Professional Precision Screwdriver Kit,SKU-HAR-002,Hardware & Tools,SALE,-4,59,55,2026-10-03 16:44:26,POS Sale INV-2026-2710
txn-12572,prod-15,Raw Honey Jar 500g,SKU-GRO-003,Packaged Groceries,SALE,-1,66,65,2026-10-03 19:58:15,POS Sale INV-2026-2711
txn-12573,prod-13,Organic Extra Virgin Olive Oil 750ml,SKU-GRO-001,Packaged Groceries,SALE,-1,51,50,2026-10-03 19:58:15,POS Sale INV-2026-2711
txn-12574,prod-29,HEPA Air Purifier Desktop Size,SKU-HOM-002,Home Appliances,SALE,-3,21,18,2026-10-03 16:34:34,POS Sale INV-2026-2712
txn-12575,prod-27,Microfiber Facial Towels (Pack of 4),SKU-PER-003,Personal Care,SALE,-3,73,70,2026-10-03 16:34:34,POS Sale INV-2026-2712
txn-12576,prod-19,Waterproof Work Gloves (Pair),SKU-APP-003,Apparel & Wearables,SALE,-1,181,180,2026-10-03 15:33:36,POS Sale INV-2026-2713
txn-12577,prod-26,Gentle Moisturizing Hand Soap 1L,SKU-PER-002,Personal Care,SALE,-4,154,150,2026-10-03 15:33:36,POS Sale INV-2026-2713
txn-12578,prod-17,100% Cotton Polo Shirt (Medium),SKU-APP-001,Apparel & Wearables,SALE,-4,99,95,2026-10-03 12:23:00,POS Sale INV-2026-2714
txn-12579,prod-21,20V Cordless Power Drill Set,SKU-HAR-001,Hardware & Tools,SALE,-1,23,22,2026-10-03 12:23:00,POS Sale INV-2026-2714
txn-12580,prod-14,Wholegrain Oats 1kg,SKU-GRO-002,Packaged Groceries,SALE,-1,111,110,2026-10-03 16:08:58,POS Sale INV-2026-2715
txn-12581,prod-08,Adjustable Mesh Executive Chair,SKU-OFF-004,Office Supplies,SALE,-2,10,8,2026-10-03 16:08:58,POS Sale INV-2026-2715
txn-12582,prod-24,Heavy-Duty Steel Measuring Tape 8m,SKU-HAR-004,Hardware & Tools,SALE,-1,91,90,2026-10-03 16:08:58,POS Sale INV-2026-2715
txn-12583,prod-18,High-Visibility Safety Vest,SKU-APP-002,Apparel & Wearables,SALE,-1,141,140,2026-10-03 11:18:29,POS Sale INV-2026-2716
txn-12584,prod-11,Sparkling Mineral Water 500ml (Pack 12),SKU-BEV-003,Beverages & Drinks,SALE,-4,79,75,2026-10-03 11:18:29,POS Sale INV-2026-2716
txn-12585,prod-22,Professional Precision Screwdriver Kit,SKU-HAR-002,Hardware & Tools,SALE,-1,56,55,2026-10-03 15:15:13,POS Sale INV-2026-2717
txn-12586,prod-11,Sparkling Mineral Water 500ml (Pack 12),SKU-BEV-003,Beverages & Drinks,SALE,-1,76,75,2026-10-03 15:15:13,POS Sale INV-2026-2717
txn-12587,prod-15,Raw Honey Jar 500g,SKU-GRO-003,Packaged Groceries,SALE,-1,66,65,2026-10-03 11:24:46,POS Sale INV-2026-2718
txn-12588,prod-13,Organic Extra Virgin Olive Oil 750ml,SKU-GRO-001,Packaged Groceries,SALE,-1,51,50,2026-10-03 11:24:46,POS Sale INV-2026-2718
txn-12589,prod-05,A4 Premium Copy Paper 500 Sheets,SKU-OFF-001,Office Supplies,SALE,-4,254,250,2026-10-03 10:42:37,POS Sale INV-2026-2719
txn-12590,prod-19,Waterproof Work Gloves (Pair),SKU-APP-003,Apparel & Wearables,SALE,-3,183,180,2026-10-03 09:09:23,POS Sale INV-2026-2720
txn-12591,prod-11,Sparkling Mineral Water 500ml (Pack 12),SKU-BEV-003,Beverages & Drinks,SALE,-2,77,75,2026-10-03 09:09:23,POS Sale INV-2026-2720
txn-12592,prod-10,Organic Green Tea (Box of 50 Bags),SKU-BEV-002,Beverages & Drinks,SALE,-3,93,90,2026-10-03 15:09:48,POS Sale INV-2026-2721
txn-12593,prod-27,Microfiber Facial Towels (Pack of 4),SKU-PER-003,Personal Care,SALE,-1,71,70,2026-10-03 15:09:48,POS Sale INV-2026-2721
txn-12594,prod-25,Antibacterial Hand Sanitizer 500ml,SKU-PER-001,Personal Care,SALE,-1,301,300,2026-10-03 15:09:48,POS Sale INV-2026-2721
txn-12595,prod-09,Arabica Whole Bean Coffee 1kg,SKU-BEV-001,Beverages & Drinks,SALE,-3,63,60,2026-10-04 13:30:26,POS Sale INV-2026-2722
txn-12596,prod-02,Ergonomic Optical Wireless Mouse,SKU-ELE-002,Electronics & Gadgets,SALE,-1,81,80,2026-10-04 11:03:56,POS Sale INV-2026-2723
txn-12597,prod-07,Heavy-Duty Desktop Stapler,SKU-OFF-003,Office Supplies,SALE,-2,42,40,2026-10-04 09:25:53,POS Sale INV-2026-2724
txn-12598,prod-01,Wireless Bluetooth Headset Pro,SKU-ELE-001,Electronics & Gadgets,SALE,-1,46,45,2026-10-04 13:58:36,POS Sale INV-2026-2725
txn-12599,prod-12,Natural Cold Pressed Citrus Juice 1L,SKU-BEV-004,Beverages & Drinks,SALE,-1,41,40,2026-10-04 13:58:36,POS Sale INV-2026-2725
txn-12600,prod-21,20V Cordless Power Drill Set,SKU-HAR-001,Hardware & Tools,SALE,-2,24,22,2026-10-04 11:17:05,POS Sale INV-2026-2726
txn-12601,prod-22,Professional Precision Screwdriver Kit,SKU-HAR-002,Hardware & Tools,SALE,-1,56,55,2026-10-04 11:17:05,POS Sale INV-2026-2726
txn-12602,prod-25,Antibacterial Hand Sanitizer 500ml,SKU-PER-001,Personal Care,SALE,-2,302,300,2026-10-04 09:14:25,POS Sale INV-2026-2727
txn-12603,prod-26,Gentle Moisturizing Hand Soap 1L,SKU-PER-002,Personal Care,SALE,-3,153,150,2026-10-04 09:14:25,POS Sale INV-2026-2727
txn-12604,prod-01,Wireless Bluetooth Headset Pro,SKU-ELE-001,Electronics & Gadgets,SALE,-1,46,45,2026-10-04 09:14:25,POS Sale INV-2026-2727
txn-12605,prod-27,Microfiber Facial Towels (Pack of 4),SKU-PER-003,Personal Care,SALE,-2,72,70,2026-10-04 09:14:25,POS Sale INV-2026-2727
txn-12606,prod-20,Breathable Fleece Jacket (Large),SKU-APP-004,Apparel & Wearables,SALE,-1,36,35,2026-10-04 10:52:44,POS Sale INV-2026-2728
txn-12607,prod-16,Assorted Roasted Almonds 250g,SKU-GRO-004,Packaged Groceries,SALE,-1,86,85,2026-10-04 10:52:44,POS Sale INV-2026-2728
txn-12608,prod-27,Microfiber Facial Towels (Pack of 4),SKU-PER-003,Personal Care,SALE,-4,74,70,2026-10-04 10:52:44,POS Sale INV-2026-2728
txn-12609,prod-12,Natural Cold Pressed Citrus Juice 1L,SKU-BEV-004,Beverages & Drinks,SALE,-1,41,40,2026-10-04 10:52:44,POS Sale INV-2026-2728
txn-12610,prod-20,Breathable Fleece Jacket (Large),SKU-APP-004,Apparel & Wearables,SALE,-1,36,35,2026-10-04 11:03:51,POS Sale INV-2026-2729
txn-12611,prod-25,Antibacterial Hand Sanitizer 500ml,SKU-PER-001,Personal Care,SALE,-3,303,300,2026-10-04 11:03:51,POS Sale INV-2026-2729
txn-12612,prod-02,Ergonomic Optical Wireless Mouse,SKU-ELE-002,Electronics & Gadgets,SALE,-1,81,80,2026-10-04 10:04:23,POS Sale INV-2026-2730
txn-12613,prod-11,Sparkling Mineral Water 500ml (Pack 12),SKU-BEV-003,Beverages & Drinks,SALE,-3,78,75,2026-10-04 10:04:23,POS Sale INV-2026-2730
txn-12614,prod-01,Wireless Bluetooth Headset Pro,SKU-ELE-001,Electronics & Gadgets,SALE,-3,48,45,2026-10-04 10:04:23,POS Sale INV-2026-2730
txn-12615,prod-10,Organic Green Tea (Box of 50 Bags),SKU-BEV-002,Beverages & Drinks,SALE,-1,91,90,2026-10-04 10:04:23,POS Sale INV-2026-2730
txn-12616,prod-17,100% Cotton Polo Shirt (Medium),SKU-APP-001,Apparel & Wearables,SALE,-1,96,95,2026-10-04 13:10:34,POS Sale INV-2026-2731
txn-12617,prod-11,Sparkling Mineral Water 500ml (Pack 12),SKU-BEV-003,Beverages & Drinks,SALE,-1,76,75,2026-10-05 13:12:35,POS Sale INV-2026-2732
txn-12618,prod-26,Gentle Moisturizing Hand Soap 1L,SKU-PER-002,Personal Care,SALE,-4,154,150,2026-10-05 13:12:35,POS Sale INV-2026-2732
txn-12619,prod-22,Professional Precision Screwdriver Kit,SKU-HAR-002,Hardware & Tools,SALE,-1,56,55,2026-10-05 13:12:35,POS Sale INV-2026-2732
txn-12620,prod-13,Organic Extra Virgin Olive Oil 750ml,SKU-GRO-001,Packaged Groceries,SALE,-2,52,50,2026-10-05 13:12:35,POS Sale INV-2026-2732
txn-12621,prod-01,Wireless Bluetooth Headset Pro,SKU-ELE-001,Electronics & Gadgets,SALE,-1,46,45,2026-10-05 10:36:36,POS Sale INV-2026-2733
txn-12622,prod-20,Breathable Fleece Jacket (Large),SKU-APP-004,Apparel & Wearables,SALE,-2,37,35,2026-10-05 14:05:19,POS Sale INV-2026-2734
txn-12623,prod-10,Organic Green Tea (Box of 50 Bags),SKU-BEV-002,Beverages & Drinks,SALE,-2,92,90,2026-10-05 14:05:19,POS Sale INV-2026-2734
txn-12624,prod-14,Wholegrain Oats 1kg,SKU-GRO-002,Packaged Groceries,SALE,-1,111,110,2026-10-05 17:12:20,POS Sale INV-2026-2735
txn-12625,prod-26,Gentle Moisturizing Hand Soap 1L,SKU-PER-002,Personal Care,SALE,-1,151,150,2026-10-05 17:12:20,POS Sale INV-2026-2735
txn-12626,prod-11,Sparkling Mineral Water 500ml (Pack 12),SKU-BEV-003,Beverages & Drinks,SALE,-1,76,75,2026-10-05 17:12:20,POS Sale INV-2026-2735
txn-12627,prod-07,Heavy-Duty Desktop Stapler,SKU-OFF-003,Office Supplies,SALE,-2,42,40,2026-10-05 19:06:21,POS Sale INV-2026-2736
txn-12628,prod-09,Arabica Whole Bean Coffee 1kg,SKU-BEV-001,Beverages & Drinks,SALE,-1,61,60,2026-10-05 19:06:21,POS Sale INV-2026-2736
txn-12629,prod-05,A4 Premium Copy Paper 500 Sheets,SKU-OFF-001,Office Supplies,SALE,-2,252,250,2026-10-05 11:01:37,POS Sale INV-2026-2737
txn-12630,prod-13,Organic Extra Virgin Olive Oil 750ml,SKU-GRO-001,Packaged Groceries,SALE,-1,51,50,2026-10-05 09:18:10,POS Sale INV-2026-2738
txn-12631,prod-18,High-Visibility Safety Vest,SKU-APP-002,Apparel & Wearables,SALE,-1,141,140,2026-10-05 10:45:14,POS Sale INV-2026-2739
txn-12632,prod-25,Antibacterial Hand Sanitizer 500ml,SKU-PER-001,Personal Care,SALE,-1,301,300,2026-10-05 10:45:14,POS Sale INV-2026-2739
txn-12633,prod-05,A4 Premium Copy Paper 500 Sheets,SKU-OFF-001,Office Supplies,SALE,-1,251,250,2026-10-05 11:32:33,POS Sale INV-2026-2740
txn-12634,prod-14,Wholegrain Oats 1kg,SKU-GRO-002,Packaged Groceries,SALE,-2,112,110,2026-10-05 14:28:50,POS Sale INV-2026-2741
txn-12635,prod-22,Professional Precision Screwdriver Kit,SKU-HAR-002,Hardware & Tools,SALE,-1,56,55,2026-10-05 15:02:57,POS Sale INV-2026-2742
txn-12636,prod-15,Raw Honey Jar 500g,SKU-GRO-003,Packaged Groceries,SALE,-1,66,65,2026-10-06 18:38:04,POS Sale INV-2026-2743
txn-12637,prod-12,Natural Cold Pressed Citrus Juice 1L,SKU-BEV-004,Beverages & Drinks,SALE,-4,44,40,2026-10-06 09:09:49,POS Sale INV-2026-2744
txn-12638,prod-03,Mechanical RGB Gaming Keyboard,SKU-ELE-003,Electronics & Gadgets,SALE,-2,32,30,2026-10-06 16:20:10,POS Sale INV-2026-2745
txn-12639,prod-25,Antibacterial Hand Sanitizer 500ml,SKU-PER-001,Personal Care,SALE,-3,303,300,2026-10-06 16:20:10,POS Sale INV-2026-2745
txn-12640,prod-22,Professional Precision Screwdriver Kit,SKU-HAR-002,Hardware & Tools,SALE,-1,56,55,2026-10-06 16:20:10,POS Sale INV-2026-2745
txn-12641,prod-14,Wholegrain Oats 1kg,SKU-GRO-002,Packaged Groceries,SALE,-1,111,110,2026-10-06 14:22:05,POS Sale INV-2026-2746
txn-12642,prod-16,Assorted Roasted Almonds 250g,SKU-GRO-004,Packaged Groceries,SALE,-3,88,85,2026-10-06 16:16:48,POS Sale INV-2026-2747
txn-12643,prod-27,Microfiber Facial Towels (Pack of 4),SKU-PER-003,Personal Care,SALE,-3,73,70,2026-10-06 16:16:48,POS Sale INV-2026-2747
txn-12644,prod-27,Microfiber Facial Towels (Pack of 4),SKU-PER-003,Personal Care,SALE,-1,71,70,2026-10-06 18:31:02,POS Sale INV-2026-2748
txn-12645,prod-03,Mechanical RGB Gaming Keyboard,SKU-ELE-003,Electronics & Gadgets,SALE,-3,33,30,2026-10-06 18:31:02,POS Sale INV-2026-2748
txn-12646,prod-08,Adjustable Mesh Executive Chair,SKU-OFF-004,Office Supplies,SALE,-1,9,8,2026-10-06 18:31:02,POS Sale INV-2026-2748
txn-12647,prod-05,A4 Premium Copy Paper 500 Sheets,SKU-OFF-001,Office Supplies,SALE,-1,251,250,2026-10-06 18:58:43,POS Sale INV-2026-2749
txn-12648,prod-07,Heavy-Duty Desktop Stapler,SKU-OFF-003,Office Supplies,SALE,-1,41,40,2026-10-06 18:58:43,POS Sale INV-2026-2749
txn-12649,prod-22,Professional Precision Screwdriver Kit,SKU-HAR-002,Hardware & Tools,SALE,-1,56,55,2026-10-06 18:58:43,POS Sale INV-2026-2749
txn-12650,prod-21,20V Cordless Power Drill Set,SKU-HAR-001,Hardware & Tools,SALE,-1,23,22,2026-10-06 14:23:05,POS Sale INV-2026-2750
txn-12651,prod-03,Mechanical RGB Gaming Keyboard,SKU-ELE-003,Electronics & Gadgets,SALE,-1,31,30,2026-10-06 19:02:39,POS Sale INV-2026-2751
txn-12652,prod-25,Antibacterial Hand Sanitizer 500ml,SKU-PER-001,Personal Care,SALE,-2,302,300,2026-10-06 19:02:39,POS Sale INV-2026-2751
