sale_id,invoice_number,sale_date,customer_id,customer_name,cashier_name,subtotal,tax_amount,discount_amount,total_amount,cogs,gross_profit,status,items_count
sale-1001,INV-2026-1001,2026-04-10 19:07:01,cust-016,Amelia Rodriguez,Marcus Brody (Ops Manager),123.93,9.42,6.2,127.15,58.4,59.33,COMPLETED,3
sale-1002,INV-2026-1002,2026-04-10 10:43:47,cust-006,Ava Jackson,Lucas Rodriguez (Cashier),83.97,6.72,0.0,90.69,42.0,41.97,COMPLETED,1
sale-1003,INV-2026-1003,2026-04-10 09:05:13,cust-010,Isabella Hernandez,Eleanor Vance (Admin),9.99,0.8,0.0,10.79,4.5,5.49,COMPLETED,1
sale-1004,INV-2026-1004,2026-04-10 19:44:34,cust-008,Sophia Jones,Lucas Rodriguez (Cashier),9.99,0.8,0.0,10.79,4.8,5.19,COMPLETED,1
sale-1005,INV-2026-1005,2026-04-10 09:48:51,cust-007,Oliver Johnson,James Wilson (Senior Cashier),11.99,0.96,0.0,12.95,5.2,6.79,COMPLETED,1
sale-1006,INV-2026-1006,2026-04-10 12:48:21,cust-007,Oliver Johnson,Eleanor Vance (Admin),7.99,0.64,0.0,8.63,3.8,4.19,COMPLETED,1
sale-1007,INV-2026-1007,2026-04-10 14:38:16,cust-047,Jackson Johnson,Amara Patel (Cashier),38.96,3.12,0.0,42.08,17.7,21.26,COMPLETED,3
sale-1008,INV-2026-1008,2026-04-10 15:05:35,cust-011,Mason Wilson,Lucas Rodriguez (Cashier),27.96,2.24,0.0,30.2,12.0,15.96,COMPLETED,1
sale-1009,INV-2026-1009,2026-04-10 14:36:12,cust-003,Liam Martinez,Marcus Brody (Ops Manager),141.97,11.36,0.0,153.33,71.0,70.97,COMPLETED,3
sale-1010,INV-2026-1010,2026-04-10 10:54:14,cust-025,Daniel Thomas,James Wilson (Senior Cashier),5.49,0.44,0.0,5.93,2.5,2.99,COMPLETED,1
sale-1011,INV-2026-1011,2026-04-10 14:10:23,cust-011,Mason Wilson,James Wilson (Senior Cashier),26.48,2.12,0.0,28.6,13.1,13.38,COMPLETED,2
sale-1012,INV-2026-1012,2026-04-10 19:41:04,cust-003,Liam Martinez,Lucas Rodriguez (Cashier),65.45,5.24,0.0,70.69,30.5,34.95,COMPLETED,5
sale-1013,INV-2026-1013,2026-04-11 11:29:24,cust-015,Aiden Garcia,Lucas Rodriguez (Cashier),61.96,4.96,0.0,66.92,30.6,31.36,COMPLETED,3
sale-1014,INV-2026-1014,2026-04-11 14:53:49,cust-015,Aiden Garcia,Eleanor Vance (Admin),239.93,19.19,0.0,259.12,117.8,122.13,COMPLETED,5
sale-1015,INV-2026-1015,2026-04-11 15:17:04,cust-010,Isabella Hernandez,James Wilson (Senior Cashier),69.96,5.6,0.0,75.56,34.0,35.96,COMPLETED,3
sale-1016,INV-2026-1016,2026-04-11 16:25:56,cust-030,Ella Hernandez,Marcus Brody (Ops Manager),35.47,2.84,0.0,38.31,17.5,17.97,COMPLETED,2
sale-1017,INV-2026-1017,2026-04-11 12:47:35,cust-012,Mia Taylor,Lucas Rodriguez (Cashier),19.97,1.6,0.0,21.57,9.1,10.87,COMPLETED,3
sale-1018,INV-2026-1018,2026-04-11 18:25:23,cust-003,Liam Martinez,Lucas Rodriguez (Cashier),179.98,14.4,0.0,194.38,90.0,89.98,COMPLETED,1
sale-1019,INV-2026-1019,2026-04-11 09:55:07,cust-003,Liam Martinez,Amara Patel (Cashier),13.47,1.08,0.0,14.55,6.3,7.17,COMPLETED,1
sale-1020,INV-2026-1020,2026-04-11 15:24:38,cust-034,Olivia Williams,James Wilson (Senior Cashier),25.98,2.08,0.0,28.06,12.0,13.98,COMPLETED,1
sale-1021,INV-2026-1021,2026-04-11 09:43:46,cust-015,Aiden Garcia,Lucas Rodriguez (Cashier),24.99,2.0,0.0,26.99,12.5,12.49,COMPLETED,1
sale-1022,INV-2026-1022,2026-04-11 19:21:07,cust-003,Liam Martinez,Amara Patel (Cashier),13.98,1.06,0.7,14.34,6.0,7.28,COMPLETED,1
sale-1023,INV-2026-1023,2026-04-12 13:32:48,cust-015,Aiden Garcia,Eleanor Vance (Admin),46.44,3.72,0.0,50.16,21.3,25.14,COMPLETED,3
sale-1024,INV-2026-1024,2026-04-12 13:53:40,cust-004,Olivia Gonzalez,Marcus Brody (Ops Manager),9.99,0.8,0.0,10.79,4.5,5.49,COMPLETED,1
sale-1025,INV-2026-1025,2026-04-12 11:34:49,cust-001,James Brown,Lucas Rodriguez (Cashier),98.47,7.88,0.0,106.35,48.9,49.57,COMPLETED,3
sale-1026,INV-2026-1026,2026-04-12 09:07:59,cust-014,Charlotte Williams,James Wilson (Senior Cashier),6.99,0.56,0.0,7.55,3.0,3.99,COMPLETED,1
sale-1027,INV-2026-1027,2026-04-12 12:56:36,cust-006,Ava Jackson,Amara Patel (Cashier),691.9,55.35,0.0,747.25,345.2,346.7,COMPLETED,2
sale-1028,INV-2026-1028,2026-04-12 17:49:08,cust-008,Sophia Jones,Lucas Rodriguez (Cashier),4.49,0.36,0.0,4.85,2.1,2.39,COMPLETED,1
sale-1029,INV-2026-1029,2026-04-12 17:55:38,cust-004,Olivia Gonzalez,Lucas Rodriguez (Cashier),179.98,14.4,0.0,194.38,90.0,89.98,COMPLETED,1
sale-1030,INV-2026-1030,2026-04-12 12:45:19,cust-011,Mason Wilson,James Wilson (Senior Cashier),96.96,7.76,0.0,104.72,48.5,48.46,COMPLETED,2
sale-1031,INV-2026-1031,2026-04-12 17:28:07,cust-002,Emma Miller,James Wilson (Senior Cashier),26.94,2.05,1.35,27.64,12.6,12.99,COMPLETED,1
sale-1032,INV-2026-1032,2026-04-12 17:14:37,cust-002,Emma Miller,Eleanor Vance (Admin),12.98,1.04,0.0,14.02,5.6,7.38,COMPLETED,1
sale-1033,INV-2026-1033,2026-04-13 09:55:21,cust-004,Olivia Gonzalez,James Wilson (Senior Cashier),17.99,1.44,0.0,19.43,8.5,9.49,COMPLETED,1
sale-1034,INV-2026-1034,2026-04-13 12:34:08,cust-037,Oliver Lopez,Lucas Rodriguez (Cashier),41.96,3.36,0.0,45.32,19.6,22.36,COMPLETED,2
sale-1035,INV-2026-1035,2026-04-13 16:51:26,cust-002,Emma Miller,Amara Patel (Cashier),9.99,0.8,0.0,10.79,4.5,5.49,COMPLETED,1
sale-1036,INV-2026-1036,2026-04-13 15:29:55,cust-044,Charlotte Gonzalez,Eleanor Vance (Admin),134.98,10.26,6.75,138.49,67.0,61.23,COMPLETED,2
sale-1037,INV-2026-1037,2026-04-13 14:51:55,cust-004,Olivia Gonzalez,Marcus Brody (Ops Manager),186.95,14.96,0.0,201.91,91.2,95.75,COMPLETED,2
sale-1038,INV-2026-1038,2026-04-13 11:27:11,cust-004,Olivia Gonzalez,Eleanor Vance (Admin),7.99,0.64,0.0,8.63,3.8,4.19,COMPLETED,1
sale-1039,INV-2026-1039,2026-04-13 17:06:03,cust-035,Noah Garcia,Eleanor Vance (Admin),30.46,2.44,0.0,32.9,14.1,16.36,COMPLETED,4
sale-1040,INV-2026-1040,2026-04-14 12:10:26,cust-004,Olivia Gonzalez,Amara Patel (Cashier),53.97,4.32,0.0,58.29,25.5,28.47,COMPLETED,1
sale-1041,INV-2026-1041,2026-04-14 11:24:00,cust-017,Jackson Lopez,Amara Patel (Cashier),118.93,9.51,0.0,128.44,57.3,61.63,COMPLETED,4
sale-1042,INV-2026-1042,2026-04-14 17:42:45,cust-004,Olivia Gonzalez,James Wilson (Senior Cashier),103.97,8.32,0.0,112.29,51.4,52.57,COMPLETED,2
sale-1043,INV-2026-1043,2026-04-14 09:37:47,cust-012,Mia Taylor,James Wilson (Senior Cashier),27.98,2.13,1.4,28.71,13.0,13.58,COMPLETED,2
sale-1044,INV-2026-1044,2026-04-15 18:30:32,cust-034,Olivia Williams,Marcus Brody (Ops Manager),14.97,1.14,0.75,15.36,6.7,7.52,COMPLETED,3
sale-1045,INV-2026-1045,2026-04-15 17:05:54,cust-010,Isabella Hernandez,Eleanor Vance (Admin),27.99,2.24,0.0,30.23,14.0,13.99,COMPLETED,1
sale-1046,INV-2026-1046,2026-04-15 12:25:07,cust-037,Oliver Lopez,Marcus Brody (Ops Manager),32.45,2.6,0.0,35.05,14.7,17.75,COMPLETED,4
sale-1047,INV-2026-1047,2026-04-15 09:39:05,cust-010,Isabella Hernandez,Lucas Rodriguez (Cashier),6.49,0.52,0.0,7.01,2.8,3.69,COMPLETED,1
sale-1048,INV-2026-1048,2026-04-15 13:13:42,cust-016,Amelia Rodriguez,James Wilson (Senior Cashier),425.37,34.03,0.0,459.4,209.7,215.67,COMPLETED,4
sale-1049,INV-2026-1049,2026-04-15 19:41:19,cust-015,Aiden Garcia,Eleanor Vance (Admin),38.97,2.96,1.95,39.98,18.8,18.22,COMPLETED,3
sale-1050,INV-2026-1050,2026-04-15 18:36:06,cust-004,Olivia Gonzalez,Lucas Rodriguez (Cashier),778.39,62.27,0.0,840.66,387.1,391.29,COMPLETED,4
sale-1051,INV-2026-1051,2026-04-15 14:56:04,cust-024,Emily Gonzalez,James Wilson (Senior Cashier),301.93,24.15,0.0,326.08,150.6,151.33,COMPLETED,3
sale-1052,INV-2026-1052,2026-04-15 17:45:19,cust-013,Ethan Martin,Lucas Rodriguez (Cashier),39.43,3.0,1.97,40.46,17.6,19.86,COMPLETED,4
sale-1053,INV-2026-1053,2026-04-16 17:19:59,cust-009,Lucas Davis,James Wilson (Senior Cashier),14.99,1.14,0.75,15.38,7.5,6.74,COMPLETED,1
sale-1054,INV-2026-1054,2026-04-16 10:47:35,cust-005,Noah Thomas,Lucas Rodriguez (Cashier),19.99,1.6,0.0,21.59,9.0,10.99,COMPLETED,1
sale-1055,INV-2026-1055,2026-04-16 14:13:43,cust-005,Noah Thomas,Lucas Rodriguez (Cashier),3.99,0.32,0.0,4.31,1.8,2.19,COMPLETED,1
sale-1056,INV-2026-1056,2026-04-16 09:05:40,cust-005,Noah Thomas,Eleanor Vance (Admin),8.98,0.68,0.45,9.21,4.2,4.33,COMPLETED,1
sale-1057,INV-2026-1057,2026-04-16 11:40:16,cust-008,Sophia Jones,Lucas Rodriguez (Cashier),11.99,0.96,0.0,12.95,5.2,6.79,COMPLETED,1
sale-1058,INV-2026-1058,2026-04-16 17:00:07,cust-015,Aiden Garcia,Marcus Brody (Ops Manager),9.99,0.8,0.0,10.79,4.8,5.19,COMPLETED,1
sale-1059,INV-2026-1059,2026-04-16 14:37:35,cust-003,Liam Martinez,Eleanor Vance (Admin),45.98,3.68,0.0,49.66,22.5,23.48,COMPLETED,2
sale-1060,INV-2026-1060,2026-04-17 09:57:22,cust-004,Olivia Gonzalez,Eleanor Vance (Admin),116.92,9.35,0.0,126.27,57.3,59.62,COMPLETED,3
sale-1061,INV-2026-1061,2026-04-17 17:56:55,cust-010,Isabella Hernandez,Marcus Brody (Ops Manager),19.98,1.6,0.0,21.58,9.2,10.78,COMPLETED,2
sale-1062,INV-2026-1062,2026-04-17 12:55:10,cust-012,Mia Taylor,Amara Patel (Cashier),43.95,3.34,2.2,45.09,19.7,22.05,COMPLETED,2
sale-1063,INV-2026-1063,2026-04-17 14:50:59,cust-011,Mason Wilson,Marcus Brody (Ops Manager),31.96,2.56,0.0,34.52,14.4,17.56,COMPLETED,3
sale-1064,INV-2026-1064,2026-04-17 10:24:55,cust-008,Sophia Jones,Marcus Brody (Ops Manager),299.99,24.0,0.0,323.99,180.0,119.99,COMPLETED,1
sale-1065,INV-2026-1065,2026-04-17 16:22:19,cust-015,Aiden Garcia,Marcus Brody (Ops Manager),7.98,0.61,0.4,8.19,3.6,3.98,COMPLETED,1
sale-1066,INV-2026-1066,2026-04-17 12:25:21,cust-002,Emma Miller,James Wilson (Senior Cashier),79.48,6.36,0.0,85.84,40.1,39.38,COMPLETED,2
sale-1067,INV-2026-1067,2026-04-17 17:25:43,cust-035,Noah Garcia,James Wilson (Senior Cashier),37.97,3.04,0.0,41.01,17.2,20.77,COMPLETED,2
sale-1068,INV-2026-1068,2026-04-18 10:56:16,cust-005,Noah Thomas,Eleanor Vance (Admin),10.48,0.8,0.52,10.76,4.6,5.36,COMPLETED,2
sale-1069,INV-2026-1069,2026-04-18 15:22:46,cust-028,Mila Jones,Lucas Rodriguez (Cashier),379.95,30.4,0.0,410.35,189.0,190.95,COMPLETED,2
sale-1070,INV-2026-1070,2026-04-18 10:24:57,cust-005,Noah Thomas,Eleanor Vance (Admin),6.49,0.52,0.0,7.01,2.8,3.69,COMPLETED,1
sale-1071,INV-2026-1071,2026-04-18 09:33:59,cust-044,Charlotte Gonzalez,Marcus Brody (Ops Manager),66.93,5.35,0.0,72.28,30.0,36.93,COMPLETED,2
sale-1072,INV-2026-1072,2026-04-18 10:42:58,cust-006,Ava Jackson,Eleanor Vance (Admin),24.99,2.0,0.0,26.99,12.5,12.49,COMPLETED,1
sale-1073,INV-2026-1073,2026-04-18 13:32:19,cust-021,Alexander Brown,Amara Patel (Cashier),149.98,12.0,0.0,161.98,76.0,73.98,COMPLETED,1
sale-1074,INV-2026-1074,2026-04-18 17:08:12,cust-007,Oliver Johnson,Marcus Brody (Ops Manager),65.97,5.28,0.0,71.25,33.0,32.97,COMPLETED,1
sale-1075,INV-2026-1075,2026-04-18 13:25:35,cust-020,Evelyn Smith,James Wilson (Senior Cashier),3.99,0.32,0.0,4.31,1.8,2.19,COMPLETED,1
sale-1076,INV-2026-1076,2026-04-18 18:38:41,cust-008,Sophia Jones,Amara Patel (Cashier),219.98,17.6,0.0,237.58,110.0,109.98,COMPLETED,1
sale-1077,INV-2026-1077,2026-04-18 17:30:50,cust-048,Harper Jones,Marcus Brody (Ops Manager),69.95,5.6,0.0,75.55,34.1,35.85,COMPLETED,3
sale-1078,INV-2026-1078,2026-04-18 13:32:42,cust-006,Ava Jackson,Eleanor Vance (Admin),66.91,5.35,0.0,72.26,30.2,36.71,COMPLETED,5
sale-1079,INV-2026-1079,2026-04-18 12:43:19,cust-004,Olivia Gonzalez,Marcus Brody (Ops Manager),79.94,6.08,4.0,82.02,39.4,36.54,COMPLETED,4
sale-1080,INV-2026-1080,2026-04-18 12:30:39,cust-005,Noah Thomas,Amara Patel (Cashier),27.96,2.24,0.0,30.2,12.0,15.96,COMPLETED,1
sale-1081,INV-2026-1081,2026-04-18 19:36:12,cust-025,Daniel Thomas,Amara Patel (Cashier),16.98,1.36,0.0,18.34,7.4,9.58,COMPLETED,2
sale-1082,INV-2026-1082,2026-04-19 11:41:44,cust-013,Ethan Martin,Eleanor Vance (Admin),19.97,1.6,0.0,21.57,8.8,11.17,COMPLETED,2
sale-1083,INV-2026-1083,2026-04-19 12:11:51,cust-034,Olivia Williams,Amara Patel (Cashier),54.96,4.18,2.75,56.39,26.9,25.31,COMPLETED,2
sale-1084,INV-2026-1084,2026-04-19 12:58:54,cust-003,Liam Martinez,Amara Patel (Cashier),6.99,0.56,0.0,7.55,3.2,3.79,COMPLETED,1
sale-1085,INV-2026-1085,2026-04-19 17:38:20,cust-029,Sebastian Davis,Lucas Rodriguez (Cashier),272.94,21.84,0.0,294.78,136.2,136.74,COMPLETED,3
sale-1086,INV-2026-1086,2026-04-19 17:27:53,cust-029,Sebastian Davis,Marcus Brody (Ops Manager),449.94,36.0,0.0,485.94,228.0,221.94,COMPLETED,1
sale-1087,INV-2026-1087,2026-04-20 16:28:16,cust-041,Mason Brown,James Wilson (Senior Cashier),107.96,8.64,0.0,116.6,52.0,55.96,COMPLETED,3
sale-1088,INV-2026-1088,2026-04-20 17:31:40,cust-008,Sophia Jones,Eleanor Vance (Admin),10.48,0.84,0.0,11.32,4.7,5.78,COMPLETED,2
sale-1089,INV-2026-1089,2026-04-20 12:17:21,cust-009,Lucas Davis,Eleanor Vance (Admin),14.99,1.14,0.75,15.38,7.5,6.74,COMPLETED,1
sale-1090,INV-2026-1090,2026-04-20 12:24:44,cust-004,Olivia Gonzalez,Eleanor Vance (Admin),13.98,1.12,0.0,15.1,6.4,7.58,COMPLETED,1
sale-1091,INV-2026-1091,2026-04-21 14:34:29,cust-004,Olivia Gonzalez,Amara Patel (Cashier),116.95,9.36,0.0,126.31,57.0,59.95,COMPLETED,3
sale-1092,INV-2026-1092,2026-04-21 18:44:01,cust-049,Logan Davis,Lucas Rodriguez (Cashier),379.91,30.39,0.0,410.3,189.8,190.11,COMPLETED,5
sale-1093,INV-2026-1093,2026-04-21 09:22:19,cust-027,Henry Johnson,Lucas Rodriguez (Cashier),50.96,4.08,0.0,55.04,23.1,27.86,COMPLETED,2
sale-1094,INV-2026-1094,2026-04-21 17:51:38,cust-032,Emma Taylor,Marcus Brody (Ops Manager),87.96,7.04,0.0,95.0,44.0,43.96,COMPLETED,1
sale-1095,INV-2026-1095,2026-04-22 16:01:24,cust-011,Mason Wilson,Amara Patel (Cashier),31.98,2.56,0.0,34.54,15.5,16.48,COMPLETED,2
sale-1096,INV-2026-1096,2026-04-22 16:58:08,cust-035,Noah Garcia,Eleanor Vance (Admin),205.92,16.47,0.0,222.39,103.0,102.92,COMPLETED,2
sale-1097,INV-2026-1097,2026-04-22 18:36:42,cust-011,Mason Wilson,Amara Patel (Cashier),47.97,3.65,2.4,49.22,23.8,21.77,COMPLETED,2
sale-1098,INV-2026-1098,2026-04-22 16:11:03,cust-006,Ava Jackson,Marcus Brody (Ops Manager),97.91,7.83,0.0,105.74,44.5,53.41,COMPLETED,4
sale-1099,INV-2026-1099,2026-04-22 14:48:56,cust-013,Ethan Martin,Amara Patel (Cashier),25.98,2.08,0.0,28.06,12.0,13.98,COMPLETED,1
sale-1100,INV-2026-1100,2026-04-22 10:30:01,cust-004,Olivia Gonzalez,James Wilson (Senior Cashier),85.93,6.87,0.0,92.8,40.4,45.53,COMPLETED,5
sale-1101,INV-2026-1101,2026-04-22 10:49:41,cust-001,James Brown,Marcus Brody (Ops Manager),481.41,38.51,0.0,519.92,241.9,239.51,COMPLETED,3
sale-1102,INV-2026-1102,2026-04-23 09:39:09,cust-008,Sophia Jones,Eleanor Vance (Admin),14.99,1.2,0.0,16.19,7.5,7.49,COMPLETED,1
sale-1103,INV-2026-1103,2026-04-23 12:29:44,cust-006,Ava Jackson,Marcus Brody (Ops Manager),54.95,4.4,0.0,59.35,24.3,30.65,COMPLETED,4
sale-1104,INV-2026-1104,2026-04-23 10:49:52,cust-005,Noah Thomas,Eleanor Vance (Admin),26.45,2.12,0.0,28.57,12.3,14.15,COMPLETED,3
sale-1105,INV-2026-1105,2026-04-23 13:36:43,cust-025,Daniel Thomas,Amara Patel (Cashier),179.98,14.4,0.0,194.38,90.0,89.98,COMPLETED,1
sale-1106,INV-2026-1106,2026-04-23 12:04:37,cust-041,Mason Brown,Marcus Brody (Ops Manager),119.98,9.12,6.0,123.1,59.5,54.48,COMPLETED,2
sale-1107,INV-2026-1107,2026-04-23 13:54:43,cust-002,Emma Miller,Lucas Rodriguez (Cashier),19.99,1.6,0.0,21.59,9.0,10.99,COMPLETED,1
sale-1108,INV-2026-1108,2026-04-23 14:34:27,cust-005,Noah Thomas,Lucas Rodriguez (Cashier),21.47,1.72,0.0,23.19,10.1,11.37,COMPLETED,2
sale-1109,INV-2026-1109,2026-04-23 09:54:26,cust-007,Oliver Johnson,Amara Patel (Cashier),35.97,2.88,0.0,38.85,15.6,20.37,COMPLETED,1
sale-1110,INV-2026-1110,2026-04-23 19:57:53,cust-003,Liam Martinez,Amara Patel (Cashier),67.91,5.43,0.0,73.34,30.3,37.61,COMPLETED,4
sale-1111,INV-2026-1111,2026-04-24 17:41:17,cust-015,Aiden Garcia,Lucas Rodriguez (Cashier),6.99,0.56,0.0,7.55,3.2,3.79,COMPLETED,1
sale-1112,INV-2026-1112,2026-04-24 16:27:52,cust-018,Harper Anderson,James Wilson (Senior Cashier),13.98,1.12,0.0,15.1,6.4,7.58,COMPLETED,1
sale-1113,INV-2026-1113,2026-04-24 10:17:56,cust-013,Ethan Martin,Amara Patel (Cashier),23.97,1.92,0.0,25.89,11.4,12.57,COMPLETED,1
sale-1114,INV-2026-1114,2026-04-24 19:24:21,cust-014,Charlotte Williams,James Wilson (Senior Cashier),13.48,1.08,0.0,14.56,6.0,7.48,COMPLETED,2
sale-1115,INV-2026-1115,2026-04-24 12:22:51,cust-005,Noah Thomas,Lucas Rodriguez (Cashier),21.99,1.76,0.0,23.75,11.0,10.99,COMPLETED,1
sale-1116,INV-2026-1116,2026-04-24 13:35:00,cust-004,Olivia Gonzalez,Eleanor Vance (Admin),6.99,0.56,0.0,7.55,3.2,3.79,COMPLETED,1
sale-1117,INV-2026-1117,2026-04-24 15:31:35,cust-045,Aiden Thomas,Amara Patel (Cashier),7.99,0.64,0.0,8.63,3.8,4.19,COMPLETED,1
sale-1118,INV-2026-1118,2026-04-25 16:28:50,cust-005,Noah Thomas,Marcus Brody (Ops Manager),183.97,14.72,0.0,198.69,91.8,92.17,COMPLETED,2
sale-1119,INV-2026-1119,2026-04-25 12:19:42,cust-008,Sophia Jones,Lucas Rodriguez (Cashier),82.95,6.64,0.0,89.59,41.0,41.95,COMPLETED,3
sale-1120,INV-2026-1120,2026-04-25 15:47:35,cust-012,Mia Taylor,Amara Patel (Cashier),7.99,0.64,0.0,8.63,3.8,4.19,COMPLETED,1
sale-1121,INV-2026-1121,2026-04-25 13:14:07,cust-021,Alexander Brown,Eleanor Vance (Admin),30.97,2.48,0.0,33.45,15.1,15.87,COMPLETED,2
sale-1122,INV-2026-1122,2026-04-25 11:12:13,cust-018,Harper Anderson,Lucas Rodriguez (Cashier),53.97,4.32,0.0,58.29,25.5,28.47,COMPLETED,1
sale-1123,INV-2026-1123,2026-04-25 17:38:18,cust-013,Ethan Martin,James Wilson (Senior Cashier),309.98,24.8,0.0,334.78,184.8,125.18,COMPLETED,2
sale-1124,INV-2026-1124,2026-04-25 11:19:00,cust-009,Lucas Davis,James Wilson (Senior Cashier),189.99,14.44,9.5,194.93,95.0,85.49,COMPLETED,1
sale-1125,INV-2026-1125,2026-04-25 09:35:18,cust-009,Lucas Davis,Amara Patel (Cashier),21.99,1.67,1.1,22.56,11.0,9.89,COMPLETED,1
sale-1126,INV-2026-1126,2026-04-25 09:36:18,cust-008,Sophia Jones,James Wilson (Senior Cashier),20.97,1.68,0.0,22.65,9.6,11.37,COMPLETED,1
sale-1127,INV-2026-1127,2026-04-25 09:16:55,cust-014,Charlotte Williams,Eleanor Vance (Admin),48.98,3.92,0.0,52.9,23.8,25.18,COMPLETED,2
sale-1128,INV-2026-1128,2026-04-25 10:36:40,cust-010,Isabella Hernandez,Marcus Brody (Ops Manager),56.98,4.56,0.0,61.54,27.0,29.98,COMPLETED,2
sale-1129,INV-2026-1129,2026-04-25 13:05:15,cust-013,Ethan Martin,Amara Patel (Cashier),15.98,1.28,0.0,17.26,7.6,8.38,COMPLETED,1
sale-1130,INV-2026-1130,2026-04-25 18:14:49,cust-008,Sophia Jones,Amara Patel (Cashier),100.97,8.08,0.0,109.05,49.6,51.37,COMPLETED,2
sale-1131,INV-2026-1131,2026-04-26 18:27:19,cust-001,James Brown,Lucas Rodriguez (Cashier),21.99,1.76,0.0,23.75,11.0,10.99,COMPLETED,1
sale-1132,INV-2026-1132,2026-04-26 10:48:13,cust-005,Noah Thomas,Eleanor Vance (Admin),341.91,27.35,0.0,369.26,167.3,174.61,COMPLETED,4
sale-1133,INV-2026-1133,2026-04-26 11:35:04,cust-007,Oliver Johnson,Amara Patel (Cashier),71.44,5.72,0.0,77.16,34.0,37.44,COMPLETED,3
sale-1134,INV-2026-1134,2026-04-26 16:18:02,cust-012,Mia Taylor,James Wilson (Senior Cashier),7.99,0.64,0.0,8.63,3.5,4.49,COMPLETED,1
sale-1135,INV-2026-1135,2026-04-26 16:04:43,cust-005,Noah Thomas,Lucas Rodriguez (Cashier),4.99,0.4,0.0,5.39,2.2,2.79,COMPLETED,1
sale-1136,INV-2026-1136,2026-04-26 12:27:07,cust-011,Mason Wilson,Marcus Brody (Ops Manager),599.98,48.0,0.0,647.98,360.0,239.98,COMPLETED,1
sale-1137,INV-2026-1137,2026-04-26 11:04:03,cust-005,Noah Thomas,Lucas Rodriguez (Cashier),19.99,1.6,0.0,21.59,9.0,10.99,COMPLETED,1
sale-1138,INV-2026-1138,2026-04-27 18:58:18,cust-008,Sophia Jones,James Wilson (Senior Cashier),34.98,2.8,0.0,37.78,17.3,17.68,COMPLETED,2
sale-1139,INV-2026-1139,2026-04-27 13:32:34,cust-002,Emma Miller,Lucas Rodriguez (Cashier),84.99,6.46,4.25,87.2,42.0,38.74,COMPLETED,1
sale-1140,INV-2026-1140,2026-04-27 15:47:20,cust-001,James Brown,Eleanor Vance (Admin),67.47,5.4,0.0,72.87,32.5,34.97,COMPLETED,3
sale-1141,INV-2026-1141,2026-04-27 19:53:55,cust-001,James Brown,James Wilson (Senior Cashier),20.97,1.68,0.0,22.65,9.0,11.97,COMPLETED,1
sale-1142,INV-2026-1142,2026-04-27 11:30:33,cust-018,Harper Anderson,Marcus Brody (Ops Manager),112.91,9.03,0.0,121.94,53.4,59.51,COMPLETED,5
sale-1143,INV-2026-1143,2026-04-27 15:40:52,cust-002,Emma Miller,Amara Patel (Cashier),6.99,0.56,0.0,7.55,3.2,3.79,COMPLETED,1
sale-1144,INV-2026-1144,2026-04-28 14:20:42,cust-003,Liam Martinez,James Wilson (Senior Cashier),18.97,1.52,0.0,20.49,8.8,10.17,COMPLETED,2
sale-1145,INV-2026-1145,2026-04-28 16:18:42,cust-049,Logan Davis,Lucas Rodriguez (Cashier),42.97,3.27,2.15,44.09,21.0,19.82,COMPLETED,2
sale-1146,INV-2026-1146,2026-04-28 10:20:16,cust-013,Ethan Martin,Amara Patel (Cashier),19.98,1.6,0.0,21.58,9.5,10.48,COMPLETED,2
sale-1147,INV-2026-1147,2026-04-28 09:42:55,cust-007,Oliver Johnson,Eleanor Vance (Admin),647.94,51.84,0.0,699.78,382.2,265.74,COMPLETED,4
sale-1148,INV-2026-1148,2026-04-28 14:39:48,cust-008,Sophia Jones,Eleanor Vance (Admin),65.94,5.28,0.0,71.22,31.8,34.14,COMPLETED,4
sale-1149,INV-2026-1149,2026-04-28 17:08:59,cust-015,Aiden Garcia,Amara Patel (Cashier),327.95,24.92,16.4,336.47,193.2,118.35,COMPLETED,3
sale-1150,INV-2026-1150,2026-04-28 19:38:51,cust-003,Liam Martinez,James Wilson (Senior Cashier),69.94,5.6,0.0,75.54,32.4,37.54,COMPLETED,3
sale-1151,INV-2026-1151,2026-04-28 17:26:05,cust-014,Charlotte Williams,Eleanor Vance (Admin),38.46,3.08,0.0,41.54,18.4,20.06,COMPLETED,2
sale-1152,INV-2026-1152,2026-04-29 10:41:53,cust-015,Aiden Garcia,James Wilson (Senior Cashier),66.95,5.36,0.0,72.31,31.5,35.45,COMPLETED,2
sale-1153,INV-2026-1153,2026-04-29 13:26:53,cust-008,Sophia Jones,Marcus Brody (Ops Manager),40.46,3.24,0.0,43.7,17.7,22.76,COMPLETED,2
sale-1154,INV-2026-1154,2026-04-29 11:24:12,cust-033,Liam Martin,Marcus Brody (Ops Manager),246.94,19.76,0.0,266.7,122.4,124.54,COMPLETED,4
sale-1155,INV-2026-1155,2026-04-29 13:49:50,cust-022,Abigail Miller,Lucas Rodriguez (Cashier),1490.89,119.27,0.0,1610.16,862.5,628.39,COMPLETED,4
sale-1156,INV-2026-1156,2026-04-29 09:18:46,cust-010,Isabella Hernandez,Lucas Rodriguez (Cashier),32.98,2.64,0.0,35.62,15.0,17.98,COMPLETED,2
sale-1157,INV-2026-1157,2026-04-29 16:55:09,cust-008,Sophia Jones,James Wilson (Senior Cashier),126.95,10.16,0.0,137.11,62.4,64.55,COMPLETED,3
sale-1158,INV-2026-1158,2026-04-29 17:24:29,cust-013,Ethan Martin,Marcus Brody (Ops Manager),17.99,1.44,0.0,19.43,8.5,9.49,COMPLETED,1
sale-1159,INV-2026-1159,2026-04-29 12:54:49,cust-006,Ava Jackson,Amara Patel (Cashier),14.99,1.2,0.0,16.19,7.5,7.49,COMPLETED,1
sale-1160,INV-2026-1160,2026-04-29 15:24:42,cust-042,Mia Miller,Marcus Brody (Ops Manager),4.49,0.36,0.0,4.85,2.1,2.39,COMPLETED,1
sale-1161,INV-2026-1161,2026-04-30 09:08:32,cust-022,Abigail Miller,Eleanor Vance (Admin),113.97,9.12,0.0,123.09,55.4,58.57,COMPLETED,2
sale-1162,INV-2026-1162,2026-04-30 16:06:33,cust-001,James Brown,Marcus Brody (Ops Manager),290.42,23.23,0.0,313.65,145.7,144.72,COMPLETED,5
sale-1163,INV-2026-1163,2026-04-30 19:09:04,cust-005,Noah Thomas,James Wilson (Senior Cashier),9.99,0.8,0.0,10.79,4.5,5.49,COMPLETED,1
sale-1164,INV-2026-1164,2026-04-30 15:41:05,cust-044,Charlotte Gonzalez,Lucas Rodriguez (Cashier),39.97,3.2,0.0,43.17,19.5,20.47,COMPLETED,2
sale-1165,INV-2026-1165,2026-04-30 14:40:45,cust-032,Emma Taylor,Lucas Rodriguez (Cashier),17.98,1.37,0.9,18.45,8.2,8.88,COMPLETED,2
sale-1166,INV-2026-1166,2026-04-30 10:15:40,cust-019,Logan Moore,Marcus Brody (Ops Manager),15.96,1.28,0.0,17.24,7.2,8.76,COMPLETED,1
sale-1167,INV-2026-1167,2026-04-30 15:06:48,cust-014,Charlotte Williams,Eleanor Vance (Admin),43.98,3.52,0.0,47.5,22.0,21.98,COMPLETED,1
sale-1168,INV-2026-1168,2026-05-01 13:57:01,cust-013,Ethan Martin,Eleanor Vance (Admin),193.96,15.52,0.0,209.48,96.4,97.56,COMPLETED,2
sale-1169,INV-2026-1169,2026-05-01 14:27:09,cust-007,Oliver Johnson,Lucas Rodriguez (Cashier),9.99,0.8,0.0,10.79,4.5,5.49,COMPLETED,1
sale-1170,INV-2026-1170,2026-05-01 11:10:11,cust-014,Charlotte Williams,Amara Patel (Cashier),254.97,20.4,0.0,275.37,128.0,126.97,COMPLETED,2
sale-1171,INV-2026-1171,2026-05-01 12:31:58,cust-004,Olivia Gonzalez,Amara Patel (Cashier),164.47,13.16,0.0,177.63,83.0,81.47,COMPLETED,2
sale-1172,INV-2026-1172,2026-05-01 16:16:42,cust-013,Ethan Martin,Amara Patel (Cashier),36.45,2.92,0.0,39.37,16.2,20.25,COMPLETED,3
sale-1173,INV-2026-1173,2026-05-01 19:34:10,cust-006,Ava Jackson,Lucas Rodriguez (Cashier),74.99,6.0,0.0,80.99,38.0,36.99,COMPLETED,1
sale-1174,INV-2026-1174,2026-05-01 15:44:16,cust-005,Noah Thomas,Marcus Brody (Ops Manager),9.99,0.8,0.0,10.79,4.5,5.49,COMPLETED,1
sale-1175,INV-2026-1175,2026-05-01 16:06:15,cust-006,Ava Jackson,Lucas Rodriguez (Cashier),9.48,0.76,0.0,10.24,4.3,5.18,COMPLETED,2
sale-1176,INV-2026-1176,2026-05-01 13:01:53,cust-018,Harper Anderson,Eleanor Vance (Admin),19.99,1.6,0.0,21.59,9.0,10.99,COMPLETED,1
sale-1177,INV-2026-1177,2026-05-01 19:49:47,cust-039,Lucas Moore,Amara Patel (Cashier),22.98,1.84,0.0,24.82,10.8,12.18,COMPLETED,2
sale-1178,INV-2026-1178,2026-05-01 13:49:51,cust-013,Ethan Martin,James Wilson (Senior Cashier),58.43,4.67,0.0,63.1,26.9,31.53,COMPLETED,4
sale-1179,INV-2026-1179,2026-05-01 12:39:16,cust-047,Jackson Johnson,Marcus Brody (Ops Manager),19.98,1.6,0.0,21.58,9.6,10.38,COMPLETED,1
sale-1180,INV-2026-1180,2026-05-01 19:41:02,cust-008,Sophia Jones,Eleanor Vance (Admin),20.97,1.68,0.0,22.65,9.6,11.37,COMPLETED,1
sale-1181,INV-2026-1181,2026-05-02 11:05:58,cust-012,Mia Taylor,Amara Patel (Cashier),21.99,1.76,0.0,23.75,11.0,10.99,COMPLETED,1
sale-1182,INV-2026-1182,2026-05-02 11:50:34,cust-024,Emily Gonzalez,Lucas Rodriguez (Cashier),68.43,5.47,0.0,73.9,32.7,35.73,COMPLETED,4
sale-1183,INV-2026-1183,2026-05-02 13:53:10,cust-014,Charlotte Williams,Amara Patel (Cashier),16.47,1.32,0.0,17.79,7.5,8.97,COMPLETED,1
sale-1184,INV-2026-1184,2026-05-02 13:47:55,cust-002,Emma Miller,Amara Patel (Cashier),39.46,3.16,0.0,42.62,17.4,22.06,COMPLETED,2
sale-1185,INV-2026-1185,2026-05-02 11:48:14,cust-047,Jackson Johnson,Amara Patel (Cashier),17.48,1.4,0.0,18.88,8.1,9.38,COMPLETED,2
sale-1186,INV-2026-1186,2026-05-02 17:23:05,cust-001,James Brown,James Wilson (Senior Cashier),109.47,8.76,0.0,118.23,54.0,55.47,COMPLETED,3
sale-1187,INV-2026-1187,2026-05-02 16:23:43,cust-017,Jackson Lopez,Lucas Rodriguez (Cashier),103.92,8.31,0.0,112.23,51.0,52.92,COMPLETED,3
sale-1188,INV-2026-1188,2026-05-02 19:23:06,cust-031,James Wilson,Eleanor Vance (Admin),89.99,7.2,0.0,97.19,45.0,44.99,COMPLETED,1
sale-1189,INV-2026-1189,2026-05-02 17:20:58,cust-011,Mason Wilson,Eleanor Vance (Admin),29.48,2.36,0.0,31.84,14.6,14.88,COMPLETED,2
sale-1190,INV-2026-1190,2026-05-02 16:58:44,cust-007,Oliver Johnson,Eleanor Vance (Admin),142.96,10.86,7.15,146.67,71.5,64.31,COMPLETED,3
sale-1191,INV-2026-1191,2026-05-02 09:19:31,cust-004,Olivia Gonzalez,Lucas Rodriguez (Cashier),7.98,0.61,0.4,8.19,3.6,3.98,COMPLETED,1
sale-1192,INV-2026-1192,2026-05-03 16:23:42,cust-045,Aiden Thomas,Lucas Rodriguez (Cashier),41.98,3.36,0.0,45.34,20.0,21.98,COMPLETED,2
sale-1193,INV-2026-1193,2026-05-03 11:56:26,cust-032,Emma Taylor,Lucas Rodriguez (Cashier),57.92,4.63,0.0,62.55,25.6,32.32,COMPLETED,4
sale-1194,INV-2026-1194,2026-05-03 13:02:44,cust-008,Sophia Jones,Amara Patel (Cashier),113.98,9.12,0.0,123.1,56.8,57.18,COMPLETED,2
sale-1195,INV-2026-1195,2026-05-03 14:06:43,cust-015,Aiden Garcia,James Wilson (Senior Cashier),339.96,25.84,17.0,348.8,168.0,154.96,COMPLETED,1
sale-1196,INV-2026-1196,2026-05-03 13:12:07,cust-030,Ella Hernandez,Eleanor Vance (Admin),439.96,35.2,0.0,475.16,220.0,219.96,COMPLETED,1
sale-1197,INV-2026-1197,2026-05-03 19:40:38,cust-004,Olivia Gonzalez,James Wilson (Senior Cashier),22.47,1.8,0.0,24.27,10.5,11.97,COMPLETED,1
sale-1198,INV-2026-1198,2026-05-03 11:50:36,cust-014,Charlotte Williams,Lucas Rodriguez (Cashier),109.99,8.8,0.0,118.79,55.0,54.99,COMPLETED,1
sale-1199,INV-2026-1199,2026-05-03 12:52:55,cust-013,Ethan Martin,Marcus Brody (Ops Manager),139.92,11.19,0.0,151.11,69.3,70.62,COMPLETED,4
sale-1200,INV-2026-1200,2026-05-03 18:00:17,cust-010,Isabella Hernandez,Marcus Brody (Ops Manager),23.97,1.92,0.0,25.89,10.9,13.07,COMPLETED,2
sale-1201,INV-2026-1201,2026-05-03 11:07:42,cust-009,Lucas Davis,Eleanor Vance (Admin),17.99,1.44,0.0,19.43,8.5,9.49,COMPLETED,1
sale-1202,INV-2026-1202,2026-05-04 12:37:20,cust-005,Noah Thomas,Eleanor Vance (Admin),61.46,4.67,3.07,63.06,29.7,28.69,COMPLETED,3
sale-1203,INV-2026-1203,2026-05-04 15:33:07,cust-031,James Wilson,Amara Patel (Cashier),430.88,34.47,0.0,465.35,213.8,217.08,COMPLETED,3
sale-1204,INV-2026-1204,2026-05-04 17:37:06,cust-004,Olivia Gonzalez,Lucas Rodriguez (Cashier),7.99,0.61,0.4,8.2,3.5,4.09,COMPLETED,1
sale-1205,INV-2026-1205,2026-05-04 19:33:19,cust-001,James Brown,Eleanor Vance (Admin),82.92,6.63,0.0,89.55,36.2,46.72,COMPLETED,2
sale-1206,INV-2026-1206,2026-05-04 15:27:43,cust-012,Mia Taylor,Amara Patel (Cashier),22.98,1.75,1.15,23.58,10.7,11.13,COMPLETED,2
sale-1207,INV-2026-1207,2026-05-04 10:20:38,cust-003,Liam Martinez,James Wilson (Senior Cashier),21.99,1.76,0.0,23.75,11.0,10.99,COMPLETED,1
sale-1208,INV-2026-1208,2026-05-04 18:35:45,cust-010,Isabella Hernandez,Lucas Rodriguez (Cashier),89.99,7.2,0.0,97.19,45.0,44.99,COMPLETED,1
sale-1209,INV-2026-1209,2026-05-04 17:38:27,cust-012,Mia Taylor,Eleanor Vance (Admin),125.89,10.07,0.0,135.96,57.9,67.99,COMPLETED,5
sale-1210,INV-2026-1210,2026-05-05 19:56:49,cust-014,Charlotte Williams,Marcus Brody (Ops Manager),78.93,6.31,0.0,85.24,34.4,44.53,COMPLETED,2
sale-1211,INV-2026-1211,2026-05-05 12:26:21,cust-026,Elizabeth Jackson,Amara Patel (Cashier),50.95,4.08,0.0,55.03,22.9,28.05,COMPLETED,4
sale-1212,INV-2026-1212,2026-05-05 14:27:20,cust-024,Emily Gonzalez,Marcus Brody (Ops Manager),99.96,8.0,0.0,107.96,50.0,49.96,COMPLETED,1
sale-1213,INV-2026-1213,2026-05-06 16:04:05,cust-006,Ava Jackson,Amara Patel (Cashier),10.98,0.83,0.55,11.26,5.0,5.43,COMPLETED,2
sale-1214,INV-2026-1214,2026-05-06 14:51:08,cust-010,Isabella Hernandez,Lucas Rodriguez (Cashier),42.46,3.4,0.0,45.86,19.5,22.96,COMPLETED,2
sale-1215,INV-2026-1215,2026-05-06 19:07:26,cust-011,Mason Wilson,Amara Patel (Cashier),20.97,1.68,0.0,22.65,9.6,11.37,COMPLETED,1
sale-1216,INV-2026-1216,2026-05-06 09:18:38,cust-002,Emma Miller,Lucas Rodriguez (Cashier),70.45,5.64,0.0,76.09,34.4,36.05,COMPLETED,4
sale-1217,INV-2026-1217,2026-05-06 11:42:30,cust-002,Emma Miller,James Wilson (Senior Cashier),59.97,4.8,0.0,64.77,29.5,30.47,COMPLETED,2
sale-1218,INV-2026-1218,2026-05-06 14:07:48,cust-004,Olivia Gonzalez,Amara Patel (Cashier),68.44,5.48,0.0,73.92,31.8,36.64,COMPLETED,3
sale-1219,INV-2026-1219,2026-05-06 18:39:43,cust-001,James Brown,Lucas Rodriguez (Cashier),390.96,31.28,0.0,422.24,195.0,195.96,COMPLETED,2
sale-1220,INV-2026-1220,2026-05-06 13:01:11,cust-013,Ethan Martin,James Wilson (Senior Cashier),238.94,19.12,0.0,258.06,118.6,120.34,COMPLETED,3
sale-1221,INV-2026-1221,2026-05-06 14:00:11,cust-037,Oliver Lopez,Amara Patel (Cashier),116.45,8.85,5.82,119.48,57.1,53.53,COMPLETED,3
sale-1222,INV-2026-1222,2026-05-06 19:01:05,cust-014,Charlotte Williams,Amara Patel (Cashier),19.96,1.6,0.0,21.56,9.2,10.76,COMPLETED,3
sale-1223,INV-2026-1223,2026-05-07 14:10:23,cust-006,Ava Jackson,Lucas Rodriguez (Cashier),236.4,18.91,0.0,255.31,116.1,120.3,COMPLETED,5
sale-1224,INV-2026-1224,2026-05-07 09:09:10,cust-004,Olivia Gonzalez,Eleanor Vance (Admin),158.95,12.72,0.0,171.67,78.5,80.45,COMPLETED,4
sale-1225,INV-2026-1225,2026-05-07 19:27:31,cust-007,Oliver Johnson,James Wilson (Senior Cashier),11.99,0.96,0.0,12.95,5.2,6.79,COMPLETED,1
sale-1226,INV-2026-1226,2026-05-07 17:07:22,cust-005,Noah Thomas,Lucas Rodriguez (Cashier),99.96,8.0,0.0,107.96,49.2,50.76,COMPLETED,3
sale-1227,INV-2026-1227,2026-05-07 19:19:02,cust-010,Isabella Hernandez,Eleanor Vance (Admin),8.98,0.68,0.45,9.21,4.2,4.33,COMPLETED,1
sale-1228,INV-2026-1228,2026-05-07 13:13:49,cust-005,Noah Thomas,James Wilson (Senior Cashier),51.93,4.15,0.0,56.08,24.2,27.73,COMPLETED,2
sale-1229,INV-2026-1229,2026-05-08 09:31:47,cust-003,Liam Martinez,Amara Patel (Cashier),314.95,25.2,0.0,340.15,157.0,157.95,COMPLETED,3
sale-1230,INV-2026-1230,2026-05-08 12:32:35,cust-023,Elijah Martinez,Eleanor Vance (Admin),60.41,4.83,0.0,65.24,26.2,34.21,COMPLETED,4
sale-1231,INV-2026-1231,2026-05-08 09:27:01,cust-002,Emma Miller,James Wilson (Senior Cashier),150.91,12.07,0.0,162.98,71.9,79.01,COMPLETED,4
sale-1232,INV-2026-1232,2026-05-08 18:25:45,cust-005,Noah Thomas,Eleanor Vance (Admin),26.46,2.12,0.0,28.58,11.6,14.86,COMPLETED,3
sale-1233,INV-2026-1233,2026-05-08 14:10:51,cust-030,Ella Hernandez,James Wilson (Senior Cashier),41.95,3.19,2.1,43.04,19.5,20.35,COMPLETED,4
sale-1234,INV-2026-1234,2026-05-08 10:15:27,cust-009,Lucas Davis,Eleanor Vance (Admin),64.97,5.2,0.0,70.17,30.5,34.47,COMPLETED,2
sale-1235,INV-2026-1235,2026-05-08 13:47:21,cust-013,Ethan Martin,Marcus Brody (Ops Manager),14.99,1.14,0.75,15.38,7.5,6.74,COMPLETED,1
sale-1236,INV-2026-1236,2026-05-08 19:07:33,cust-015,Aiden Garcia,James Wilson (Senior Cashier),12.99,1.04,0.0,14.03,6.0,6.99,COMPLETED,1
sale-1237,INV-2026-1237,2026-05-09 19:52:09,cust-003,Liam Martinez,James Wilson (Senior Cashier),285.95,22.88,0.0,308.83,143.0,142.95,COMPLETED,2
sale-1238,INV-2026-1238,2026-05-09 18:09:48,cust-005,Noah Thomas,Marcus Brody (Ops Manager),14.99,1.2,0.0,16.19,7.5,7.49,COMPLETED,1
sale-1239,INV-2026-1239,2026-05-09 19:31:29,cust-049,Logan Davis,Lucas Rodriguez (Cashier),84.99,6.8,0.0,91.79,42.0,42.99,COMPLETED,1
sale-1240,INV-2026-1240,2026-05-09 18:41:40,cust-021,Alexander Brown,James Wilson (Senior Cashier),121.98,9.76,0.0,131.74,60.2,61.78,COMPLETED,2
sale-1241,INV-2026-1241,2026-05-09 10:30:28,cust-013,Ethan Martin,James Wilson (Senior Cashier),4.49,0.36,0.0,4.85,2.1,2.39,COMPLETED,1
sale-1242,INV-2026-1242,2026-05-09 14:32:04,cust-008,Sophia Jones,Eleanor Vance (Admin),89.99,6.84,4.5,92.33,45.0,40.49,COMPLETED,1
sale-1243,INV-2026-1243,2026-05-09 13:04:41,cust-006,Ava Jackson,Lucas Rodriguez (Cashier),6.99,0.56,0.0,7.55,3.2,3.79,COMPLETED,1
sale-1244,INV-2026-1244,2026-05-09 15:29:37,cust-013,Ethan Martin,Eleanor Vance (Admin),13.98,1.12,0.0,15.1,6.3,7.68,COMPLETED,2
sale-1245,INV-2026-1245,2026-05-09 18:41:12,cust-008,Sophia Jones,Lucas Rodriguez (Cashier),529.95,42.4,0.0,572.35,265.0,264.95,COMPLETED,2
sale-1246,INV-2026-1246,2026-05-09 09:28:06,cust-022,Abigail Miller,Eleanor Vance (Admin),230.96,18.48,0.0,249.44,115.0,115.96,COMPLETED,2
sale-1247,INV-2026-1247,2026-05-09 11:02:15,cust-029,Sebastian Davis,Lucas Rodriguez (Cashier),3.99,0.32,0.0,4.31,1.8,2.19,COMPLETED,1
sale-1248,INV-2026-1248,2026-05-10 11:23:23,cust-025,Daniel Thomas,Amara Patel (Cashier),46.46,3.72,0.0,50.18,22.6,23.86,COMPLETED,3
sale-1249,INV-2026-1249,2026-05-10 19:38:03,cust-042,Mia Miller,James Wilson (Senior Cashier),20.97,1.59,1.05,21.51,9.6,10.32,COMPLETED,1
sale-1250,INV-2026-1250,2026-05-10 10:35:43,cust-005,Noah Thomas,Lucas Rodriguez (Cashier),27.99,2.24,0.0,30.23,14.0,13.99,COMPLETED,1
sale-1251,INV-2026-1251,2026-05-10 14:05:37,cust-023,Elijah Martinez,James Wilson (Senior Cashier),7.98,0.64,0.0,8.62,3.6,4.38,COMPLETED,1
sale-1252,INV-2026-1252,2026-05-10 19:25:08,cust-002,Emma Miller,James Wilson (Senior Cashier),115.43,9.23,0.0,124.66,54.5,60.93,COMPLETED,2
sale-1253,INV-2026-1253,2026-05-10 19:50:21,cust-043,Ethan Martinez,Lucas Rodriguez (Cashier),381.41,28.99,19.07,391.33,188.3,174.04,COMPLETED,5
sale-1254,INV-2026-1254,2026-05-10 19:27:32,cust-006,Ava Jackson,James Wilson (Senior Cashier),262.96,21.04,0.0,284.0,129.8,133.16,COMPLETED,2
sale-1255,INV-2026-1255,2026-05-10 12:21:49,cust-004,Olivia Gonzalez,Marcus Brody (Ops Manager),58.96,4.72,0.0,63.68,27.7,31.26,COMPLETED,2
sale-1256,INV-2026-1256,2026-05-10 13:54:50,cust-013,Ethan Martin,Lucas Rodriguez (Cashier),99.93,7.99,0.0,107.92,47.2,52.73,COMPLETED,4
sale-1257,INV-2026-1257,2026-05-11 17:02:42,cust-013,Ethan Martin,Lucas Rodriguez (Cashier),53.97,4.1,2.7,55.37,25.5,25.77,COMPLETED,1
sale-1258,INV-2026-1258,2026-05-11 15:09:10,cust-012,Mia Taylor,Lucas Rodriguez (Cashier),86.94,6.96,0.0,93.9,42.0,44.94,COMPLETED,1
sale-1259,INV-2026-1259,2026-05-11 11:46:28,cust-006,Ava Jackson,Marcus Brody (Ops Manager),3.99,0.32,0.0,4.31,1.8,2.19,COMPLETED,1
sale-1260,INV-2026-1260,2026-05-11 18:18:48,cust-029,Sebastian Davis,Marcus Brody (Ops Manager),5.49,0.44,0.0,5.93,2.5,2.99,COMPLETED,1
sale-1261,INV-2026-1261,2026-05-11 13:51:50,cust-014,Charlotte Williams,Marcus Brody (Ops Manager),27.98,2.24,0.0,30.22,12.8,15.18,COMPLETED,2
sale-1262,INV-2026-1262,2026-05-11 18:28:29,cust-050,Evelyn Hernandez,Amara Patel (Cashier),101.42,8.11,0.0,109.53,48.5,52.92,COMPLETED,5
sale-1263,INV-2026-1263,2026-05-11 15:10:52,cust-010,Isabella Hernandez,Marcus Brody (Ops Manager),11.98,0.96,0.0,12.94,5.6,6.38,COMPLETED,2
sale-1264,INV-2026-1264,2026-05-11 09:41:30,cust-036,Ava Rodriguez,Eleanor Vance (Admin),116.98,9.36,0.0,126.34,58.2,58.78,COMPLETED,2
sale-1265,INV-2026-1265,2026-05-11 17:54:07,cust-013,Ethan Martin,Marcus Brody (Ops Manager),39.94,3.2,0.0,43.14,18.5,21.44,COMPLETED,3
sale-1266,INV-2026-1266,2026-05-12 17:09:53,cust-015,Aiden Garcia,Marcus Brody (Ops Manager),24.99,2.0,0.0,26.99,12.5,12.49,COMPLETED,1
sale-1267,INV-2026-1267,2026-05-12 14:59:01,cust-007,Oliver Johnson,Lucas Rodriguez (Cashier),118.96,9.52,0.0,128.48,58.7,60.26,COMPLETED,4
sale-1268,INV-2026-1268,2026-05-12 15:05:23,cust-006,Ava Jackson,Eleanor Vance (Admin),143.44,11.48,0.0,154.92,70.1,73.34,COMPLETED,5
sale-1269,INV-2026-1269,2026-05-12 19:21:50,cust-001,James Brown,James Wilson (Senior Cashier),43.98,3.52,0.0,47.5,22.0,21.98,COMPLETED,1
sale-1270,INV-2026-1270,2026-05-12 16:44:53,cust-012,Mia Taylor,Amara Patel (Cashier),25.96,2.08,0.0,28.04,11.2,14.76,COMPLETED,1
sale-1271,INV-2026-1271,2026-05-12 09:57:05,cust-004,Olivia Gonzalez,Marcus Brody (Ops Manager),6.49,0.52,0.0,7.01,2.8,3.69,COMPLETED,1
sale-1272,INV-2026-1272,2026-05-12 18:33:27,cust-005,Noah Thomas,Marcus Brody (Ops Manager),251.93,20.15,0.0,272.08,124.6,127.33,COMPLETED,3
sale-1273,INV-2026-1273,2026-05-13 09:15:26,cust-010,Isabella Hernandez,Amara Patel (Cashier),35.45,2.69,1.77,36.37,16.5,17.18,COMPLETED,2
sale-1274,INV-2026-1274,2026-05-13 16:38:34,cust-009,Lucas Davis,Lucas Rodriguez (Cashier),22.97,1.84,0.0,24.81,10.1,12.87,COMPLETED,2
sale-1275,INV-2026-1275,2026-05-13 11:18:27,cust-006,Ava Jackson,Marcus Brody (Ops Manager),456.43,36.51,0.0,492.94,230.8,225.63,COMPLETED,2
sale-1276,INV-2026-1276,2026-05-13 11:42:42,cust-006,Ava Jackson,Eleanor Vance (Admin),141.41,11.31,0.0,152.72,67.0,74.41,COMPLETED,5
sale-1277,INV-2026-1277,2026-05-13 17:32:50,cust-036,Ava Rodriguez,Eleanor Vance (Admin),83.97,6.72,0.0,90.69,42.0,41.97,COMPLETED,3
sale-1278,INV-2026-1278,2026-05-13 16:02:40,cust-006,Ava Jackson,James Wilson (Senior Cashier),25.98,2.08,0.0,28.06,12.0,13.98,COMPLETED,1
sale-1279,INV-2026-1279,2026-05-13 14:50:04,cust-012,Mia Taylor,Eleanor Vance (Admin),4.99,0.4,0.0,5.39,2.2,2.79,COMPLETED,1
sale-1280,INV-2026-1280,2026-05-14 14:08:02,cust-006,Ava Jackson,Marcus Brody (Ops Manager),39.98,3.2,0.0,43.18,18.0,21.98,COMPLETED,1
sale-1281,INV-2026-1281,2026-05-14 19:29:44,cust-003,Liam Martinez,Marcus Brody (Ops Manager),57.96,4.4,2.9,59.46,28.5,26.56,COMPLETED,2
sale-1282,INV-2026-1282,2026-05-14 16:02:18,cust-013,Ethan Martin,Marcus Brody (Ops Manager),97.98,7.84,0.0,105.82,48.8,49.18,COMPLETED,2
sale-1283,INV-2026-1283,2026-05-14 14:59:19,cust-014,Charlotte Williams,Lucas Rodriguez (Cashier),59.96,4.8,0.0,64.76,27.6,32.36,COMPLETED,2
sale-1284,INV-2026-1284,2026-05-14 09:48:41,cust-006,Ava Jackson,Eleanor Vance (Admin),216.94,17.36,0.0,234.3,106.5,110.44,COMPLETED,3
sale-1285,INV-2026-1285,2026-05-15 14:17:07,cust-028,Mila Jones,Amara Patel (Cashier),6.99,0.56,0.0,7.55,3.0,3.99,COMPLETED,1
sale-1286,INV-2026-1286,2026-05-15 15:21:11,cust-008,Sophia Jones,James Wilson (Senior Cashier),127.45,10.2,0.0,137.65,63.8,63.65,COMPLETED,4
sale-1287,INV-2026-1287,2026-05-15 17:17:51,cust-007,Oliver Johnson,Eleanor Vance (Admin),39.98,3.2,0.0,43.18,18.0,21.98,COMPLETED,1
sale-1288,INV-2026-1288,2026-05-15 11:34:18,cust-002,Emma Miller,James Wilson (Senior Cashier),4.99,0.4,0.0,5.39,2.2,2.79,COMPLETED,1
sale-1289,INV-2026-1289,2026-05-15 13:28:38,cust-011,Mason Wilson,Amara Patel (Cashier),44.99,3.6,0.0,48.59,22.0,22.99,COMPLETED,1
sale-1290,INV-2026-1290,2026-05-15 09:46:55,cust-040,Isabella Smith,Amara Patel (Cashier),409.98,32.8,0.0,442.78,235.0,174.98,COMPLETED,2
sale-1291,INV-2026-1291,2026-05-15 09:04:42,cust-006,Ava Jackson,Lucas Rodriguez (Cashier),369.88,29.59,0.0,399.47,183.4,186.48,COMPLETED,5
sale-1292,INV-2026-1292,2026-05-15 19:10:01,cust-010,Isabella Hernandez,Amara Patel (Cashier),11.99,0.91,0.6,12.3,5.2,6.19,COMPLETED,1
sale-1293,INV-2026-1293,2026-05-15 10:15:49,cust-006,Ava Jackson,Amara Patel (Cashier),62.44,5.0,0.0,67.44,29.8,32.64,COMPLETED,3
sale-1294,INV-2026-1294,2026-05-16 09:38:09,cust-024,Emily Gonzalez,James Wilson (Senior Cashier),11.99,0.96,0.0,12.95,5.2,6.79,COMPLETED,1
sale-1295,INV-2026-1295,2026-05-16 10:36:08,cust-007,Oliver Johnson,James Wilson (Senior Cashier),38.96,3.12,0.0,42.08,18.1,20.86,COMPLETED,2
sale-1296,INV-2026-1296,2026-05-16 12:07:01,cust-032,Emma Taylor,Lucas Rodriguez (Cashier),179.98,14.4,0.0,194.38,90.0,89.98,COMPLETED,1
sale-1297,INV-2026-1297,2026-05-16 17:07:16,cust-046,Amelia Jackson,Amara Patel (Cashier),24.48,1.96,0.0,26.44,11.8,12.68,COMPLETED,2
sale-1298,INV-2026-1298,2026-05-16 18:18:44,cust-032,Emma Taylor,Marcus Brody (Ops Manager),176.97,13.45,8.85,181.57,87.2,80.92,COMPLETED,2
sale-1299,INV-2026-1299,2026-05-16 10:28:11,cust-029,Sebastian Davis,Eleanor Vance (Admin),217.93,17.43,0.0,235.36,106.0,111.93,COMPLETED,2
sale-1300,INV-2026-1300,2026-05-16 14:42:22,cust-036,Ava Rodriguez,Lucas Rodriguez (Cashier),17.99,1.44,0.0,19.43,8.5,9.49,COMPLETED,1
sale-1301,INV-2026-1301,2026-05-16 13:54:10,cust-045,Aiden Thomas,Marcus Brody (Ops Manager),24.99,2.0,0.0,26.99,12.5,12.49,COMPLETED,1
sale-1302,INV-2026-1302,2026-05-16 17:14:07,cust-009,Lucas Davis,Marcus Brody (Ops Manager),72.95,5.84,0.0,78.79,35.6,37.35,COMPLETED,4
sale-1303,INV-2026-1303,2026-05-16 09:23:35,cust-008,Sophia Jones,Lucas Rodriguez (Cashier),11.98,0.91,0.6,12.29,5.3,6.08,COMPLETED,2
sale-1304,INV-2026-1304,2026-05-16 10:04:19,cust-012,Mia Taylor,Amara Patel (Cashier),38.94,3.12,0.0,42.06,16.8,22.14,COMPLETED,1
sale-1305,INV-2026-1305,2026-05-16 15:52:36,cust-006,Ava Jackson,Eleanor Vance (Admin),25.48,2.04,0.0,27.52,12.0,13.48,COMPLETED,2
sale-1306,INV-2026-1306,2026-05-16 19:33:22,cust-014,Charlotte Williams,Lucas Rodriguez (Cashier),20.97,1.68,0.0,22.65,9.2,11.77,COMPLETED,2
sale-1307,INV-2026-1307,2026-05-16 11:49:08,cust-015,Aiden Garcia,Eleanor Vance (Admin),154.97,12.4,0.0,167.37,78.2,76.77,COMPLETED,2
sale-1308,INV-2026-1308,2026-05-16 17:09:19,cust-006,Ava Jackson,Marcus Brody (Ops Manager),10.98,0.88,0.0,11.86,4.8,6.18,COMPLETED,2
sale-1309,INV-2026-1309,2026-05-16 17:57:18,cust-017,Jackson Lopez,Marcus Brody (Ops Manager),459.96,36.8,0.0,496.76,232.0,227.96,COMPLETED,1
sale-1310,INV-2026-1310,2026-05-16 17:17:08,cust-010,Isabella Hernandez,Lucas Rodriguez (Cashier),12.47,0.95,0.62,12.8,5.7,6.15,COMPLETED,2
sale-1311,INV-2026-1311,2026-05-17 19:10:37,cust-010,Isabella Hernandez,Marcus Brody (Ops Manager),25.96,2.08,0.0,28.04,11.7,14.26,COMPLETED,3
sale-1312,INV-2026-1312,2026-05-17 18:21:53,cust-003,Liam Martinez,Eleanor Vance (Admin),7.99,0.61,0.4,8.2,3.8,3.79,COMPLETED,1
sale-1313,INV-2026-1313,2026-05-17 19:49:36,cust-004,Olivia Gonzalez,Lucas Rodriguez (Cashier),85.93,6.87,0.0,92.8,40.8,45.13,COMPLETED,4
sale-1314,INV-2026-1314,2026-05-17 19:01:31,cust-035,Noah Garcia,James Wilson (Senior Cashier),668.89,53.51,0.0,722.4,390.9,277.99,COMPLETED,5
sale-1315,INV-2026-1315,2026-05-17 13:30:15,cust-044,Charlotte Gonzalez,Amara Patel (Cashier),12.99,1.04,0.0,14.03,6.0,6.99,COMPLETED,1
sale-1316,INV-2026-1316,2026-05-17 10:44:03,cust-007,Oliver Johnson,Amara Patel (Cashier),99.95,8.0,0.0,107.95,49.6,50.35,COMPLETED,2
sale-1317,INV-2026-1317,2026-05-17 14:38:09,cust-012,Mia Taylor,James Wilson (Senior Cashier),15.96,1.28,0.0,17.24,7.2,8.76,COMPLETED,1
sale-1318,INV-2026-1318,2026-05-18 14:25:08,cust-033,Liam Martin,Lucas Rodriguez (Cashier),24.47,1.86,1.22,25.11,11.3,11.95,COMPLETED,3
sale-1319,INV-2026-1319,2026-05-18 12:29:07,cust-004,Olivia Gonzalez,Marcus Brody (Ops Manager),27.96,2.12,1.4,28.68,12.8,13.76,COMPLETED,1
sale-1320,INV-2026-1320,2026-05-18 13:24:55,cust-004,Olivia Gonzalez,Marcus Brody (Ops Manager),32.98,2.64,0.0,35.62,16.2,16.78,COMPLETED,2
sale-1321,INV-2026-1321,2026-05-18 18:46:20,cust-003,Liam Martinez,Amara Patel (Cashier),87.97,7.04,0.0,95.01,43.6,44.37,COMPLETED,2
sale-1322,INV-2026-1322,2026-05-18 16:31:56,cust-001,James Brown,Eleanor Vance (Admin),38.97,3.12,0.0,42.09,18.9,20.07,COMPLETED,2
sale-1323,INV-2026-1323,2026-05-18 17:29:15,cust-006,Ava Jackson,Eleanor Vance (Admin),114.99,8.74,5.75,117.98,58.0,51.24,COMPLETED,1
sale-1324,INV-2026-1324,2026-05-18 16:38:56,cust-044,Charlotte Gonzalez,Amara Patel (Cashier),99.48,7.96,0.0,107.44,49.0,50.48,COMPLETED,2
sale-1325,INV-2026-1325,2026-05-18 09:54:06,cust-015,Aiden Garcia,James Wilson (Senior Cashier),149.98,12.0,0.0,161.98,76.0,73.98,COMPLETED,1
sale-1326,INV-2026-1326,2026-05-18 15:23:02,cust-010,Isabella Hernandez,Lucas Rodriguez (Cashier),26.94,2.16,0.0,29.1,12.6,14.34,COMPLETED,1
sale-1327,INV-2026-1327,2026-05-18 17:18:04,cust-008,Sophia Jones,Lucas Rodriguez (Cashier),63.95,5.12,0.0,69.07,30.6,33.35,COMPLETED,3
sale-1328,INV-2026-1328,2026-05-18 18:43:39,cust-002,Emma Miller,Amara Patel (Cashier),33.96,2.72,0.0,36.68,15.9,18.06,COMPLETED,2
sale-1329,INV-2026-1329,2026-05-18 14:35:23,cust-013,Ethan Martin,Lucas Rodriguez (Cashier),102.97,8.24,0.0,111.21,50.7,52.27,COMPLETED,3
sale-1330,INV-2026-1330,2026-05-19 17:02:02,cust-012,Mia Taylor,James Wilson (Senior Cashier),76.92,6.15,0.0,83.07,35.0,41.92,COMPLETED,3
sale-1331,INV-2026-1331,2026-05-19 17:29:09,cust-009,Lucas Davis,Marcus Brody (Ops Manager),921.95,73.76,0.0,995.71,550.5,371.45,COMPLETED,3
sale-1332,INV-2026-1332,2026-05-19 18:20:10,cust-010,Isabella Hernandez,James Wilson (Senior Cashier),14.99,1.2,0.0,16.19,7.5,7.49,COMPLETED,1
sale-1333,INV-2026-1333,2026-05-19 17:53:32,cust-012,Mia Taylor,Lucas Rodriguez (Cashier),17.99,1.44,0.0,19.43,8.5,9.49,COMPLETED,1
sale-1334,INV-2026-1334,2026-05-19 09:23:21,cust-027,Henry Johnson,Lucas Rodriguez (Cashier),12.99,1.04,0.0,14.03,6.0,6.99,COMPLETED,1
sale-1335,INV-2026-1335,2026-05-19 19:01:38,cust-011,Mason Wilson,Lucas Rodriguez (Cashier),23.46,1.88,0.0,25.34,10.3,13.16,COMPLETED,3
sale-1336,INV-2026-1336,2026-05-19 09:37:30,cust-011,Mason Wilson,Lucas Rodriguez (Cashier),3.99,0.32,0.0,4.31,1.8,2.19,COMPLETED,1
sale-1337,INV-2026-1337,2026-05-20 15:09:52,cust-003,Liam Martinez,Lucas Rodriguez (Cashier),23.96,1.92,0.0,25.88,10.6,13.36,COMPLETED,2
sale-1338,INV-2026-1338,2026-05-20 10:12:01,cust-007,Oliver Johnson,Marcus Brody (Ops Manager),4.49,0.36,0.0,4.85,2.1,2.39,COMPLETED,1
sale-1339,INV-2026-1339,2026-05-20 12:26:32,cust-031,James Wilson,Eleanor Vance (Admin),184.46,14.76,0.0,199.22,91.1,93.36,COMPLETED,3
sale-1340,INV-2026-1340,2026-05-20 17:13:35,cust-011,Mason Wilson,Amara Patel (Cashier),359.96,28.8,0.0,388.76,180.0,179.96,COMPLETED,1
sale-1341,INV-2026-1341,2026-05-20 14:11:29,cust-022,Abigail Miller,Lucas Rodriguez (Cashier),41.96,3.36,0.0,45.32,20.4,21.56,COMPLETED,3
sale-1342,INV-2026-1342,2026-05-20 19:41:51,cust-040,Isabella Smith,Amara Patel (Cashier),12.98,1.04,0.0,14.02,5.6,7.38,COMPLETED,1
sale-1343,INV-2026-1343,2026-05-20 12:17:35,cust-005,Noah Thomas,James Wilson (Senior Cashier),89.99,7.2,0.0,97.19,45.0,44.99,COMPLETED,1
sale-1344,INV-2026-1344,2026-05-21 16:20:30,cust-015,Aiden Garcia,James Wilson (Senior Cashier),97.92,7.83,0.0,105.75,44.9,53.02,COMPLETED,5
sale-1345,INV-2026-1345,2026-05-21 18:43:34,cust-007,Oliver Johnson,James Wilson (Senior Cashier),55.98,4.48,0.0,60.46,28.0,27.98,COMPLETED,1
sale-1346,INV-2026-1346,2026-05-21 11:18:02,cust-012,Mia Taylor,Eleanor Vance (Admin),55.98,4.48,0.0,60.46,28.0,27.98,COMPLETED,1
sale-1347,INV-2026-1347,2026-05-21 16:41:16,cust-014,Charlotte Williams,Marcus Brody (Ops Manager),77.97,6.24,0.0,84.21,37.8,40.17,COMPLETED,2
sale-1348,INV-2026-1348,2026-05-21 13:59:35,cust-009,Lucas Davis,Eleanor Vance (Admin),6.99,0.56,0.0,7.55,3.0,3.99,COMPLETED,1
sale-1349,INV-2026-1349,2026-05-21 18:15:15,cust-015,Aiden Garcia,Lucas Rodriguez (Cashier),4.99,0.4,0.0,5.39,2.2,2.79,COMPLETED,1
sale-1350,INV-2026-1350,2026-05-21 12:03:06,cust-012,Mia Taylor,Amara Patel (Cashier),21.48,1.63,1.07,22.04,10.0,10.41,COMPLETED,2
sale-1351,INV-2026-1351,2026-05-21 11:00:35,cust-011,Mason Wilson,Amara Patel (Cashier),54.93,4.39,0.0,59.32,25.5,29.43,COMPLETED,4
sale-1352,INV-2026-1352,2026-05-21 16:30:41,cust-005,Noah Thomas,James Wilson (Senior Cashier),64.92,5.19,0.0,70.11,28.8,36.12,COMPLETED,3
sale-1353,INV-2026-1353,2026-05-22 09:58:49,cust-010,Isabella Hernandez,Marcus Brody (Ops Manager),36.44,2.92,0.0,39.36,16.5,19.94,COMPLETED,3
sale-1354,INV-2026-1354,2026-05-22 09:58:58,cust-015,Aiden Garcia,Marcus Brody (Ops Manager),48.47,3.88,0.0,52.35,24.1,24.37,COMPLETED,2
sale-1355,INV-2026-1355,2026-05-22 09:53:25,cust-012,Mia Taylor,James Wilson (Senior Cashier),21.47,1.72,0.0,23.19,9.5,11.97,COMPLETED,3
sale-1356,INV-2026-1356,2026-05-22 09:19:36,cust-015,Aiden Garcia,James Wilson (Senior Cashier),257.96,20.64,0.0,278.6,128.0,129.96,COMPLETED,3
sale-1357,INV-2026-1357,2026-05-22 19:34:33,cust-003,Liam Martinez,Lucas Rodriguez (Cashier),41.96,3.36,0.0,45.32,18.7,23.26,COMPLETED,3
sale-1358,INV-2026-1358,2026-05-22 12:51:07,cust-012,Mia Taylor,Amara Patel (Cashier),406.94,32.56,0.0,439.5,202.5,204.44,COMPLETED,3
sale-1359,INV-2026-1359,2026-05-22 11:00:47,cust-005,Noah Thomas,Lucas Rodriguez (Cashier),65.97,5.28,0.0,71.25,33.0,32.97,COMPLETED,1
sale-1360,INV-2026-1360,2026-05-22 12:11:39,cust-026,Elizabeth Jackson,Amara Patel (Cashier),94.43,7.55,0.0,101.98,43.5,50.93,COMPLETED,5
sale-1361,INV-2026-1361,2026-05-22 10:25:42,cust-003,Liam Martinez,Amara Patel (Cashier),3.99,0.32,0.0,4.31,1.8,2.19,COMPLETED,1
sale-1362,INV-2026-1362,2026-05-22 12:00:16,cust-008,Sophia Jones,James Wilson (Senior Cashier),21.48,1.72,0.0,23.2,10.3,11.18,COMPLETED,2
sale-1363,INV-2026-1363,2026-05-22 13:37:46,cust-005,Noah Thomas,James Wilson (Senior Cashier),54.96,4.4,0.0,59.36,25.0,29.96,COMPLETED,2
sale-1364,INV-2026-1364,2026-05-23 09:42:07,cust-003,Liam Martinez,Amara Patel (Cashier),3.99,0.32,0.0,4.31,1.8,2.19,COMPLETED,1
sale-1365,INV-2026-1365,2026-05-23 13:44:07,cust-005,Noah Thomas,James Wilson (Senior Cashier),24.99,2.0,0.0,26.99,12.5,12.49,COMPLETED,1
sale-1366,INV-2026-1366,2026-05-23 12:08:30,cust-012,Mia Taylor,Lucas Rodriguez (Cashier),118.47,9.48,0.0,127.95,58.9,59.57,COMPLETED,3
sale-1367,INV-2026-1367,2026-05-23 17:58:30,cust-043,Ethan Martinez,Marcus Brody (Ops Manager),94.97,7.6,0.0,102.57,47.0,47.97,COMPLETED,2
sale-1368,INV-2026-1368,2026-05-23 19:48:38,cust-006,Ava Jackson,Lucas Rodriguez (Cashier),114.43,9.15,0.0,123.58,55.1,59.33,COMPLETED,5
sale-1369,INV-2026-1369,2026-05-23 14:04:58,cust-001,James Brown,Lucas Rodriguez (Cashier),7.99,0.64,0.0,8.63,3.8,4.19,COMPLETED,1
sale-1370,INV-2026-1370,2026-05-23 12:36:34,cust-006,Ava Jackson,Lucas Rodriguez (Cashier),269.97,21.6,0.0,291.57,135.0,134.97,COMPLETED,1
sale-1371,INV-2026-1371,2026-05-23 19:13:45,cust-002,Emma Miller,Lucas Rodriguez (Cashier),4.49,0.36,0.0,4.85,2.1,2.39,COMPLETED,1
sale-1372,INV-2026-1372,2026-05-23 09:29:08,cust-008,Sophia Jones,Lucas Rodriguez (Cashier),33.95,2.58,1.7,34.83,15.7,16.55,COMPLETED,4
sale-1373,INV-2026-1373,2026-05-23 16:43:51,cust-001,James Brown,Amara Patel (Cashier),49.98,4.0,0.0,53.98,25.0,24.98,COMPLETED,1
sale-1374,INV-2026-1374,2026-05-23 09:47:13,cust-001,James Brown,Amara Patel (Cashier),27.97,2.24,0.0,30.21,12.9,15.07,COMPLETED,2
sale-1375,INV-2026-1375,2026-05-24 10:34:03,cust-005,Noah Thomas,Amara Patel (Cashier),38.47,2.92,1.92,39.47,18.3,18.25,COMPLETED,3
sale-1376,INV-2026-1376,2026-05-24 15:11:49,cust-011,Mason Wilson,Amara Patel (Cashier),5.49,0.44,0.0,5.93,2.5,2.99,COMPLETED,1
sale-1377,INV-2026-1377,2026-05-24 15:28:55,cust-025,Daniel Thomas,Amara Patel (Cashier),7.99,0.61,0.4,8.2,3.5,4.09,COMPLETED,1
sale-1378,INV-2026-1378,2026-05-24 19:55:34,cust-014,Charlotte Williams,James Wilson (Senior Cashier),159.95,12.16,8.0,164.11,80.0,71.95,COMPLETED,3
sale-1379,INV-2026-1379,2026-05-24 17:25:33,cust-004,Olivia Gonzalez,Eleanor Vance (Admin),46.96,3.76,0.0,50.72,21.8,25.16,COMPLETED,2
sale-1380,INV-2026-1380,2026-05-24 13:29:43,cust-028,Mila Jones,Lucas Rodriguez (Cashier),119.45,9.56,0.0,129.01,59.5,59.95,COMPLETED,2
sale-1381,INV-2026-1381,2026-05-24 12:15:29,cust-005,Noah Thomas,Marcus Brody (Ops Manager),104.93,8.39,0.0,113.32,50.5,54.43,COMPLETED,2
sale-1382,INV-2026-1382,2026-05-25 10:02:51,cust-040,Isabella Smith,Eleanor Vance (Admin),54.93,4.39,0.0,59.32,25.5,29.43,COMPLETED,2
sale-1383,INV-2026-1383,2026-05-25 10:06:38,cust-010,Isabella Hernandez,Eleanor Vance (Admin),307.98,24.64,0.0,332.62,183.8,124.18,COMPLETED,2
sale-1384,INV-2026-1384,2026-05-25 09:25:28,cust-004,Olivia Gonzalez,Eleanor Vance (Admin),3.99,0.3,0.2,4.09,1.8,1.99,COMPLETED,1
sale-1385,INV-2026-1385,2026-05-25 13:14:52,cust-037,Oliver Lopez,James Wilson (Senior Cashier),603.97,48.32,0.0,652.29,361.8,242.17,COMPLETED,2
sale-1386,INV-2026-1386,2026-05-25 19:52:20,cust-015,Aiden Garcia,Marcus Brody (Ops Manager),144.94,11.6,0.0,156.54,72.8,72.14,COMPLETED,3
sale-1387,INV-2026-1387,2026-05-25 17:14:26,cust-001,James Brown,Lucas Rodriguez (Cashier),40.96,3.28,0.0,44.24,19.1,21.86,COMPLETED,3
sale-1388,INV-2026-1388,2026-05-25 11:40:43,cust-008,Sophia Jones,Eleanor Vance (Admin),33.97,2.72,0.0,36.69,16.8,17.17,COMPLETED,2
sale-1389,INV-2026-1389,2026-05-25 19:42:24,cust-021,Alexander Brown,Amara Patel (Cashier),14.49,1.16,0.0,15.65,7.0,7.49,COMPLETED,1
sale-1390,INV-2026-1390,2026-05-26 13:24:11,cust-031,James Wilson,Marcus Brody (Ops Manager),46.44,3.72,0.0,50.16,21.0,25.44,COMPLETED,2
sale-1391,INV-2026-1391,2026-05-26 13:54:45,cust-008,Sophia Jones,Eleanor Vance (Admin),89.94,7.2,0.0,97.14,45.0,44.94,COMPLETED,1
sale-1392,INV-2026-1392,2026-05-26 15:35:33,cust-004,Olivia Gonzalez,James Wilson (Senior Cashier),309.95,24.8,0.0,334.75,155.0,154.95,COMPLETED,3
sale-1393,INV-2026-1393,2026-05-26 19:05:59,cust-006,Ava Jackson,Eleanor Vance (Admin),19.47,1.56,0.0,21.03,8.4,11.07,COMPLETED,1
sale-1394,INV-2026-1394,2026-05-26 12:03:17,cust-010,Isabella Hernandez,Lucas Rodriguez (Cashier),31.96,2.43,1.6,32.79,14.0,16.36,COMPLETED,1
sale-1395,INV-2026-1395,2026-05-26 10:12:51,cust-047,Jackson Johnson,Lucas Rodriguez (Cashier),4.49,0.36,0.0,4.85,2.1,2.39,COMPLETED,1
sale-1396,INV-2026-1396,2026-05-26 12:55:58,cust-015,Aiden Garcia,Eleanor Vance (Admin),47.45,3.8,0.0,51.25,20.9,26.55,COMPLETED,3
sale-1397,INV-2026-1397,2026-05-26 12:47:07,cust-049,Logan Davis,Amara Patel (Cashier),219.98,17.6,0.0,237.58,110.0,109.98,COMPLETED,1
sale-1398,INV-2026-1398,2026-05-26 18:45:13,cust-004,Olivia Gonzalez,Lucas Rodriguez (Cashier),11.97,0.96,0.0,12.93,5.4,6.57,COMPLETED,1
sale-1399,INV-2026-1399,2026-05-26 13:24:29,cust-006,Ava Jackson,James Wilson (Senior Cashier),84.99,6.8,0.0,91.79,42.0,42.99,COMPLETED,1
sale-1400,INV-2026-1400,2026-05-27 17:56:31,cust-013,Ethan Martin,Amara Patel (Cashier),29.97,2.4,0.0,32.37,13.5,16.47,COMPLETED,1
sale-1401,INV-2026-1401,2026-05-27 14:58:13,cust-007,Oliver Johnson,Eleanor Vance (Admin),18.97,1.52,0.0,20.49,8.6,10.37,COMPLETED,2
sale-1402,INV-2026-1402,2026-05-27 12:47:09,cust-009,Lucas Davis,Lucas Rodriguez (Cashier),93.89,7.51,0.0,101.4,45.2,48.69,COMPLETED,4
sale-1403,INV-2026-1403,2026-05-27 15:18:09,cust-004,Olivia Gonzalez,Amara Patel (Cashier),296.43,23.71,0.0,320.14,147.1,149.33,COMPLETED,4
sale-1404,INV-2026-1404,2026-05-27 12:31:35,cust-044,Charlotte Gonzalez,James Wilson (Senior Cashier),28.46,2.28,0.0,30.74,12.9,15.56,COMPLETED,3
sale-1405,INV-2026-1405,2026-05-27 16:46:41,cust-030,Ella Hernandez,Marcus Brody (Ops Manager),57.45,4.6,0.0,62.05,28.4,29.05,COMPLETED,3
sale-1406,INV-2026-1406,2026-05-28 14:10:08,cust-032,Emma Taylor,Marcus Brody (Ops Manager),14.49,1.16,0.0,15.65,7.0,7.49,COMPLETED,1
sale-1407,INV-2026-1407,2026-05-28 17:41:03,cust-014,Charlotte Williams,Eleanor Vance (Admin),9.98,0.8,0.0,10.78,4.4,5.58,COMPLETED,1
sale-1408,INV-2026-1408,2026-05-28 19:03:48,cust-003,Liam Martinez,Marcus Brody (Ops Manager),43.96,3.34,2.2,45.1,19.4,22.36,COMPLETED,2
sale-1409,INV-2026-1409,2026-05-28 11:00:13,cust-006,Ava Jackson,Eleanor Vance (Admin),195.41,15.63,0.0,211.04,93.8,101.61,COMPLETED,5
sale-1410,INV-2026-1410,2026-05-28 19:59:39,cust-043,Ethan Martinez,Amara Patel (Cashier),12.98,0.99,0.65,13.32,5.6,6.73,COMPLETED,1
sale-1411,INV-2026-1411,2026-05-28 17:35:26,cust-009,Lucas Davis,James Wilson (Senior Cashier),31.98,2.56,0.0,34.54,15.5,16.48,COMPLETED,2
sale-1412,INV-2026-1412,2026-05-28 13:01:32,cust-044,Charlotte Gonzalez,Amara Patel (Cashier),24.96,2.0,0.0,26.96,11.0,13.96,COMPLETED,2
sale-1413,INV-2026-1413,2026-05-28 11:06:58,cust-003,Liam Martinez,Marcus Brody (Ops Manager),34.47,2.76,0.0,37.23,16.5,17.97,COMPLETED,2
sale-1414,INV-2026-1414,2026-05-28 17:16:52,cust-013,Ethan Martin,Amara Patel (Cashier),4.99,0.38,0.25,5.12,2.2,2.54,COMPLETED,1
sale-1415,INV-2026-1415,2026-05-29 15:29:36,cust-012,Mia Taylor,Marcus Brody (Ops Manager),50.97,4.08,0.0,55.05,24.8,26.17,COMPLETED,3
sale-1416,INV-2026-1416,2026-05-29 10:41:54,cust-001,James Brown,Eleanor Vance (Admin),79.44,6.36,0.0,85.8,39.1,40.34,COMPLETED,3
sale-1417,INV-2026-1417,2026-05-29 15:35:30,cust-001,James Brown,Marcus Brody (Ops Manager),191.95,14.59,9.6,196.94,95.5,86.85,COMPLETED,3
sale-1418,INV-2026-1418,2026-05-29 15:41:50,cust-014,Charlotte Williams,Eleanor Vance (Admin),419.97,33.6,0.0,453.57,239.8,180.17,COMPLETED,3
sale-1419,INV-2026-1419,2026-05-29 09:14:13,cust-045,Aiden Thomas,Lucas Rodriguez (Cashier),41.98,3.36,0.0,45.34,20.0,21.98,COMPLETED,2
sale-1420,INV-2026-1420,2026-05-29 09:59:04,cust-018,Harper Anderson,Lucas Rodriguez (Cashier),67.44,5.4,0.0,72.84,32.9,34.54,COMPLETED,3
sale-1421,INV-2026-1421,2026-05-29 09:11:59,cust-002,Emma Miller,Marcus Brody (Ops Manager),24.99,2.0,0.0,26.99,12.5,12.49,COMPLETED,1
sale-1422,INV-2026-1422,2026-05-29 15:59:04,cust-010,Isabella Hernandez,Marcus Brody (Ops Manager),404.95,32.4,0.0,437.35,202.0,202.95,COMPLETED,3
sale-1423,INV-2026-1423,2026-05-29 15:43:57,cust-007,Oliver Johnson,Marcus Brody (Ops Manager),884.92,70.79,0.0,955.71,501.0,383.92,COMPLETED,3
sale-1424,INV-2026-1424,2026-05-29 10:32:47,cust-004,Olivia Gonzalez,Eleanor Vance (Admin),21.96,1.76,0.0,23.72,10.0,11.96,COMPLETED,3
sale-1425,INV-2026-1425,2026-05-29 10:21:38,cust-039,Lucas Moore,Amara Patel (Cashier),20.96,1.68,0.0,22.64,9.4,11.56,COMPLETED,2
sale-1426,INV-2026-1426,2026-05-29 14:01:40,cust-008,Sophia Jones,Amara Patel (Cashier),124.48,9.96,0.0,134.44,62.0,62.48,COMPLETED,2
sale-1427,INV-2026-1427,2026-05-29 17:24:27,cust-010,Isabella Hernandez,Amara Patel (Cashier),29.98,2.28,1.5,30.76,15.0,13.48,COMPLETED,1
sale-1428,INV-2026-1428,2026-05-30 18:18:51,cust-002,Emma Miller,Eleanor Vance (Admin),41.47,3.32,0.0,44.79,19.8,21.67,COMPLETED,3
sale-1429,INV-2026-1429,2026-05-30 15:45:50,cust-012,Mia Taylor,Amara Patel (Cashier),6.99,0.56,0.0,7.55,3.2,3.79,COMPLETED,1
sale-1430,INV-2026-1430,2026-05-30 10:05:00,cust-029,Sebastian Davis,James Wilson (Senior Cashier),66.95,5.36,0.0,72.31,32.0,34.95,COMPLETED,5
sale-1431,INV-2026-1431,2026-05-30 10:08:05,cust-008,Sophia Jones,Lucas Rodriguez (Cashier),299.99,24.0,0.0,323.99,180.0,119.99,COMPLETED,1
sale-1432,INV-2026-1432,2026-05-30 15:06:01,cust-009,Lucas Davis,Eleanor Vance (Admin),56.44,4.52,0.0,60.96,27.1,29.34,COMPLETED,3
sale-1433,INV-2026-1433,2026-05-30 14:55:24,cust-007,Oliver Johnson,Amara Patel (Cashier),323.96,25.92,0.0,349.88,191.4,132.56,COMPLETED,2
sale-1434,INV-2026-1434,2026-05-30 17:57:15,cust-003,Liam Martinez,Amara Patel (Cashier),224.98,18.0,0.0,242.98,113.0,111.98,COMPLETED,2
sale-1435,INV-2026-1435,2026-05-30 13:19:17,cust-002,Emma Miller,Marcus Brody (Ops Manager),4.99,0.4,0.0,5.39,2.2,2.79,COMPLETED,1
sale-1436,INV-2026-1436,2026-05-30 15:19:30,cust-024,Emily Gonzalez,James Wilson (Senior Cashier),161.9,12.95,0.0,174.85,75.6,86.3,COMPLETED,4
sale-1437,INV-2026-1437,2026-05-30 19:31:38,cust-008,Sophia Jones,Eleanor Vance (Admin),14.49,1.1,0.72,14.87,7.0,6.77,COMPLETED,1
sale-1438,INV-2026-1438,2026-05-30 09:25:21,cust-025,Daniel Thomas,James Wilson (Senior Cashier),344.98,27.6,0.0,372.58,202.0,142.98,COMPLETED,2
sale-1439,INV-2026-1439,2026-05-30 15:52:52,cust-039,Lucas Moore,Marcus Brody (Ops Manager),6.99,0.56,0.0,7.55,3.2,3.79,COMPLETED,1
sale-1440,INV-2026-1440,2026-05-31 18:44:12,cust-003,Liam Martinez,Amara Patel (Cashier),72.95,5.84,0.0,78.79,35.6,37.35,COMPLETED,3
sale-1441,INV-2026-1441,2026-05-31 13:47:44,cust-010,Isabella Hernandez,Marcus Brody (Ops Manager),293.95,23.52,0.0,317.47,145.4,148.55,COMPLETED,2
sale-1442,INV-2026-1442,2026-05-31 13:52:50,cust-002,Emma Miller,Lucas Rodriguez (Cashier),30.47,2.44,0.0,32.91,14.2,16.27,COMPLETED,3
sale-1443,INV-2026-1443,2026-05-31 17:11:43,cust-002,Emma Miller,Amara Patel (Cashier),4.99,0.4,0.0,5.39,2.2,2.79,COMPLETED,1
sale-1444,INV-2026-1444,2026-05-31 12:28:51,cust-012,Mia Taylor,Eleanor Vance (Admin),97.48,7.8,0.0,105.28,48.5,48.98,COMPLETED,2
sale-1445,INV-2026-1445,2026-05-31 15:43:31,cust-005,Noah Thomas,Marcus Brody (Ops Manager),35.98,2.88,0.0,38.86,17.0,18.98,COMPLETED,1
sale-1446,INV-2026-1446,2026-05-31 11:45:27,cust-005,Noah Thomas,Amara Patel (Cashier),127.96,10.24,0.0,138.2,62.8,65.16,COMPLETED,3
sale-1447,INV-2026-1447,2026-05-31 16:37:25,cust-015,Aiden Garcia,Amara Patel (Cashier),17.46,1.4,0.0,18.86,7.9,9.56,COMPLETED,2
sale-1448,INV-2026-1448,2026-05-31 14:44:57,cust-039,Lucas Moore,Eleanor Vance (Admin),19.99,1.52,1.0,20.51,9.0,9.99,COMPLETED,1
sale-1449,INV-2026-1449,2026-05-31 12:42:42,cust-011,Mason Wilson,Lucas Rodriguez (Cashier),154.98,11.78,7.75,159.01,77.0,70.23,COMPLETED,2
sale-1450,INV-2026-1450,2026-05-31 19:43:41,cust-013,Ethan Martin,James Wilson (Senior Cashier),12.48,1.0,0.0,13.48,5.7,6.78,COMPLETED,2
sale-1451,INV-2026-1451,2026-06-01 15:06:00,cust-004,Olivia Gonzalez,Lucas Rodriguez (Cashier),32.98,2.64,0.0,35.62,16.3,16.68,COMPLETED,2
sale-1452,INV-2026-1452,2026-06-01 17:37:44,cust-008,Sophia Jones,James Wilson (Senior Cashier),67.93,5.43,0.0,73.36,31.8,36.13,COMPLETED,2
sale-1453,INV-2026-1453,2026-06-01 19:37:44,cust-006,Ava Jackson,Eleanor Vance (Admin),51.98,4.16,0.0,56.14,25.2,26.78,COMPLETED,2
sale-1454,INV-2026-1454,2026-06-01 13:26:58,cust-008,Sophia Jones,Marcus Brody (Ops Manager),40.98,3.28,0.0,44.26,20.0,20.98,COMPLETED,2
sale-1455,INV-2026-1455,2026-06-01 14:29:50,cust-008,Sophia Jones,James Wilson (Senior Cashier),6.99,0.56,0.0,7.55,3.2,3.79,COMPLETED,1
sale-1456,INV-2026-1456,2026-06-01 16:46:44,cust-002,Emma Miller,James Wilson (Senior Cashier),108.44,8.24,5.42,111.26,54.0,49.02,COMPLETED,3
sale-1457,INV-2026-1457,2026-06-01 10:01:54,cust-002,Emma Miller,Marcus Brody (Ops Manager),190.93,15.27,0.0,206.2,90.8,100.13,COMPLETED,4
sale-1458,INV-2026-1458,2026-06-01 12:33:11,cust-006,Ava Jackson,Lucas Rodriguez (Cashier),26.97,2.16,0.0,29.13,12.8,14.17,COMPLETED,2
sale-1459,INV-2026-1459,2026-06-02 16:14:51,cust-003,Liam Martinez,Marcus Brody (Ops Manager),41.47,3.32,0.0,44.79,20.2,21.27,COMPLETED,3
sale-1460,INV-2026-1460,2026-06-02 15:25:01,cust-013,Ethan Martin,Amara Patel (Cashier),27.99,2.24,0.0,30.23,14.0,13.99,COMPLETED,1
sale-1461,INV-2026-1461,2026-06-02 15:00:45,cust-005,Noah Thomas,Eleanor Vance (Admin),19.99,1.6,0.0,21.59,9.0,10.99,COMPLETED,1
sale-1462,INV-2026-1462,2026-06-02 17:11:23,cust-008,Sophia Jones,Eleanor Vance (Admin),38.93,3.11,0.0,42.04,17.8,21.13,COMPLETED,2
sale-1463,INV-2026-1463,2026-06-02 16:33:40,cust-007,Oliver Johnson,Lucas Rodriguez (Cashier),42.46,3.4,0.0,45.86,19.2,23.26,COMPLETED,4
sale-1464,INV-2026-1464,2026-06-02 10:22:22,cust-040,Isabella Smith,Marcus Brody (Ops Manager),104.39,8.35,0.0,112.74,47.9,56.49,COMPLETED,5
sale-1465,INV-2026-1465,2026-06-02 13:58:39,cust-011,Mason Wilson,Marcus Brody (Ops Manager),89.94,7.2,0.0,97.14,45.0,44.94,COMPLETED,1
sale-1466,INV-2026-1466,2026-06-03 12:19:07,cust-012,Mia Taylor,Marcus Brody (Ops Manager),56.97,4.56,0.0,61.53,28.0,28.97,COMPLETED,2
sale-1467,INV-2026-1467,2026-06-03 15:38:08,cust-007,Oliver Johnson,Marcus Brody (Ops Manager),4.49,0.36,0.0,4.85,2.1,2.39,COMPLETED,1
sale-1468,INV-2026-1468,2026-06-03 17:44:58,cust-003,Liam Martinez,Lucas Rodriguez (Cashier),89.46,7.16,0.0,96.62,44.5,44.96,COMPLETED,2
sale-1469,INV-2026-1469,2026-06-03 13:08:11,cust-008,Sophia Jones,Lucas Rodriguez (Cashier),38.45,2.92,1.92,39.45,17.0,19.53,COMPLETED,3
sale-1470,INV-2026-1470,2026-06-03 14:00:31,cust-014,Charlotte Williams,Amara Patel (Cashier),75.43,6.03,0.0,81.46,36.3,39.13,COMPLETED,3
sale-1471,INV-2026-1471,2026-06-03 17:41:31,cust-008,Sophia Jones,Amara Patel (Cashier),29.98,2.4,0.0,32.38,15.0,14.98,COMPLETED,1
sale-1472,INV-2026-1472,2026-06-03 16:31:10,cust-001,James Brown,Marcus Brody (Ops Manager),145.96,11.68,0.0,157.64,72.4,73.56,COMPLETED,3
sale-1473,INV-2026-1473,2026-06-03 13:14:34,cust-013,Ethan Martin,Amara Patel (Cashier),6.99,0.56,0.0,7.55,3.0,3.99,COMPLETED,1
sale-1474,INV-2026-1474,2026-06-03 16:35:32,cust-002,Emma Miller,James Wilson (Senior Cashier),265.4,21.23,0.0,286.63,130.0,135.4,COMPLETED,5
sale-1475,INV-2026-1475,2026-06-03 14:34:52,cust-049,Logan Davis,Amara Patel (Cashier),19.97,1.6,0.0,21.57,8.8,11.17,COMPLETED,2
sale-1476,INV-2026-1476,2026-06-04 15:06:47,cust-049,Logan Davis,Marcus Brody (Ops Manager),37.98,3.04,0.0,41.02,18.5,19.48,COMPLETED,2
sale-1477,INV-2026-1477,2026-06-04 09:28:16,cust-014,Charlotte Williams,Eleanor Vance (Admin),599.98,48.0,0.0,647.98,360.0,239.98,COMPLETED,1
sale-1478,INV-2026-1478,2026-06-04 10:49:51,cust-013,Ethan Martin,Lucas Rodriguez (Cashier),84.94,6.8,0.0,91.74,41.7,43.24,COMPLETED,4
sale-1479,INV-2026-1479,2026-06-04 18:40:27,cust-003,Liam Martinez,Marcus Brody (Ops Manager),24.99,2.0,0.0,26.99,12.5,12.49,COMPLETED,1
sale-1480,INV-2026-1480,2026-06-04 09:36:22,cust-010,Isabella Hernandez,Lucas Rodriguez (Cashier),14.49,1.16,0.0,15.65,7.0,7.49,COMPLETED,1
sale-1481,INV-2026-1481,2026-06-04 13:18:36,cust-014,Charlotte Williams,Lucas Rodriguez (Cashier),25.47,2.04,0.0,27.51,11.5,13.97,COMPLETED,3
sale-1482,INV-2026-1482,2026-06-04 19:52:06,cust-013,Ethan Martin,Amara Patel (Cashier),67.97,5.44,0.0,73.41,32.0,35.97,COMPLETED,2
sale-1483,INV-2026-1483,2026-06-04 13:55:41,cust-014,Charlotte Williams,Marcus Brody (Ops Manager),5.49,0.44,0.0,5.93,2.5,2.99,COMPLETED,1
sale-1484,INV-2026-1484,2026-06-05 14:53:15,cust-044,Charlotte Gonzalez,Amara Patel (Cashier),114.97,9.2,0.0,124.17,56.5,58.47,COMPLETED,2
sale-1485,INV-2026-1485,2026-06-05 18:40:17,cust-007,Oliver Johnson,Amara Patel (Cashier),28.46,2.16,1.42,29.2,13.5,13.54,COMPLETED,3
sale-1486,INV-2026-1486,2026-06-05 10:25:32,cust-045,Aiden Thomas,James Wilson (Senior Cashier),50.97,4.08,0.0,55.05,25.2,25.77,COMPLETED,2
sale-1487,INV-2026-1487,2026-06-05 16:20:37,cust-013,Ethan Martin,Eleanor Vance (Admin),120.96,9.68,0.0,130.64,60.2,60.76,COMPLETED,3
sale-1488,INV-2026-1488,2026-06-05 16:40:42,cust-005,Noah Thomas,Lucas Rodriguez (Cashier),3.99,0.32,0.0,4.31,1.8,2.19,COMPLETED,1
sale-1489,INV-2026-1489,2026-06-05 15:52:13,cust-006,Ava Jackson,James Wilson (Senior Cashier),36.99,2.96,0.0,39.95,18.0,18.99,COMPLETED,1
sale-1490,INV-2026-1490,2026-06-05 18:08:36,cust-022,Abigail Miller,Eleanor Vance (Admin),7.99,0.61,0.4,8.2,3.8,3.79,COMPLETED,1
sale-1491,INV-2026-1491,2026-06-05 19:50:53,cust-002,Emma Miller,Marcus Brody (Ops Manager),39.45,3.16,0.0,42.61,18.9,20.55,COMPLETED,3
sale-1492,INV-2026-1492,2026-06-05 09:27:12,cust-009,Lucas Davis,James Wilson (Senior Cashier),249.42,19.95,0.0,269.37,122.5,126.92,COMPLETED,5
sale-1493,INV-2026-1493,2026-06-05 13:05:41,cust-002,Emma Miller,James Wilson (Senior Cashier),461.9,36.95,0.0,498.85,231.0,230.9,COMPLETED,5
sale-1494,INV-2026-1494,2026-06-05 19:10:03,cust-005,Noah Thomas,Marcus Brody (Ops Manager),19.98,1.6,0.0,21.58,9.7,10.28,COMPLETED,2
sale-1495,INV-2026-1495,2026-06-05 10:45:06,cust-008,Sophia Jones,Eleanor Vance (Admin),49.98,3.8,2.5,51.28,25.0,22.48,COMPLETED,1
sale-1496,INV-2026-1496,2026-06-05 12:33:43,cust-001,James Brown,James Wilson (Senior Cashier),17.97,1.44,0.0,19.41,8.1,9.87,COMPLETED,2
sale-1497,INV-2026-1497,2026-06-05 15:44:08,cust-004,Olivia Gonzalez,Amara Patel (Cashier),161.94,12.31,8.1,166.15,77.5,76.34,COMPLETED,4
sale-1498,INV-2026-1498,2026-06-05 10:06:20,cust-005,Noah Thomas,Marcus Brody (Ops Manager),66.96,5.36,0.0,72.32,31.5,35.46,COMPLETED,2
sale-1499,INV-2026-1499,2026-06-05 11:41:43,cust-009,Lucas Davis,Lucas Rodriguez (Cashier),7.99,0.61,0.4,8.2,3.8,3.79,COMPLETED,1
sale-1500,INV-2026-1500,2026-06-05 19:10:28,cust-004,Olivia Gonzalez,Marcus Brody (Ops Manager),4.49,0.36,0.0,4.85,2.1,2.39,COMPLETED,1
sale-1501,INV-2026-1501,2026-06-05 18:43:28,cust-006,Ava Jackson,Eleanor Vance (Admin),110.97,8.43,5.55,113.85,54.8,50.62,COMPLETED,3
sale-1502,INV-2026-1502,2026-06-05 10:37:46,cust-007,Oliver Johnson,James Wilson (Senior Cashier),22.98,1.84,0.0,24.82,10.8,12.18,COMPLETED,2
sale-1503,INV-2026-1503,2026-06-06 12:17:41,cust-009,Lucas Davis,Lucas Rodriguez (Cashier),60.47,4.84,0.0,65.31,30.1,30.37,COMPLETED,2
sale-1504,INV-2026-1504,2026-06-06 18:18:49,cust-002,Emma Miller,James Wilson (Senior Cashier),68.46,5.48,0.0,73.94,33.6,34.86,COMPLETED,3
sale-1505,INV-2026-1505,2026-06-06 18:32:12,cust-019,Logan Moore,Eleanor Vance (Admin),476.96,38.16,0.0,515.12,238.2,238.76,COMPLETED,3
sale-1506,INV-2026-1506,2026-06-06 12:31:24,cust-008,Sophia Jones,Lucas Rodriguez (Cashier),12.99,0.99,0.65,13.33,6.0,6.34,COMPLETED,1
sale-1507,INV-2026-1507,2026-06-06 09:23:59,cust-007,Oliver Johnson,Lucas Rodriguez (Cashier),38.94,3.12,0.0,42.06,16.8,22.14,COMPLETED,1
sale-1508,INV-2026-1508,2026-06-06 17:43:11,cust-050,Evelyn Hernandez,Eleanor Vance (Admin),193.46,14.7,9.67,198.49,96.0,87.79,COMPLETED,3
sale-1509,INV-2026-1509,2026-06-06 10:00:16,cust-015,Aiden Garcia,Eleanor Vance (Admin),24.99,2.0,0.0,26.99,12.5,12.49,COMPLETED,1
sale-1510,INV-2026-1510,2026-06-06 15:32:18,cust-009,Lucas Davis,Amara Patel (Cashier),29.98,2.4,0.0,32.38,15.0,14.98,COMPLETED,1
sale-1511,INV-2026-1511,2026-06-07 15:05:40,cust-010,Isabella Hernandez,Marcus Brody (Ops Manager),130.93,10.47,0.0,141.4,62.3,68.63,COMPLETED,4
sale-1512,INV-2026-1512,2026-06-07 13:05:32,cust-010,Isabella Hernandez,Lucas Rodriguez (Cashier),13.98,1.12,0.0,15.1,6.4,7.58,COMPLETED,1
sale-1513,INV-2026-1513,2026-06-07 18:40:48,cust-044,Charlotte Gonzalez,Eleanor Vance (Admin),29.95,2.4,0.0,32.35,13.8,16.15,COMPLETED,3
sale-1514,INV-2026-1514,2026-06-07 15:46:54,cust-004,Olivia Gonzalez,Eleanor Vance (Admin),23.97,1.92,0.0,25.89,11.4,12.57,COMPLETED,1
sale-1515,INV-2026-1515,2026-06-07 10:29:39,cust-005,Noah Thomas,Marcus Brody (Ops Manager),44.97,3.42,2.25,46.14,22.5,20.22,COMPLETED,1
sale-1516,INV-2026-1516,2026-06-07 11:44:00,cust-006,Ava Jackson,Lucas Rodriguez (Cashier),146.96,11.76,0.0,158.72,73.2,73.76,COMPLETED,3
sale-1517,INV-2026-1517,2026-06-07 13:10:23,cust-013,Ethan Martin,James Wilson (Senior Cashier),78.45,6.28,0.0,84.73,38.0,40.45,COMPLETED,4
sale-1518,INV-2026-1518,2026-06-07 10:49:57,cust-013,Ethan Martin,Amara Patel (Cashier),94.98,7.6,0.0,102.58,47.2,47.78,COMPLETED,2
sale-1519,INV-2026-1519,2026-06-08 10:16:45,cust-041,Mason Brown,Eleanor Vance (Admin),74.97,6.0,0.0,80.97,37.5,37.47,COMPLETED,1
sale-1520,INV-2026-1520,2026-06-08 17:23:03,cust-010,Isabella Hernandez,Marcus Brody (Ops Manager),110.34,8.83,0.0,119.17,49.8,60.54,COMPLETED,5
sale-1521,INV-2026-1521,2026-06-08 13:49:06,cust-044,Charlotte Gonzalez,Eleanor Vance (Admin),189.92,15.19,0.0,205.11,93.0,96.92,COMPLETED,2
sale-1522,INV-2026-1522,2026-06-08 17:00:02,cust-001,James Brown,Marcus Brody (Ops Manager),11.97,0.91,0.6,12.28,5.4,5.97,COMPLETED,1
sale-1523,INV-2026-1523,2026-06-08 14:24:58,cust-015,Aiden Garcia,Eleanor Vance (Admin),75.45,6.04,0.0,81.49,36.6,38.85,COMPLETED,4
sale-1524,INV-2026-1524,2026-06-08 19:26:14,cust-007,Oliver Johnson,James Wilson (Senior Cashier),20.47,1.64,0.0,22.11,9.2,11.27,COMPLETED,2
sale-1525,INV-2026-1525,2026-06-08 10:36:23,cust-011,Mason Wilson,Eleanor Vance (Admin),372.95,29.84,0.0,402.79,186.0,186.95,COMPLETED,2
sale-1526,INV-2026-1526,2026-06-08 17:02:25,cust-008,Sophia Jones,James Wilson (Senior Cashier),73.95,5.92,0.0,79.87,35.5,38.45,COMPLETED,2
sale-1527,INV-2026-1527,2026-06-09 13:20:05,cust-001,James Brown,James Wilson (Senior Cashier),29.98,2.4,0.0,32.38,15.0,14.98,COMPLETED,1
sale-1528,INV-2026-1528,2026-06-09 18:50:19,cust-016,Amelia Rodriguez,Amara Patel (Cashier),21.99,1.76,0.0,23.75,11.0,10.99,COMPLETED,1
sale-1529,INV-2026-1529,2026-06-09 16:49:49,cust-015,Aiden Garcia,Lucas Rodriguez (Cashier),370.9,29.67,0.0,400.57,182.5,188.4,COMPLETED,4
sale-1530,INV-2026-1530,2026-06-09 12:09:00,cust-002,Emma Miller,Marcus Brody (Ops Manager),11.98,0.96,0.0,12.94,5.6,6.38,COMPLETED,2
sale-1531,INV-2026-1531,2026-06-09 19:53:44,cust-022,Abigail Miller,Eleanor Vance (Admin),6.49,0.52,0.0,7.01,2.8,3.69,COMPLETED,1
sale-1532,INV-2026-1532,2026-06-09 15:54:47,cust-007,Oliver Johnson,Marcus Brody (Ops Manager),5.49,0.44,0.0,5.93,2.5,2.99,COMPLETED,1
sale-1533,INV-2026-1533,2026-06-09 12:26:31,cust-010,Isabella Hernandez,James Wilson (Senior Cashier),99.98,7.6,5.0,102.58,49.5,45.48,COMPLETED,2
sale-1534,INV-2026-1534,2026-06-10 12:57:54,cust-012,Mia Taylor,James Wilson (Senior Cashier),48.97,3.92,0.0,52.89,23.0,25.97,COMPLETED,3
sale-1535,INV-2026-1535,2026-06-10 10:37:06,cust-011,Mason Wilson,Amara Patel (Cashier),117.42,8.92,5.87,120.47,57.9,53.65,COMPLETED,3
sale-1536,INV-2026-1536,2026-06-10 18:03:27,cust-009,Lucas Davis,Marcus Brody (Ops Manager),29.47,2.36,0.0,31.83,14.1,15.37,COMPLETED,3
sale-1537,INV-2026-1537,2026-06-10 14:59:51,cust-014,Charlotte Williams,James Wilson (Senior Cashier),48.96,3.92,0.0,52.88,23.0,25.96,COMPLETED,3
sale-1538,INV-2026-1538,2026-06-10 13:14:04,cust-009,Lucas Davis,Lucas Rodriguez (Cashier),149.94,11.4,7.5,153.84,73.1,69.34,COMPLETED,3
sale-1539,INV-2026-1539,2026-06-10 10:10:28,cust-007,Oliver Johnson,Eleanor Vance (Admin),26.98,2.16,0.0,29.14,13.2,13.78,COMPLETED,2
sale-1540,INV-2026-1540,2026-06-11 12:28:19,cust-014,Charlotte Williams,Eleanor Vance (Admin),27.99,2.13,1.4,28.72,14.0,12.59,COMPLETED,1
sale-1541,INV-2026-1541,2026-06-11 19:19:52,cust-039,Lucas Moore,Eleanor Vance (Admin),21.99,1.76,0.0,23.75,11.0,10.99,COMPLETED,1
sale-1542,INV-2026-1542,2026-06-11 14:09:05,cust-023,Elijah Martinez,Amara Patel (Cashier),71.96,5.76,0.0,77.72,34.0,37.96,COMPLETED,1
sale-1543,INV-2026-1543,2026-06-11 19:19:16,cust-012,Mia Taylor,Eleanor Vance (Admin),12.98,1.04,0.0,14.02,5.6,7.38,COMPLETED,1
sale-1544,INV-2026-1544,2026-06-11 16:35:47,cust-002,Emma Miller,Amara Patel (Cashier),68.96,5.24,3.45,70.75,33.4,32.11,COMPLETED,3
sale-1545,INV-2026-1545,2026-06-11 11:07:00,cust-013,Ethan Martin,Marcus Brody (Ops Manager),194.95,14.82,9.75,200.02,95.3,89.9,COMPLETED,4
sale-1546,INV-2026-1546,2026-06-11 15:23:43,cust-011,Mason Wilson,Eleanor Vance (Admin),55.94,4.48,0.0,60.42,25.3,30.64,COMPLETED,3
sale-1547,INV-2026-1547,2026-06-11 13:58:52,cust-002,Emma Miller,Marcus Brody (Ops Manager),61.97,4.96,0.0,66.93,30.5,31.47,COMPLETED,2
sale-1548,INV-2026-1548,2026-06-11 16:51:08,cust-014,Charlotte Williams,James Wilson (Senior Cashier),41.93,3.19,2.1,43.02,19.8,20.03,COMPLETED,2
sale-1549,INV-2026-1549,2026-06-12 16:03:10,cust-028,Mila Jones,Amara Patel (Cashier),101.94,8.16,0.0,110.1,49.0,52.94,COMPLETED,2
sale-1550,INV-2026-1550,2026-06-12 15:43:27,cust-004,Olivia Gonzalez,Marcus Brody (Ops Manager),67.92,5.43,0.0,73.35,32.0,35.92,COMPLETED,3
sale-1551,INV-2026-1551,2026-06-12 16:56:09,cust-010,Isabella Hernandez,Lucas Rodriguez (Cashier),465.44,37.24,0.0,502.68,232.0,233.44,COMPLETED,3
sale-1552,INV-2026-1552,2026-06-12 13:31:26,cust-031,James Wilson,Eleanor Vance (Admin),15.98,1.21,0.8,16.39,7.0,8.18,COMPLETED,1
sale-1553,INV-2026-1553,2026-06-13 15:08:26,cust-015,Aiden Garcia,Lucas Rodriguez (Cashier),255.96,20.48,0.0,276.44,128.0,127.96,COMPLETED,3
sale-1554,INV-2026-1554,2026-06-13 17:50:01,cust-046,Amelia Jackson,James Wilson (Senior Cashier),140.94,11.28,0.0,152.22,70.3,70.64,COMPLETED,3
sale-1555,INV-2026-1555,2026-06-13 16:22:58,cust-006,Ava Jackson,Amara Patel (Cashier),3.99,0.32,0.0,4.31,1.8,2.19,COMPLETED,1
sale-1556,INV-2026-1556,2026-06-13 09:20:38,cust-015,Aiden Garcia,James Wilson (Senior Cashier),20.97,1.59,1.05,21.51,9.6,10.32,COMPLETED,1
sale-1557,INV-2026-1557,2026-06-13 16:33:22,cust-015,Aiden Garcia,Marcus Brody (Ops Manager),21.99,1.67,1.1,22.56,11.0,9.89,COMPLETED,1
sale-1558,INV-2026-1558,2026-06-13 19:15:17,cust-013,Ethan Martin,Eleanor Vance (Admin),60.44,4.84,0.0,65.28,28.4,32.04,COMPLETED,3
sale-1559,INV-2026-1559,2026-06-13 12:36:54,cust-025,Daniel Thomas,James Wilson (Senior Cashier),141.45,11.32,0.0,152.77,69.9,71.55,COMPLETED,4
sale-1560,INV-2026-1560,2026-06-13 11:11:15,cust-013,Ethan Martin,James Wilson (Senior Cashier),17.99,1.44,0.0,19.43,8.5,9.49,COMPLETED,1
sale-1561,INV-2026-1561,2026-06-13 09:45:44,cust-010,Isabella Hernandez,Lucas Rodriguez (Cashier),7.99,0.61,0.4,8.2,3.5,4.09,COMPLETED,1
sale-1562,INV-2026-1562,2026-06-13 12:53:51,cust-032,Emma Taylor,Lucas Rodriguez (Cashier),52.98,4.24,0.0,57.22,25.8,27.18,COMPLETED,2
sale-1563,INV-2026-1563,2026-06-13 16:02:05,cust-010,Isabella Hernandez,Marcus Brody (Ops Manager),39.95,3.04,2.0,40.99,17.5,20.45,COMPLETED,4
sale-1564,INV-2026-1564,2026-06-14 16:00:21,cust-013,Ethan Martin,Marcus Brody (Ops Manager),52.98,4.24,0.0,57.22,26.5,26.48,COMPLETED,2
sale-1565,INV-2026-1565,2026-06-14 11:58:51,cust-021,Alexander Brown,Eleanor Vance (Admin),445.95,33.89,22.3,457.54,251.7,171.95,COMPLETED,5
sale-1566,INV-2026-1566,2026-06-14 18:45:58,cust-002,Emma Miller,Lucas Rodriguez (Cashier),43.98,3.52,0.0,47.5,22.0,21.98,COMPLETED,1
sale-1567,INV-2026-1567,2026-06-14 10:23:45,cust-026,Elizabeth Jackson,Lucas Rodriguez (Cashier),405.93,30.85,20.3,416.48,231.0,154.63,COMPLETED,5
sale-1568,INV-2026-1568,2026-06-14 13:20:08,cust-047,Jackson Johnson,Amara Patel (Cashier),452.9,36.23,0.0,489.13,221.8,231.1,COMPLETED,5
sale-1569,INV-2026-1569,2026-06-14 16:41:20,cust-009,Lucas Davis,Lucas Rodriguez (Cashier),13.98,1.12,0.0,15.1,6.0,7.98,COMPLETED,1
sale-1570,INV-2026-1570,2026-06-14 12:42:37,cust-025,Daniel Thomas,James Wilson (Senior Cashier),184.96,14.8,0.0,199.76,90.5,94.46,COMPLETED,4
sale-1571,INV-2026-1571,2026-06-14 13:08:11,cust-045,Aiden Thomas,Lucas Rodriguez (Cashier),33.96,2.72,0.0,36.68,15.0,18.96,COMPLETED,2
sale-1572,INV-2026-1572,2026-06-14 18:02:11,cust-015,Aiden Garcia,Lucas Rodriguez (Cashier),102.98,8.24,0.0,111.22,52.0,50.98,COMPLETED,2
sale-1573,INV-2026-1573,2026-06-14 18:06:59,cust-006,Ava Jackson,Eleanor Vance (Admin),110.97,8.88,0.0,119.85,54.0,56.97,COMPLETED,1
sale-1574,INV-2026-1574,2026-06-15 14:10:40,cust-006,Ava Jackson,James Wilson (Senior Cashier),197.97,15.84,0.0,213.81,98.5,99.47,COMPLETED,2
sale-1575,INV-2026-1575,2026-06-15 13:13:15,cust-023,Elijah Martinez,James Wilson (Senior Cashier),32.48,2.6,0.0,35.08,15.5,16.98,COMPLETED,2
sale-1576,INV-2026-1576,2026-06-15 09:03:24,cust-007,Oliver Johnson,Marcus Brody (Ops Manager),141.47,11.32,0.0,152.79,70.0,71.47,COMPLETED,3
sale-1577,INV-2026-1577,2026-06-15 16:56:24,cust-007,Oliver Johnson,Eleanor Vance (Admin),29.98,2.4,0.0,32.38,15.0,14.98,COMPLETED,1
sale-1578,INV-2026-1578,2026-06-15 18:41:48,cust-011,Mason Wilson,Amara Patel (Cashier),100.93,7.67,5.05,103.55,48.7,47.18,COMPLETED,2
sale-1579,INV-2026-1579,2026-06-16 09:18:01,cust-002,Emma Miller,Eleanor Vance (Admin),37.95,3.04,0.0,40.99,17.4,20.55,COMPLETED,3
sale-1580,INV-2026-1580,2026-06-16 15:10:46,cust-015,Aiden Garcia,Eleanor Vance (Admin),50.94,4.08,0.0,55.02,24.7,26.24,COMPLETED,3
sale-1581,INV-2026-1581,2026-06-16 18:57:30,cust-028,Mila Jones,Marcus Brody (Ops Manager),23.97,1.92,0.0,25.89,11.4,12.57,COMPLETED,1
sale-1582,INV-2026-1582,2026-06-16 15:10:03,cust-004,Olivia Gonzalez,Marcus Brody (Ops Manager),22.97,1.84,0.0,24.81,11.1,11.87,COMPLETED,2
sale-1583,INV-2026-1583,2026-06-16 17:46:59,cust-017,Jackson Lopez,James Wilson (Senior Cashier),31.45,2.52,0.0,33.97,13.6,17.85,COMPLETED,3
sale-1584,INV-2026-1584,2026-06-16 10:03:25,cust-014,Charlotte Williams,Amara Patel (Cashier),111.98,8.96,0.0,120.94,56.0,55.98,COMPLETED,2
sale-1585,INV-2026-1585,2026-06-16 14:00:27,cust-014,Charlotte Williams,Lucas Rodriguez (Cashier),88.97,7.12,0.0,96.09,44.0,44.97,COMPLETED,2
sale-1586,INV-2026-1586,2026-06-17 10:01:13,cust-005,Noah Thomas,Eleanor Vance (Admin),6.99,0.56,0.0,7.55,3.2,3.79,COMPLETED,1
sale-1587,INV-2026-1587,2026-06-17 10:19:50,cust-008,Sophia Jones,James Wilson (Senior Cashier),19.47,1.48,0.97,19.98,8.4,10.1,COMPLETED,1
sale-1588,INV-2026-1588,2026-06-17 17:24:11,cust-007,Oliver Johnson,James Wilson (Senior Cashier),366.97,29.36,0.0,396.33,213.0,153.97,COMPLETED,3
sale-1589,INV-2026-1589,2026-06-17 09:16:28,cust-004,Olivia Gonzalez,James Wilson (Senior Cashier),19.97,1.6,0.0,21.57,9.4,10.57,COMPLETED,2
sale-1590,INV-2026-1590,2026-06-17 11:48:44,cust-006,Ava Jackson,James Wilson (Senior Cashier),38.94,3.12,0.0,42.06,17.4,21.54,COMPLETED,4
sale-1591,INV-2026-1591,2026-06-18 15:48:37,cust-001,James Brown,Amara Patel (Cashier),31.95,2.56,0.0,34.51,14.4,17.55,COMPLETED,2
sale-1592,INV-2026-1592,2026-06-18 15:34:43,cust-031,James Wilson,Lucas Rodriguez (Cashier),66.96,5.36,0.0,72.32,31.4,35.56,COMPLETED,3
sale-1593,INV-2026-1593,2026-06-18 16:19:05,cust-014,Charlotte Williams,Eleanor Vance (Admin),16.98,1.36,0.0,18.34,7.7,9.28,COMPLETED,2
sale-1594,INV-2026-1594,2026-06-18 17:51:36,cust-040,Isabella Smith,Marcus Brody (Ops Manager),29.47,2.24,1.47,30.24,13.8,14.2,COMPLETED,3
sale-1595,INV-2026-1595,2026-06-18 16:11:10,cust-013,Ethan Martin,Marcus Brody (Ops Manager),115.45,8.77,5.77,118.45,57.1,52.58,COMPLETED,4
sale-1596,INV-2026-1596,2026-06-18 10:43:27,cust-014,Charlotte Williams,Marcus Brody (Ops Manager),14.49,1.16,0.0,15.65,7.0,7.49,COMPLETED,1
sale-1597,INV-2026-1597,2026-06-18 13:20:58,cust-005,Noah Thomas,Eleanor Vance (Admin),53.94,4.32,0.0,58.26,24.4,29.54,COMPLETED,4
sale-1598,INV-2026-1598,2026-06-18 15:35:20,cust-034,Olivia Williams,Amara Patel (Cashier),17.48,1.4,0.0,18.88,7.7,9.78,COMPLETED,2
sale-1599,INV-2026-1599,2026-06-18 09:50:44,cust-009,Lucas Davis,Amara Patel (Cashier),22.97,1.75,1.15,23.57,10.8,11.02,COMPLETED,2
sale-1600,INV-2026-1600,2026-06-18 11:09:36,cust-013,Ethan Martin,Eleanor Vance (Admin),38.97,3.12,0.0,42.09,18.0,20.97,COMPLETED,1
sale-1601,INV-2026-1601,2026-06-19 18:49:06,cust-035,Noah Garcia,James Wilson (Senior Cashier),93.98,7.52,0.0,101.5,46.8,47.18,COMPLETED,2
sale-1602,INV-2026-1602,2026-06-19 13:24:41,cust-010,Isabella Hernandez,Amara Patel (Cashier),56.98,4.33,2.85,58.46,27.2,26.93,COMPLETED,2
sale-1603,INV-2026-1603,2026-06-19 13:25:09,cust-011,Mason Wilson,Amara Patel (Cashier),29.96,2.28,1.5,30.74,13.6,14.86,COMPLETED,3
sale-1604,INV-2026-1604,2026-06-19 14:44:15,cust-008,Sophia Jones,James Wilson (Senior Cashier),33.96,2.72,0.0,36.68,15.3,18.66,COMPLETED,2
sale-1605,INV-2026-1605,2026-06-19 09:21:52,cust-020,Evelyn Smith,James Wilson (Senior Cashier),25.98,2.08,0.0,28.06,12.0,13.98,COMPLETED,1
sale-1606,INV-2026-1606,2026-06-19 19:06:55,cust-005,Noah Thomas,Amara Patel (Cashier),141.42,11.31,0.0,152.73,69.0,72.42,COMPLETED,4
sale-1607,INV-2026-1607,2026-06-19 14:17:46,cust-011,Mason Wilson,Eleanor Vance (Admin),25.98,2.08,0.0,28.06,12.0,13.98,COMPLETED,1
sale-1608,INV-2026-1608,2026-06-19 12:58:52,cust-008,Sophia Jones,Lucas Rodriguez (Cashier),122.48,9.8,0.0,132.28,61.5,60.98,COMPLETED,2
sale-1609,INV-2026-1609,2026-06-19 09:32:50,cust-005,Noah Thomas,Lucas Rodriguez (Cashier),12.99,1.04,0.0,14.03,6.0,6.99,COMPLETED,1
sale-1610,INV-2026-1610,2026-06-19 17:56:36,cust-004,Olivia Gonzalez,Marcus Brody (Ops Manager),29.98,2.4,0.0,32.38,15.0,14.98,COMPLETED,1
sale-1611,INV-2026-1611,2026-06-19 12:02:29,cust-006,Ava Jackson,Marcus Brody (Ops Manager),289.97,23.2,0.0,313.17,145.0,144.97,COMPLETED,2
sale-1612,INV-2026-1612,2026-06-19 16:32:25,cust-002,Emma Miller,Eleanor Vance (Admin),183.97,14.72,0.0,198.69,91.8,92.17,COMPLETED,2
sale-1613,INV-2026-1613,2026-06-20 16:38:28,cust-014,Charlotte Williams,Amara Patel (Cashier),7.99,0.64,0.0,8.63,3.5,4.49,COMPLETED,1
sale-1614,INV-2026-1614,2026-06-20 14:22:10,cust-017,Jackson Lopez,Eleanor Vance (Admin),24.95,2.0,0.0,26.95,11.3,13.65,COMPLETED,3
sale-1615,INV-2026-1615,2026-06-20 15:03:10,cust-050,Evelyn Hernandez,Marcus Brody (Ops Manager),54.93,4.39,0.0,59.32,24.9,30.03,COMPLETED,3
sale-1616,INV-2026-1616,2026-06-20 19:14:43,cust-011,Mason Wilson,Amara Patel (Cashier),17.47,1.4,0.0,18.87,7.8,9.67,COMPLETED,2
sale-1617,INV-2026-1617,2026-06-20 19:00:30,cust-042,Mia Miller,Marcus Brody (Ops Manager),29.98,2.4,0.0,32.38,15.0,14.98,COMPLETED,1
sale-1618,INV-2026-1618,2026-06-20 09:14:16,cust-005,Noah Thomas,James Wilson (Senior Cashier),9.99,0.8,0.0,10.79,4.5,5.49,COMPLETED,1
sale-1619,INV-2026-1619,2026-06-20 15:54:22,cust-004,Olivia Gonzalez,Amara Patel (Cashier),9.99,0.8,0.0,10.79,4.5,5.49,COMPLETED,1
sale-1620,INV-2026-1620,2026-06-20 17:52:39,cust-002,Emma Miller,Eleanor Vance (Admin),304.42,24.35,0.0,328.77,150.6,153.82,COMPLETED,4
sale-1621,INV-2026-1621,2026-06-21 19:53:53,cust-011,Mason Wilson,Lucas Rodriguez (Cashier),13.98,1.12,0.0,15.1,6.0,7.98,COMPLETED,1
sale-1622,INV-2026-1622,2026-06-21 13:43:06,cust-006,Ava Jackson,James Wilson (Senior Cashier),189.99,15.2,0.0,205.19,95.0,94.99,COMPLETED,1
sale-1623,INV-2026-1623,2026-06-21 13:16:41,cust-042,Mia Miller,James Wilson (Senior Cashier),49.97,4.0,0.0,53.97,22.5,27.47,COMPLETED,2
sale-1624,INV-2026-1624,2026-06-21 17:48:15,cust-039,Lucas Moore,Amara Patel (Cashier),50.96,4.08,0.0,55.04,24.0,26.96,COMPLETED,3
sale-1625,INV-2026-1625,2026-06-21 19:08:46,cust-008,Sophia Jones,James Wilson (Senior Cashier),14.49,1.16,0.0,15.65,7.0,7.49,COMPLETED,1
sale-1626,INV-2026-1626,2026-06-21 15:25:24,cust-038,Sophia Anderson,Lucas Rodriguez (Cashier),306.44,24.52,0.0,330.96,152.5,153.94,COMPLETED,3
sale-1627,INV-2026-1627,2026-06-21 14:46:45,cust-009,Lucas Davis,Amara Patel (Cashier),190.44,15.24,0.0,205.68,95.3,95.14,COMPLETED,4
sale-1628,INV-2026-1628,2026-06-21 19:22:32,cust-003,Liam Martinez,Lucas Rodriguez (Cashier),114.99,9.2,0.0,124.19,58.0,56.99,COMPLETED,1
sale-1629,INV-2026-1629,2026-06-21 10:30:08,cust-047,Jackson Johnson,Lucas Rodriguez (Cashier),128.97,10.32,0.0,139.29,64.3,64.67,COMPLETED,3
sale-1630,INV-2026-1630,2026-06-21 11:43:57,cust-002,Emma Miller,Marcus Brody (Ops Manager),15.98,1.28,0.0,17.26,7.6,8.38,COMPLETED,1
sale-1631,INV-2026-1631,2026-06-21 13:26:50,cust-024,Emily Gonzalez,James Wilson (Senior Cashier),28.48,2.28,0.0,30.76,13.8,14.68,COMPLETED,2
sale-1632,INV-2026-1632,2026-06-21 16:54:07,cust-014,Charlotte Williams,Lucas Rodriguez (Cashier),141.94,11.36,0.0,153.3,67.6,74.34,COMPLETED,3
sale-1633,INV-2026-1633,2026-06-22 18:04:30,cust-033,Liam Martin,Eleanor Vance (Admin),125.43,10.03,0.0,135.46,56.5,68.93,COMPLETED,2
sale-1634,INV-2026-1634,2026-06-22 15:33:19,cust-014,Charlotte Williams,Marcus Brody (Ops Manager),166.94,12.69,8.35,171.28,81.2,77.39,COMPLETED,3
sale-1635,INV-2026-1635,2026-06-22 12:21:26,cust-030,Ella Hernandez,Marcus Brody (Ops Manager),317.88,25.43,0.0,343.31,157.4,160.48,COMPLETED,4
sale-1636,INV-2026-1636,2026-06-22 11:49:05,cust-011,Mason Wilson,Marcus Brody (Ops Manager),79.96,6.4,0.0,86.36,40.0,39.96,COMPLETED,2
sale-1637,INV-2026-1637,2026-06-22 09:00:28,cust-013,Ethan Martin,Marcus Brody (Ops Manager),6.99,0.56,0.0,7.55,3.0,3.99,COMPLETED,1
sale-1638,INV-2026-1638,2026-06-22 11:31:50,cust-006,Ava Jackson,Marcus Brody (Ops Manager),199.97,16.0,0.0,215.97,99.0,100.97,COMPLETED,2
sale-1639,INV-2026-1639,2026-06-23 19:27:25,cust-008,Sophia Jones,Amara Patel (Cashier),226.97,17.25,11.35,232.87,113.2,102.42,COMPLETED,2
sale-1640,INV-2026-1640,2026-06-23 17:12:46,cust-001,James Brown,James Wilson (Senior Cashier),217.93,17.43,0.0,235.36,106.9,111.03,COMPLETED,3
sale-1641,INV-2026-1641,2026-06-23 17:12:01,cust-041,Mason Brown,Marcus Brody (Ops Manager),31.97,2.56,0.0,34.53,15.3,16.67,COMPLETED,3
sale-1642,INV-2026-1642,2026-06-23 14:19:08,cust-009,Lucas Davis,Lucas Rodriguez (Cashier),5.49,0.44,0.0,5.93,2.5,2.99,COMPLETED,1
sale-1643,INV-2026-1643,2026-06-23 10:52:02,cust-005,Noah Thomas,Amara Patel (Cashier),32.98,2.64,0.0,35.62,16.3,16.68,COMPLETED,2
sale-1644,INV-2026-1644,2026-06-23 18:33:21,cust-011,Mason Wilson,Marcus Brody (Ops Manager),59.97,4.8,0.0,64.77,27.0,32.97,COMPLETED,1
sale-1645,INV-2026-1645,2026-06-23 16:22:48,cust-015,Aiden Garcia,Amara Patel (Cashier),75.89,5.77,3.79,77.87,34.3,37.8,COMPLETED,4
sale-1646,INV-2026-1646,2026-06-23 12:46:08,cust-001,James Brown,Lucas Rodriguez (Cashier),10.98,0.88,0.0,11.86,5.0,5.98,COMPLETED,1
sale-1647,INV-2026-1647,2026-06-23 10:23:45,cust-003,Liam Martinez,Amara Patel (Cashier),177.89,14.23,0.0,192.12,88.2,89.69,COMPLETED,5
sale-1648,INV-2026-1648,2026-06-24 13:49:34,cust-010,Isabella Hernandez,Eleanor Vance (Admin),9.99,0.8,0.0,10.79,4.5,5.49,COMPLETED,1
sale-1649,INV-2026-1649,2026-06-24 19:53:01,cust-002,Emma Miller,Amara Patel (Cashier),264.98,21.2,0.0,286.18,133.0,131.98,COMPLETED,2
sale-1650,INV-2026-1650,2026-06-24 10:35:16,cust-003,Liam Martinez,Marcus Brody (Ops Manager),66.95,5.36,0.0,72.31,32.5,34.45,COMPLETED,5
sale-1651,INV-2026-1651,2026-06-24 19:00:19,cust-002,Emma Miller,Lucas Rodriguez (Cashier),6.49,0.52,0.0,7.01,2.8,3.69,COMPLETED,1
sale-1652,INV-2026-1652,2026-06-24 18:44:08,cust-015,Aiden Garcia,Eleanor Vance (Admin),3.99,0.32,0.0,4.31,1.8,2.19,COMPLETED,1
sale-1653,INV-2026-1653,2026-06-24 18:07:18,cust-002,Emma Miller,Amara Patel (Cashier),5.49,0.44,0.0,5.93,2.5,2.99,COMPLETED,1
sale-1654,INV-2026-1654,2026-06-25 12:49:16,cust-013,Ethan Martin,James Wilson (Senior Cashier),14.98,1.2,0.0,16.18,7.0,7.98,COMPLETED,1
sale-1655,INV-2026-1655,2026-06-25 13:10:02,cust-015,Aiden Garcia,Marcus Brody (Ops Manager),19.99,1.6,0.0,21.59,9.0,10.99,COMPLETED,1
sale-1656,INV-2026-1656,2026-06-25 16:21:15,cust-011,Mason Wilson,Eleanor Vance (Admin),11.99,0.96,0.0,12.95,5.2,6.79,COMPLETED,1
sale-1657,INV-2026-1657,2026-06-25 18:42:31,cust-002,Emma Miller,Lucas Rodriguez (Cashier),119.96,9.12,6.0,123.08,60.5,53.46,COMPLETED,2
sale-1658,INV-2026-1658,2026-06-25 10:57:16,cust-008,Sophia Jones,James Wilson (Senior Cashier),4.99,0.4,0.0,5.39,2.2,2.79,COMPLETED,1
sale-1659,INV-2026-1659,2026-06-25 09:06:52,cust-001,James Brown,James Wilson (Senior Cashier),36.95,2.96,0.0,39.91,16.8,20.15,COMPLETED,3
sale-1660,INV-2026-1660,2026-06-25 19:20:27,cust-007,Oliver Johnson,Eleanor Vance (Admin),106.46,8.09,5.32,109.23,52.1,49.04,COMPLETED,3
sale-1661,INV-2026-1661,2026-06-25 11:42:41,cust-006,Ava Jackson,Amara Patel (Cashier),26.96,2.16,0.0,29.12,12.9,14.06,COMPLETED,2
sale-1662,INV-2026-1662,2026-06-26 13:56:46,cust-014,Charlotte Williams,James Wilson (Senior Cashier),30.97,2.48,0.0,33.45,15.1,15.87,COMPLETED,2
sale-1663,INV-2026-1663,2026-06-26 15:25:29,cust-007,Oliver Johnson,Amara Patel (Cashier),6.99,0.56,0.0,7.55,3.0,3.99,COMPLETED,1
sale-1664,INV-2026-1664,2026-06-26 19:56:51,cust-003,Liam Martinez,Eleanor Vance (Admin),19.47,1.56,0.0,21.03,9.1,10.37,COMPLETED,2
sale-1665,INV-2026-1665,2026-06-26 11:06:26,cust-031,James Wilson,Lucas Rodriguez (Cashier),19.48,1.56,0.0,21.04,8.8,10.68,COMPLETED,2
sale-1666,INV-2026-1666,2026-06-26 11:39:24,cust-040,Isabella Smith,Eleanor Vance (Admin),21.99,1.76,0.0,23.75,11.0,10.99,COMPLETED,1
sale-1667,INV-2026-1667,2026-06-26 11:30:58,cust-015,Aiden Garcia,Amara Patel (Cashier),3.99,0.32,0.0,4.31,1.8,2.19,COMPLETED,1
sale-1668,INV-2026-1668,2026-06-26 10:16:41,cust-012,Mia Taylor,Lucas Rodriguez (Cashier),83.45,6.68,0.0,90.13,40.7,42.75,COMPLETED,4
sale-1669,INV-2026-1669,2026-06-26 18:46:36,cust-011,Mason Wilson,James Wilson (Senior Cashier),30.45,2.44,0.0,32.89,13.4,17.05,COMPLETED,3
sale-1670,INV-2026-1670,2026-06-26 18:06:27,cust-016,Amelia Rodriguez,Amara Patel (Cashier),189.99,15.2,0.0,205.19,95.0,94.99,COMPLETED,1
sale-1671,INV-2026-1671,2026-06-26 19:41:24,cust-014,Charlotte Williams,Lucas Rodriguez (Cashier),52.97,4.24,0.0,57.21,25.0,27.97,COMPLETED,3
sale-1672,INV-2026-1672,2026-06-27 18:03:00,cust-003,Liam Martinez,Lucas Rodriguez (Cashier),330.93,26.47,0.0,357.4,164.5,166.43,COMPLETED,4
sale-1673,INV-2026-1673,2026-06-27 16:55:10,cust-008,Sophia Jones,James Wilson (Senior Cashier),14.99,1.2,0.0,16.19,7.5,7.49,COMPLETED,1
sale-1674,INV-2026-1674,2026-06-27 13:03:32,cust-011,Mason Wilson,Amara Patel (Cashier),138.96,11.12,0.0,150.08,68.5,70.46,COMPLETED,2
sale-1675,INV-2026-1675,2026-06-27 12:05:29,cust-010,Isabella Hernandez,Amara Patel (Cashier),89.99,6.84,4.5,92.33,45.0,40.49,COMPLETED,1
sale-1676,INV-2026-1676,2026-06-27 16:28:20,cust-008,Sophia Jones,Eleanor Vance (Admin),8.98,0.68,0.45,9.21,4.2,4.33,COMPLETED,1
sale-1677,INV-2026-1677,2026-06-27 15:02:35,cust-014,Charlotte Williams,Eleanor Vance (Admin),189.44,15.16,0.0,204.6,93.6,95.84,COMPLETED,4
sale-1678,INV-2026-1678,2026-06-27 18:40:19,cust-036,Ava Rodriguez,Marcus Brody (Ops Manager),53.97,4.32,0.0,58.29,26.5,27.47,COMPLETED,2
sale-1679,INV-2026-1679,2026-06-27 16:21:23,cust-015,Aiden Garcia,Amara Patel (Cashier),35.97,2.88,0.0,38.85,17.4,18.57,COMPLETED,2
sale-1680,INV-2026-1680,2026-06-27 18:38:30,cust-024,Emily Gonzalez,Amara Patel (Cashier),7.99,0.61,0.4,8.2,3.5,4.09,COMPLETED,1
sale-1681,INV-2026-1681,2026-06-27 19:14:00,cust-014,Charlotte Williams,James Wilson (Senior Cashier),110.44,8.84,0.0,119.28,53.5,56.94,COMPLETED,3
sale-1682,INV-2026-1682,2026-06-27 14:44:06,cust-003,Liam Martinez,Amara Patel (Cashier),3.99,0.3,0.2,4.09,1.8,1.99,COMPLETED,1
sale-1683,INV-2026-1683,2026-06-27 15:06:16,cust-004,Olivia Gonzalez,Eleanor Vance (Admin),433.9,34.71,0.0,468.61,215.6,218.3,COMPLETED,3
sale-1684,INV-2026-1684,2026-06-28 15:13:29,cust-013,Ethan Martin,James Wilson (Senior Cashier),23.98,1.82,1.2,24.6,10.4,12.38,COMPLETED,1
sale-1685,INV-2026-1685,2026-06-28 15:02:59,cust-011,Mason Wilson,Lucas Rodriguez (Cashier),15.96,1.21,0.8,16.37,7.2,7.96,COMPLETED,1
sale-1686,INV-2026-1686,2026-06-28 16:29:42,cust-009,Lucas Davis,Marcus Brody (Ops Manager),713.88,57.11,0.0,770.99,356.0,357.88,COMPLETED,4
sale-1687,INV-2026-1687,2026-06-28 09:33:47,cust-015,Aiden Garcia,Amara Patel (Cashier),7.99,0.64,0.0,8.63,3.8,4.19,COMPLETED,1
sale-1688,INV-2026-1688,2026-06-28 16:59:32,cust-012,Mia Taylor,Lucas Rodriguez (Cashier),75.43,6.03,0.0,81.46,36.2,39.23,COMPLETED,2
sale-1689,INV-2026-1689,2026-06-28 11:06:24,cust-039,Lucas Moore,James Wilson (Senior Cashier),51.96,4.16,0.0,56.12,24.0,27.96,COMPLETED,1
sale-1690,INV-2026-1690,2026-06-28 15:26:38,cust-049,Logan Davis,Marcus Brody (Ops Manager),74.99,6.0,0.0,80.99,38.0,36.99,COMPLETED,1
sale-1691,INV-2026-1691,2026-06-28 14:18:28,cust-009,Lucas Davis,Amara Patel (Cashier),34.98,2.8,0.0,37.78,17.2,17.78,COMPLETED,2
sale-1692,INV-2026-1692,2026-06-29 17:19:53,cust-021,Alexander Brown,Lucas Rodriguez (Cashier),38.95,3.12,0.0,42.07,17.5,21.45,COMPLETED,2
sale-1693,INV-2026-1693,2026-06-29 12:13:39,cust-044,Charlotte Gonzalez,James Wilson (Senior Cashier),149.96,12.0,0.0,161.96,74.5,75.46,COMPLETED,3
sale-1694,INV-2026-1694,2026-06-29 11:45:41,cust-012,Mia Taylor,Lucas Rodriguez (Cashier),86.96,6.96,0.0,93.92,42.5,44.46,COMPLETED,4
sale-1695,INV-2026-1695,2026-06-29 19:20:45,cust-006,Ava Jackson,Lucas Rodriguez (Cashier),34.97,2.8,0.0,37.77,16.5,18.47,COMPLETED,3
sale-1696,INV-2026-1696,2026-06-29 18:42:45,cust-012,Mia Taylor,Lucas Rodriguez (Cashier),11.98,0.96,0.0,12.94,5.4,6.58,COMPLETED,2
sale-1697,INV-2026-1697,2026-06-29 15:51:00,cust-001,James Brown,Amara Patel (Cashier),75.91,5.77,3.8,77.88,34.5,37.61,COMPLETED,4
sale-1698,INV-2026-1698,2026-06-29 19:03:12,cust-013,Ethan Martin,Marcus Brody (Ops Manager),7.99,0.64,0.0,8.63,3.8,4.19,COMPLETED,1
sale-1699,INV-2026-1699,2026-06-29 19:16:09,cust-045,Aiden Thomas,James Wilson (Senior Cashier),123.92,9.91,0.0,133.83,60.8,63.12,COMPLETED,3
sale-1700,INV-2026-1700,2026-06-30 17:02:22,cust-007,Oliver Johnson,Lucas Rodriguez (Cashier),24.99,2.0,0.0,26.99,12.5,12.49,COMPLETED,1
sale-1701,INV-2026-1701,2026-06-30 17:55:14,cust-036,Ava Rodriguez,Amara Patel (Cashier),106.47,8.52,0.0,114.99,52.6,53.87,COMPLETED,3
sale-1702,INV-2026-1702,2026-06-30 13:44:42,cust-007,Oliver Johnson,Amara Patel (Cashier),13.98,1.12,0.0,15.1,6.0,7.98,COMPLETED,1
sale-1703,INV-2026-1703,2026-06-30 19:20:35,cust-012,Mia Taylor,James Wilson (Senior Cashier),133.43,10.67,0.0,144.1,66.0,67.43,COMPLETED,5
sale-1704,INV-2026-1704,2026-06-30 16:53:14,cust-046,Amelia Jackson,James Wilson (Senior Cashier),7.49,0.6,0.0,8.09,3.5,3.99,COMPLETED,1
sale-1705,INV-2026-1705,2026-07-01 17:47:38,cust-012,Mia Taylor,Marcus Brody (Ops Manager),11.98,0.96,0.0,12.94,5.6,6.38,COMPLETED,2
sale-1706,INV-2026-1706,2026-07-01 11:43:04,cust-003,Liam Martinez,Lucas Rodriguez (Cashier),14.99,1.14,0.75,15.38,7.5,6.74,COMPLETED,1
sale-1707,INV-2026-1707,2026-07-01 09:27:17,cust-003,Liam Martinez,Marcus Brody (Ops Manager),46.95,3.76,0.0,50.71,21.3,25.65,COMPLETED,3
sale-1708,INV-2026-1708,2026-07-01 13:00:21,cust-015,Aiden Garcia,Marcus Brody (Ops Manager),6.99,0.53,0.35,7.17,3.0,3.64,COMPLETED,1
sale-1709,INV-2026-1709,2026-07-01 14:38:03,cust-041,Mason Brown,Lucas Rodriguez (Cashier),324.9,25.99,0.0,350.89,161.8,163.1,COMPLETED,4
sale-1710,INV-2026-1710,2026-07-01 13:31:50,cust-006,Ava Jackson,Eleanor Vance (Admin),42.98,3.44,0.0,46.42,21.0,21.98,COMPLETED,2
sale-1711,INV-2026-1711,2026-07-01 14:33:14,cust-034,Olivia Williams,Eleanor Vance (Admin),13.48,1.08,0.0,14.56,5.8,7.68,COMPLETED,2
sale-1712,INV-2026-1712,2026-07-01 11:26:34,cust-002,Emma Miller,James Wilson (Senior Cashier),33.96,2.72,0.0,36.68,15.6,18.36,COMPLETED,2
sale-1713,INV-2026-1713,2026-07-01 12:42:21,cust-005,Noah Thomas,Marcus Brody (Ops Manager),14.49,1.16,0.0,15.65,7.0,7.49,COMPLETED,1
sale-1714,INV-2026-1714,2026-07-02 18:33:30,cust-049,Logan Davis,Eleanor Vance (Admin),9.98,0.76,0.5,10.24,4.4,5.08,COMPLETED,1
sale-1715,INV-2026-1715,2026-07-02 14:28:15,cust-040,Isabella Smith,Lucas Rodriguez (Cashier),37.98,3.04,0.0,41.02,18.5,19.48,COMPLETED,2
sale-1716,INV-2026-1716,2026-07-02 09:43:56,cust-015,Aiden Garcia,Eleanor Vance (Admin),281.95,22.56,0.0,304.51,140.4,141.55,COMPLETED,3
sale-1717,INV-2026-1717,2026-07-02 17:46:18,cust-009,Lucas Davis,James Wilson (Senior Cashier),38.96,3.12,0.0,42.08,17.5,21.46,COMPLETED,2
sale-1718,INV-2026-1718,2026-07-02 17:28:31,cust-015,Aiden Garcia,Marcus Brody (Ops Manager),78.44,6.28,0.0,84.72,35.9,42.54,COMPLETED,4
sale-1719,INV-2026-1719,2026-07-02 10:06:10,cust-050,Evelyn Hernandez,Lucas Rodriguez (Cashier),34.95,2.8,0.0,37.75,16.2,18.75,COMPLETED,3
sale-1720,INV-2026-1720,2026-07-02 19:04:13,cust-050,Evelyn Hernandez,Marcus Brody (Ops Manager),37.96,3.04,0.0,41.0,18.4,19.56,COMPLETED,4
sale-1721,INV-2026-1721,2026-07-02 15:53:06,cust-014,Charlotte Williams,Amara Patel (Cashier),539.94,43.2,0.0,583.14,270.0,269.94,COMPLETED,1
sale-1722,INV-2026-1722,2026-07-02 10:47:43,cust-008,Sophia Jones,James Wilson (Senior Cashier),116.36,8.84,5.82,119.38,53.7,56.84,COMPLETED,5
sale-1723,INV-2026-1723,2026-07-03 10:03:11,cust-036,Ava Rodriguez,Eleanor Vance (Admin),186.95,14.96,0.0,201.91,91.2,95.75,COMPLETED,2
sale-1724,INV-2026-1724,2026-07-03 12:58:16,cust-008,Sophia Jones,Amara Patel (Cashier),31.98,2.56,0.0,34.54,15.5,16.48,COMPLETED,2
sale-1725,INV-2026-1725,2026-07-03 09:24:43,cust-001,James Brown,Lucas Rodriguez (Cashier),6.99,0.53,0.35,7.17,3.2,3.44,COMPLETED,1
sale-1726,INV-2026-1726,2026-07-03 18:02:44,cust-023,Elijah Martinez,Lucas Rodriguez (Cashier),106.46,8.09,5.32,109.23,52.5,48.64,COMPLETED,3
sale-1727,INV-2026-1727,2026-07-03 19:19:38,cust-013,Ethan Martin,Amara Patel (Cashier),50.46,4.04,0.0,54.5,24.2,26.26,COMPLETED,2
sale-1728,INV-2026-1728,2026-07-03 19:01:30,cust-004,Olivia Gonzalez,Marcus Brody (Ops Manager),34.45,2.76,0.0,37.21,15.4,19.05,COMPLETED,5
sale-1729,INV-2026-1729,2026-07-03 17:18:40,cust-011,Mason Wilson,James Wilson (Senior Cashier),93.98,7.52,0.0,101.5,46.8,47.18,COMPLETED,2
sale-1730,INV-2026-1730,2026-07-03 09:35:55,cust-002,Emma Miller,Eleanor Vance (Admin),40.98,3.11,2.05,42.04,20.0,18.93,COMPLETED,2
sale-1731,INV-2026-1731,2026-07-03 18:25:34,cust-002,Emma Miller,James Wilson (Senior Cashier),40.47,3.24,0.0,43.71,19.5,20.97,COMPLETED,3
sale-1732,INV-2026-1732,2026-07-03 14:13:26,cust-033,Liam Martin,Marcus Brody (Ops Manager),33.94,2.72,0.0,36.66,15.2,18.74,COMPLETED,3
sale-1733,INV-2026-1733,2026-07-03 12:39:53,cust-002,Emma Miller,Marcus Brody (Ops Manager),5.49,0.44,0.0,5.93,2.5,2.99,COMPLETED,1
sale-1734,INV-2026-1734,2026-07-03 18:54:03,cust-036,Ava Rodriguez,Amara Patel (Cashier),7.99,0.64,0.0,8.63,3.5,4.49,COMPLETED,1
sale-1735,INV-2026-1735,2026-07-03 10:18:42,cust-002,Emma Miller,Marcus Brody (Ops Manager),12.98,1.04,0.0,14.02,6.0,6.98,COMPLETED,2
sale-1736,INV-2026-1736,2026-07-04 16:21:22,cust-011,Mason Wilson,Marcus Brody (Ops Manager),14.98,1.14,0.75,15.37,7.0,7.23,COMPLETED,1
sale-1737,INV-2026-1737,2026-07-04 18:04:57,cust-008,Sophia Jones,Amara Patel (Cashier),399.96,32.0,0.0,431.96,199.2,200.76,COMPLETED,3
sale-1738,INV-2026-1738,2026-07-04 19:19:44,cust-010,Isabella Hernandez,Lucas Rodriguez (Cashier),25.98,2.08,0.0,28.06,12.0,13.98,COMPLETED,1
sale-1739,INV-2026-1739,2026-07-04 14:27:10,cust-004,Olivia Gonzalez,Marcus Brody (Ops Manager),6.49,0.52,0.0,7.01,2.8,3.69,COMPLETED,1
sale-1740,INV-2026-1740,2026-07-04 19:27:17,cust-009,Lucas Davis,James Wilson (Senior Cashier),105.42,8.43,0.0,113.85,50.0,55.42,COMPLETED,4
sale-1741,INV-2026-1741,2026-07-04 16:28:22,cust-032,Emma Taylor,Lucas Rodriguez (Cashier),63.96,4.86,3.2,65.62,30.4,30.36,COMPLETED,3
sale-1742,INV-2026-1742,2026-07-04 19:38:05,cust-009,Lucas Davis,Lucas Rodriguez (Cashier),114.99,9.2,0.0,124.19,58.0,56.99,COMPLETED,1
sale-1743,INV-2026-1743,2026-07-04 19:04:46,cust-001,James Brown,Lucas Rodriguez (Cashier),57.94,4.64,0.0,62.58,27.4,30.54,COMPLETED,5
sale-1744,INV-2026-1744,2026-07-04 18:37:25,cust-014,Charlotte Williams,Eleanor Vance (Admin),22.47,1.8,0.0,24.27,10.5,11.97,COMPLETED,1
sale-1745,INV-2026-1745,2026-07-04 17:57:34,cust-013,Ethan Martin,Marcus Brody (Ops Manager),13.98,1.12,0.0,15.1,6.0,7.98,COMPLETED,1
sale-1746,INV-2026-1746,2026-07-04 12:57:49,cust-014,Charlotte Williams,James Wilson (Senior Cashier),292.94,22.26,14.65,300.55,145.5,132.79,COMPLETED,3
sale-1747,INV-2026-1747,2026-07-04 17:32:05,cust-009,Lucas Davis,Eleanor Vance (Admin),125.37,10.03,0.0,135.4,58.0,67.37,COMPLETED,5
sale-1748,INV-2026-1748,2026-07-05 18:43:10,cust-009,Lucas Davis,Amara Patel (Cashier),64.98,5.2,0.0,70.18,31.0,33.98,COMPLETED,2
sale-1749,INV-2026-1749,2026-07-05 18:36:42,cust-010,Isabella Hernandez,Amara Patel (Cashier),7.99,0.64,0.0,8.63,3.5,4.49,COMPLETED,1
sale-1750,INV-2026-1750,2026-07-05 09:14:48,cust-002,Emma Miller,James Wilson (Senior Cashier),40.97,3.28,0.0,44.25,19.2,21.77,COMPLETED,2
sale-1751,INV-2026-1751,2026-07-05 09:42:13,cust-013,Ethan Martin,James Wilson (Senior Cashier),13.98,1.12,0.0,15.1,6.4,7.58,COMPLETED,1
sale-1752,INV-2026-1752,2026-07-05 16:56:02,cust-011,Mason Wilson,James Wilson (Senior Cashier),169.94,12.92,8.5,174.36,82.8,78.64,COMPLETED,3
sale-1753,INV-2026-1753,2026-07-05 17:40:53,cust-012,Mia Taylor,James Wilson (Senior Cashier),164.98,13.2,0.0,178.18,83.0,81.98,COMPLETED,2
sale-1754,INV-2026-1754,2026-07-05 18:11:24,cust-024,Emily Gonzalez,Lucas Rodriguez (Cashier),14.98,1.2,0.0,16.18,7.0,7.98,COMPLETED,2
sale-1755,INV-2026-1755,2026-07-05 10:33:16,cust-015,Aiden Garcia,Marcus Brody (Ops Manager),108.96,8.72,0.0,117.68,54.5,54.46,COMPLETED,2
sale-1756,INV-2026-1756,2026-07-05 14:52:55,cust-013,Ethan Martin,Amara Patel (Cashier),54.47,4.36,0.0,58.83,27.1,27.37,COMPLETED,2
sale-1757,INV-2026-1757,2026-07-05 09:32:56,cust-003,Liam Martinez,Marcus Brody (Ops Manager),5.49,0.42,0.27,5.64,2.5,2.72,COMPLETED,1
sale-1758,INV-2026-1758,2026-07-05 19:17:13,cust-003,Liam Martinez,James Wilson (Senior Cashier),17.99,1.44,0.0,19.43,8.5,9.49,COMPLETED,1
sale-1759,INV-2026-1759,2026-07-05 10:42:14,cust-006,Ava Jackson,Eleanor Vance (Admin),230.96,18.48,0.0,249.44,115.0,115.96,COMPLETED,2
sale-1760,INV-2026-1760,2026-07-05 16:30:13,cust-011,Mason Wilson,Amara Patel (Cashier),28.98,2.2,1.45,29.73,14.0,13.53,COMPLETED,2
sale-1761,INV-2026-1761,2026-07-06 09:08:36,cust-003,Liam Martinez,Lucas Rodriguez (Cashier),12.98,0.99,0.65,13.32,5.6,6.73,COMPLETED,1
sale-1762,INV-2026-1762,2026-07-06 18:09:03,cust-015,Aiden Garcia,Marcus Brody (Ops Manager),125.97,10.08,0.0,136.05,62.0,63.97,COMPLETED,2
sale-1763,INV-2026-1763,2026-07-06 15:38:36,cust-015,Aiden Garcia,James Wilson (Senior Cashier),28.96,2.32,0.0,31.28,13.4,15.56,COMPLETED,2
sale-1764,INV-2026-1764,2026-07-06 12:28:38,cust-031,James Wilson,Marcus Brody (Ops Manager),136.94,10.96,0.0,147.9,66.6,70.34,COMPLETED,4
sale-1765,INV-2026-1765,2026-07-06 15:38:09,cust-050,Evelyn Hernandez,Marcus Brody (Ops Manager),14.49,1.16,0.0,15.65,7.0,7.49,COMPLETED,1
sale-1766,INV-2026-1766,2026-07-06 17:16:10,cust-022,Abigail Miller,Amara Patel (Cashier),10.98,0.88,0.0,11.86,4.8,6.18,COMPLETED,2
sale-1767,INV-2026-1767,2026-07-07 10:14:24,cust-002,Emma Miller,Eleanor Vance (Admin),19.99,1.6,0.0,21.59,9.0,10.99,COMPLETED,1
sale-1768,INV-2026-1768,2026-07-07 17:43:26,cust-039,Lucas Moore,Eleanor Vance (Admin),74.99,6.0,0.0,80.99,38.0,36.99,COMPLETED,1
sale-1769,INV-2026-1769,2026-07-07 18:38:02,cust-035,Noah Garcia,Lucas Rodriguez (Cashier),41.94,3.36,0.0,45.3,19.2,22.74,COMPLETED,1
sale-1770,INV-2026-1770,2026-07-07 10:30:42,cust-010,Isabella Hernandez,Lucas Rodriguez (Cashier),65.43,5.23,0.0,70.66,31.3,34.13,COMPLETED,2
sale-1771,INV-2026-1771,2026-07-07 19:41:27,cust-006,Ava Jackson,Eleanor Vance (Admin),72.95,5.84,0.0,78.79,35.6,37.35,COMPLETED,3
sale-1772,INV-2026-1772,2026-07-07 15:14:51,cust-013,Ethan Martin,Amara Patel (Cashier),11.99,0.96,0.0,12.95,5.2,6.79,COMPLETED,1
sale-1773,INV-2026-1773,2026-07-07 18:06:27,cust-008,Sophia Jones,Marcus Brody (Ops Manager),337.96,27.04,0.0,365.0,168.5,169.46,COMPLETED,2
sale-1774,INV-2026-1774,2026-07-07 10:18:38,cust-027,Henry Johnson,James Wilson (Senior Cashier),201.96,16.16,0.0,218.12,99.7,102.26,COMPLETED,3
sale-1775,INV-2026-1775,2026-07-07 09:36:33,cust-001,James Brown,Amara Patel (Cashier),44.97,3.6,0.0,48.57,21.7,23.27,COMPLETED,3
sale-1776,INV-2026-1776,2026-07-08 14:26:23,cust-007,Oliver Johnson,Lucas Rodriguez (Cashier),99.98,8.0,0.0,107.98,50.5,49.48,COMPLETED,2
sale-1777,INV-2026-1777,2026-07-08 17:27:36,cust-005,Noah Thomas,Amara Patel (Cashier),49.96,4.0,0.0,53.96,23.8,26.16,COMPLETED,2
sale-1778,INV-2026-1778,2026-07-08 15:35:50,cust-003,Liam Martinez,James Wilson (Senior Cashier),73.97,5.92,0.0,79.89,36.0,37.97,COMPLETED,2
sale-1779,INV-2026-1779,2026-07-08 16:16:19,cust-013,Ethan Martin,Amara Patel (Cashier),61.94,4.96,0.0,66.9,28.7,33.24,COMPLETED,4
sale-1780,INV-2026-1780,2026-07-08 19:07:47,cust-013,Ethan Martin,Marcus Brody (Ops Manager),13.48,1.02,0.67,13.83,6.3,6.51,COMPLETED,2
sale-1781,INV-2026-1781,2026-07-08 17:25:50,cust-009,Lucas Davis,Lucas Rodriguez (Cashier),15.98,1.28,0.0,17.26,7.0,8.98,COMPLETED,1
sale-1782,INV-2026-1782,2026-07-09 09:10:24,cust-001,James Brown,Eleanor Vance (Admin),7.99,0.64,0.0,8.63,3.5,4.49,COMPLETED,1
sale-1783,INV-2026-1783,2026-07-09 16:59:38,cust-002,Emma Miller,James Wilson (Senior Cashier),21.48,1.72,0.0,23.2,10.0,11.48,COMPLETED,2
sale-1784,INV-2026-1784,2026-07-09 10:38:02,cust-026,Elizabeth Jackson,Lucas Rodriguez (Cashier),195.39,15.63,0.0,211.02,96.1,99.29,COMPLETED,5
sale-1785,INV-2026-1785,2026-07-09 13:45:38,cust-013,Ethan Martin,Marcus Brody (Ops Manager),5.49,0.44,0.0,5.93,2.5,2.99,COMPLETED,1
sale-1786,INV-2026-1786,2026-07-09 16:00:12,cust-034,Olivia Williams,James Wilson (Senior Cashier),6.49,0.52,0.0,7.01,2.8,3.69,COMPLETED,1
sale-1787,INV-2026-1787,2026-07-09 18:32:33,cust-040,Isabella Smith,Marcus Brody (Ops Manager),107.94,8.64,0.0,116.58,53.6,54.34,COMPLETED,2
sale-1788,INV-2026-1788,2026-07-09 14:15:41,cust-003,Liam Martinez,Eleanor Vance (Admin),54.96,4.4,0.0,59.36,25.7,29.26,COMPLETED,4
sale-1789,INV-2026-1789,2026-07-09 15:22:42,cust-010,Isabella Hernandez,Marcus Brody (Ops Manager),94.95,7.6,0.0,102.55,46.8,48.15,COMPLETED,3
sale-1790,INV-2026-1790,2026-07-09 10:58:05,cust-012,Mia Taylor,Lucas Rodriguez (Cashier),3.99,0.32,0.0,4.31,1.8,2.19,COMPLETED,1
sale-1791,INV-2026-1791,2026-07-09 14:22:52,cust-010,Isabella Hernandez,Marcus Brody (Ops Manager),22.47,1.8,0.0,24.27,10.5,11.97,COMPLETED,1
sale-1792,INV-2026-1792,2026-07-09 15:36:00,cust-007,Oliver Johnson,Lucas Rodriguez (Cashier),21.99,1.67,1.1,22.56,11.0,9.89,COMPLETED,1
sale-1793,INV-2026-1793,2026-07-10 10:32:18,cust-002,Emma Miller,Lucas Rodriguez (Cashier),4.99,0.4,0.0,5.39,2.2,2.79,COMPLETED,1
sale-1794,INV-2026-1794,2026-07-10 17:52:50,cust-012,Mia Taylor,Amara Patel (Cashier),13.98,1.12,0.0,15.1,6.0,7.98,COMPLETED,1
sale-1795,INV-2026-1795,2026-07-10 18:30:49,cust-006,Ava Jackson,Amara Patel (Cashier),53.97,4.32,0.0,58.29,26.8,27.17,COMPLETED,2
sale-1796,INV-2026-1796,2026-07-10 18:55:01,cust-005,Noah Thomas,Eleanor Vance (Admin),115.9,9.27,0.0,125.17,54.5,61.4,COMPLETED,3
sale-1797,INV-2026-1797,2026-07-10 12:43:44,cust-006,Ava Jackson,Amara Patel (Cashier),17.99,1.44,0.0,19.43,8.5,9.49,COMPLETED,1
sale-1798,INV-2026-1798,2026-07-10 17:34:00,cust-017,Jackson Lopez,Marcus Brody (Ops Manager),57.94,4.64,0.0,62.58,26.4,31.54,COMPLETED,2
sale-1799,INV-2026-1799,2026-07-10 15:43:47,cust-005,Noah Thomas,Lucas Rodriguez (Cashier),45.93,3.67,0.0,49.6,19.8,26.13,COMPLETED,2
sale-1800,INV-2026-1800,2026-07-10 16:20:22,cust-010,Isabella Hernandez,James Wilson (Senior Cashier),3.99,0.32,0.0,4.31,1.8,2.19,COMPLETED,1
sale-1801,INV-2026-1801,2026-07-10 19:59:58,cust-012,Mia Taylor,Marcus Brody (Ops Manager),9.98,0.8,0.0,10.78,4.4,5.58,COMPLETED,1
sale-1802,INV-2026-1802,2026-07-11 12:55:16,cust-004,Olivia Gonzalez,Marcus Brody (Ops Manager),18.48,1.48,0.0,19.96,8.5,9.98,COMPLETED,2
sale-1803,INV-2026-1803,2026-07-11 14:09:49,cust-015,Aiden Garcia,Eleanor Vance (Admin),11.97,0.96,0.0,12.93,5.4,6.57,COMPLETED,1
sale-1804,INV-2026-1804,2026-07-11 19:31:39,cust-014,Charlotte Williams,Lucas Rodriguez (Cashier),19.96,1.6,0.0,21.56,9.2,10.76,COMPLETED,2
sale-1805,INV-2026-1805,2026-07-11 16:23:39,cust-015,Aiden Garcia,Lucas Rodriguez (Cashier),87.95,7.04,0.0,94.99,39.5,48.45,COMPLETED,2
sale-1806,INV-2026-1806,2026-07-11 16:11:48,cust-018,Harper Anderson,Amara Patel (Cashier),49.97,4.0,0.0,53.97,22.5,27.47,COMPLETED,2
sale-1807,INV-2026-1807,2026-07-11 18:08:03,cust-007,Oliver Johnson,Amara Patel (Cashier),49.98,4.0,0.0,53.98,25.0,24.98,COMPLETED,1
sale-1808,INV-2026-1808,2026-07-11 09:32:22,cust-011,Mason Wilson,Marcus Brody (Ops Manager),20.97,1.68,0.0,22.65,9.4,11.57,COMPLETED,3
sale-1809,INV-2026-1809,2026-07-11 10:44:33,cust-012,Mia Taylor,Eleanor Vance (Admin),9.99,0.76,0.5,10.25,4.5,4.99,COMPLETED,1
sale-1810,INV-2026-1810,2026-07-11 12:24:37,cust-006,Ava Jackson,Lucas Rodriguez (Cashier),12.99,1.04,0.0,14.03,6.0,6.99,COMPLETED,1
sale-1811,INV-2026-1811,2026-07-11 11:35:16,cust-008,Sophia Jones,Lucas Rodriguez (Cashier),16.98,1.36,0.0,18.34,7.8,9.18,COMPLETED,2
sale-1812,INV-2026-1812,2026-07-11 11:31:27,cust-012,Mia Taylor,James Wilson (Senior Cashier),24.99,2.0,0.0,26.99,12.5,12.49,COMPLETED,1
sale-1813,INV-2026-1813,2026-07-12 15:17:28,cust-003,Liam Martinez,Lucas Rodriguez (Cashier),29.45,2.36,0.0,31.81,13.5,15.95,COMPLETED,2
sale-1814,INV-2026-1814,2026-07-12 10:46:17,cust-036,Ava Rodriguez,Amara Patel (Cashier),89.99,7.2,0.0,97.19,45.0,44.99,COMPLETED,1
sale-1815,INV-2026-1815,2026-07-12 12:09:51,cust-010,Isabella Hernandez,Amara Patel (Cashier),295.93,23.67,0.0,319.6,146.2,149.73,COMPLETED,2
sale-1816,INV-2026-1816,2026-07-12 11:26:31,cust-015,Aiden Garcia,Lucas Rodriguez (Cashier),24.99,2.0,0.0,26.99,12.5,12.49,COMPLETED,1
sale-1817,INV-2026-1817,2026-07-12 14:50:31,cust-009,Lucas Davis,Lucas Rodriguez (Cashier),6.99,0.53,0.35,7.17,3.2,3.44,COMPLETED,1
sale-1818,INV-2026-1818,2026-07-12 10:44:10,cust-014,Charlotte Williams,James Wilson (Senior Cashier),47.94,3.84,0.0,51.78,22.8,25.14,COMPLETED,1
sale-1819,INV-2026-1819,2026-07-12 19:06:28,cust-017,Jackson Lopez,James Wilson (Senior Cashier),13.98,1.12,0.0,15.1,6.2,7.78,COMPLETED,2
sale-1820,INV-2026-1820,2026-07-12 17:59:51,cust-001,James Brown,Amara Patel (Cashier),179.98,13.68,9.0,184.66,90.0,80.98,COMPLETED,1
sale-1821,INV-2026-1821,2026-07-12 19:38:12,cust-011,Mason Wilson,Lucas Rodriguez (Cashier),17.48,1.4,0.0,18.88,8.1,9.38,COMPLETED,2
sale-1822,INV-2026-1822,2026-07-12 13:22:20,cust-032,Emma Taylor,Amara Patel (Cashier),6.99,0.56,0.0,7.55,3.2,3.79,COMPLETED,1
sale-1823,INV-2026-1823,2026-07-13 15:39:18,cust-003,Liam Martinez,Marcus Brody (Ops Manager),63.96,5.12,0.0,69.08,31.0,32.96,COMPLETED,3
sale-1824,INV-2026-1824,2026-07-13 14:26:40,cust-007,Oliver Johnson,Eleanor Vance (Admin),54.95,4.18,2.75,56.38,26.7,25.5,COMPLETED,2
sale-1825,INV-2026-1825,2026-07-13 14:14:20,cust-005,Noah Thomas,James Wilson (Senior Cashier),15.98,1.28,0.0,17.26,7.6,8.38,COMPLETED,1
sale-1826,INV-2026-1826,2026-07-13 15:17:56,cust-014,Charlotte Williams,James Wilson (Senior Cashier),84.39,6.75,0.0,91.14,38.8,45.59,COMPLETED,5
sale-1827,INV-2026-1827,2026-07-13 17:28:26,cust-014,Charlotte Williams,Eleanor Vance (Admin),36.44,2.77,1.82,37.39,16.7,17.92,COMPLETED,3
sale-1828,INV-2026-1828,2026-07-13 12:42:16,cust-045,Aiden Thomas,Eleanor Vance (Admin),11.98,0.96,0.0,12.94,5.4,6.58,COMPLETED,2
sale-1829,INV-2026-1829,2026-07-13 15:06:06,cust-015,Aiden Garcia,Amara Patel (Cashier),236.97,18.96,0.0,255.93,119.2,117.77,COMPLETED,2
sale-1830,INV-2026-1830,2026-07-13 09:49:25,cust-002,Emma Miller,Eleanor Vance (Admin),27.96,2.24,0.0,30.2,12.8,15.16,COMPLETED,1
sale-1831,INV-2026-1831,2026-07-13 11:05:41,cust-025,Daniel Thomas,James Wilson (Senior Cashier),185.46,14.84,0.0,200.3,91.0,94.46,COMPLETED,3
sale-1832,INV-2026-1832,2026-07-14 13:28:40,cust-009,Lucas Davis,Marcus Brody (Ops Manager),27.98,2.13,1.4,28.71,12.8,13.78,COMPLETED,2
sale-1833,INV-2026-1833,2026-07-14 19:22:55,cust-031,James Wilson,Amara Patel (Cashier),24.97,2.0,0.0,26.97,11.8,13.17,COMPLETED,2
sale-1834,INV-2026-1834,2026-07-14 17:59:17,cust-003,Liam Martinez,Lucas Rodriguez (Cashier),15.98,1.28,0.0,17.26,7.6,8.38,COMPLETED,1
sale-1835,INV-2026-1835,2026-07-14 18:29:40,cust-037,Oliver Lopez,Amara Patel (Cashier),234.47,18.76,0.0,253.23,117.0,117.47,COMPLETED,2
sale-1836,INV-2026-1836,2026-07-14 19:34:19,cust-031,James Wilson,Lucas Rodriguez (Cashier),41.97,3.36,0.0,45.33,19.7,22.27,COMPLETED,3
sale-1837,INV-2026-1837,2026-07-14 10:28:19,cust-005,Noah Thomas,Marcus Brody (Ops Manager),111.98,8.96,0.0,120.94,56.0,55.98,COMPLETED,2
sale-1838,INV-2026-1838,2026-07-14 09:33:52,cust-009,Lucas Davis,James Wilson (Senior Cashier),116.97,9.36,0.0,126.33,57.0,59.97,COMPLETED,3
sale-1839,INV-2026-1839,2026-07-14 17:00:44,cust-049,Logan Davis,Amara Patel (Cashier),48.96,3.92,0.0,52.88,22.8,26.16,COMPLETED,2
sale-1840,INV-2026-1840,2026-07-14 15:51:18,cust-013,Ethan Martin,Eleanor Vance (Admin),269.97,21.6,0.0,291.57,135.0,134.97,COMPLETED,1
sale-1841,INV-2026-1841,2026-07-14 12:26:56,cust-007,Oliver Johnson,Marcus Brody (Ops Manager),30.97,2.48,0.0,33.45,14.0,16.97,COMPLETED,2
sale-1842,INV-2026-1842,2026-07-15 19:24:53,cust-005,Noah Thomas,Eleanor Vance (Admin),199.98,16.0,0.0,215.98,99.5,100.48,COMPLETED,2
sale-1843,INV-2026-1843,2026-07-15 12:33:48,cust-040,Isabella Smith,James Wilson (Senior Cashier),7.49,0.6,0.0,8.09,3.5,3.99,COMPLETED,1
sale-1844,INV-2026-1844,2026-07-15 17:51:17,cust-014,Charlotte Williams,Eleanor Vance (Admin),86.98,6.96,0.0,93.94,43.2,43.78,COMPLETED,2
sale-1845,INV-2026-1845,2026-07-15 13:07:40,cust-008,Sophia Jones,James Wilson (Senior Cashier),53.97,4.32,0.0,58.29,26.5,27.47,COMPLETED,2
sale-1846,INV-2026-1846,2026-07-15 16:12:20,cust-001,James Brown,Lucas Rodriguez (Cashier),12.98,0.99,0.65,13.32,5.6,6.73,COMPLETED,1
sale-1847,INV-2026-1847,2026-07-15 10:18:17,cust-008,Sophia Jones,Eleanor Vance (Admin),117.95,9.44,0.0,127.39,57.2,60.75,COMPLETED,3
sale-1848,INV-2026-1848,2026-07-15 11:00:31,cust-007,Oliver Johnson,James Wilson (Senior Cashier),283.92,22.71,0.0,306.63,138.0,145.92,COMPLETED,2
sale-1849,INV-2026-1849,2026-07-15 16:23:29,cust-003,Liam Martinez,James Wilson (Senior Cashier),5.49,0.42,0.27,5.64,2.5,2.72,COMPLETED,1
sale-1850,INV-2026-1850,2026-07-15 11:03:17,cust-005,Noah Thomas,Lucas Rodriguez (Cashier),5.49,0.44,0.0,5.93,2.5,2.99,COMPLETED,1
sale-1851,INV-2026-1851,2026-07-16 12:57:53,cust-007,Oliver Johnson,Eleanor Vance (Admin),20.97,1.59,1.05,21.51,9.6,10.32,COMPLETED,1
sale-1852,INV-2026-1852,2026-07-16 12:24:49,cust-016,Amelia Rodriguez,Eleanor Vance (Admin),41.96,3.36,0.0,45.32,19.6,22.36,COMPLETED,2
sale-1853,INV-2026-1853,2026-07-16 10:33:42,cust-031,James Wilson,Amara Patel (Cashier),12.99,1.04,0.0,14.03,6.0,6.99,COMPLETED,1
sale-1854,INV-2026-1854,2026-07-16 13:59:20,cust-012,Mia Taylor,Eleanor Vance (Admin),94.9,7.59,0.0,102.49,42.6,52.3,COMPLETED,5
sale-1855,INV-2026-1855,2026-07-16 17:33:07,cust-011,Mason Wilson,James Wilson (Senior Cashier),14.48,1.16,0.0,15.64,6.6,7.88,COMPLETED,2
sale-1856,INV-2026-1856,2026-07-16 09:55:42,cust-002,Emma Miller,Marcus Brody (Ops Manager),51.48,4.12,0.0,55.6,25.0,26.48,COMPLETED,2
sale-1857,INV-2026-1857,2026-07-16 14:00:10,cust-038,Sophia Anderson,Eleanor Vance (Admin),23.97,1.92,0.0,25.89,10.5,13.47,COMPLETED,1
sale-1858,INV-2026-1858,2026-07-16 12:00:02,cust-012,Mia Taylor,Amara Patel (Cashier),23.97,1.92,0.0,25.89,10.5,13.47,COMPLETED,1
sale-1859,INV-2026-1859,2026-07-16 11:23:49,cust-003,Liam Martinez,Amara Patel (Cashier),29.97,2.28,1.5,30.75,13.5,14.97,COMPLETED,3
sale-1860,INV-2026-1860,2026-07-17 18:21:59,cust-049,Logan Davis,Eleanor Vance (Admin),11.97,0.91,0.6,12.28,5.4,5.97,COMPLETED,1
sale-1861,INV-2026-1861,2026-07-17 19:09:44,cust-002,Emma Miller,Marcus Brody (Ops Manager),11.97,0.96,0.0,12.93,5.4,6.57,COMPLETED,1
sale-1862,INV-2026-1862,2026-07-17 14:35:50,cust-006,Ava Jackson,Amara Patel (Cashier),65.96,5.28,0.0,71.24,31.4,34.56,COMPLETED,3
sale-1863,INV-2026-1863,2026-07-17 09:44:24,cust-003,Liam Martinez,James Wilson (Senior Cashier),18.47,1.48,0.0,19.95,8.5,9.97,COMPLETED,2
sale-1864,INV-2026-1864,2026-07-17 16:45:28,cust-009,Lucas Davis,Amara Patel (Cashier),43.94,3.52,0.0,47.46,20.0,23.94,COMPLETED,3
sale-1865,INV-2026-1865,2026-07-17 11:34:22,cust-008,Sophia Jones,James Wilson (Senior Cashier),388.92,31.11,0.0,420.03,193.8,195.12,COMPLETED,4
sale-1866,INV-2026-1866,2026-07-17 18:58:55,cust-002,Emma Miller,Lucas Rodriguez (Cashier),49.98,4.0,0.0,53.98,25.0,24.98,COMPLETED,1
sale-1867,INV-2026-1867,2026-07-17 13:52:16,cust-008,Sophia Jones,Eleanor Vance (Admin),42.96,3.44,0.0,46.4,19.8,23.16,COMPLETED,2
sale-1868,INV-2026-1868,2026-07-17 17:24:46,cust-001,James Brown,Lucas Rodriguez (Cashier),45.97,3.68,0.0,49.65,21.5,24.47,COMPLETED,2
sale-1869,INV-2026-1869,2026-07-17 18:15:20,cust-043,Ethan Martinez,Lucas Rodriguez (Cashier),23.46,1.88,0.0,25.34,10.2,13.26,COMPLETED,2
sale-1870,INV-2026-1870,2026-07-17 12:33:43,cust-009,Lucas Davis,Marcus Brody (Ops Manager),345.95,27.68,0.0,373.63,172.6,173.35,COMPLETED,2
sale-1871,INV-2026-1871,2026-07-17 14:26:41,cust-002,Emma Miller,Lucas Rodriguez (Cashier),38.97,3.12,0.0,42.09,18.0,20.97,COMPLETED,1
sale-1872,INV-2026-1872,2026-07-18 09:53:08,cust-001,James Brown,Marcus Brody (Ops Manager),13.98,1.06,0.7,14.34,6.0,7.28,COMPLETED,1
sale-1873,INV-2026-1873,2026-07-18 12:06:02,cust-014,Charlotte Williams,Amara Patel (Cashier),102.45,8.2,0.0,110.65,51.0,51.45,COMPLETED,2
sale-1874,INV-2026-1874,2026-07-18 17:39:44,cust-001,James Brown,James Wilson (Senior Cashier),144.92,11.59,0.0,156.51,70.2,74.72,COMPLETED,3
sale-1875,INV-2026-1875,2026-07-18 10:00:59,cust-042,Mia Miller,Amara Patel (Cashier),7.99,0.64,0.0,8.63,3.8,4.19,COMPLETED,1
sale-1876,INV-2026-1876,2026-07-18 10:29:51,cust-006,Ava Jackson,Lucas Rodriguez (Cashier),9.98,0.8,0.0,10.78,4.6,5.38,COMPLETED,2
sale-1877,INV-2026-1877,2026-07-18 15:52:23,cust-004,Olivia Gonzalez,Lucas Rodriguez (Cashier),140.91,11.27,0.0,152.18,66.2,74.71,COMPLETED,5
sale-1878,INV-2026-1878,2026-07-18 09:46:04,cust-005,Noah Thomas,Marcus Brody (Ops Manager),44.47,3.56,0.0,48.03,22.0,22.47,COMPLETED,2
sale-1879,INV-2026-1879,2026-07-18 10:06:46,cust-007,Oliver Johnson,Marcus Brody (Ops Manager),119.94,9.6,0.0,129.54,54.0,65.94,COMPLETED,1
sale-1880,INV-2026-1880,2026-07-18 19:15:36,cust-003,Liam Martinez,Lucas Rodriguez (Cashier),13.48,1.08,0.0,14.56,6.3,7.18,COMPLETED,2
sale-1881,INV-2026-1881,2026-07-18 15:47:06,cust-037,Oliver Lopez,James Wilson (Senior Cashier),299.94,24.0,0.0,323.94,148.5,151.44,COMPLETED,2
sale-1882,INV-2026-1882,2026-07-18 19:27:56,cust-013,Ethan Martin,Marcus Brody (Ops Manager),60.94,4.88,0.0,65.82,28.8,32.14,COMPLETED,3
sale-1883,INV-2026-1883,2026-07-19 17:21:42,cust-010,Isabella Hernandez,Amara Patel (Cashier),23.98,1.92,0.0,25.9,10.4,13.58,COMPLETED,1
sale-1884,INV-2026-1884,2026-07-19 14:35:20,cust-027,Henry Johnson,Amara Patel (Cashier),539.94,43.2,0.0,583.14,270.0,269.94,COMPLETED,1
sale-1885,INV-2026-1885,2026-07-19 14:38:15,cust-004,Olivia Gonzalez,Amara Patel (Cashier),24.99,2.0,0.0,26.99,12.5,12.49,COMPLETED,1
sale-1886,INV-2026-1886,2026-07-19 13:23:28,cust-007,Oliver Johnson,Eleanor Vance (Admin),25.98,2.08,0.0,28.06,12.0,13.98,COMPLETED,1
sale-1887,INV-2026-1887,2026-07-19 13:38:01,cust-015,Aiden Garcia,James Wilson (Senior Cashier),9.98,0.76,0.5,10.24,4.4,5.08,COMPLETED,1
sale-1888,INV-2026-1888,2026-07-20 12:13:54,cust-013,Ethan Martin,James Wilson (Senior Cashier),14.97,1.2,0.0,16.17,6.8,8.17,COMPLETED,2
sale-1889,INV-2026-1889,2026-07-20 17:35:36,cust-010,Isabella Hernandez,Eleanor Vance (Admin),539.92,41.03,27.0,553.95,267.0,245.92,COMPLETED,2
sale-1890,INV-2026-1890,2026-07-20 14:09:08,cust-015,Aiden Garcia,Lucas Rodriguez (Cashier),59.94,4.8,0.0,64.74,28.8,31.14,COMPLETED,1
sale-1891,INV-2026-1891,2026-07-20 13:51:19,cust-007,Oliver Johnson,Lucas Rodriguez (Cashier),192.97,15.44,0.0,208.41,96.8,96.17,COMPLETED,3
sale-1892,INV-2026-1892,2026-07-20 10:46:20,cust-012,Mia Taylor,Amara Patel (Cashier),101.97,8.16,0.0,110.13,50.6,51.37,COMPLETED,3
sale-1893,INV-2026-1893,2026-07-20 18:52:58,cust-011,Mason Wilson,James Wilson (Senior Cashier),9.99,0.76,0.5,10.25,4.5,4.99,COMPLETED,1
sale-1894,INV-2026-1894,2026-07-20 18:24:05,cust-050,Evelyn Hernandez,James Wilson (Senior Cashier),4.99,0.4,0.0,5.39,2.2,2.79,COMPLETED,1
sale-1895,INV-2026-1895,2026-07-20 15:26:59,cust-050,Evelyn Hernandez,Marcus Brody (Ops Manager),31.44,2.52,0.0,33.96,14.7,16.74,COMPLETED,3
sale-1896,INV-2026-1896,2026-07-20 18:59:00,cust-011,Mason Wilson,Amara Patel (Cashier),21.99,1.67,1.1,22.56,11.0,9.89,COMPLETED,1
sale-1897,INV-2026-1897,2026-07-21 17:02:20,cust-003,Liam Martinez,James Wilson (Senior Cashier),11.99,0.96,0.0,12.95,5.2,6.79,COMPLETED,1
sale-1898,INV-2026-1898,2026-07-21 12:09:03,cust-026,Elizabeth Jackson,Amara Patel (Cashier),5.49,0.44,0.0,5.93,2.5,2.99,COMPLETED,1
sale-1899,INV-2026-1899,2026-07-21 18:32:05,cust-005,Noah Thomas,Amara Patel (Cashier),91.95,6.99,4.6,94.34,45.3,42.05,COMPLETED,3
sale-1900,INV-2026-1900,2026-07-21 14:05:30,cust-001,James Brown,Lucas Rodriguez (Cashier),389.41,31.15,0.0,420.56,193.3,196.11,COMPLETED,3
sale-1901,INV-2026-1901,2026-07-21 10:25:32,cust-012,Mia Taylor,Marcus Brody (Ops Manager),72.95,5.84,0.0,78.79,35.0,37.95,COMPLETED,4
sale-1902,INV-2026-1902,2026-07-21 16:35:12,cust-011,Mason Wilson,Lucas Rodriguez (Cashier),8.98,0.72,0.0,9.7,4.2,4.78,COMPLETED,1
sale-1903,INV-2026-1903,2026-07-21 18:47:33,cust-002,Emma Miller,James Wilson (Senior Cashier),23.47,1.88,0.0,25.35,10.8,12.67,COMPLETED,3
sale-1904,INV-2026-1904,2026-07-21 14:43:59,cust-002,Emma Miller,Amara Patel (Cashier),87.96,7.04,0.0,95.0,44.0,43.96,COMPLETED,1
sale-1905,INV-2026-1905,2026-07-21 14:12:20,cust-011,Mason Wilson,Eleanor Vance (Admin),148.92,11.91,0.0,160.83,72.6,76.32,COMPLETED,4
sale-1906,INV-2026-1906,2026-07-21 11:22:39,cust-029,Sebastian Davis,Lucas Rodriguez (Cashier),124.87,9.49,6.24,128.12,56.0,62.63,COMPLETED,5
sale-1907,INV-2026-1907,2026-07-22 09:59:52,cust-011,Mason Wilson,James Wilson (Senior Cashier),79.96,6.4,0.0,86.36,39.8,40.16,COMPLETED,3
sale-1908,INV-2026-1908,2026-07-22 10:07:47,cust-010,Isabella Hernandez,Marcus Brody (Ops Manager),16.98,1.36,0.0,18.34,7.8,9.18,COMPLETED,2
sale-1909,INV-2026-1909,2026-07-22 13:00:21,cust-008,Sophia Jones,James Wilson (Senior Cashier),43.98,3.52,0.0,47.5,22.0,21.98,COMPLETED,1
sale-1910,INV-2026-1910,2026-07-22 09:21:13,cust-014,Charlotte Williams,Marcus Brody (Ops Manager),337.96,27.04,0.0,365.0,168.8,169.16,COMPLETED,2
sale-1911,INV-2026-1911,2026-07-22 13:35:30,cust-003,Liam Martinez,Eleanor Vance (Admin),24.96,2.0,0.0,26.96,11.4,13.56,COMPLETED,2
sale-1912,INV-2026-1912,2026-07-22 19:33:02,cust-001,James Brown,James Wilson (Senior Cashier),44.99,3.6,0.0,48.59,22.0,22.99,COMPLETED,1
sale-1913,INV-2026-1913,2026-07-22 18:17:03,cust-001,James Brown,Eleanor Vance (Admin),68.97,5.52,0.0,74.49,34.5,34.47,COMPLETED,2
sale-1914,INV-2026-1914,2026-07-23 13:42:54,cust-024,Emily Gonzalez,Eleanor Vance (Admin),21.99,1.67,1.1,22.56,11.0,9.89,COMPLETED,1
sale-1915,INV-2026-1915,2026-07-23 19:24:14,cust-033,Liam Martin,Eleanor Vance (Admin),424.9,33.99,0.0,458.89,211.3,213.6,COMPLETED,4
sale-1916,INV-2026-1916,2026-07-23 16:55:38,cust-003,Liam Martinez,Marcus Brody (Ops Manager),60.45,4.84,0.0,65.29,29.8,30.65,COMPLETED,3
sale-1917,INV-2026-1917,2026-07-23 16:35:59,cust-003,Liam Martinez,Marcus Brody (Ops Manager),25.98,2.08,0.0,28.06,12.0,13.98,COMPLETED,1
sale-1918,INV-2026-1918,2026-07-23 13:21:31,cust-003,Liam Martinez,Eleanor Vance (Admin),13.98,1.12,0.0,15.1,6.0,7.98,COMPLETED,1
sale-1919,INV-2026-1919,2026-07-23 14:22:40,cust-009,Lucas Davis,James Wilson (Senior Cashier),30.48,2.44,0.0,32.92,15.0,15.48,COMPLETED,2
sale-1920,INV-2026-1920,2026-07-23 19:16:56,cust-014,Charlotte Williams,Eleanor Vance (Admin),110.97,8.88,0.0,119.85,54.0,56.97,COMPLETED,1
sale-1921,INV-2026-1921,2026-07-24 13:14:09,cust-007,Oliver Johnson,Marcus Brody (Ops Manager),14.98,1.14,0.75,15.37,6.8,7.43,COMPLETED,2
sale-1922,INV-2026-1922,2026-07-24 15:33:43,cust-011,Mason Wilson,Marcus Brody (Ops Manager),5.49,0.44,0.0,5.93,2.5,2.99,COMPLETED,1
sale-1923,INV-2026-1923,2026-07-24 18:09:27,cust-039,Lucas Moore,James Wilson (Senior Cashier),29.94,2.4,0.0,32.34,13.6,16.34,COMPLETED,3
sale-1924,INV-2026-1924,2026-07-24 11:13:41,cust-009,Lucas Davis,Marcus Brody (Ops Manager),64.95,5.2,0.0,70.15,30.6,34.35,COMPLETED,4
sale-1925,INV-2026-1925,2026-07-24 13:44:45,cust-009,Lucas Davis,Amara Patel (Cashier),37.96,3.04,0.0,41.0,17.3,20.66,COMPLETED,3
sale-1926,INV-2026-1926,2026-07-24 11:41:59,cust-003,Liam Martinez,James Wilson (Senior Cashier),36.99,2.81,1.85,37.95,18.0,17.14,COMPLETED,1
sale-1927,INV-2026-1927,2026-07-24 17:46:07,cust-014,Charlotte Williams,Marcus Brody (Ops Manager),55.98,4.48,0.0,60.46,28.0,27.98,COMPLETED,1
sale-1928,INV-2026-1928,2026-07-24 14:56:26,cust-020,Evelyn Smith,Amara Patel (Cashier),40.45,3.24,0.0,43.69,19.2,21.25,COMPLETED,4
sale-1929,INV-2026-1929,2026-07-24 19:59:47,cust-013,Ethan Martin,Marcus Brody (Ops Manager),89.99,6.84,4.5,92.33,45.0,40.49,COMPLETED,1
sale-1930,INV-2026-1930,2026-07-24 11:01:48,cust-040,Isabella Smith,James Wilson (Senior Cashier),111.86,8.95,0.0,120.81,52.0,59.86,COMPLETED,5
sale-1931,INV-2026-1931,2026-07-24 18:14:38,cust-011,Mason Wilson,Eleanor Vance (Admin),27.46,2.2,0.0,29.66,12.2,15.26,COMPLETED,2
sale-1932,INV-2026-1932,2026-07-24 16:08:32,cust-031,James Wilson,James Wilson (Senior Cashier),15.98,1.28,0.0,17.26,7.6,8.38,COMPLETED,1
sale-1933,INV-2026-1933,2026-07-25 15:31:30,cust-004,Olivia Gonzalez,Marcus Brody (Ops Manager),19.96,1.52,1.0,20.48,9.2,9.76,COMPLETED,2
sale-1934,INV-2026-1934,2026-07-25 09:59:17,cust-015,Aiden Garcia,Marcus Brody (Ops Manager),28.96,2.32,0.0,31.28,13.0,15.96,COMPLETED,3
sale-1935,INV-2026-1935,2026-07-25 10:11:59,cust-029,Sebastian Davis,Lucas Rodriguez (Cashier),99.98,8.0,0.0,107.98,49.5,50.48,COMPLETED,2
sale-1936,INV-2026-1936,2026-07-25 14:55:29,cust-028,Mila Jones,Amara Patel (Cashier),39.93,3.19,0.0,43.12,17.4,22.53,COMPLETED,3
sale-1937,INV-2026-1937,2026-07-25 18:47:52,cust-006,Ava Jackson,Amara Patel (Cashier),49.98,4.0,0.0,53.98,25.0,24.98,COMPLETED,1
sale-1938,INV-2026-1938,2026-07-25 18:38:34,cust-015,Aiden Garcia,Eleanor Vance (Admin),21.99,1.76,0.0,23.75,11.0,10.99,COMPLETED,1
sale-1939,INV-2026-1939,2026-07-25 16:29:52,cust-016,Amelia Rodriguez,Lucas Rodriguez (Cashier),33.97,2.72,0.0,36.69,15.4,18.57,COMPLETED,2
sale-1940,INV-2026-1940,2026-07-25 09:35:24,cust-011,Mason Wilson,Eleanor Vance (Admin),92.92,7.43,0.0,100.35,42.5,50.42,COMPLETED,5
sale-1941,INV-2026-1941,2026-07-26 16:25:56,cust-014,Charlotte Williams,James Wilson (Senior Cashier),4.49,0.36,0.0,4.85,2.1,2.39,COMPLETED,1
sale-1942,INV-2026-1942,2026-07-26 15:18:39,cust-045,Aiden Thomas,Lucas Rodriguez (Cashier),99.96,8.0,0.0,107.96,49.2,50.76,COMPLETED,3
sale-1943,INV-2026-1943,2026-07-26 16:53:41,cust-012,Mia Taylor,Lucas Rodriguez (Cashier),38.95,2.96,1.95,39.96,18.2,18.8,COMPLETED,2
sale-1944,INV-2026-1944,2026-07-26 18:57:44,cust-007,Oliver Johnson,Amara Patel (Cashier),17.99,1.44,0.0,19.43,8.5,9.49,COMPLETED,1
sale-1945,INV-2026-1945,2026-07-26 09:11:29,cust-012,Mia Taylor,Marcus Brody (Ops Manager),13.48,1.08,0.0,14.56,6.3,7.18,COMPLETED,2
sale-1946,INV-2026-1946,2026-07-26 10:16:20,cust-046,Amelia Jackson,Marcus Brody (Ops Manager),192.96,15.44,0.0,208.4,97.5,95.46,COMPLETED,3
sale-1947,INV-2026-1947,2026-07-26 10:05:07,cust-041,Mason Brown,James Wilson (Senior Cashier),79.96,6.08,4.0,82.04,39.7,36.26,COMPLETED,2
sale-1948,INV-2026-1948,2026-07-26 15:46:50,cust-040,Isabella Smith,Marcus Brody (Ops Manager),9.99,0.8,0.0,10.79,4.5,5.49,COMPLETED,1
sale-1949,INV-2026-1949,2026-07-26 15:02:49,cust-006,Ava Jackson,Lucas Rodriguez (Cashier),53.45,4.28,0.0,57.73,25.6,27.85,COMPLETED,3
sale-1950,INV-2026-1950,2026-07-26 11:10:55,cust-013,Ethan Martin,Eleanor Vance (Admin),89.99,7.2,0.0,97.19,45.0,44.99,COMPLETED,1
sale-1951,INV-2026-1951,2026-07-26 13:46:49,cust-019,Logan Moore,Marcus Brody (Ops Manager),284.97,21.66,14.25,292.38,142.2,128.52,COMPLETED,3
sale-1952,INV-2026-1952,2026-07-26 11:12:00,cust-005,Noah Thomas,Eleanor Vance (Admin),21.99,1.76,0.0,23.75,11.0,10.99,COMPLETED,1
sale-1953,INV-2026-1953,2026-07-26 16:34:51,cust-015,Aiden Garcia,Amara Patel (Cashier),149.98,12.0,0.0,161.98,76.0,73.98,COMPLETED,1
sale-1954,INV-2026-1954,2026-07-26 18:42:30,cust-008,Sophia Jones,Eleanor Vance (Admin),323.43,25.87,0.0,349.3,160.5,162.93,COMPLETED,5
sale-1955,INV-2026-1955,2026-07-26 09:15:56,cust-010,Isabella Hernandez,Lucas Rodriguez (Cashier),6.99,0.56,0.0,7.55,3.0,3.99,COMPLETED,1
sale-1956,INV-2026-1956,2026-07-27 12:03:11,cust-011,Mason Wilson,James Wilson (Senior Cashier),53.46,4.06,2.67,54.85,25.8,24.99,COMPLETED,2
sale-1957,INV-2026-1957,2026-07-27 09:42:36,cust-020,Evelyn Smith,James Wilson (Senior Cashier),304.45,24.36,0.0,328.81,154.1,150.35,COMPLETED,2
sale-1958,INV-2026-1958,2026-07-27 09:06:26,cust-011,Mason Wilson,James Wilson (Senior Cashier),19.99,1.6,0.0,21.59,9.0,10.99,COMPLETED,1
sale-1959,INV-2026-1959,2026-07-27 18:36:50,cust-008,Sophia Jones,Lucas Rodriguez (Cashier),14.48,1.16,0.0,15.64,6.5,7.98,COMPLETED,2
sale-1960,INV-2026-1960,2026-07-27 09:05:49,cust-006,Ava Jackson,Amara Patel (Cashier),56.44,4.52,0.0,60.96,25.8,30.64,COMPLETED,3
sale-1961,INV-2026-1961,2026-07-27 15:53:35,cust-008,Sophia Jones,Marcus Brody (Ops Manager),29.97,2.28,1.5,30.75,13.5,14.97,COMPLETED,1
sale-1962,INV-2026-1962,2026-07-27 13:21:33,cust-004,Olivia Gonzalez,Marcus Brody (Ops Manager),44.96,3.6,0.0,48.56,21.1,23.86,COMPLETED,3
sale-1963,INV-2026-1963,2026-07-27 10:36:46,cust-034,Olivia Williams,Eleanor Vance (Admin),97.98,7.84,0.0,105.82,48.8,49.18,COMPLETED,2
sale-1964,INV-2026-1964,2026-07-27 18:59:50,cust-019,Logan Moore,Amara Patel (Cashier),70.92,5.67,0.0,76.59,31.2,39.72,COMPLETED,5
sale-1965,INV-2026-1965,2026-07-27 14:16:33,cust-010,Isabella Hernandez,James Wilson (Senior Cashier),29.97,2.4,0.0,32.37,14.4,15.57,COMPLETED,1
sale-1966,INV-2026-1966,2026-07-27 18:36:31,cust-011,Mason Wilson,Amara Patel (Cashier),3.99,0.32,0.0,4.31,1.8,2.19,COMPLETED,1
sale-1967,INV-2026-1967,2026-07-28 11:56:39,cust-005,Noah Thomas,Marcus Brody (Ops Manager),61.42,4.67,3.07,63.02,27.4,30.95,COMPLETED,4
sale-1968,INV-2026-1968,2026-07-28 09:29:40,cust-048,Harper Jones,Marcus Brody (Ops Manager),27.96,2.24,0.0,30.2,12.3,15.66,COMPLETED,3
sale-1969,INV-2026-1969,2026-07-28 15:26:02,cust-009,Lucas Davis,Marcus Brody (Ops Manager),131.94,10.03,6.6,135.37,66.0,59.34,COMPLETED,1
sale-1970,INV-2026-1970,2026-07-28 12:44:18,cust-002,Emma Miller,James Wilson (Senior Cashier),73.97,5.92,0.0,79.89,36.5,37.47,COMPLETED,2
sale-1971,INV-2026-1971,2026-07-28 17:20:49,cust-011,Mason Wilson,James Wilson (Senior Cashier),28.95,2.32,0.0,31.27,13.2,15.75,COMPLETED,2
sale-1972,INV-2026-1972,2026-07-28 18:39:01,cust-013,Ethan Martin,James Wilson (Senior Cashier),7.99,0.64,0.0,8.63,3.5,4.49,COMPLETED,1
sale-1973,INV-2026-1973,2026-07-28 19:30:58,cust-001,James Brown,Marcus Brody (Ops Manager),41.98,3.36,0.0,45.34,20.2,21.78,COMPLETED,2
sale-1974,INV-2026-1974,2026-07-28 19:29:57,cust-022,Abigail Miller,Amara Patel (Cashier),14.99,1.2,0.0,16.19,7.5,7.49,COMPLETED,1
sale-1975,INV-2026-1975,2026-07-28 15:59:47,cust-009,Lucas Davis,James Wilson (Senior Cashier),12.99,1.04,0.0,14.03,6.0,6.99,COMPLETED,1
sale-1976,INV-2026-1976,2026-07-29 19:20:35,cust-004,Olivia Gonzalez,Lucas Rodriguez (Cashier),39.98,3.2,0.0,43.18,18.0,21.98,COMPLETED,1
sale-1977,INV-2026-1977,2026-07-29 14:04:09,cust-001,James Brown,James Wilson (Senior Cashier),122.98,9.84,0.0,132.82,61.0,61.98,COMPLETED,2
sale-1978,INV-2026-1978,2026-07-29 19:34:53,cust-010,Isabella Hernandez,Amara Patel (Cashier),546.43,43.71,0.0,590.14,272.8,273.63,COMPLETED,2
sale-1979,INV-2026-1979,2026-07-29 10:55:50,cust-046,Amelia Jackson,James Wilson (Senior Cashier),14.47,1.16,0.0,15.63,6.7,7.77,COMPLETED,2
sale-1980,INV-2026-1980,2026-07-29 13:26:05,cust-004,Olivia Gonzalez,James Wilson (Senior Cashier),59.93,4.79,0.0,64.72,28.8,31.13,COMPLETED,3
sale-1981,INV-2026-1981,2026-07-29 13:13:33,cust-002,Emma Miller,James Wilson (Senior Cashier),99.95,8.0,0.0,107.95,49.8,50.15,COMPLETED,3
sale-1982,INV-2026-1982,2026-07-29 12:58:05,cust-001,James Brown,Amara Patel (Cashier),60.47,4.84,0.0,65.31,30.0,30.47,COMPLETED,3
sale-1983,INV-2026-1983,2026-07-29 11:12:21,cust-047,Jackson Johnson,Lucas Rodriguez (Cashier),48.96,3.92,0.0,52.88,23.2,25.76,COMPLETED,3
sale-1984,INV-2026-1984,2026-07-29 14:09:49,cust-034,Olivia Williams,Marcus Brody (Ops Manager),6.99,0.56,0.0,7.55,3.2,3.79,COMPLETED,1
sale-1985,INV-2026-1985,2026-07-29 09:29:24,cust-034,Olivia Williams,Eleanor Vance (Admin),180.88,13.75,9.04,185.59,87.6,84.24,COMPLETED,4
sale-1986,INV-2026-1986,2026-07-29 09:43:54,cust-002,Emma Miller,James Wilson (Senior Cashier),149.98,12.0,0.0,161.98,76.0,73.98,COMPLETED,1
sale-1987,INV-2026-1987,2026-07-30 09:06:33,cust-048,Harper Jones,James Wilson (Senior Cashier),9.99,0.76,0.5,10.25,4.5,4.99,COMPLETED,1
sale-1988,INV-2026-1988,2026-07-30 13:40:57,cust-004,Olivia Gonzalez,Marcus Brody (Ops Manager),7.99,0.64,0.0,8.63,3.5,4.49,COMPLETED,1
sale-1989,INV-2026-1989,2026-07-30 17:20:49,cust-002,Emma Miller,James Wilson (Senior Cashier),29.97,2.28,1.5,30.75,13.4,15.07,COMPLETED,2
sale-1990,INV-2026-1990,2026-07-30 13:07:00,cust-036,Ava Rodriguez,Lucas Rodriguez (Cashier),23.97,1.82,1.2,24.59,10.5,12.27,COMPLETED,1
sale-1991,INV-2026-1991,2026-07-30 17:22:35,cust-003,Liam Martinez,James Wilson (Senior Cashier),54.96,4.4,0.0,59.36,27.3,27.66,COMPLETED,2
sale-1992,INV-2026-1992,2026-07-30 11:04:19,cust-006,Ava Jackson,Lucas Rodriguez (Cashier),138.93,11.11,0.0,150.04,68.0,70.93,COMPLETED,4
sale-1993,INV-2026-1993,2026-07-30 11:01:30,cust-004,Olivia Gonzalez,Eleanor Vance (Admin),7.49,0.6,0.0,8.09,3.5,3.99,COMPLETED,1
sale-1994,INV-2026-1994,2026-07-30 10:27:25,cust-010,Isabella Hernandez,Lucas Rodriguez (Cashier),77.94,6.24,0.0,84.18,36.0,41.94,COMPLETED,1
sale-1995,INV-2026-1995,2026-07-30 16:39:22,cust-014,Charlotte Williams,Marcus Brody (Ops Manager),7.49,0.6,0.0,8.09,3.5,3.99,COMPLETED,1
sale-1996,INV-2026-1996,2026-07-31 19:51:34,cust-015,Aiden Garcia,Amara Patel (Cashier),36.48,2.92,0.0,39.4,18.0,18.48,COMPLETED,2
sale-1997,INV-2026-1997,2026-07-31 10:52:51,cust-030,Ella Hernandez,Eleanor Vance (Admin),418.88,33.51,0.0,452.39,207.2,211.68,COMPLETED,5
sale-1998,INV-2026-1998,2026-07-31 19:41:45,cust-031,James Wilson,Marcus Brody (Ops Manager),118.97,9.52,0.0,128.49,59.0,59.97,COMPLETED,2
sale-1999,INV-2026-1999,2026-07-31 11:55:57,cust-015,Aiden Garcia,James Wilson (Senior Cashier),146.97,11.76,0.0,158.73,73.8,73.17,COMPLETED,3
sale-2000,INV-2026-2000,2026-07-31 19:21:50,cust-021,Alexander Brown,Amara Patel (Cashier),162.38,12.99,0.0,175.37,73.5,88.88,COMPLETED,5
sale-2001,INV-2026-2001,2026-07-31 10:30:07,cust-008,Sophia Jones,Marcus Brody (Ops Manager),40.96,3.28,0.0,44.24,19.0,21.96,COMPLETED,3
sale-2002,INV-2026-2002,2026-07-31 14:38:36,cust-002,Emma Miller,Amara Patel (Cashier),19.47,1.56,0.0,21.03,9.1,10.37,COMPLETED,3
sale-2003,INV-2026-2003,2026-07-31 10:20:35,cust-013,Ethan Martin,James Wilson (Senior Cashier),179.98,14.4,0.0,194.38,90.0,89.98,COMPLETED,1
sale-2004,INV-2026-2004,2026-07-31 15:37:26,cust-004,Olivia Gonzalez,Lucas Rodriguez (Cashier),88.96,7.12,0.0,96.08,44.2,44.76,COMPLETED,2
sale-2005,INV-2026-2005,2026-07-31 16:24:04,cust-014,Charlotte Williams,Lucas Rodriguez (Cashier),22.47,1.8,0.0,24.27,10.5,11.97,COMPLETED,1
sale-2006,INV-2026-2006,2026-07-31 15:36:50,cust-012,Mia Taylor,Marcus Brody (Ops Manager),30.98,2.48,0.0,33.46,14.5,16.48,COMPLETED,2
sale-2007,INV-2026-2007,2026-07-31 19:04:47,cust-037,Oliver Lopez,Amara Patel (Cashier),5.49,0.42,0.27,5.64,2.5,2.72,COMPLETED,1
sale-2008,INV-2026-2008,2026-07-31 18:29:20,cust-014,Charlotte Williams,Amara Patel (Cashier),68.44,5.48,0.0,73.92,32.8,35.64,COMPLETED,5
sale-2009,INV-2026-2009,2026-08-01 15:04:38,cust-014,Charlotte Williams,Lucas Rodriguez (Cashier),45.97,3.68,0.0,49.65,22.3,23.67,COMPLETED,3
sale-2010,INV-2026-2010,2026-08-01 15:20:31,cust-001,James Brown,Eleanor Vance (Admin),131.94,10.56,0.0,142.5,66.0,65.94,COMPLETED,1
sale-2011,INV-2026-2011,2026-08-01 11:56:37,cust-041,Mason Brown,Eleanor Vance (Admin),37.43,2.99,0.0,40.42,16.7,20.73,COMPLETED,2
sale-2012,INV-2026-2012,2026-08-01 19:09:28,cust-007,Oliver Johnson,Lucas Rodriguez (Cashier),57.97,4.64,0.0,62.61,26.5,31.47,COMPLETED,2
sale-2013,INV-2026-2013,2026-08-01 12:13:43,cust-020,Evelyn Smith,Lucas Rodriguez (Cashier),39.98,3.2,0.0,43.18,18.0,21.98,COMPLETED,1
sale-2014,INV-2026-2014,2026-08-01 19:19:58,cust-028,Mila Jones,James Wilson (Senior Cashier),3.99,0.32,0.0,4.31,1.8,2.19,COMPLETED,1
sale-2015,INV-2026-2015,2026-08-01 18:00:39,cust-026,Elizabeth Jackson,Marcus Brody (Ops Manager),76.94,6.16,0.0,83.1,37.7,39.24,COMPLETED,3
sale-2016,INV-2026-2016,2026-08-01 09:23:57,cust-001,James Brown,Eleanor Vance (Admin),11.99,0.96,0.0,12.95,5.2,6.79,COMPLETED,1
sale-2017,INV-2026-2017,2026-08-01 14:07:55,cust-001,James Brown,Marcus Brody (Ops Manager),21.99,1.76,0.0,23.75,11.0,10.99,COMPLETED,1
sale-2018,INV-2026-2018,2026-08-02 18:25:40,cust-007,Oliver Johnson,Amara Patel (Cashier),117.88,9.43,0.0,127.31,54.2,63.68,COMPLETED,3
sale-2019,INV-2026-2019,2026-08-02 17:13:42,cust-003,Liam Martinez,Marcus Brody (Ops Manager),24.99,2.0,0.0,26.99,12.5,12.49,COMPLETED,1
sale-2020,INV-2026-2020,2026-08-02 14:53:26,cust-014,Charlotte Williams,Marcus Brody (Ops Manager),8.98,0.68,0.45,9.21,4.2,4.33,COMPLETED,1
sale-2021,INV-2026-2021,2026-08-02 10:41:01,cust-015,Aiden Garcia,Amara Patel (Cashier),101.96,8.16,0.0,110.12,49.6,52.36,COMPLETED,3
sale-2022,INV-2026-2022,2026-08-02 11:05:08,cust-007,Oliver Johnson,Amara Patel (Cashier),12.99,1.04,0.0,14.03,6.0,6.99,COMPLETED,1
sale-2023,INV-2026-2023,2026-08-02 18:59:27,cust-008,Sophia Jones,Lucas Rodriguez (Cashier),37.97,3.04,0.0,41.01,18.0,19.97,COMPLETED,2
sale-2024,INV-2026-2024,2026-08-02 16:24:22,cust-007,Oliver Johnson,Lucas Rodriguez (Cashier),217.93,16.56,10.9,223.59,106.0,101.03,COMPLETED,2
sale-2025,INV-2026-2025,2026-08-02 16:54:46,cust-009,Lucas Davis,James Wilson (Senior Cashier),30.97,2.48,0.0,33.45,14.0,16.97,COMPLETED,2
sale-2026,INV-2026-2026,2026-08-02 17:36:23,cust-001,James Brown,Lucas Rodriguez (Cashier),36.98,2.96,0.0,39.94,18.5,18.48,COMPLETED,2
sale-2027,INV-2026-2027,2026-08-02 14:07:37,cust-012,Mia Taylor,Eleanor Vance (Admin),48.96,3.72,2.45,50.23,23.3,23.21,COMPLETED,4
sale-2028,INV-2026-2028,2026-08-03 17:54:48,cust-030,Ella Hernandez,Lucas Rodriguez (Cashier),36.48,2.77,1.82,37.43,18.0,16.66,COMPLETED,2
sale-2029,INV-2026-2029,2026-08-03 18:05:15,cust-012,Mia Taylor,Eleanor Vance (Admin),321.93,25.75,0.0,347.68,160.0,161.93,COMPLETED,4
sale-2030,INV-2026-2030,2026-08-03 17:51:37,cust-001,James Brown,James Wilson (Senior Cashier),43.96,3.52,0.0,47.48,21.3,22.66,COMPLETED,3
sale-2031,INV-2026-2031,2026-08-03 09:30:29,cust-008,Sophia Jones,Lucas Rodriguez (Cashier),4.99,0.4,0.0,5.39,2.2,2.79,COMPLETED,1
sale-2032,INV-2026-2032,2026-08-03 15:22:51,cust-003,Liam Martinez,Eleanor Vance (Admin),58.97,4.72,0.0,63.69,28.4,30.57,COMPLETED,2
sale-2033,INV-2026-2033,2026-08-03 18:47:19,cust-037,Oliver Lopez,James Wilson (Senior Cashier),20.97,1.59,1.05,21.51,9.6,10.32,COMPLETED,1
sale-2034,INV-2026-2034,2026-08-04 16:37:10,cust-011,Mason Wilson,James Wilson (Senior Cashier),19.47,1.56,0.0,21.03,8.4,11.07,COMPLETED,1
sale-2035,INV-2026-2035,2026-08-04 18:01:18,cust-003,Liam Martinez,Lucas Rodriguez (Cashier),336.97,25.61,16.85,345.73,197.7,122.42,COMPLETED,3
sale-2036,INV-2026-2036,2026-08-04 13:16:08,cust-005,Noah Thomas,James Wilson (Senior Cashier),51.96,3.95,2.6,53.31,24.0,25.36,COMPLETED,1
sale-2037,INV-2026-2037,2026-08-05 10:38:11,cust-048,Harper Jones,Marcus Brody (Ops Manager),39.97,3.2,0.0,43.17,18.8,21.17,COMPLETED,2
sale-2038,INV-2026-2038,2026-08-05 14:51:11,cust-012,Mia Taylor,Marcus Brody (Ops Manager),6.49,0.52,0.0,7.01,2.8,3.69,COMPLETED,1
sale-2039,INV-2026-2039,2026-08-05 17:55:02,cust-002,Emma Miller,Marcus Brody (Ops Manager),1137.82,91.03,0.0,1228.85,566.0,571.82,COMPLETED,5
sale-2040,INV-2026-2040,2026-08-05 11:53:31,cust-027,Henry Johnson,Amara Patel (Cashier),104.9,8.39,0.0,113.29,48.4,56.5,COMPLETED,3
sale-2041,INV-2026-2041,2026-08-05 16:46:40,cust-010,Isabella Hernandez,James Wilson (Senior Cashier),23.97,1.82,1.2,24.59,11.4,11.37,COMPLETED,1
sale-2042,INV-2026-2042,2026-08-05 13:48:52,cust-003,Liam Martinez,Amara Patel (Cashier),124.93,9.99,0.0,134.92,61.9,63.03,COMPLETED,3
sale-2043,INV-2026-2043,2026-08-05 13:30:47,cust-035,Noah Garcia,Marcus Brody (Ops Manager),9.99,0.8,0.0,10.79,4.8,5.19,COMPLETED,1
sale-2044,INV-2026-2044,2026-08-05 15:30:16,cust-014,Charlotte Williams,Amara Patel (Cashier),88.94,6.76,4.45,91.25,42.4,42.09,COMPLETED,5
sale-2045,INV-2026-2045,2026-08-05 16:24:43,cust-009,Lucas Davis,Eleanor Vance (Admin),10.48,0.8,0.52,10.76,4.7,5.26,COMPLETED,2
sale-2046,INV-2026-2046,2026-08-05 17:40:22,cust-028,Mila Jones,Lucas Rodriguez (Cashier),47.46,3.8,0.0,51.26,22.8,24.66,COMPLETED,2
sale-2047,INV-2026-2047,2026-08-05 13:21:17,cust-002,Emma Miller,James Wilson (Senior Cashier),74.43,5.95,0.0,80.38,34.9,39.53,COMPLETED,3
sale-2048,INV-2026-2048,2026-08-05 15:29:49,cust-016,Amelia Rodriguez,Lucas Rodriguez (Cashier),33.97,2.72,0.0,36.69,16.5,17.47,COMPLETED,3
sale-2049,INV-2026-2049,2026-08-05 17:21:43,cust-012,Mia Taylor,James Wilson (Senior Cashier),50.95,4.08,0.0,55.03,23.1,27.85,COMPLETED,3
sale-2050,INV-2026-2050,2026-08-05 19:00:53,cust-007,Oliver Johnson,Eleanor Vance (Admin),24.99,2.0,0.0,26.99,12.5,12.49,COMPLETED,1
sale-2051,INV-2026-2051,2026-08-06 19:28:22,cust-005,Noah Thomas,James Wilson (Senior Cashier),19.99,1.6,0.0,21.59,9.0,10.99,COMPLETED,1
sale-2052,INV-2026-2052,2026-08-06 09:39:05,cust-010,Isabella Hernandez,Marcus Brody (Ops Manager),35.98,2.88,0.0,38.86,17.0,18.98,COMPLETED,1
sale-2053,INV-2026-2053,2026-08-06 19:07:45,cust-006,Ava Jackson,Lucas Rodriguez (Cashier),43.48,3.3,2.17,44.61,20.8,20.51,COMPLETED,2
sale-2054,INV-2026-2054,2026-08-06 19:48:57,cust-013,Ethan Martin,Marcus Brody (Ops Manager),13.98,1.12,0.0,15.1,6.4,7.58,COMPLETED,1
sale-2055,INV-2026-2055,2026-08-06 11:16:18,cust-015,Aiden Garcia,Eleanor Vance (Admin),61.96,4.96,0.0,66.92,28.9,33.06,COMPLETED,3
sale-2056,INV-2026-2056,2026-08-06 13:49:27,cust-043,Ethan Martinez,James Wilson (Senior Cashier),133.96,10.72,0.0,144.68,65.5,68.46,COMPLETED,2
sale-2057,INV-2026-2057,2026-08-06 10:17:49,cust-007,Oliver Johnson,James Wilson (Senior Cashier),98.44,7.88,0.0,106.32,48.6,49.84,COMPLETED,3
sale-2058,INV-2026-2058,2026-08-06 13:52:16,cust-002,Emma Miller,Amara Patel (Cashier),24.98,2.0,0.0,26.98,11.7,13.28,COMPLETED,2
sale-2059,INV-2026-2059,2026-08-07 12:39:25,cust-008,Sophia Jones,Eleanor Vance (Admin),25.47,1.94,1.27,26.14,11.5,12.7,COMPLETED,2
sale-2060,INV-2026-2060,2026-08-07 15:13:39,cust-015,Aiden Garcia,Amara Patel (Cashier),17.97,1.44,0.0,19.41,8.2,9.77,COMPLETED,2
sale-2061,INV-2026-2061,2026-08-07 10:02:04,cust-012,Mia Taylor,James Wilson (Senior Cashier),44.99,3.6,0.0,48.59,22.0,22.99,COMPLETED,1
sale-2062,INV-2026-2062,2026-08-07 09:57:31,cust-011,Mason Wilson,Eleanor Vance (Admin),149.92,11.99,0.0,161.91,74.2,75.72,COMPLETED,3
sale-2063,INV-2026-2063,2026-08-07 19:24:17,cust-006,Ava Jackson,Amara Patel (Cashier),7.49,0.6,0.0,8.09,3.5,3.99,COMPLETED,1
sale-2064,INV-2026-2064,2026-08-07 17:45:49,cust-007,Oliver Johnson,Amara Patel (Cashier),881.91,70.55,0.0,952.46,442.3,439.61,COMPLETED,4
sale-2065,INV-2026-2065,2026-08-07 10:34:14,cust-012,Mia Taylor,Amara Patel (Cashier),88.45,6.72,4.42,90.75,43.3,40.73,COMPLETED,4
sale-2066,INV-2026-2066,2026-08-07 17:59:22,cust-005,Noah Thomas,Amara Patel (Cashier),13.98,1.06,0.7,14.34,6.4,6.88,COMPLETED,1
sale-2067,INV-2026-2067,2026-08-07 19:05:23,cust-006,Ava Jackson,Eleanor Vance (Admin),74.99,6.0,0.0,80.99,38.0,36.99,COMPLETED,1
sale-2068,INV-2026-2068,2026-08-07 13:41:12,cust-001,James Brown,Amara Patel (Cashier),46.93,3.75,0.0,50.68,21.6,25.33,COMPLETED,4
sale-2069,INV-2026-2069,2026-08-07 13:44:24,cust-041,Mason Brown,James Wilson (Senior Cashier),44.97,3.6,0.0,48.57,22.5,22.47,COMPLETED,1
sale-2070,INV-2026-2070,2026-08-07 19:28:47,cust-001,James Brown,Marcus Brody (Ops Manager),173.97,13.22,8.7,178.49,85.8,79.47,COMPLETED,2
sale-2071,INV-2026-2071,2026-08-07 18:15:31,cust-013,Ethan Martin,Lucas Rodriguez (Cashier),140.97,11.28,0.0,152.25,70.0,70.97,COMPLETED,2
sale-2072,INV-2026-2072,2026-08-07 16:34:53,cust-002,Emma Miller,Eleanor Vance (Admin),321.46,25.72,0.0,347.18,189.5,131.96,COMPLETED,3
sale-2073,INV-2026-2073,2026-08-07 14:50:46,cust-002,Emma Miller,Marcus Brody (Ops Manager),119.92,9.59,0.0,129.51,58.0,61.92,COMPLETED,2
sale-2074,INV-2026-2074,2026-08-07 19:33:29,cust-035,Noah Garcia,Marcus Brody (Ops Manager),10.98,0.88,0.0,11.86,5.0,5.98,COMPLETED,1
sale-2075,INV-2026-2075,2026-08-07 12:59:04,cust-003,Liam Martinez,Amara Patel (Cashier),24.99,2.0,0.0,26.99,12.5,12.49,COMPLETED,1
sale-2076,INV-2026-2076,2026-08-08 16:58:58,cust-004,Olivia Gonzalez,Marcus Brody (Ops Manager),140.46,10.68,7.02,144.12,69.0,64.44,COMPLETED,3
sale-2077,INV-2026-2077,2026-08-08 19:03:57,cust-013,Ethan Martin,Eleanor Vance (Admin),33.97,2.72,0.0,36.69,15.8,18.17,COMPLETED,3
sale-2078,INV-2026-2078,2026-08-08 11:53:37,cust-014,Charlotte Williams,Eleanor Vance (Admin),687.9,52.28,34.4,705.78,344.1,309.4,COMPLETED,4
sale-2079,INV-2026-2079,2026-08-08 18:51:39,cust-013,Ethan Martin,Marcus Brody (Ops Manager),51.9,4.15,0.0,56.05,23.6,28.3,COMPLETED,2
sale-2080,INV-2026-2080,2026-08-08 19:25:20,cust-011,Mason Wilson,Lucas Rodriguez (Cashier),21.99,1.76,0.0,23.75,11.0,10.99,COMPLETED,1
sale-2081,INV-2026-2081,2026-08-08 14:53:50,cust-001,James Brown,Lucas Rodriguez (Cashier),3.99,0.32,0.0,4.31,1.8,2.19,COMPLETED,1
sale-2082,INV-2026-2082,2026-08-08 10:07:17,cust-007,Oliver Johnson,Marcus Brody (Ops Manager),47.94,3.84,0.0,51.78,22.8,25.14,COMPLETED,1
sale-2083,INV-2026-2083,2026-08-08 17:10:28,cust-010,Isabella Hernandez,Eleanor Vance (Admin),50.91,3.87,2.55,52.23,22.8,25.56,COMPLETED,2
sale-2084,INV-2026-2084,2026-08-08 19:39:24,cust-002,Emma Miller,Amara Patel (Cashier),24.99,1.9,1.25,25.64,12.5,11.24,COMPLETED,1
sale-2085,INV-2026-2085,2026-08-08 09:11:59,cust-011,Mason Wilson,Lucas Rodriguez (Cashier),79.96,6.4,0.0,86.36,36.0,43.96,COMPLETED,1
sale-2086,INV-2026-2086,2026-08-08 15:44:51,cust-031,James Wilson,Marcus Brody (Ops Manager),17.96,1.44,0.0,19.4,8.0,9.96,COMPLETED,2
sale-2087,INV-2026-2087,2026-08-08 19:17:33,cust-004,Olivia Gonzalez,Marcus Brody (Ops Manager),15.98,1.28,0.0,17.26,7.6,8.38,COMPLETED,1
sale-2088,INV-2026-2088,2026-08-08 09:38:11,cust-040,Isabella Smith,Eleanor Vance (Admin),7.99,0.64,0.0,8.63,3.8,4.19,COMPLETED,1
sale-2089,INV-2026-2089,2026-08-08 13:22:26,cust-004,Olivia Gonzalez,Marcus Brody (Ops Manager),58.43,4.44,2.92,59.95,27.0,28.51,COMPLETED,5
sale-2090,INV-2026-2090,2026-08-09 17:06:39,cust-013,Ethan Martin,Lucas Rodriguez (Cashier),269.97,21.6,0.0,291.57,135.0,134.97,COMPLETED,1
sale-2091,INV-2026-2091,2026-08-09 16:49:40,cust-018,Harper Anderson,Eleanor Vance (Admin),19.98,1.6,0.0,21.58,9.0,10.98,COMPLETED,1
sale-2092,INV-2026-2092,2026-08-09 11:43:54,cust-031,James Wilson,Amara Patel (Cashier),4.49,0.36,0.0,4.85,2.1,2.39,COMPLETED,1
sale-2093,INV-2026-2093,2026-08-09 19:59:02,cust-006,Ava Jackson,James Wilson (Senior Cashier),30.46,2.44,0.0,32.9,13.8,16.66,COMPLETED,4
sale-2094,INV-2026-2094,2026-08-09 13:21:39,cust-049,Logan Davis,Amara Patel (Cashier),184.47,14.02,9.22,189.27,92.1,83.15,COMPLETED,2
sale-2095,INV-2026-2095,2026-08-09 09:59:34,cust-013,Ethan Martin,Eleanor Vance (Admin),50.47,4.04,0.0,54.51,24.0,26.47,COMPLETED,2
sale-2096,INV-2026-2096,2026-08-09 10:04:57,cust-008,Sophia Jones,Lucas Rodriguez (Cashier),28.98,2.32,0.0,31.3,14.0,14.98,COMPLETED,1
sale-2097,INV-2026-2097,2026-08-09 15:12:47,cust-021,Alexander Brown,Marcus Brody (Ops Manager),29.96,2.4,0.0,32.36,13.9,16.06,COMPLETED,3
sale-2098,INV-2026-2098,2026-08-09 14:14:06,cust-007,Oliver Johnson,Marcus Brody (Ops Manager),11.99,0.96,0.0,12.95,5.2,6.79,COMPLETED,1
sale-2099,INV-2026-2099,2026-08-09 12:04:30,cust-001,James Brown,Amara Patel (Cashier),54.94,4.18,2.75,56.37,26.6,25.59,COMPLETED,5
sale-2100,INV-2026-2100,2026-08-09 18:29:11,cust-003,Liam Martinez,Amara Patel (Cashier),5.49,0.44,0.0,5.93,2.5,2.99,COMPLETED,1
sale-2101,INV-2026-2101,2026-08-09 19:22:17,cust-003,Liam Martinez,Eleanor Vance (Admin),66.94,5.36,0.0,72.3,30.4,36.54,COMPLETED,4
sale-2102,INV-2026-2102,2026-08-09 09:17:08,cust-008,Sophia Jones,Amara Patel (Cashier),6.99,0.56,0.0,7.55,3.2,3.79,COMPLETED,1
sale-2103,INV-2026-2103,2026-08-10 14:14:56,cust-003,Liam Martinez,Lucas Rodriguez (Cashier),176.92,14.15,0.0,191.07,88.6,88.32,COMPLETED,2
sale-2104,INV-2026-2104,2026-08-10 18:35:54,cust-007,Oliver Johnson,Lucas Rodriguez (Cashier),19.99,1.6,0.0,21.59,9.0,10.99,COMPLETED,1
sale-2105,INV-2026-2105,2026-08-10 12:37:30,cust-018,Harper Anderson,Eleanor Vance (Admin),96.41,7.71,0.0,104.12,45.0,51.41,COMPLETED,5
sale-2106,INV-2026-2106,2026-08-10 12:15:20,cust-004,Olivia Gonzalez,Lucas Rodriguez (Cashier),84.99,6.8,0.0,91.79,42.0,42.99,COMPLETED,1
sale-2107,INV-2026-2107,2026-08-10 18:57:00,cust-001,James Brown,Eleanor Vance (Admin),69.47,5.56,0.0,75.03,33.5,35.97,COMPLETED,3
sale-2108,INV-2026-2108,2026-08-10 17:02:27,cust-008,Sophia Jones,Eleanor Vance (Admin),21.96,1.76,0.0,23.72,10.0,11.96,COMPLETED,1
sale-2109,INV-2026-2109,2026-08-10 12:05:35,cust-045,Aiden Thomas,Amara Patel (Cashier),7.99,0.64,0.0,8.63,3.8,4.19,COMPLETED,1
sale-2110,INV-2026-2110,2026-08-10 11:22:18,cust-002,Emma Miller,Eleanor Vance (Admin),17.97,1.44,0.0,19.41,8.2,9.77,COMPLETED,2
sale-2111,INV-2026-2111,2026-08-10 13:10:45,cust-010,Isabella Hernandez,Lucas Rodriguez (Cashier),101.98,7.75,5.1,104.63,50.2,46.68,COMPLETED,2
sale-2112,INV-2026-2112,2026-08-11 16:29:49,cust-012,Mia Taylor,Amara Patel (Cashier),36.96,2.96,0.0,39.92,16.8,20.16,COMPLETED,3
sale-2113,INV-2026-2113,2026-08-11 14:40:29,cust-001,James Brown,Eleanor Vance (Admin),111.92,8.95,0.0,120.87,54.4,57.52,COMPLETED,4
sale-2114,INV-2026-2114,2026-08-11 14:33:02,cust-013,Ethan Martin,James Wilson (Senior Cashier),6.99,0.56,0.0,7.55,3.0,3.99,COMPLETED,1
sale-2115,INV-2026-2115,2026-08-11 18:34:36,cust-044,Charlotte Gonzalez,Eleanor Vance (Admin),9.99,0.8,0.0,10.79,4.8,5.19,COMPLETED,1
sale-2116,INV-2026-2116,2026-08-11 14:47:59,cust-015,Aiden Garcia,James Wilson (Senior Cashier),96.98,7.76,0.0,104.74,48.0,48.98,COMPLETED,2
sale-2117,INV-2026-2117,2026-08-11 10:24:23,cust-001,James Brown,James Wilson (Senior Cashier),29.96,2.4,0.0,32.36,14.0,15.96,COMPLETED,1
sale-2118,INV-2026-2118,2026-08-11 19:35:45,cust-012,Mia Taylor,Marcus Brody (Ops Manager),93.98,7.14,4.7,96.42,46.8,42.48,COMPLETED,2
sale-2119,INV-2026-2119,2026-08-11 14:15:34,cust-008,Sophia Jones,Lucas Rodriguez (Cashier),114.97,9.2,0.0,124.17,56.5,58.47,COMPLETED,2
sale-2120,INV-2026-2120,2026-08-11 12:48:47,cust-021,Alexander Brown,James Wilson (Senior Cashier),26.46,2.12,0.0,28.58,11.6,14.86,COMPLETED,2
sale-2121,INV-2026-2121,2026-08-11 17:43:27,cust-002,Emma Miller,James Wilson (Senior Cashier),34.98,2.8,0.0,37.78,17.2,17.78,COMPLETED,2
sale-2122,INV-2026-2122,2026-08-12 16:32:33,cust-031,James Wilson,Lucas Rodriguez (Cashier),64.46,5.16,0.0,69.62,31.9,32.56,COMPLETED,3
sale-2123,INV-2026-2123,2026-08-12 17:57:18,cust-006,Ava Jackson,Eleanor Vance (Admin),234.96,18.8,0.0,253.76,118.8,116.16,COMPLETED,2
sale-2124,INV-2026-2124,2026-08-12 16:05:05,cust-003,Liam Martinez,James Wilson (Senior Cashier),460.46,36.84,0.0,497.3,230.5,229.96,COMPLETED,3
sale-2125,INV-2026-2125,2026-08-12 10:06:10,cust-012,Mia Taylor,Marcus Brody (Ops Manager),15.97,1.28,0.0,17.25,7.4,8.57,COMPLETED,2
sale-2126,INV-2026-2126,2026-08-12 12:33:40,cust-007,Oliver Johnson,Lucas Rodriguez (Cashier),53.97,4.32,0.0,58.29,25.5,28.47,COMPLETED,1
sale-2127,INV-2026-2127,2026-08-12 16:22:26,cust-011,Mason Wilson,Eleanor Vance (Admin),5.49,0.44,0.0,5.93,2.5,2.99,COMPLETED,1
sale-2128,INV-2026-2128,2026-08-13 10:01:55,cust-034,Olivia Williams,James Wilson (Senior Cashier),4.99,0.4,0.0,5.39,2.2,2.79,COMPLETED,1
sale-2129,INV-2026-2129,2026-08-13 14:41:41,cust-032,Emma Taylor,Lucas Rodriguez (Cashier),320.43,25.63,0.0,346.06,161.1,159.33,COMPLETED,3
sale-2130,INV-2026-2130,2026-08-13 17:53:35,cust-005,Noah Thomas,Lucas Rodriguez (Cashier),48.42,3.68,2.42,49.68,22.5,23.5,COMPLETED,4
sale-2131,INV-2026-2131,2026-08-13 13:10:50,cust-008,Sophia Jones,James Wilson (Senior Cashier),12.48,1.0,0.0,13.48,5.9,6.58,COMPLETED,2
sale-2132,INV-2026-2132,2026-08-13 09:09:22,cust-003,Liam Martinez,Lucas Rodriguez (Cashier),121.94,9.76,0.0,131.7,60.7,61.24,COMPLETED,3
sale-2133,INV-2026-2133,2026-08-13 17:18:11,cust-046,Amelia Jackson,Marcus Brody (Ops Manager),14.99,1.2,0.0,16.19,7.5,7.49,COMPLETED,1
sale-2134,INV-2026-2134,2026-08-13 10:02:20,cust-008,Sophia Jones,James Wilson (Senior Cashier),21.99,1.76,0.0,23.75,11.0,10.99,COMPLETED,1
sale-2135,INV-2026-2135,2026-08-13 12:35:45,cust-006,Ava Jackson,James Wilson (Senior Cashier),36.95,2.81,1.85,37.91,17.4,17.7,COMPLETED,2
sale-2136,INV-2026-2136,2026-08-13 16:34:10,cust-002,Emma Miller,Eleanor Vance (Admin),14.49,1.16,0.0,15.65,7.0,7.49,COMPLETED,1
sale-2137,INV-2026-2137,2026-08-13 16:49:09,cust-021,Alexander Brown,Marcus Brody (Ops Manager),319.96,24.32,16.0,328.28,159.5,144.46,COMPLETED,3
sale-2138,INV-2026-2138,2026-08-13 17:32:21,cust-005,Noah Thomas,Amara Patel (Cashier),120.96,9.68,0.0,130.64,58.5,62.46,COMPLETED,2
sale-2139,INV-2026-2139,2026-08-14 18:42:09,cust-047,Jackson Johnson,Amara Patel (Cashier),17.99,1.44,0.0,19.43,8.5,9.49,COMPLETED,1
sale-2140,INV-2026-2140,2026-08-14 10:46:30,cust-009,Lucas Davis,Lucas Rodriguez (Cashier),187.85,14.28,9.39,192.74,91.4,87.06,COMPLETED,4
sale-2141,INV-2026-2141,2026-08-14 09:25:39,cust-029,Sebastian Davis,James Wilson (Senior Cashier),703.92,53.5,35.2,722.22,352.0,316.72,COMPLETED,2
sale-2142,INV-2026-2142,2026-08-14 09:38:41,cust-009,Lucas Davis,Marcus Brody (Ops Manager),6.49,0.52,0.0,7.01,2.8,3.69,COMPLETED,1
sale-2143,INV-2026-2143,2026-08-14 13:12:01,cust-014,Charlotte Williams,Amara Patel (Cashier),539.94,43.2,0.0,583.14,270.0,269.94,COMPLETED,1
sale-2144,INV-2026-2144,2026-08-14 10:32:25,cust-006,Ava Jackson,Lucas Rodriguez (Cashier),30.47,2.44,0.0,32.91,14.9,15.57,COMPLETED,3
sale-2145,INV-2026-2145,2026-08-14 09:58:42,cust-003,Liam Martinez,Amara Patel (Cashier),394.94,31.6,0.0,426.54,197.3,197.64,COMPLETED,3
sale-2146,INV-2026-2146,2026-08-14 14:00:18,cust-005,Noah Thomas,Amara Patel (Cashier),18.98,1.52,0.0,20.5,9.3,9.68,COMPLETED,2
sale-2147,INV-2026-2147,2026-08-14 10:13:46,cust-048,Harper Jones,Amara Patel (Cashier),39.93,3.19,0.0,43.12,18.3,21.63,COMPLETED,3
sale-2148,INV-2026-2148,2026-08-14 13:10:51,cust-028,Mila Jones,Amara Patel (Cashier),34.98,2.66,1.75,35.89,17.3,15.93,COMPLETED,2
sale-2149,INV-2026-2149,2026-08-14 18:38:05,cust-005,Noah Thomas,Amara Patel (Cashier),73.98,5.92,0.0,79.9,36.0,37.98,COMPLETED,1
sale-2150,INV-2026-2150,2026-08-14 17:21:04,cust-038,Sophia Anderson,Amara Patel (Cashier),3.99,0.3,0.2,4.09,1.8,1.99,COMPLETED,1
sale-2151,INV-2026-2151,2026-08-14 15:40:58,cust-003,Liam Martinez,Lucas Rodriguez (Cashier),14.49,1.16,0.0,15.65,7.0,7.49,COMPLETED,1
sale-2152,INV-2026-2152,2026-08-14 18:48:58,cust-003,Liam Martinez,Amara Patel (Cashier),4.49,0.36,0.0,4.85,2.1,2.39,COMPLETED,1
sale-2153,INV-2026-2153,2026-08-14 16:02:52,cust-038,Sophia Anderson,James Wilson (Senior Cashier),57.95,4.64,0.0,62.59,27.5,30.45,COMPLETED,5
sale-2154,INV-2026-2154,2026-08-15 16:14:01,cust-010,Isabella Hernandez,James Wilson (Senior Cashier),359.93,28.79,0.0,388.72,207.0,152.93,COMPLETED,2
sale-2155,INV-2026-2155,2026-08-15 19:53:40,cust-011,Mason Wilson,James Wilson (Senior Cashier),61.95,4.96,0.0,66.91,30.2,31.75,COMPLETED,3
sale-2156,INV-2026-2156,2026-08-15 16:58:44,cust-001,James Brown,Eleanor Vance (Admin),148.95,11.92,0.0,160.87,72.2,76.75,COMPLETED,3
sale-2157,INV-2026-2157,2026-08-15 16:04:38,cust-038,Sophia Anderson,Amara Patel (Cashier),109.99,8.8,0.0,118.79,55.0,54.99,COMPLETED,1
sale-2158,INV-2026-2158,2026-08-15 13:40:43,cust-012,Mia Taylor,Eleanor Vance (Admin),102.96,8.24,0.0,111.2,50.8,52.16,COMPLETED,4
sale-2159,INV-2026-2159,2026-08-15 18:01:54,cust-010,Isabella Hernandez,Eleanor Vance (Admin),12.99,0.99,0.65,13.33,6.0,6.34,COMPLETED,1
sale-2160,INV-2026-2160,2026-08-15 16:56:44,cust-003,Liam Martinez,Eleanor Vance (Admin),26.96,2.16,0.0,29.12,12.6,14.36,COMPLETED,3
sale-2161,INV-2026-2161,2026-08-15 15:40:58,cust-004,Olivia Gonzalez,James Wilson (Senior Cashier),477.91,38.23,0.0,516.14,240.8,237.11,COMPLETED,3
sale-2162,INV-2026-2162,2026-08-15 19:59:04,cust-013,Ethan Martin,Marcus Brody (Ops Manager),25.97,2.08,0.0,28.05,12.0,13.97,COMPLETED,3
sale-2163,INV-2026-2163,2026-08-15 18:48:10,cust-014,Charlotte Williams,James Wilson (Senior Cashier),28.95,2.32,0.0,31.27,12.7,16.25,COMPLETED,3
sale-2164,INV-2026-2164,2026-08-15 19:51:19,cust-012,Mia Taylor,James Wilson (Senior Cashier),62.95,4.78,3.15,64.58,28.2,31.6,COMPLETED,3
sale-2165,INV-2026-2165,2026-08-15 18:22:52,cust-003,Liam Martinez,Lucas Rodriguez (Cashier),14.98,1.2,0.0,16.18,7.0,7.98,COMPLETED,2
sale-2166,INV-2026-2166,2026-08-15 16:26:21,cust-011,Mason Wilson,Eleanor Vance (Admin),42.46,3.4,0.0,45.86,18.4,24.06,COMPLETED,2
sale-2167,INV-2026-2167,2026-08-16 17:14:53,cust-015,Aiden Garcia,Lucas Rodriguez (Cashier),126.44,10.12,0.0,136.56,62.4,64.04,COMPLETED,5
sale-2168,INV-2026-2168,2026-08-16 17:54:34,cust-045,Aiden Thomas,Eleanor Vance (Admin),3.99,0.32,0.0,4.31,1.8,2.19,COMPLETED,1
sale-2169,INV-2026-2169,2026-08-16 10:07:52,cust-001,James Brown,Amara Patel (Cashier),69.45,5.56,0.0,75.01,32.5,36.95,COMPLETED,3
sale-2170,INV-2026-2170,2026-08-16 14:08:52,cust-010,Isabella Hernandez,Lucas Rodriguez (Cashier),42.98,3.44,0.0,46.42,21.5,21.48,COMPLETED,2
sale-2171,INV-2026-2171,2026-08-16 14:11:45,cust-012,Mia Taylor,Eleanor Vance (Admin),90.44,7.24,0.0,97.68,44.6,45.84,COMPLETED,4
sale-2172,INV-2026-2172,2026-08-16 11:44:14,cust-004,Olivia Gonzalez,Marcus Brody (Ops Manager),20.98,1.68,0.0,22.66,9.5,11.48,COMPLETED,2
sale-2173,INV-2026-2173,2026-08-16 15:44:48,cust-005,Noah Thomas,Eleanor Vance (Admin),19.98,1.6,0.0,21.58,9.6,10.38,COMPLETED,1
sale-2174,INV-2026-2174,2026-08-16 15:02:12,cust-013,Ethan Martin,Lucas Rodriguez (Cashier),19.98,1.6,0.0,21.58,9.6,10.38,COMPLETED,1
sale-2175,INV-2026-2175,2026-08-16 16:07:58,cust-002,Emma Miller,James Wilson (Senior Cashier),87.96,7.04,0.0,95.0,44.0,43.96,COMPLETED,1
sale-2176,INV-2026-2176,2026-08-16 10:50:07,cust-014,Charlotte Williams,Lucas Rodriguez (Cashier),111.46,8.92,0.0,120.38,54.8,56.66,COMPLETED,3
sale-2177,INV-2026-2177,2026-08-16 11:42:22,cust-003,Liam Martinez,James Wilson (Senior Cashier),74.99,6.0,0.0,80.99,38.0,36.99,COMPLETED,1
sale-2178,INV-2026-2178,2026-08-17 14:22:10,cust-050,Evelyn Hernandez,Lucas Rodriguez (Cashier),155.95,12.48,0.0,168.43,77.0,78.95,COMPLETED,4
sale-2179,INV-2026-2179,2026-08-17 18:04:06,cust-049,Logan Davis,Eleanor Vance (Admin),46.96,3.76,0.0,50.72,22.7,24.26,COMPLETED,3
sale-2180,INV-2026-2180,2026-08-17 12:18:10,cust-035,Noah Garcia,Eleanor Vance (Admin),8.98,0.72,0.0,9.7,4.0,4.98,COMPLETED,2
sale-2181,INV-2026-2181,2026-08-17 10:59:13,cust-046,Amelia Jackson,Amara Patel (Cashier),644.36,51.55,0.0,695.91,317.1,327.26,COMPLETED,5
sale-2182,INV-2026-2182,2026-08-17 18:11:28,cust-007,Oliver Johnson,Marcus Brody (Ops Manager),39.98,3.2,0.0,43.18,20.0,19.98,COMPLETED,2
sale-2183,INV-2026-2183,2026-08-17 15:27:13,cust-007,Oliver Johnson,Eleanor Vance (Admin),27.98,2.24,0.0,30.22,12.8,15.18,COMPLETED,2
sale-2184,INV-2026-2184,2026-08-17 14:07:29,cust-003,Liam Martinez,Amara Patel (Cashier),34.45,2.76,0.0,37.21,15.2,19.25,COMPLETED,3
sale-2185,INV-2026-2185,2026-08-17 13:35:46,cust-006,Ava Jackson,Amara Patel (Cashier),41.46,3.15,2.07,42.54,20.1,19.29,COMPLETED,3
sale-2186,INV-2026-2186,2026-08-17 13:29:38,cust-044,Charlotte Gonzalez,Amara Patel (Cashier),29.98,2.4,0.0,32.38,15.0,14.98,COMPLETED,1
sale-2187,INV-2026-2187,2026-08-17 15:18:54,cust-014,Charlotte Williams,Eleanor Vance (Admin),58.98,4.72,0.0,63.7,29.0,29.98,COMPLETED,2
sale-2188,INV-2026-2188,2026-08-17 16:43:23,cust-011,Mason Wilson,Amara Patel (Cashier),331.93,26.55,0.0,358.48,163.0,168.93,COMPLETED,2
sale-2189,INV-2026-2189,2026-08-17 15:28:33,cust-006,Ava Jackson,Eleanor Vance (Admin),33.95,2.58,1.7,34.83,15.8,16.45,COMPLETED,2
sale-2190,INV-2026-2190,2026-08-18 15:44:37,cust-048,Harper Jones,Marcus Brody (Ops Manager),62.44,4.75,3.12,64.07,30.2,29.12,COMPLETED,3
sale-2191,INV-2026-2191,2026-08-18 12:21:12,cust-007,Oliver Johnson,Eleanor Vance (Admin),23.97,1.92,0.0,25.89,11.4,12.57,COMPLETED,1
sale-2192,INV-2026-2192,2026-08-18 15:46:31,cust-012,Mia Taylor,Lucas Rodriguez (Cashier),9.99,0.8,0.0,10.79,4.5,5.49,COMPLETED,1
sale-2193,INV-2026-2193,2026-08-18 19:25:22,cust-010,Isabella Hernandez,Amara Patel (Cashier),10.98,0.88,0.0,11.86,5.0,5.98,COMPLETED,1
sale-2194,INV-2026-2194,2026-08-18 17:17:09,cust-007,Oliver Johnson,Eleanor Vance (Admin),99.98,8.0,0.0,107.98,49.5,50.48,COMPLETED,2
sale-2195,INV-2026-2195,2026-08-18 16:14:40,cust-002,Emma Miller,Eleanor Vance (Admin),20.97,1.68,0.0,22.65,9.4,11.57,COMPLETED,2
sale-2196,INV-2026-2196,2026-08-18 10:31:43,cust-003,Liam Martinez,Amara Patel (Cashier),60.96,4.88,0.0,65.84,28.5,32.46,COMPLETED,2
sale-2197,INV-2026-2197,2026-08-18 14:09:19,cust-002,Emma Miller,Eleanor Vance (Admin),317.47,25.4,0.0,342.87,188.3,129.17,COMPLETED,3
sale-2198,INV-2026-2198,2026-08-18 17:49:31,cust-013,Ethan Martin,James Wilson (Senior Cashier),17.99,1.44,0.0,19.43,8.5,9.49,COMPLETED,1
sale-2199,INV-2026-2199,2026-08-19 16:32:16,cust-013,Ethan Martin,Lucas Rodriguez (Cashier),37.98,3.04,0.0,41.02,18.8,19.18,COMPLETED,2
sale-2200,INV-2026-2200,2026-08-19 09:27:56,cust-025,Daniel Thomas,Amara Patel (Cashier),118.98,9.52,0.0,128.5,59.8,59.18,COMPLETED,2
sale-2201,INV-2026-2201,2026-08-19 15:28:29,cust-003,Liam Martinez,Lucas Rodriguez (Cashier),407.92,32.63,0.0,440.55,201.7,206.22,COMPLETED,4
sale-2202,INV-2026-2202,2026-08-19 13:56:45,cust-007,Oliver Johnson,Marcus Brody (Ops Manager),3.99,0.32,0.0,4.31,1.8,2.19,COMPLETED,1
sale-2203,INV-2026-2203,2026-08-19 15:31:48,cust-011,Mason Wilson,Amara Patel (Cashier),63.96,5.12,0.0,69.08,31.0,32.96,COMPLETED,2
sale-2204,INV-2026-2204,2026-08-19 19:34:36,cust-009,Lucas Davis,Marcus Brody (Ops Manager),71.94,5.76,0.0,77.7,33.7,38.24,COMPLETED,3
sale-2205,INV-2026-2205,2026-08-19 15:16:31,cust-007,Oliver Johnson,Lucas Rodriguez (Cashier),46.97,3.76,0.0,50.73,21.2,25.77,COMPLETED,2
sale-2206,INV-2026-2206,2026-08-19 13:20:03,cust-001,James Brown,Marcus Brody (Ops Manager),9.99,0.8,0.0,10.79,4.5,5.49,COMPLETED,1
sale-2207,INV-2026-2207,2026-08-19 14:51:47,cust-013,Ethan Martin,James Wilson (Senior Cashier),115.93,9.27,0.0,125.2,52.7,63.23,COMPLETED,4
sale-2208,INV-2026-2208,2026-08-19 15:22:22,cust-001,James Brown,Marcus Brody (Ops Manager),12.99,1.04,0.0,14.03,6.0,6.99,COMPLETED,1
sale-2209,INV-2026-2209,2026-08-20 19:19:37,cust-012,Mia Taylor,Eleanor Vance (Admin),24.99,2.0,0.0,26.99,12.5,12.49,COMPLETED,1
sale-2210,INV-2026-2210,2026-08-20 10:21:10,cust-006,Ava Jackson,Eleanor Vance (Admin),149.98,12.0,0.0,161.98,76.0,73.98,COMPLETED,1
sale-2211,INV-2026-2211,2026-08-20 15:36:32,cust-018,Harper Anderson,Eleanor Vance (Admin),148.44,11.88,0.0,160.32,72.1,76.34,COMPLETED,3
sale-2212,INV-2026-2212,2026-08-20 18:01:20,cust-007,Oliver Johnson,James Wilson (Senior Cashier),99.91,7.99,0.0,107.9,48.0,51.91,COMPLETED,3
sale-2213,INV-2026-2213,2026-08-20 16:06:44,cust-022,Abigail Miller,Amara Patel (Cashier),19.98,1.6,0.0,21.58,9.0,10.98,COMPLETED,1
sale-2214,INV-2026-2214,2026-08-20 19:21:10,cust-006,Ava Jackson,Amara Patel (Cashier),149.94,12.0,0.0,161.94,75.0,74.94,COMPLETED,1
sale-2215,INV-2026-2215,2026-08-20 19:54:50,cust-014,Charlotte Williams,Lucas Rodriguez (Cashier),3.99,0.32,0.0,4.31,1.8,2.19,COMPLETED,1
sale-2216,INV-2026-2216,2026-08-20 13:03:19,cust-026,Elizabeth Jackson,Marcus Brody (Ops Manager),22.47,1.8,0.0,24.27,10.3,12.17,COMPLETED,3
sale-2217,INV-2026-2217,2026-08-20 10:45:54,cust-010,Isabella Hernandez,James Wilson (Senior Cashier),25.97,2.08,0.0,28.05,12.5,13.47,COMPLETED,2
sale-2218,INV-2026-2218,2026-08-20 18:51:33,cust-004,Olivia Gonzalez,James Wilson (Senior Cashier),222.47,17.8,0.0,240.27,111.1,111.37,COMPLETED,3
sale-2219,INV-2026-2219,2026-08-20 19:52:19,cust-005,Noah Thomas,Amara Patel (Cashier),4.99,0.4,0.0,5.39,2.2,2.79,COMPLETED,1
sale-2220,INV-2026-2220,2026-08-21 14:12:26,cust-010,Isabella Hernandez,Lucas Rodriguez (Cashier),219.96,17.6,0.0,237.56,108.0,111.96,COMPLETED,2
sale-2221,INV-2026-2221,2026-08-21 17:11:56,cust-012,Mia Taylor,Lucas Rodriguez (Cashier),49.98,4.0,0.0,53.98,25.0,24.98,COMPLETED,1
sale-2222,INV-2026-2222,2026-08-21 18:31:13,cust-048,Harper Jones,Amara Patel (Cashier),63.95,5.12,0.0,69.07,30.5,33.45,COMPLETED,4
sale-2223,INV-2026-2223,2026-08-21 19:34:51,cust-013,Ethan Martin,Amara Patel (Cashier),4.99,0.4,0.0,5.39,2.2,2.79,COMPLETED,1
sale-2224,INV-2026-2224,2026-08-21 19:03:33,cust-008,Sophia Jones,Marcus Brody (Ops Manager),74.97,6.0,0.0,80.97,37.5,37.47,COMPLETED,1
sale-2225,INV-2026-2225,2026-08-21 19:48:19,cust-027,Henry Johnson,James Wilson (Senior Cashier),439.96,35.2,0.0,475.16,220.0,219.96,COMPLETED,1
sale-2226,INV-2026-2226,2026-08-21 10:40:13,cust-018,Harper Anderson,James Wilson (Senior Cashier),7.99,0.64,0.0,8.63,3.8,4.19,COMPLETED,1
sale-2227,INV-2026-2227,2026-08-21 13:43:38,cust-004,Olivia Gonzalez,Eleanor Vance (Admin),125.46,9.54,6.27,128.73,61.8,57.39,COMPLETED,4
sale-2228,INV-2026-2228,2026-08-21 09:15:51,cust-030,Ella Hernandez,Amara Patel (Cashier),101.94,8.16,0.0,110.1,50.5,51.44,COMPLETED,3
sale-2229,INV-2026-2229,2026-08-21 15:27:41,cust-013,Ethan Martin,Marcus Brody (Ops Manager),57.96,4.64,0.0,62.6,28.0,29.96,COMPLETED,1
sale-2230,INV-2026-2230,2026-08-21 09:16:50,cust-043,Ethan Martinez,Lucas Rodriguez (Cashier),49.97,4.0,0.0,53.97,22.8,27.17,COMPLETED,2
sale-2231,INV-2026-2231,2026-08-22 09:46:31,cust-004,Olivia Gonzalez,Eleanor Vance (Admin),39.96,3.2,0.0,43.16,19.2,20.76,COMPLETED,1
sale-2232,INV-2026-2232,2026-08-22 13:55:04,cust-027,Henry Johnson,James Wilson (Senior Cashier),10.98,0.88,0.0,11.86,5.0,5.98,COMPLETED,1
sale-2233,INV-2026-2233,2026-08-22 10:25:53,cust-009,Lucas Davis,Marcus Brody (Ops Manager),89.99,6.84,4.5,92.33,45.0,40.49,COMPLETED,1
sale-2234,INV-2026-2234,2026-08-22 17:59:07,cust-014,Charlotte Williams,Lucas Rodriguez (Cashier),32.46,2.6,0.0,35.06,14.9,17.56,COMPLETED,3
sale-2235,INV-2026-2235,2026-08-22 17:16:31,cust-016,Amelia Rodriguez,Lucas Rodriguez (Cashier),17.97,1.37,0.9,18.44,8.4,8.67,COMPLETED,2
sale-2236,INV-2026-2236,2026-08-22 14:21:53,cust-007,Oliver Johnson,Marcus Brody (Ops Manager),117.48,9.4,0.0,126.88,58.5,58.98,COMPLETED,2
sale-2237,INV-2026-2237,2026-08-22 12:09:06,cust-005,Noah Thomas,Amara Patel (Cashier),29.46,2.36,0.0,31.82,13.2,16.26,COMPLETED,2
sale-2238,INV-2026-2238,2026-08-22 18:03:31,cust-012,Mia Taylor,Eleanor Vance (Admin),159.96,12.8,0.0,172.76,80.4,79.56,COMPLETED,2
sale-2239,INV-2026-2239,2026-08-22 15:30:43,cust-005,Noah Thomas,Marcus Brody (Ops Manager),575.46,46.04,0.0,621.5,287.5,287.96,COMPLETED,2
sale-2240,INV-2026-2240,2026-08-22 14:52:19,cust-015,Aiden Garcia,Lucas Rodriguez (Cashier),129.46,9.84,6.47,132.83,64.3,58.69,COMPLETED,4
sale-2241,INV-2026-2241,2026-08-23 19:51:03,cust-043,Ethan Martinez,Marcus Brody (Ops Manager),21.99,1.76,0.0,23.75,11.0,10.99,COMPLETED,1
sale-2242,INV-2026-2242,2026-08-23 15:19:40,cust-024,Emily Gonzalez,Eleanor Vance (Admin),7.49,0.6,0.0,8.09,3.5,3.99,COMPLETED,1
sale-2243,INV-2026-2243,2026-08-23 12:54:28,cust-015,Aiden Garcia,Amara Patel (Cashier),110.97,8.88,0.0,119.85,54.0,56.97,COMPLETED,1
sale-2244,INV-2026-2244,2026-08-23 13:19:05,cust-049,Logan Davis,Marcus Brody (Ops Manager),58.96,4.72,0.0,63.68,28.2,30.76,COMPLETED,3
sale-2245,INV-2026-2245,2026-08-23 11:58:28,cust-015,Aiden Garcia,Amara Patel (Cashier),24.99,2.0,0.0,26.99,12.5,12.49,COMPLETED,1
sale-2246,INV-2026-2246,2026-08-23 13:55:05,cust-032,Emma Taylor,Amara Patel (Cashier),48.46,3.88,0.0,52.34,22.7,25.76,COMPLETED,3
sale-2247,INV-2026-2247,2026-08-23 14:45:27,cust-007,Oliver Johnson,Marcus Brody (Ops Manager),221.97,17.76,0.0,239.73,111.0,110.97,COMPLETED,3
sale-2248,INV-2026-2248,2026-08-23 17:04:22,cust-012,Mia Taylor,Lucas Rodriguez (Cashier),3.99,0.32,0.0,4.31,1.8,2.19,COMPLETED,1
sale-2249,INV-2026-2249,2026-08-23 16:44:01,cust-042,Mia Miller,Marcus Brody (Ops Manager),22.96,1.84,0.0,24.8,10.6,12.36,COMPLETED,2
sale-2250,INV-2026-2250,2026-08-23 19:08:00,cust-011,Mason Wilson,James Wilson (Senior Cashier),3.99,0.32,0.0,4.31,1.8,2.19,COMPLETED,1
sale-2251,INV-2026-2251,2026-08-23 10:07:10,cust-012,Mia Taylor,Marcus Brody (Ops Manager),49.98,4.0,0.0,53.98,24.0,25.98,COMPLETED,2
sale-2252,INV-2026-2252,2026-08-24 19:26:50,cust-029,Sebastian Davis,Amara Patel (Cashier),353.44,28.28,0.0,381.72,177.8,175.64,COMPLETED,4
sale-2253,INV-2026-2253,2026-08-24 11:16:11,cust-021,Alexander Brown,James Wilson (Senior Cashier),43.98,3.52,0.0,47.5,22.0,21.98,COMPLETED,1
sale-2254,INV-2026-2254,2026-08-24 15:23:11,cust-007,Oliver Johnson,Lucas Rodriguez (Cashier),3.99,0.32,0.0,4.31,1.8,2.19,COMPLETED,1
sale-2255,INV-2026-2255,2026-08-24 09:59:35,cust-011,Mason Wilson,Marcus Brody (Ops Manager),106.95,8.56,0.0,115.51,53.2,53.75,COMPLETED,2
sale-2256,INV-2026-2256,2026-08-24 16:12:16,cust-011,Mason Wilson,Eleanor Vance (Admin),31.97,2.56,0.0,34.53,15.0,16.97,COMPLETED,3
sale-2257,INV-2026-2257,2026-08-24 15:38:16,cust-006,Ava Jackson,Marcus Brody (Ops Manager),132.44,10.6,0.0,143.04,64.2,68.24,COMPLETED,4
sale-2258,INV-2026-2258,2026-08-24 10:00:45,cust-013,Ethan Martin,Amara Patel (Cashier),219.95,17.6,0.0,237.55,109.5,110.45,COMPLETED,5
sale-2259,INV-2026-2259,2026-08-24 16:07:14,cust-013,Ethan Martin,James Wilson (Senior Cashier),144.47,11.56,0.0,156.03,72.5,71.97,COMPLETED,3
sale-2260,INV-2026-2260,2026-08-24 16:24:08,cust-004,Olivia Gonzalez,Lucas Rodriguez (Cashier),11.97,0.96,0.0,12.93,5.4,6.57,COMPLETED,1
sale-2261,INV-2026-2261,2026-08-24 13:46:43,cust-003,Liam Martinez,Amara Patel (Cashier),639.94,51.2,0.0,691.14,378.5,261.44,COMPLETED,5
sale-2262,INV-2026-2262,2026-08-24 09:18:16,cust-008,Sophia Jones,Marcus Brody (Ops Manager),208.86,16.71,0.0,225.57,103.6,105.26,COMPLETED,5
sale-2263,INV-2026-2263,2026-08-24 19:41:29,cust-008,Sophia Jones,Marcus Brody (Ops Manager),25.98,2.08,0.0,28.06,12.8,13.18,COMPLETED,2
sale-2264,INV-2026-2264,2026-08-24 15:43:13,cust-046,Amelia Jackson,Amara Patel (Cashier),28.98,2.32,0.0,31.3,14.0,14.98,COMPLETED,2
sale-2265,INV-2026-2265,2026-08-24 13:04:06,cust-001,James Brown,James Wilson (Senior Cashier),324.98,26.0,0.0,350.98,192.5,132.48,COMPLETED,2
sale-2266,INV-2026-2266,2026-08-25 16:58:22,cust-043,Ethan Martinez,Lucas Rodriguez (Cashier),40.98,3.28,0.0,44.26,19.8,21.18,COMPLETED,2
sale-2267,INV-2026-2267,2026-08-25 09:00:16,cust-007,Oliver Johnson,James Wilson (Senior Cashier),7.99,0.64,0.0,8.63,3.5,4.49,COMPLETED,1
sale-2268,INV-2026-2268,2026-08-25 19:23:08,cust-036,Ava Rodriguez,Eleanor Vance (Admin),3.99,0.32,0.0,4.31,1.8,2.19,COMPLETED,1
sale-2269,INV-2026-2269,2026-08-25 13:10:32,cust-006,Ava Jackson,Amara Patel (Cashier),57.96,4.4,2.9,59.46,28.0,27.06,COMPLETED,1
sale-2270,INV-2026-2270,2026-08-25 14:45:33,cust-005,Noah Thomas,Eleanor Vance (Admin),724.39,57.95,0.0,782.34,362.1,362.29,COMPLETED,3
sale-2271,INV-2026-2271,2026-08-25 11:31:55,cust-018,Harper Anderson,James Wilson (Senior Cashier),51.44,4.12,0.0,55.56,23.0,28.44,COMPLETED,3
sale-2272,INV-2026-2272,2026-08-25 13:57:56,cust-014,Charlotte Williams,James Wilson (Senior Cashier),69.41,5.55,0.0,74.96,31.9,37.51,COMPLETED,4
sale-2273,INV-2026-2273,2026-08-25 15:57:10,cust-008,Sophia Jones,Marcus Brody (Ops Manager),224.97,18.0,0.0,242.97,114.0,110.97,COMPLETED,1
sale-2274,INV-2026-2274,2026-08-25 19:40:51,cust-004,Olivia Gonzalez,Marcus Brody (Ops Manager),4.99,0.38,0.25,5.12,2.2,2.54,COMPLETED,1
sale-2275,INV-2026-2275,2026-08-25 11:02:30,cust-012,Mia Taylor,Amara Patel (Cashier),129.93,10.39,0.0,140.32,63.5,66.43,COMPLETED,2
sale-2276,INV-2026-2276,2026-08-25 16:02:28,cust-012,Mia Taylor,Lucas Rodriguez (Cashier),137.94,11.04,0.0,148.98,66.8,71.14,COMPLETED,3
sale-2277,INV-2026-2277,2026-08-26 16:07:54,cust-010,Isabella Hernandez,Eleanor Vance (Admin),6.99,0.56,0.0,7.55,3.2,3.79,COMPLETED,1
sale-2278,INV-2026-2278,2026-08-26 12:55:18,cust-003,Liam Martinez,Lucas Rodriguez (Cashier),108.44,8.68,0.0,117.12,53.3,55.14,COMPLETED,4
sale-2279,INV-2026-2279,2026-08-26 18:57:42,cust-010,Isabella Hernandez,Eleanor Vance (Admin),237.94,19.04,0.0,256.98,116.5,121.44,COMPLETED,3
sale-2280,INV-2026-2280,2026-08-26 18:11:26,cust-016,Amelia Rodriguez,Amara Patel (Cashier),66.41,5.31,0.0,71.72,30.8,35.61,COMPLETED,4
sale-2281,INV-2026-2281,2026-08-26 14:01:18,cust-044,Charlotte Gonzalez,Eleanor Vance (Admin),9.48,0.76,0.0,10.24,4.3,5.18,COMPLETED,2
sale-2282,INV-2026-2282,2026-08-27 18:59:06,cust-010,Isabella Hernandez,Eleanor Vance (Admin),109.97,8.36,5.5,112.83,54.0,50.47,COMPLETED,2
sale-2283,INV-2026-2283,2026-08-27 19:30:29,cust-005,Noah Thomas,Lucas Rodriguez (Cashier),19.98,1.6,0.0,21.58,9.0,10.98,COMPLETED,1
sale-2284,INV-2026-2284,2026-08-27 14:02:41,cust-008,Sophia Jones,James Wilson (Senior Cashier),47.97,3.84,0.0,51.81,23.7,24.27,COMPLETED,3
sale-2285,INV-2026-2285,2026-08-27 18:08:13,cust-042,Mia Miller,James Wilson (Senior Cashier),38.97,3.12,0.0,42.09,18.0,20.97,COMPLETED,1
sale-2286,INV-2026-2286,2026-08-27 09:47:04,cust-010,Isabella Hernandez,Amara Patel (Cashier),19.98,1.52,1.0,20.5,9.0,9.98,COMPLETED,2
sale-2287,INV-2026-2287,2026-08-27 13:11:15,cust-026,Elizabeth Jackson,Eleanor Vance (Admin),191.97,14.59,9.6,196.96,95.2,87.17,COMPLETED,2
sale-2288,INV-2026-2288,2026-08-27 12:10:24,cust-019,Logan Moore,Marcus Brody (Ops Manager),28.48,2.16,1.42,29.22,13.8,13.26,COMPLETED,2
sale-2289,INV-2026-2289,2026-08-27 16:51:27,cust-020,Evelyn Smith,Lucas Rodriguez (Cashier),6.99,0.53,0.35,7.17,3.0,3.64,COMPLETED,1
sale-2290,INV-2026-2290,2026-08-27 19:06:53,cust-004,Olivia Gonzalez,Amara Patel (Cashier),7.99,0.64,0.0,8.63,3.5,4.49,COMPLETED,1
sale-2291,INV-2026-2291,2026-08-27 15:30:17,cust-007,Oliver Johnson,Eleanor Vance (Admin),11.97,0.96,0.0,12.93,5.4,6.57,COMPLETED,1
sale-2292,INV-2026-2292,2026-08-28 14:39:11,cust-007,Oliver Johnson,Eleanor Vance (Admin),28.96,2.2,1.45,29.71,13.1,14.41,COMPLETED,2
sale-2293,INV-2026-2293,2026-08-28 14:29:43,cust-011,Mason Wilson,Marcus Brody (Ops Manager),7.99,0.64,0.0,8.63,3.5,4.49,COMPLETED,1
sale-2294,INV-2026-2294,2026-08-28 17:40:41,cust-005,Noah Thomas,Amara Patel (Cashier),93.98,7.52,0.0,101.5,46.8,47.18,COMPLETED,2
sale-2295,INV-2026-2295,2026-08-28 16:19:09,cust-044,Charlotte Gonzalez,James Wilson (Senior Cashier),116.98,9.36,0.0,126.34,58.0,58.98,COMPLETED,2
sale-2296,INV-2026-2296,2026-08-28 17:27:18,cust-009,Lucas Davis,Eleanor Vance (Admin),61.45,4.92,0.0,66.37,29.8,31.65,COMPLETED,4
sale-2297,INV-2026-2297,2026-08-28 17:06:32,cust-002,Emma Miller,Amara Patel (Cashier),29.98,2.4,0.0,32.38,14.7,15.28,COMPLETED,2
sale-2298,INV-2026-2298,2026-08-28 18:52:16,cust-010,Isabella Hernandez,Eleanor Vance (Admin),371.94,29.76,0.0,401.7,185.3,186.64,COMPLETED,3
sale-2299,INV-2026-2299,2026-08-28 09:07:47,cust-012,Mia Taylor,Marcus Brody (Ops Manager),30.97,2.48,0.0,33.45,15.0,15.97,COMPLETED,3
sale-2300,INV-2026-2300,2026-08-28 09:05:26,cust-020,Evelyn Smith,James Wilson (Senior Cashier),300.92,24.07,0.0,324.99,149.0,151.92,COMPLETED,4
sale-2301,INV-2026-2301,2026-08-28 16:48:42,cust-013,Ethan Martin,James Wilson (Senior Cashier),29.97,2.4,0.0,32.37,13.5,16.47,COMPLETED,1
sale-2302,INV-2026-2302,2026-08-28 11:13:11,cust-010,Isabella Hernandez,James Wilson (Senior Cashier),30.97,2.48,0.0,33.45,14.6,16.37,COMPLETED,3
sale-2303,INV-2026-2303,2026-08-28 10:27:34,cust-007,Oliver Johnson,Eleanor Vance (Admin),3.99,0.3,0.2,4.09,1.8,1.99,COMPLETED,1
sale-2304,INV-2026-2304,2026-08-28 19:30:29,cust-043,Ethan Martinez,Lucas Rodriguez (Cashier),13.47,1.08,0.0,14.55,6.3,7.17,COMPLETED,1
sale-2305,INV-2026-2305,2026-08-29 13:39:52,cust-024,Emily Gonzalez,Amara Patel (Cashier),24.99,2.0,0.0,26.99,12.5,12.49,COMPLETED,1
sale-2306,INV-2026-2306,2026-08-29 10:08:08,cust-002,Emma Miller,Eleanor Vance (Admin),34.95,2.8,0.0,37.75,16.2,18.75,COMPLETED,3
sale-2307,INV-2026-2307,2026-08-29 12:54:01,cust-011,Mason Wilson,Marcus Brody (Ops Manager),84.99,6.8,0.0,91.79,42.0,42.99,COMPLETED,1
sale-2308,INV-2026-2308,2026-08-29 15:53:40,cust-035,Noah Garcia,Marcus Brody (Ops Manager),6.49,0.49,0.32,6.66,2.8,3.37,COMPLETED,1
sale-2309,INV-2026-2309,2026-08-29 16:09:30,cust-002,Emma Miller,Marcus Brody (Ops Manager),64.96,5.2,0.0,70.16,29.2,35.76,COMPLETED,2
sale-2310,INV-2026-2310,2026-08-29 16:31:30,cust-008,Sophia Jones,Lucas Rodriguez (Cashier),26.47,2.12,0.0,28.59,12.4,14.07,COMPLETED,2
sale-2311,INV-2026-2311,2026-08-29 13:36:53,cust-004,Olivia Gonzalez,James Wilson (Senior Cashier),20.97,1.59,1.05,21.51,9.2,10.72,COMPLETED,2
sale-2312,INV-2026-2312,2026-08-29 19:54:45,cust-007,Oliver Johnson,Amara Patel (Cashier),9.99,0.8,0.0,10.79,4.5,5.49,COMPLETED,1
sale-2313,INV-2026-2313,2026-08-29 18:46:35,cust-003,Liam Martinez,Amara Patel (Cashier),46.96,3.76,0.0,50.72,22.8,24.16,COMPLETED,3
sale-2314,INV-2026-2314,2026-08-29 17:37:46,cust-011,Mason Wilson,Amara Patel (Cashier),16.47,1.32,0.0,17.79,7.5,8.97,COMPLETED,1
sale-2315,INV-2026-2315,2026-08-29 09:33:01,cust-006,Ava Jackson,Lucas Rodriguez (Cashier),68.95,5.24,3.45,70.74,32.9,32.6,COMPLETED,4
sale-2316,INV-2026-2316,2026-08-29 19:26:56,cust-008,Sophia Jones,Lucas Rodriguez (Cashier),7.99,0.64,0.0,8.63,3.8,4.19,COMPLETED,1
sale-2317,INV-2026-2317,2026-08-29 14:28:44,cust-003,Liam Martinez,James Wilson (Senior Cashier),29.48,2.36,0.0,31.84,14.6,14.88,COMPLETED,2
sale-2318,INV-2026-2318,2026-08-29 16:22:28,cust-004,Olivia Gonzalez,Lucas Rodriguez (Cashier),81.47,6.52,0.0,87.99,39.5,41.97,COMPLETED,2
sale-2319,INV-2026-2319,2026-08-29 14:58:38,cust-046,Amelia Jackson,Amara Patel (Cashier),27.97,2.13,1.4,28.7,13.1,13.47,COMPLETED,2
sale-2320,INV-2026-2320,2026-08-30 13:46:45,cust-007,Oliver Johnson,James Wilson (Senior Cashier),299.96,24.0,0.0,323.96,152.0,147.96,COMPLETED,1
sale-2321,INV-2026-2321,2026-08-30 11:39:13,cust-012,Mia Taylor,Eleanor Vance (Admin),30.96,2.48,0.0,33.44,14.6,16.36,COMPLETED,2
sale-2322,INV-2026-2322,2026-08-30 11:11:12,cust-008,Sophia Jones,Eleanor Vance (Admin),43.47,3.48,0.0,46.95,21.0,22.47,COMPLETED,1
sale-2323,INV-2026-2323,2026-08-30 16:19:15,cust-001,James Brown,Eleanor Vance (Admin),39.96,3.2,0.0,43.16,18.0,21.96,COMPLETED,1
sale-2324,INV-2026-2324,2026-08-30 13:22:43,cust-014,Charlotte Williams,Lucas Rodriguez (Cashier),39.48,3.0,1.97,40.51,19.5,18.01,COMPLETED,2
sale-2325,INV-2026-2325,2026-08-30 10:21:27,cust-004,Olivia Gonzalez,Eleanor Vance (Admin),65.43,5.23,0.0,70.66,30.2,35.23,COMPLETED,4
sale-2326,INV-2026-2326,2026-08-30 16:16:21,cust-050,Evelyn Hernandez,Eleanor Vance (Admin),109.99,8.8,0.0,118.79,55.0,54.99,COMPLETED,1
sale-2327,INV-2026-2327,2026-08-31 17:17:57,cust-012,Mia Taylor,Lucas Rodriguez (Cashier),35.46,2.84,0.0,38.3,16.5,18.96,COMPLETED,4
sale-2328,INV-2026-2328,2026-08-31 10:45:03,cust-029,Sebastian Davis,Amara Patel (Cashier),85.42,6.83,0.0,92.25,40.8,44.62,COMPLETED,4
sale-2329,INV-2026-2329,2026-08-31 10:06:50,cust-013,Ethan Martin,Eleanor Vance (Admin),20.97,1.68,0.0,22.65,9.2,11.77,COMPLETED,2
sale-2330,INV-2026-2330,2026-08-31 09:32:06,cust-002,Emma Miller,Marcus Brody (Ops Manager),13.98,1.12,0.0,15.1,6.0,7.98,COMPLETED,1
sale-2331,INV-2026-2331,2026-08-31 11:46:18,cust-049,Logan Davis,Lucas Rodriguez (Cashier),72.93,5.83,0.0,78.76,32.0,40.93,COMPLETED,3
sale-2332,INV-2026-2332,2026-08-31 10:09:41,cust-014,Charlotte Williams,Marcus Brody (Ops Manager),49.95,3.8,2.5,51.25,24.5,22.95,COMPLETED,4
sale-2333,INV-2026-2333,2026-08-31 12:28:26,cust-001,James Brown,Marcus Brody (Ops Manager),163.96,13.12,0.0,177.08,80.5,83.46,COMPLETED,2
sale-2334,INV-2026-2334,2026-08-31 16:21:18,cust-002,Emma Miller,James Wilson (Senior Cashier),233.46,18.68,0.0,252.14,116.0,117.46,COMPLETED,2
sale-2335,INV-2026-2335,2026-08-31 15:23:40,cust-010,Isabella Hernandez,Lucas Rodriguez (Cashier),36.99,2.96,0.0,39.95,18.0,18.99,COMPLETED,1
sale-2336,INV-2026-2336,2026-08-31 12:08:51,cust-015,Aiden Garcia,Amara Patel (Cashier),92.98,7.44,0.0,100.42,45.5,47.48,COMPLETED,2
sale-2337,INV-2026-2337,2026-08-31 17:50:43,cust-001,James Brown,Amara Patel (Cashier),25.98,1.97,1.3,26.65,12.0,12.68,COMPLETED,1
sale-2338,INV-2026-2338,2026-08-31 09:45:51,cust-002,Emma Miller,Eleanor Vance (Admin),55.46,4.44,0.0,59.9,25.0,30.46,COMPLETED,3
sale-2339,INV-2026-2339,2026-09-01 15:49:10,cust-007,Oliver Johnson,Eleanor Vance (Admin),10.98,0.88,0.0,11.86,5.0,5.98,COMPLETED,2
sale-2340,INV-2026-2340,2026-09-01 19:09:57,cust-011,Mason Wilson,Lucas Rodriguez (Cashier),42.94,3.44,0.0,46.38,19.6,23.34,COMPLETED,3
sale-2341,INV-2026-2341,2026-09-01 15:25:56,cust-036,Ava Rodriguez,James Wilson (Senior Cashier),14.49,1.16,0.0,15.65,7.0,7.49,COMPLETED,1
sale-2342,INV-2026-2342,2026-09-01 14:58:22,cust-005,Noah Thomas,Lucas Rodriguez (Cashier),3.99,0.32,0.0,4.31,1.8,2.19,COMPLETED,1
sale-2343,INV-2026-2343,2026-09-01 11:44:25,cust-004,Olivia Gonzalez,Lucas Rodriguez (Cashier),189.99,15.2,0.0,205.19,95.0,94.99,COMPLETED,1
sale-2344,INV-2026-2344,2026-09-01 18:41:28,cust-042,Mia Miller,Amara Patel (Cashier),11.99,0.96,0.0,12.95,5.2,6.79,COMPLETED,1
sale-2345,INV-2026-2345,2026-09-01 13:05:02,cust-007,Oliver Johnson,Marcus Brody (Ops Manager),42.45,3.4,0.0,45.85,19.0,23.45,COMPLETED,3
sale-2346,INV-2026-2346,2026-09-01 17:18:13,cust-009,Lucas Davis,James Wilson (Senior Cashier),405.95,32.48,0.0,438.43,232.0,173.95,COMPLETED,5
sale-2347,INV-2026-2347,2026-09-02 19:10:01,cust-013,Ethan Martin,Lucas Rodriguez (Cashier),18.47,1.48,0.0,19.95,8.1,10.37,COMPLETED,2
sale-2348,INV-2026-2348,2026-09-02 12:53:49,cust-007,Oliver Johnson,Lucas Rodriguez (Cashier),115.92,8.81,5.8,118.93,56.8,53.32,COMPLETED,4
sale-2349,INV-2026-2349,2026-09-02 09:53:23,cust-009,Lucas Davis,James Wilson (Senior Cashier),217.47,16.53,10.87,223.13,108.5,98.1,COMPLETED,3
sale-2350,INV-2026-2350,2026-09-02 19:07:28,cust-012,Mia Taylor,Eleanor Vance (Admin),44.45,3.56,0.0,48.01,20.4,24.05,COMPLETED,3
sale-2351,INV-2026-2351,2026-09-02 12:51:47,cust-037,Oliver Lopez,Lucas Rodriguez (Cashier),9.99,0.8,0.0,10.79,4.5,5.49,COMPLETED,1
sale-2352,INV-2026-2352,2026-09-02 12:22:19,cust-013,Ethan Martin,Lucas Rodriguez (Cashier),75.94,6.08,0.0,82.02,37.2,38.74,COMPLETED,2
sale-2353,INV-2026-2353,2026-09-02 15:33:47,cust-006,Ava Jackson,Lucas Rodriguez (Cashier),14.97,1.2,0.0,16.17,6.6,8.37,COMPLETED,1
sale-2354,INV-2026-2354,2026-09-02 14:29:06,cust-007,Oliver Johnson,Amara Patel (Cashier),149.98,11.4,7.5,153.88,76.0,66.48,COMPLETED,1
sale-2355,INV-2026-2355,2026-09-02 09:27:56,cust-004,Olivia Gonzalez,Amara Patel (Cashier),57.47,4.37,2.87,58.97,28.5,26.1,COMPLETED,2
sale-2356,INV-2026-2356,2026-09-02 19:33:25,cust-009,Lucas Davis,Amara Patel (Cashier),4.49,0.36,0.0,4.85,2.1,2.39,COMPLETED,1
sale-2357,INV-2026-2357,2026-09-02 18:31:40,cust-008,Sophia Jones,Amara Patel (Cashier),20.97,1.68,0.0,22.65,9.0,11.97,COMPLETED,1
sale-2358,INV-2026-2358,2026-09-02 15:52:10,cust-003,Liam Martinez,Amara Patel (Cashier),479.42,38.35,0.0,517.77,242.6,236.82,COMPLETED,3
sale-2359,INV-2026-2359,2026-09-02 11:45:32,cust-008,Sophia Jones,Marcus Brody (Ops Manager),14.48,1.16,0.0,15.64,6.6,7.88,COMPLETED,2
sale-2360,INV-2026-2360,2026-09-02 09:47:10,cust-024,Emily Gonzalez,Eleanor Vance (Admin),5.49,0.44,0.0,5.93,2.5,2.99,COMPLETED,1
sale-2361,INV-2026-2361,2026-09-02 15:07:07,cust-005,Noah Thomas,Eleanor Vance (Admin),143.96,11.52,0.0,155.48,71.8,72.16,COMPLETED,4
sale-2362,INV-2026-2362,2026-09-02 10:23:19,cust-020,Evelyn Smith,James Wilson (Senior Cashier),127.94,10.24,0.0,138.18,62.2,65.74,COMPLETED,5
sale-2363,INV-2026-2363,2026-09-03 11:09:50,cust-001,James Brown,James Wilson (Senior Cashier),7.49,0.6,0.0,8.09,3.5,3.99,COMPLETED,1
sale-2364,INV-2026-2364,2026-09-03 12:11:52,cust-001,James Brown,Eleanor Vance (Admin),19.47,1.56,0.0,21.03,8.9,10.57,COMPLETED,3
sale-2365,INV-2026-2365,2026-09-03 10:55:02,cust-010,Isabella Hernandez,James Wilson (Senior Cashier),23.97,1.92,0.0,25.89,10.8,13.17,COMPLETED,2
sale-2366,INV-2026-2366,2026-09-03 14:50:24,cust-012,Mia Taylor,Lucas Rodriguez (Cashier),194.48,14.78,9.72,199.54,97.1,87.66,COMPLETED,2
sale-2367,INV-2026-2367,2026-09-03 11:32:40,cust-008,Sophia Jones,Amara Patel (Cashier),104.97,7.98,5.25,107.7,51.8,47.92,COMPLETED,3
sale-2368,INV-2026-2368,2026-09-03 14:05:51,cust-010,Isabella Hernandez,Amara Patel (Cashier),278.94,22.32,0.0,301.26,136.5,142.44,COMPLETED,3
sale-2369,INV-2026-2369,2026-09-03 15:21:34,cust-011,Mason Wilson,Amara Patel (Cashier),18.98,1.52,0.0,20.5,9.3,9.68,COMPLETED,2
sale-2370,INV-2026-2370,2026-09-03 19:05:55,cust-001,James Brown,Lucas Rodriguez (Cashier),30.96,2.48,0.0,33.44,14.0,16.96,COMPLETED,2
sale-2371,INV-2026-2371,2026-09-03 13:35:41,cust-009,Lucas Davis,Eleanor Vance (Admin),19.99,1.6,0.0,21.59,9.0,10.99,COMPLETED,1
sale-2372,INV-2026-2372,2026-09-03 18:34:36,cust-037,Oliver Lopez,Lucas Rodriguez (Cashier),9.99,0.8,0.0,10.79,4.8,5.19,COMPLETED,1
sale-2373,INV-2026-2373,2026-09-03 16:32:57,cust-011,Mason Wilson,Lucas Rodriguez (Cashier),104.93,8.39,0.0,113.32,51.2,53.73,COMPLETED,2
sale-2374,INV-2026-2374,2026-09-04 09:17:50,cust-014,Charlotte Williams,Lucas Rodriguez (Cashier),176.93,14.15,0.0,191.08,88.0,88.93,COMPLETED,2
sale-2375,INV-2026-2375,2026-09-04 17:38:20,cust-001,James Brown,Amara Patel (Cashier),9.98,0.8,0.0,10.78,4.4,5.58,COMPLETED,1
sale-2376,INV-2026-2376,2026-09-04 09:21:27,cust-001,James Brown,Lucas Rodriguez (Cashier),3.99,0.32,0.0,4.31,1.8,2.19,COMPLETED,1
sale-2377,INV-2026-2377,2026-09-04 13:05:07,cust-035,Noah Garcia,Marcus Brody (Ops Manager),24.99,2.0,0.0,26.99,12.5,12.49,COMPLETED,1
sale-2378,INV-2026-2378,2026-09-04 11:16:49,cust-005,Noah Thomas,Amara Patel (Cashier),124.45,9.96,0.0,134.41,59.5,64.95,COMPLETED,4
sale-2379,INV-2026-2379,2026-09-04 09:39:20,cust-012,Mia Taylor,Eleanor Vance (Admin),50.45,4.04,0.0,54.49,23.2,27.25,COMPLETED,5
sale-2380,INV-2026-2380,2026-09-04 10:20:09,cust-006,Ava Jackson,James Wilson (Senior Cashier),67.97,5.44,0.0,73.41,32.5,35.47,COMPLETED,3
sale-2381,INV-2026-2381,2026-09-04 10:03:12,cust-010,Isabella Hernandez,Lucas Rodriguez (Cashier),43.98,3.52,0.0,47.5,22.0,21.98,COMPLETED,1
sale-2382,INV-2026-2382,2026-09-04 17:48:32,cust-002,Emma Miller,James Wilson (Senior Cashier),36.98,2.81,1.85,37.94,18.5,16.63,COMPLETED,2
sale-2383,INV-2026-2383,2026-09-04 16:35:26,cust-001,James Brown,Amara Patel (Cashier),5.49,0.44,0.0,5.93,2.5,2.99,COMPLETED,1
sale-2384,INV-2026-2384,2026-09-04 09:17:35,cust-044,Charlotte Gonzalez,Eleanor Vance (Admin),21.99,1.76,0.0,23.75,11.0,10.99,COMPLETED,1
sale-2385,INV-2026-2385,2026-09-05 17:41:50,cust-010,Isabella Hernandez,Amara Patel (Cashier),6.49,0.52,0.0,7.01,2.8,3.69,COMPLETED,1
sale-2386,INV-2026-2386,2026-09-05 19:32:13,cust-010,Isabella Hernandez,James Wilson (Senior Cashier),28.47,2.28,0.0,30.75,13.3,15.17,COMPLETED,3
sale-2387,INV-2026-2387,2026-09-05 11:50:15,cust-007,Oliver Johnson,Lucas Rodriguez (Cashier),59.97,4.8,0.0,64.77,27.0,32.97,COMPLETED,1
sale-2388,INV-2026-2388,2026-09-05 09:52:29,cust-040,Isabella Smith,James Wilson (Senior Cashier),98.43,7.87,0.0,106.3,46.0,52.43,COMPLETED,5
sale-2389,INV-2026-2389,2026-09-05 11:00:03,cust-031,James Wilson,James Wilson (Senior Cashier),48.94,3.92,0.0,52.86,22.2,26.74,COMPLETED,3
sale-2390,INV-2026-2390,2026-09-05 19:24:22,cust-014,Charlotte Williams,Lucas Rodriguez (Cashier),30.47,2.44,0.0,32.91,14.1,16.37,COMPLETED,2
sale-2391,INV-2026-2391,2026-09-05 13:02:10,cust-037,Oliver Lopez,Eleanor Vance (Admin),19.97,1.6,0.0,21.57,9.2,10.77,COMPLETED,3
sale-2392,INV-2026-2392,2026-09-05 15:44:07,cust-047,Jackson Johnson,Lucas Rodriguez (Cashier),18.97,1.52,0.0,20.49,8.2,10.77,COMPLETED,2
sale-2393,INV-2026-2393,2026-09-05 15:13:39,cust-013,Ethan Martin,James Wilson (Senior Cashier),12.99,1.04,0.0,14.03,6.0,6.99,COMPLETED,1
sale-2394,INV-2026-2394,2026-09-05 14:40:16,cust-046,Amelia Jackson,Amara Patel (Cashier),78.96,6.32,0.0,85.28,39.3,39.66,COMPLETED,2
sale-2395,INV-2026-2395,2026-09-05 19:20:21,cust-010,Isabella Hernandez,James Wilson (Senior Cashier),6.49,0.49,0.32,6.66,2.8,3.37,COMPLETED,1
sale-2396,INV-2026-2396,2026-09-05 11:41:59,cust-008,Sophia Jones,Eleanor Vance (Admin),28.46,2.28,0.0,30.74,12.7,15.76,COMPLETED,3
sale-2397,INV-2026-2397,2026-09-06 19:11:26,cust-012,Mia Taylor,Amara Patel (Cashier),742.93,59.43,0.0,802.36,402.6,340.33,COMPLETED,4
sale-2398,INV-2026-2398,2026-09-06 17:05:50,cust-042,Mia Miller,Eleanor Vance (Admin),45.46,3.64,0.0,49.1,22.2,23.26,COMPLETED,3
sale-2399,INV-2026-2399,2026-09-06 19:28:43,cust-014,Charlotte Williams,Amara Patel (Cashier),49.97,4.0,0.0,53.97,22.8,27.17,COMPLETED,2
sale-2400,INV-2026-2400,2026-09-06 14:24:11,cust-045,Aiden Thomas,Eleanor Vance (Admin),6.99,0.53,0.35,7.17,3.2,3.44,COMPLETED,1
sale-2401,INV-2026-2401,2026-09-06 14:59:12,cust-004,Olivia Gonzalez,Eleanor Vance (Admin),117.97,9.44,0.0,127.41,58.6,59.37,COMPLETED,2
sale-2402,INV-2026-2402,2026-09-06 19:58:45,cust-002,Emma Miller,Lucas Rodriguez (Cashier),22.98,1.84,0.0,24.82,10.5,12.48,COMPLETED,2
sale-2403,INV-2026-2403,2026-09-06 12:14:31,cust-003,Liam Martinez,James Wilson (Senior Cashier),154.9,12.39,0.0,167.29,75.7,79.2,COMPLETED,5
sale-2404,INV-2026-2404,2026-09-06 18:13:00,cust-014,Charlotte Williams,Amara Patel (Cashier),14.98,1.14,0.75,15.37,6.7,7.53,COMPLETED,2
sale-2405,INV-2026-2405,2026-09-06 13:36:32,cust-009,Lucas Davis,Marcus Brody (Ops Manager),942.44,75.4,0.0,1017.84,559.8,382.64,COMPLETED,3
sale-2406,INV-2026-2406,2026-09-06 18:43:43,cust-003,Liam Martinez,Eleanor Vance (Admin),216.95,17.36,0.0,234.31,108.1,108.85,COMPLETED,4
sale-2407,INV-2026-2407,2026-09-06 10:08:16,cust-015,Aiden Garcia,Lucas Rodriguez (Cashier),39.98,3.2,0.0,43.18,18.0,21.98,COMPLETED,1
sale-2408,INV-2026-2408,2026-09-06 13:12:54,cust-045,Aiden Thomas,Lucas Rodriguez (Cashier),232.45,18.6,0.0,251.05,114.8,117.65,COMPLETED,4
sale-2409,INV-2026-2409,2026-09-07 19:35:56,cust-007,Oliver Johnson,Eleanor Vance (Admin),29.97,2.4,0.0,32.37,13.5,16.47,COMPLETED,1
sale-2410,INV-2026-2410,2026-09-07 14:27:54,cust-018,Harper Anderson,Eleanor Vance (Admin),522.42,41.79,0.0,564.21,257.7,264.72,COMPLETED,3
sale-2411,INV-2026-2411,2026-09-07 16:31:23,cust-001,James Brown,Marcus Brody (Ops Manager),6.49,0.49,0.32,6.66,2.8,3.37,COMPLETED,1
sale-2412,INV-2026-2412,2026-09-07 15:34:28,cust-007,Oliver Johnson,Marcus Brody (Ops Manager),32.97,2.64,0.0,35.61,16.0,16.97,COMPLETED,2
sale-2413,INV-2026-2413,2026-09-07 18:51:01,cust-015,Aiden Garcia,Amara Patel (Cashier),17.98,1.44,0.0,19.42,8.3,9.68,COMPLETED,2
sale-2414,INV-2026-2414,2026-09-07 12:12:10,cust-002,Emma Miller,Eleanor Vance (Admin),183.88,13.98,9.19,188.67,89.2,85.49,COMPLETED,4
sale-2415,INV-2026-2415,2026-09-07 15:51:01,cust-011,Mason Wilson,James Wilson (Senior Cashier),96.97,7.76,0.0,104.73,47.2,49.77,COMPLETED,2
sale-2416,INV-2026-2416,2026-09-07 12:06:30,cust-006,Ava Jackson,Eleanor Vance (Admin),72.39,5.79,0.0,78.18,32.1,40.29,COMPLETED,4
sale-2417,INV-2026-2417,2026-09-07 17:50:15,cust-050,Evelyn Hernandez,Lucas Rodriguez (Cashier),15.98,1.28,0.0,17.26,7.6,8.38,COMPLETED,1
sale-2418,INV-2026-2418,2026-09-07 10:40:28,cust-002,Emma Miller,Eleanor Vance (Admin),89.99,7.2,0.0,97.19,45.0,44.99,COMPLETED,1
sale-2419,INV-2026-2419,2026-09-08 15:20:56,cust-005,Noah Thomas,Marcus Brody (Ops Manager),4.99,0.38,0.25,5.12,2.2,2.54,COMPLETED,1
sale-2420,INV-2026-2420,2026-09-08 16:03:19,cust-007,Oliver Johnson,Eleanor Vance (Admin),44.99,3.42,2.25,46.16,22.0,20.74,COMPLETED,1
sale-2421,INV-2026-2421,2026-09-08 09:35:03,cust-007,Oliver Johnson,Amara Patel (Cashier),21.99,1.67,1.1,22.56,11.0,9.89,COMPLETED,1
sale-2422,INV-2026-2422,2026-09-08 15:14:55,cust-011,Mason Wilson,Lucas Rodriguez (Cashier),6.99,0.53,0.35,7.17,3.2,3.44,COMPLETED,1
sale-2423,INV-2026-2423,2026-09-08 15:29:50,cust-010,Isabella Hernandez,Lucas Rodriguez (Cashier),55.96,4.25,2.8,57.41,25.7,27.46,COMPLETED,3
sale-2424,INV-2026-2424,2026-09-08 19:43:50,cust-009,Lucas Davis,James Wilson (Senior Cashier),12.48,1.0,0.0,13.48,5.6,6.88,COMPLETED,2
sale-2425,INV-2026-2425,2026-09-08 10:06:00,cust-002,Emma Miller,Lucas Rodriguez (Cashier),120.97,9.68,0.0,130.65,60.0,60.97,COMPLETED,2
sale-2426,INV-2026-2426,2026-09-08 12:57:36,cust-009,Lucas Davis,James Wilson (Senior Cashier),15.48,1.24,0.0,16.72,7.3,8.18,COMPLETED,2
sale-2427,INV-2026-2427,2026-09-08 16:46:39,cust-004,Olivia Gonzalez,Marcus Brody (Ops Manager),83.46,6.68,0.0,90.14,41.5,41.96,COMPLETED,3
sale-2428,INV-2026-2428,2026-09-08 09:08:19,cust-009,Lucas Davis,James Wilson (Senior Cashier),15.98,1.28,0.0,17.26,7.0,8.98,COMPLETED,1
sale-2429,INV-2026-2429,2026-09-08 17:49:09,cust-005,Noah Thomas,Lucas Rodriguez (Cashier),65.97,5.28,0.0,71.25,33.0,32.97,COMPLETED,1
sale-2430,INV-2026-2430,2026-09-08 14:00:33,cust-011,Mason Wilson,Marcus Brody (Ops Manager),5.49,0.42,0.27,5.64,2.5,2.72,COMPLETED,1
sale-2431,INV-2026-2431,2026-09-08 17:52:53,cust-001,James Brown,Amara Patel (Cashier),96.97,7.76,0.0,104.73,47.0,49.97,COMPLETED,2
sale-2432,INV-2026-2432,2026-09-08 12:40:58,cust-002,Emma Miller,James Wilson (Senior Cashier),131.94,10.56,0.0,142.5,66.0,65.94,COMPLETED,1
sale-2433,INV-2026-2433,2026-09-09 16:44:44,cust-039,Lucas Moore,James Wilson (Senior Cashier),24.99,2.0,0.0,26.99,12.5,12.49,COMPLETED,1
sale-2434,INV-2026-2434,2026-09-09 18:21:39,cust-006,Ava Jackson,Marcus Brody (Ops Manager),33.96,2.58,1.7,34.84,15.3,16.96,COMPLETED,2
sale-2435,INV-2026-2435,2026-09-09 09:31:14,cust-041,Mason Brown,Marcus Brody (Ops Manager),14.49,1.16,0.0,15.65,7.0,7.49,COMPLETED,1
sale-2436,INV-2026-2436,2026-09-09 16:39:13,cust-012,Mia Taylor,James Wilson (Senior Cashier),6.99,0.56,0.0,7.55,3.0,3.99,COMPLETED,1
sale-2437,INV-2026-2437,2026-09-09 15:13:25,cust-001,James Brown,James Wilson (Senior Cashier),211.93,16.11,10.6,217.44,103.6,97.73,COMPLETED,4
sale-2438,INV-2026-2438,2026-09-09 14:01:35,cust-005,Noah Thomas,Amara Patel (Cashier),19.96,1.6,0.0,21.56,8.8,11.16,COMPLETED,1
sale-2439,INV-2026-2439,2026-09-09 18:58:48,cust-001,James Brown,Marcus Brody (Ops Manager),23.97,1.92,0.0,25.89,11.2,12.77,COMPLETED,2
sale-2440,INV-2026-2440,2026-09-09 11:14:56,cust-003,Liam Martinez,James Wilson (Senior Cashier),35.97,2.88,0.0,38.85,15.6,20.37,COMPLETED,1
sale-2441,INV-2026-2441,2026-09-09 12:11:12,cust-014,Charlotte Williams,James Wilson (Senior Cashier),6.49,0.52,0.0,7.01,2.8,3.69,COMPLETED,1
sale-2442,INV-2026-2442,2026-09-09 09:53:43,cust-011,Mason Wilson,Eleanor Vance (Admin),24.98,2.0,0.0,26.98,11.7,13.28,COMPLETED,2
sale-2443,INV-2026-2443,2026-09-09 12:19:29,cust-013,Ethan Martin,James Wilson (Senior Cashier),80.97,6.48,0.0,87.45,39.2,41.77,COMPLETED,2
sale-2444,INV-2026-2444,2026-09-10 17:51:39,cust-046,Amelia Jackson,Eleanor Vance (Admin),44.99,3.42,2.25,46.16,22.0,20.74,COMPLETED,1
sale-2445,INV-2026-2445,2026-09-10 11:50:12,cust-007,Oliver Johnson,James Wilson (Senior Cashier),125.46,10.04,0.0,135.5,61.0,64.46,COMPLETED,2
sale-2446,INV-2026-2446,2026-09-10 15:40:15,cust-049,Logan Davis,Lucas Rodriguez (Cashier),206.93,16.55,0.0,223.48,101.4,105.53,COMPLETED,4
sale-2447,INV-2026-2447,2026-09-10 17:18:50,cust-004,Olivia Gonzalez,Eleanor Vance (Admin),149.98,12.0,0.0,161.98,76.0,73.98,COMPLETED,1
sale-2448,INV-2026-2448,2026-09-10 13:55:08,cust-038,Sophia Anderson,Amara Patel (Cashier),124.48,9.96,0.0,134.44,62.0,62.48,COMPLETED,2
sale-2449,INV-2026-2449,2026-09-10 10:50:30,cust-040,Isabella Smith,Eleanor Vance (Admin),15.98,1.28,0.0,17.26,7.6,8.38,COMPLETED,1
sale-2450,INV-2026-2450,2026-09-10 15:48:56,cust-009,Lucas Davis,James Wilson (Senior Cashier),159.93,12.79,0.0,172.72,79.6,80.33,COMPLETED,4
sale-2451,INV-2026-2451,2026-09-10 16:11:20,cust-034,Olivia Williams,Amara Patel (Cashier),159.94,12.8,0.0,172.74,77.1,82.84,COMPLETED,4
sale-2452,INV-2026-2452,2026-09-10 16:30:17,cust-011,Mason Wilson,Lucas Rodriguez (Cashier),373.91,29.91,0.0,403.82,185.2,188.71,COMPLETED,4
sale-2453,INV-2026-2453,2026-09-10 12:14:57,cust-014,Charlotte Williams,Marcus Brody (Ops Manager),53.97,4.32,0.0,58.29,25.5,28.47,COMPLETED,1
sale-2454,INV-2026-2454,2026-09-10 13:27:56,cust-003,Liam Martinez,James Wilson (Senior Cashier),89.99,7.2,0.0,97.19,45.0,44.99,COMPLETED,1
sale-2455,INV-2026-2455,2026-09-10 10:08:48,cust-008,Sophia Jones,Lucas Rodriguez (Cashier),74.99,6.0,0.0,80.99,38.0,36.99,COMPLETED,1
sale-2456,INV-2026-2456,2026-09-10 18:02:29,cust-006,Ava Jackson,Amara Patel (Cashier),4.49,0.36,0.0,4.85,2.1,2.39,COMPLETED,1
sale-2457,INV-2026-2457,2026-09-11 15:26:23,cust-021,Alexander Brown,James Wilson (Senior Cashier),25.98,2.08,0.0,28.06,12.0,13.98,COMPLETED,1
sale-2458,INV-2026-2458,2026-09-11 11:28:14,cust-002,Emma Miller,James Wilson (Senior Cashier),10.98,0.88,0.0,11.86,4.8,6.18,COMPLETED,2
sale-2459,INV-2026-2459,2026-09-11 13:53:32,cust-011,Mason Wilson,Eleanor Vance (Admin),9.99,0.8,0.0,10.79,4.5,5.49,COMPLETED,1
sale-2460,INV-2026-2460,2026-09-11 12:06:07,cust-001,James Brown,Lucas Rodriguez (Cashier),5.49,0.44,0.0,5.93,2.5,2.99,COMPLETED,1
sale-2461,INV-2026-2461,2026-09-11 12:43:21,cust-012,Mia Taylor,James Wilson (Senior Cashier),154.96,12.4,0.0,167.36,75.0,79.96,COMPLETED,2
sale-2462,INV-2026-2462,2026-09-11 18:08:54,cust-048,Harper Jones,Lucas Rodriguez (Cashier),79.96,6.4,0.0,86.36,39.7,40.26,COMPLETED,2
sale-2463,INV-2026-2463,2026-09-11 09:49:19,cust-006,Ava Jackson,Amara Patel (Cashier),8.48,0.68,0.0,9.16,3.9,4.58,COMPLETED,2
sale-2464,INV-2026-2464,2026-09-12 18:48:41,cust-011,Mason Wilson,Lucas Rodriguez (Cashier),219.98,17.6,0.0,237.58,110.0,109.98,COMPLETED,1
sale-2465,INV-2026-2465,2026-09-12 11:55:25,cust-012,Mia Taylor,Marcus Brody (Ops Manager),4.49,0.36,0.0,4.85,2.1,2.39,COMPLETED,1
sale-2466,INV-2026-2466,2026-09-12 17:37:50,cust-008,Sophia Jones,Amara Patel (Cashier),16.98,1.36,0.0,18.34,7.7,9.28,COMPLETED,2
sale-2467,INV-2026-2467,2026-09-12 10:20:54,cust-013,Ethan Martin,Amara Patel (Cashier),179.98,14.4,0.0,194.38,90.0,89.98,COMPLETED,1
sale-2468,INV-2026-2468,2026-09-12 16:54:35,cust-003,Liam Martinez,Lucas Rodriguez (Cashier),27.99,2.24,0.0,30.23,14.0,13.99,COMPLETED,1
sale-2469,INV-2026-2469,2026-09-12 13:47:00,cust-011,Mason Wilson,James Wilson (Senior Cashier),7.99,0.64,0.0,8.63,3.8,4.19,COMPLETED,1
sale-2470,INV-2026-2470,2026-09-12 15:27:43,cust-049,Logan Davis,Lucas Rodriguez (Cashier),107.96,8.64,0.0,116.6,53.0,54.96,COMPLETED,3
sale-2471,INV-2026-2471,2026-09-12 18:01:36,cust-009,Lucas Davis,Marcus Brody (Ops Manager),6.49,0.52,0.0,7.01,2.8,3.69,COMPLETED,1
sale-2472,INV-2026-2472,2026-09-12 14:36:40,cust-039,Lucas Moore,Lucas Rodriguez (Cashier),14.99,1.2,0.0,16.19,7.5,7.49,COMPLETED,1
sale-2473,INV-2026-2473,2026-09-12 15:13:25,cust-007,Oliver Johnson,Marcus Brody (Ops Manager),101.96,8.16,0.0,110.12,50.3,51.66,COMPLETED,4
sale-2474,INV-2026-2474,2026-09-12 14:36:28,cust-005,Noah Thomas,Eleanor Vance (Admin),18.46,1.48,0.0,19.94,8.3,10.16,COMPLETED,3
sale-2475,INV-2026-2475,2026-09-12 19:35:11,cust-012,Mia Taylor,Lucas Rodriguez (Cashier),265.4,21.23,0.0,286.63,129.1,136.3,COMPLETED,4
sale-2476,INV-2026-2476,2026-09-12 11:12:04,cust-025,Daniel Thomas,James Wilson (Senior Cashier),13.47,1.08,0.0,14.55,6.3,7.17,COMPLETED,1
sale-2477,INV-2026-2477,2026-09-12 13:42:33,cust-001,James Brown,James Wilson (Senior Cashier),34.98,2.8,0.0,37.78,17.3,17.68,COMPLETED,2
sale-2478,INV-2026-2478,2026-09-12 11:20:55,cust-026,Elizabeth Jackson,Marcus Brody (Ops Manager),606.97,48.56,0.0,655.53,363.2,243.77,COMPLETED,2
sale-2479,INV-2026-2479,2026-09-12 11:34:26,cust-002,Emma Miller,Amara Patel (Cashier),102.93,8.23,0.0,111.16,49.7,53.23,COMPLETED,3
sale-2480,INV-2026-2480,2026-09-12 12:08:55,cust-007,Oliver Johnson,Amara Patel (Cashier),18.97,1.52,0.0,20.49,8.5,10.47,COMPLETED,3
sale-2481,INV-2026-2481,2026-09-12 18:19:37,cust-012,Mia Taylor,Amara Patel (Cashier),4.49,0.36,0.0,4.85,2.1,2.39,COMPLETED,1
sale-2482,INV-2026-2482,2026-09-13 09:09:28,cust-007,Oliver Johnson,Lucas Rodriguez (Cashier),19.47,1.56,0.0,21.03,8.4,11.07,COMPLETED,1
sale-2483,INV-2026-2483,2026-09-13 17:21:58,cust-008,Sophia Jones,Amara Patel (Cashier),12.99,1.04,0.0,14.03,6.0,6.99,COMPLETED,1
sale-2484,INV-2026-2484,2026-09-13 09:47:05,cust-015,Aiden Garcia,Amara Patel (Cashier),45.95,3.68,0.0,49.63,20.5,25.45,COMPLETED,2
sale-2485,INV-2026-2485,2026-09-13 13:25:39,cust-012,Mia Taylor,Amara Patel (Cashier),19.99,1.6,0.0,21.59,9.0,10.99,COMPLETED,1
sale-2486,INV-2026-2486,2026-09-13 18:46:27,cust-015,Aiden Garcia,Marcus Brody (Ops Manager),40.44,3.24,0.0,43.68,18.2,22.24,COMPLETED,4
sale-2487,INV-2026-2487,2026-09-13 10:25:44,cust-016,Amelia Rodriguez,Marcus Brody (Ops Manager),109.98,8.8,0.0,118.78,54.0,55.98,COMPLETED,2
sale-2488,INV-2026-2488,2026-09-13 19:34:18,cust-005,Noah Thomas,Marcus Brody (Ops Manager),95.97,7.68,0.0,103.65,47.0,48.97,COMPLETED,2
sale-2489,INV-2026-2489,2026-09-13 15:48:35,cust-006,Ava Jackson,Eleanor Vance (Admin),36.44,2.92,0.0,39.36,16.6,19.84,COMPLETED,4
sale-2490,INV-2026-2490,2026-09-13 17:49:49,cust-008,Sophia Jones,Marcus Brody (Ops Manager),29.96,2.4,0.0,32.36,13.4,16.56,COMPLETED,2
sale-2491,INV-2026-2491,2026-09-13 17:02:29,cust-011,Mason Wilson,Amara Patel (Cashier),23.98,1.92,0.0,25.9,10.8,13.18,COMPLETED,2
sale-2492,INV-2026-2492,2026-09-13 15:54:12,cust-001,James Brown,James Wilson (Senior Cashier),299.99,22.8,15.0,307.79,180.0,104.99,COMPLETED,1
sale-2493,INV-2026-2493,2026-09-14 11:20:42,cust-032,Emma Taylor,Amara Patel (Cashier),44.97,3.42,2.25,46.14,22.5,20.22,COMPLETED,1
sale-2494,INV-2026-2494,2026-09-14 17:42:15,cust-029,Sebastian Davis,Marcus Brody (Ops Manager),35.98,2.88,0.0,38.86,17.0,18.98,COMPLETED,1
sale-2495,INV-2026-2495,2026-09-14 13:53:10,cust-001,James Brown,Lucas Rodriguez (Cashier),5.49,0.42,0.27,5.64,2.5,2.72,COMPLETED,1
sale-2496,INV-2026-2496,2026-09-14 13:07:34,cust-011,Mason Wilson,Eleanor Vance (Admin),7.99,0.64,0.0,8.63,3.5,4.49,COMPLETED,1
sale-2497,INV-2026-2497,2026-09-15 09:43:17,cust-006,Ava Jackson,Marcus Brody (Ops Manager),32.95,2.64,0.0,35.59,14.5,18.45,COMPLETED,3
sale-2498,INV-2026-2498,2026-09-15 09:57:43,cust-008,Sophia Jones,Eleanor Vance (Admin),31.46,2.52,0.0,33.98,15.0,16.46,COMPLETED,2
sale-2499,INV-2026-2499,2026-09-15 17:41:42,cust-007,Oliver Johnson,Amara Patel (Cashier),30.96,2.48,0.0,33.44,14.1,16.86,COMPLETED,3
sale-2500,INV-2026-2500,2026-09-15 16:03:38,cust-013,Ethan Martin,Amara Patel (Cashier),6.49,0.52,0.0,7.01,2.8,3.69,COMPLETED,1
sale-2501,INV-2026-2501,2026-09-15 12:23:58,cust-002,Emma Miller,Eleanor Vance (Admin),3.99,0.32,0.0,4.31,1.8,2.19,COMPLETED,1
sale-2502,INV-2026-2502,2026-09-15 09:21:52,cust-011,Mason Wilson,Eleanor Vance (Admin),3.99,0.32,0.0,4.31,1.8,2.19,COMPLETED,1
sale-2503,INV-2026-2503,2026-09-15 10:51:53,cust-011,Mason Wilson,Marcus Brody (Ops Manager),842.92,64.06,42.15,864.83,421.5,379.27,COMPLETED,5
sale-2504,INV-2026-2504,2026-09-15 17:06:52,cust-009,Lucas Davis,Marcus Brody (Ops Manager),27.96,2.24,0.0,30.2,12.8,15.16,COMPLETED,1
sale-2505,INV-2026-2505,2026-09-15 17:25:27,cust-004,Olivia Gonzalez,Eleanor Vance (Admin),16.98,1.36,0.0,18.34,7.8,9.18,COMPLETED,2
sale-2506,INV-2026-2506,2026-09-16 11:00:25,cust-001,James Brown,Amara Patel (Cashier),57.95,4.64,0.0,62.59,25.6,32.35,COMPLETED,2
sale-2507,INV-2026-2507,2026-09-16 12:04:42,cust-042,Mia Miller,Lucas Rodriguez (Cashier),27.99,2.24,0.0,30.23,14.0,13.99,COMPLETED,1
sale-2508,INV-2026-2508,2026-09-16 10:56:13,cust-013,Ethan Martin,Lucas Rodriguez (Cashier),12.98,1.04,0.0,14.02,6.0,6.98,COMPLETED,2
sale-2509,INV-2026-2509,2026-09-16 10:45:34,cust-037,Oliver Lopez,Marcus Brody (Ops Manager),98.96,7.92,0.0,106.88,47.5,51.46,COMPLETED,2
sale-2510,INV-2026-2510,2026-09-16 10:38:20,cust-045,Aiden Thomas,Amara Patel (Cashier),27.98,2.24,0.0,30.22,12.8,15.18,COMPLETED,2
sale-2511,INV-2026-2511,2026-09-16 11:21:11,cust-015,Aiden Garcia,James Wilson (Senior Cashier),9.99,0.8,0.0,10.79,4.5,5.49,COMPLETED,1
sale-2512,INV-2026-2512,2026-09-16 19:30:04,cust-010,Isabella Hernandez,Lucas Rodriguez (Cashier),19.97,1.6,0.0,21.57,8.6,11.37,COMPLETED,2
sale-2513,INV-2026-2513,2026-09-16 17:40:47,cust-010,Isabella Hernandez,Eleanor Vance (Admin),68.44,5.48,0.0,73.92,32.1,36.34,COMPLETED,4
sale-2514,INV-2026-2514,2026-09-16 18:48:57,cust-004,Olivia Gonzalez,Amara Patel (Cashier),123.93,9.91,0.0,133.84,55.8,68.13,COMPLETED,2
sale-2515,INV-2026-2515,2026-09-16 18:05:03,cust-008,Sophia Jones,James Wilson (Senior Cashier),7.98,0.64,0.0,8.62,3.6,4.38,COMPLETED,1
sale-2516,INV-2026-2516,2026-09-17 15:13:41,cust-015,Aiden Garcia,Lucas Rodriguez (Cashier),78.91,6.31,0.0,85.22,36.2,42.71,COMPLETED,3
sale-2517,INV-2026-2517,2026-09-17 16:47:56,cust-005,Noah Thomas,James Wilson (Senior Cashier),17.99,1.44,0.0,19.43,8.5,9.49,COMPLETED,1
sale-2518,INV-2026-2518,2026-09-17 09:33:50,cust-042,Mia Miller,James Wilson (Senior Cashier),9.99,0.8,0.0,10.79,4.8,5.19,COMPLETED,1
sale-2519,INV-2026-2519,2026-09-17 12:54:46,cust-004,Olivia Gonzalez,Marcus Brody (Ops Manager),13.48,1.08,0.0,14.56,6.0,7.48,COMPLETED,2
sale-2520,INV-2026-2520,2026-09-17 19:15:51,cust-047,Jackson Johnson,Marcus Brody (Ops Manager),20.97,1.68,0.0,22.65,9.0,11.97,COMPLETED,1
sale-2521,INV-2026-2521,2026-09-17 15:33:20,cust-011,Mason Wilson,Eleanor Vance (Admin),15.98,1.21,0.8,16.39,7.0,8.18,COMPLETED,1
sale-2522,INV-2026-2522,2026-09-17 16:04:12,cust-003,Liam Martinez,Marcus Brody (Ops Manager),171.43,13.03,8.57,175.89,84.5,78.36,COMPLETED,5
sale-2523,INV-2026-2523,2026-09-17 11:37:35,cust-014,Charlotte Williams,Marcus Brody (Ops Manager),219.41,17.55,0.0,236.96,108.5,110.91,COMPLETED,4
sale-2524,INV-2026-2524,2026-09-17 15:46:29,cust-012,Mia Taylor,Marcus Brody (Ops Manager),97.93,7.83,0.0,105.76,45.5,52.43,COMPLETED,3
sale-2525,INV-2026-2525,2026-09-17 11:38:15,cust-010,Isabella Hernandez,Amara Patel (Cashier),4.99,0.4,0.0,5.39,2.2,2.79,COMPLETED,1
sale-2526,INV-2026-2526,2026-09-18 12:17:55,cust-006,Ava Jackson,James Wilson (Senior Cashier),7.99,0.64,0.0,8.63,3.8,4.19,COMPLETED,1
sale-2527,INV-2026-2527,2026-09-18 11:30:28,cust-010,Isabella Hernandez,Amara Patel (Cashier),29.96,2.4,0.0,32.36,13.4,16.56,COMPLETED,2
sale-2528,INV-2026-2528,2026-09-18 16:01:48,cust-014,Charlotte Williams,Eleanor Vance (Admin),28.48,2.28,0.0,30.76,13.8,14.68,COMPLETED,2
sale-2529,INV-2026-2529,2026-09-18 13:38:34,cust-012,Mia Taylor,Marcus Brody (Ops Manager),549.92,43.99,0.0,593.91,277.5,272.42,COMPLETED,3
sale-2530,INV-2026-2530,2026-09-18 16:19:29,cust-009,Lucas Davis,Lucas Rodriguez (Cashier),57.96,4.64,0.0,62.6,28.0,29.96,COMPLETED,1
sale-2531,INV-2026-2531,2026-09-18 14:08:45,cust-003,Liam Martinez,Marcus Brody (Ops Manager),13.48,1.02,0.67,13.83,6.3,6.51,COMPLETED,2
sale-2532,INV-2026-2532,2026-09-18 17:46:46,cust-007,Oliver Johnson,Amara Patel (Cashier),12.99,1.04,0.0,14.03,6.0,6.99,COMPLETED,1
sale-2533,INV-2026-2533,2026-09-18 14:24:31,cust-010,Isabella Hernandez,Eleanor Vance (Admin),29.48,2.36,0.0,31.84,14.5,14.98,COMPLETED,2
sale-2534,INV-2026-2534,2026-09-18 09:58:07,cust-010,Isabella Hernandez,Marcus Brody (Ops Manager),26.97,2.16,0.0,29.13,12.0,14.97,COMPLETED,2
sale-2535,INV-2026-2535,2026-09-19 15:16:49,cust-047,Jackson Johnson,James Wilson (Senior Cashier),7.99,0.64,0.0,8.63,3.5,4.49,COMPLETED,1
sale-2536,INV-2026-2536,2026-09-19 16:40:44,cust-001,James Brown,Amara Patel (Cashier),17.48,1.4,0.0,18.88,8.1,9.38,COMPLETED,2
sale-2537,INV-2026-2537,2026-09-19 12:15:30,cust-014,Charlotte Williams,James Wilson (Senior Cashier),53.97,4.32,0.0,58.29,25.5,28.47,COMPLETED,1
sale-2538,INV-2026-2538,2026-09-19 19:01:44,cust-010,Isabella Hernandez,James Wilson (Senior Cashier),224.97,18.0,0.0,242.97,114.0,110.97,COMPLETED,1
sale-2539,INV-2026-2539,2026-09-19 19:09:16,cust-010,Isabella Hernandez,Marcus Brody (Ops Manager),9.99,0.76,0.5,10.25,4.8,4.69,COMPLETED,1
sale-2540,INV-2026-2540,2026-09-19 10:41:45,cust-026,Elizabeth Jackson,Lucas Rodriguez (Cashier),19.99,1.6,0.0,21.59,9.0,10.99,COMPLETED,1
sale-2541,INV-2026-2541,2026-09-19 10:33:58,cust-007,Oliver Johnson,Marcus Brody (Ops Manager),29.98,2.4,0.0,32.38,15.0,14.98,COMPLETED,1
sale-2542,INV-2026-2542,2026-09-19 13:44:19,cust-009,Lucas Davis,Amara Patel (Cashier),169.96,13.6,0.0,183.56,85.6,84.36,COMPLETED,2
sale-2543,INV-2026-2543,2026-09-19 15:48:56,cust-006,Ava Jackson,Eleanor Vance (Admin),31.97,2.56,0.0,34.53,14.9,17.07,COMPLETED,2
sale-2544,INV-2026-2544,2026-09-19 14:52:09,cust-004,Olivia Gonzalez,Amara Patel (Cashier),14.48,1.16,0.0,15.64,6.6,7.88,COMPLETED,2
sale-2545,INV-2026-2545,2026-09-19 09:10:52,cust-002,Emma Miller,Eleanor Vance (Admin),187.43,14.99,0.0,202.42,93.1,94.33,COMPLETED,4
sale-2546,INV-2026-2546,2026-09-20 15:33:26,cust-047,Jackson Johnson,Amara Patel (Cashier),122.93,9.83,0.0,132.76,59.3,63.63,COMPLETED,5
sale-2547,INV-2026-2547,2026-09-20 14:11:45,cust-008,Sophia Jones,Marcus Brody (Ops Manager),117.98,9.44,0.0,127.42,58.8,59.18,COMPLETED,2
sale-2548,INV-2026-2548,2026-09-20 10:28:36,cust-012,Mia Taylor,Marcus Brody (Ops Manager),41.48,3.15,2.07,42.56,20.1,19.31,COMPLETED,2
sale-2549,INV-2026-2549,2026-09-20 11:51:48,cust-015,Aiden Garcia,Amara Patel (Cashier),89.99,7.2,0.0,97.19,45.0,44.99,COMPLETED,1
sale-2550,INV-2026-2550,2026-09-20 18:06:55,cust-002,Emma Miller,James Wilson (Senior Cashier),59.41,4.52,2.97,60.96,26.9,29.54,COMPLETED,5
sale-2551,INV-2026-2551,2026-09-20 10:17:04,cust-010,Isabella Hernandez,Marcus Brody (Ops Manager),19.98,1.6,0.0,21.58,9.0,10.98,COMPLETED,1
sale-2552,INV-2026-2552,2026-09-20 19:48:06,cust-005,Noah Thomas,Eleanor Vance (Admin),138.94,11.12,0.0,150.06,66.2,72.74,COMPLETED,3
sale-2553,INV-2026-2553,2026-09-20 09:06:13,cust-001,James Brown,Amara Patel (Cashier),114.47,9.16,0.0,123.63,56.5,57.97,COMPLETED,3
sale-2554,INV-2026-2554,2026-09-20 13:59:31,cust-006,Ava Jackson,Lucas Rodriguez (Cashier),133.97,10.72,0.0,144.69,67.0,66.97,COMPLETED,2
sale-2555,INV-2026-2555,2026-09-20 14:43:56,cust-006,Ava Jackson,Marcus Brody (Ops Manager),10.98,0.88,0.0,11.86,5.0,5.98,COMPLETED,1
sale-2556,INV-2026-2556,2026-09-21 19:25:24,cust-006,Ava Jackson,James Wilson (Senior Cashier),109.99,8.8,0.0,118.79,55.0,54.99,COMPLETED,1
sale-2557,INV-2026-2557,2026-09-21 09:29:55,cust-047,Jackson Johnson,Marcus Brody (Ops Manager),36.96,2.81,1.85,37.92,17.9,17.21,COMPLETED,2
sale-2558,INV-2026-2558,2026-09-21 10:55:33,cust-012,Mia Taylor,Marcus Brody (Ops Manager),90.95,7.28,0.0,98.23,43.4,47.55,COMPLETED,3
sale-2559,INV-2026-2559,2026-09-21 18:43:42,cust-033,Liam Martin,Amara Patel (Cashier),36.97,2.96,0.0,39.93,18.0,18.97,COMPLETED,2
sale-2560,INV-2026-2560,2026-09-21 09:40:52,cust-011,Mason Wilson,James Wilson (Senior Cashier),83.92,6.71,0.0,90.63,40.6,43.32,COMPLETED,3
sale-2561,INV-2026-2561,2026-09-21 14:43:28,cust-008,Sophia Jones,Amara Patel (Cashier),29.98,2.4,0.0,32.38,15.0,14.98,COMPLETED,1
sale-2562,INV-2026-2562,2026-09-21 10:22:27,cust-031,James Wilson,Eleanor Vance (Admin),38.97,3.12,0.0,42.09,19.1,19.87,COMPLETED,3
sale-2563,INV-2026-2563,2026-09-21 13:38:12,cust-034,Olivia Williams,Lucas Rodriguez (Cashier),56.97,4.56,0.0,61.53,28.2,28.77,COMPLETED,2
sale-2564,INV-2026-2564,2026-09-21 17:02:08,cust-002,Emma Miller,James Wilson (Senior Cashier),14.99,1.2,0.0,16.19,7.5,7.49,COMPLETED,1
sale-2565,INV-2026-2565,2026-09-21 17:55:29,cust-008,Sophia Jones,Eleanor Vance (Admin),20.97,1.68,0.0,22.65,9.2,11.77,COMPLETED,3
sale-2566,INV-2026-2566,2026-09-22 17:15:15,cust-013,Ethan Martin,Eleanor Vance (Admin),36.99,2.81,1.85,37.95,18.0,17.14,COMPLETED,1
sale-2567,INV-2026-2567,2026-09-22 09:10:59,cust-025,Daniel Thomas,James Wilson (Senior Cashier),6.99,0.56,0.0,7.55,3.2,3.79,COMPLETED,1
sale-2568,INV-2026-2568,2026-09-22 13:42:30,cust-043,Ethan Martinez,Eleanor Vance (Admin),13.97,1.12,0.0,15.09,6.4,7.57,COMPLETED,2
sale-2569,INV-2026-2569,2026-09-22 17:40:46,cust-013,Ethan Martin,James Wilson (Senior Cashier),46.97,3.76,0.0,50.73,23.1,23.87,COMPLETED,3
sale-2570,INV-2026-2570,2026-09-22 18:49:59,cust-011,Mason Wilson,James Wilson (Senior Cashier),163.96,13.12,0.0,177.08,82.0,81.96,COMPLETED,2
sale-2571,INV-2026-2571,2026-09-22 15:41:41,cust-028,Mila Jones,Marcus Brody (Ops Manager),100.91,8.07,0.0,108.98,45.4,55.51,COMPLETED,3
sale-2572,INV-2026-2572,2026-09-22 10:18:05,cust-006,Ava Jackson,Lucas Rodriguez (Cashier),24.98,2.0,0.0,26.98,12.3,12.68,COMPLETED,2
sale-2573,INV-2026-2573,2026-09-22 10:36:23,cust-006,Ava Jackson,Amara Patel (Cashier),4.49,0.36,0.0,4.85,2.1,2.39,COMPLETED,1
sale-2574,INV-2026-2574,2026-09-22 09:19:03,cust-004,Olivia Gonzalez,Amara Patel (Cashier),35.98,2.88,0.0,38.86,17.8,18.18,COMPLETED,2
sale-2575,INV-2026-2575,2026-09-22 14:49:23,cust-009,Lucas Davis,Lucas Rodriguez (Cashier),7.99,0.64,0.0,8.63,3.5,4.49,COMPLETED,1
sale-2576,INV-2026-2576,2026-09-22 18:14:06,cust-009,Lucas Davis,Amara Patel (Cashier),28.97,2.32,0.0,31.29,13.7,15.27,COMPLETED,3
sale-2577,INV-2026-2577,2026-09-22 13:53:14,cust-008,Sophia Jones,Marcus Brody (Ops Manager),1799.94,144.0,0.0,1943.94,1080.0,719.94,COMPLETED,1
sale-2578,INV-2026-2578,2026-09-22 11:47:42,cust-045,Aiden Thomas,Eleanor Vance (Admin),6.99,0.56,0.0,7.55,3.2,3.79,COMPLETED,1
sale-2579,INV-2026-2579,2026-09-23 13:32:44,cust-014,Charlotte Williams,Lucas Rodriguez (Cashier),40.96,3.28,0.0,44.24,19.2,21.76,COMPLETED,3
sale-2580,INV-2026-2580,2026-09-23 12:31:18,cust-025,Daniel Thomas,Eleanor Vance (Admin),19.98,1.6,0.0,21.58,9.0,10.98,COMPLETED,1
sale-2581,INV-2026-2581,2026-09-23 14:09:52,cust-047,Jackson Johnson,Marcus Brody (Ops Manager),141.96,11.36,0.0,153.32,69.2,72.76,COMPLETED,2
sale-2582,INV-2026-2582,2026-09-23 09:59:55,cust-032,Emma Taylor,Amara Patel (Cashier),15.98,1.28,0.0,17.26,7.0,8.98,COMPLETED,1
sale-2583,INV-2026-2583,2026-09-23 19:58:54,cust-001,James Brown,Lucas Rodriguez (Cashier),109.99,8.8,0.0,118.79,55.0,54.99,COMPLETED,1
sale-2584,INV-2026-2584,2026-09-23 15:43:30,cust-049,Logan Davis,Amara Patel (Cashier),78.91,6.31,0.0,85.22,35.4,43.51,COMPLETED,4
sale-2585,INV-2026-2585,2026-09-23 17:46:18,cust-015,Aiden Garcia,Marcus Brody (Ops Manager),134.47,10.76,0.0,145.23,67.2,67.27,COMPLETED,3
sale-2586,INV-2026-2586,2026-09-23 17:25:06,cust-013,Ethan Martin,Lucas Rodriguez (Cashier),21.99,1.76,0.0,23.75,11.0,10.99,COMPLETED,1
sale-2587,INV-2026-2587,2026-09-24 09:54:59,cust-030,Ella Hernandez,Marcus Brody (Ops Manager),10.98,0.88,0.0,11.86,5.0,5.98,COMPLETED,1
sale-2588,INV-2026-2588,2026-09-24 16:44:30,cust-003,Liam Martinez,Marcus Brody (Ops Manager),12.98,1.04,0.0,14.02,5.6,7.38,COMPLETED,1
sale-2589,INV-2026-2589,2026-09-24 12:47:41,cust-012,Mia Taylor,Lucas Rodriguez (Cashier),219.45,16.68,10.97,225.16,108.5,99.98,COMPLETED,4
sale-2590,INV-2026-2590,2026-09-24 11:24:27,cust-011,Mason Wilson,Eleanor Vance (Admin),3.99,0.3,0.2,4.09,1.8,1.99,COMPLETED,1
sale-2591,INV-2026-2591,2026-09-24 16:11:03,cust-009,Lucas Davis,James Wilson (Senior Cashier),101.88,8.15,0.0,110.03,45.0,56.88,COMPLETED,2
sale-2592,INV-2026-2592,2026-09-24 11:40:46,cust-001,James Brown,Eleanor Vance (Admin),28.98,2.32,0.0,31.3,14.2,14.78,COMPLETED,2
sale-2593,INV-2026-2593,2026-09-24 16:19:44,cust-003,Liam Martinez,Amara Patel (Cashier),27.99,2.24,0.0,30.23,14.0,13.99,COMPLETED,1
sale-2594,INV-2026-2594,2026-09-24 19:42:05,cust-042,Mia Miller,Amara Patel (Cashier),120.96,9.68,0.0,130.64,59.0,61.96,COMPLETED,3
sale-2595,INV-2026-2595,2026-09-24 19:28:23,cust-002,Emma Miller,Eleanor Vance (Admin),282.41,21.46,14.12,289.75,139.0,129.29,COMPLETED,3
sale-2596,INV-2026-2596,2026-09-24 19:42:58,cust-001,James Brown,Lucas Rodriguez (Cashier),26.97,2.16,0.0,29.13,12.9,14.07,COMPLETED,3
sale-2597,INV-2026-2597,2026-09-25 18:30:17,cust-007,Oliver Johnson,Lucas Rodriguez (Cashier),17.48,1.4,0.0,18.88,7.7,9.78,COMPLETED,2
sale-2598,INV-2026-2598,2026-09-25 16:41:44,cust-010,Isabella Hernandez,Marcus Brody (Ops Manager),72.93,5.54,3.65,74.82,35.0,34.28,COMPLETED,3
sale-2599,INV-2026-2599,2026-09-25 10:45:58,cust-035,Noah Garcia,Marcus Brody (Ops Manager),16.97,1.36,0.0,18.33,7.4,9.57,COMPLETED,2
sale-2600,INV-2026-2600,2026-09-25 09:25:35,cust-034,Olivia Williams,Amara Patel (Cashier),16.98,1.29,0.85,17.42,7.8,8.33,COMPLETED,2
sale-2601,INV-2026-2601,2026-09-25 18:34:45,cust-042,Mia Miller,Eleanor Vance (Admin),187.44,15.0,0.0,202.44,93.0,94.44,COMPLETED,4
sale-2602,INV-2026-2602,2026-09-25 12:42:57,cust-014,Charlotte Williams,Lucas Rodriguez (Cashier),32.95,2.64,0.0,35.59,14.9,18.05,COMPLETED,3
sale-2603,INV-2026-2603,2026-09-25 09:35:28,cust-008,Sophia Jones,Eleanor Vance (Admin),71.44,5.43,3.57,73.3,33.7,34.17,COMPLETED,4
sale-2604,INV-2026-2604,2026-09-25 12:41:10,cust-005,Noah Thomas,Eleanor Vance (Admin),44.99,3.42,2.25,46.16,22.0,20.74,COMPLETED,1
sale-2605,INV-2026-2605,2026-09-25 10:32:19,cust-009,Lucas Davis,Marcus Brody (Ops Manager),24.99,2.0,0.0,26.99,12.5,12.49,COMPLETED,1
sale-2606,INV-2026-2606,2026-09-25 19:00:15,cust-009,Lucas Davis,James Wilson (Senior Cashier),65.44,5.24,0.0,70.68,31.0,34.44,COMPLETED,3
sale-2607,INV-2026-2607,2026-09-25 16:08:36,cust-006,Ava Jackson,Lucas Rodriguez (Cashier),10.48,0.84,0.0,11.32,4.6,5.88,COMPLETED,2
sale-2608,INV-2026-2608,2026-09-25 14:38:34,cust-012,Mia Taylor,Eleanor Vance (Admin),113.42,9.07,0.0,122.49,54.7,58.72,COMPLETED,4
sale-2609,INV-2026-2609,2026-09-25 09:15:02,cust-005,Noah Thomas,Marcus Brody (Ops Manager),14.99,1.2,0.0,16.19,7.5,7.49,COMPLETED,1
sale-2610,INV-2026-2610,2026-09-25 18:35:13,cust-005,Noah Thomas,Marcus Brody (Ops Manager),49.96,4.0,0.0,53.96,23.8,26.16,COMPLETED,2
sale-2611,INV-2026-2611,2026-09-25 15:04:35,cust-007,Oliver Johnson,Marcus Brody (Ops Manager),556.43,44.51,0.0,600.94,280.0,276.43,COMPLETED,4
sale-2612,INV-2026-2612,2026-09-25 10:16:43,cust-012,Mia Taylor,Marcus Brody (Ops Manager),244.41,19.55,0.0,263.96,119.3,125.11,COMPLETED,5
sale-2613,INV-2026-2613,2026-09-25 10:40:46,cust-011,Mason Wilson,Marcus Brody (Ops Manager),89.99,7.2,0.0,97.19,45.0,44.99,COMPLETED,1
sale-2614,INV-2026-2614,2026-09-25 18:42:41,cust-039,Lucas Moore,Marcus Brody (Ops Manager),7.98,0.64,0.0,8.62,3.6,4.38,COMPLETED,1
sale-2615,INV-2026-2615,2026-09-25 11:20:50,cust-001,James Brown,Lucas Rodriguez (Cashier),23.98,1.92,0.0,25.9,10.8,13.18,COMPLETED,2
sale-2616,INV-2026-2616,2026-09-25 13:07:34,cust-009,Lucas Davis,Amara Patel (Cashier),9.99,0.76,0.5,10.25,4.8,4.69,COMPLETED,1
sale-2617,INV-2026-2617,2026-09-26 19:05:23,cust-050,Evelyn Hernandez,James Wilson (Senior Cashier),92.98,7.07,4.65,95.4,46.5,41.83,COMPLETED,2
sale-2618,INV-2026-2618,2026-09-26 12:17:00,cust-004,Olivia Gonzalez,Amara Patel (Cashier),29.98,2.4,0.0,32.38,13.5,16.48,COMPLETED,2
sale-2619,INV-2026-2619,2026-09-26 10:11:33,cust-020,Evelyn Smith,Lucas Rodriguez (Cashier),36.96,2.96,0.0,39.92,16.7,20.26,COMPLETED,2
sale-2620,INV-2026-2620,2026-09-26 16:06:33,cust-010,Isabella Hernandez,James Wilson (Senior Cashier),94.48,7.56,0.0,102.04,47.1,47.38,COMPLETED,2
sale-2621,INV-2026-2621,2026-09-26 18:06:57,cust-006,Ava Jackson,Amara Patel (Cashier),46.44,3.72,0.0,50.16,21.6,24.84,COMPLETED,3
sale-2622,INV-2026-2622,2026-09-26 19:50:34,cust-015,Aiden Garcia,Amara Patel (Cashier),24.99,2.0,0.0,26.99,12.5,12.49,COMPLETED,1
sale-2623,INV-2026-2623,2026-09-26 11:16:00,cust-046,Amelia Jackson,Marcus Brody (Ops Manager),17.99,1.44,0.0,19.43,8.5,9.49,COMPLETED,1
sale-2624,INV-2026-2624,2026-09-26 11:24:36,cust-004,Olivia Gonzalez,James Wilson (Senior Cashier),179.98,14.4,0.0,194.38,90.0,89.98,COMPLETED,1
sale-2625,INV-2026-2625,2026-09-26 12:43:38,cust-008,Sophia Jones,Marcus Brody (Ops Manager),19.99,1.6,0.0,21.59,9.0,10.99,COMPLETED,1
sale-2626,INV-2026-2626,2026-09-26 14:51:29,cust-005,Noah Thomas,Amara Patel (Cashier),96.98,7.76,0.0,104.74,49.0,47.98,COMPLETED,2
sale-2627,INV-2026-2627,2026-09-26 12:19:40,cust-020,Evelyn Smith,Amara Patel (Cashier),196.48,15.72,0.0,212.2,97.8,98.68,COMPLETED,2
sale-2628,INV-2026-2628,2026-09-26 10:40:05,cust-004,Olivia Gonzalez,Eleanor Vance (Admin),47.98,3.84,0.0,51.82,23.0,24.98,COMPLETED,2
sale-2629,INV-2026-2629,2026-09-26 09:05:47,cust-015,Aiden Garcia,Amara Patel (Cashier),252.45,20.2,0.0,272.65,125.8,126.65,COMPLETED,4
sale-2630,INV-2026-2630,2026-09-26 09:27:43,cust-012,Mia Taylor,Marcus Brody (Ops Manager),89.43,7.15,0.0,96.58,43.2,46.23,COMPLETED,3
sale-2631,INV-2026-2631,2026-09-27 17:43:43,cust-045,Aiden Thomas,Eleanor Vance (Admin),96.43,7.71,0.0,104.14,46.6,49.83,COMPLETED,4
sale-2632,INV-2026-2632,2026-09-27 18:12:58,cust-001,James Brown,Amara Patel (Cashier),7.99,0.64,0.0,8.63,3.8,4.19,COMPLETED,1
sale-2633,INV-2026-2633,2026-09-27 14:15:47,cust-034,Olivia Williams,Lucas Rodriguez (Cashier),36.99,2.81,1.85,37.95,18.0,17.14,COMPLETED,1
sale-2634,INV-2026-2634,2026-09-27 16:10:43,cust-049,Logan Davis,Lucas Rodriguez (Cashier),40.98,3.28,0.0,44.26,20.0,20.98,COMPLETED,2
sale-2635,INV-2026-2635,2026-09-27 11:04:23,cust-033,Liam Martin,James Wilson (Senior Cashier),19.99,1.6,0.0,21.59,9.0,10.99,COMPLETED,1
sale-2636,INV-2026-2636,2026-09-27 15:31:24,cust-002,Emma Miller,James Wilson (Senior Cashier),29.98,2.4,0.0,32.38,14.7,15.28,COMPLETED,2
sale-2637,INV-2026-2637,2026-09-27 12:53:34,cust-008,Sophia Jones,James Wilson (Senior Cashier),74.99,6.0,0.0,80.99,38.0,36.99,COMPLETED,1
sale-2638,INV-2026-2638,2026-09-27 13:16:13,cust-011,Mason Wilson,Lucas Rodriguez (Cashier),19.99,1.6,0.0,21.59,9.0,10.99,COMPLETED,1
sale-2639,INV-2026-2639,2026-09-27 13:59:59,cust-033,Liam Martin,Eleanor Vance (Admin),27.96,2.24,0.0,30.2,12.8,15.16,COMPLETED,1
sale-2640,INV-2026-2640,2026-09-27 18:54:31,cust-001,James Brown,Lucas Rodriguez (Cashier),35.96,2.88,0.0,38.84,16.9,19.06,COMPLETED,3
sale-2641,INV-2026-2641,2026-09-27 13:22:06,cust-015,Aiden Garcia,Marcus Brody (Ops Manager),33.96,2.72,0.0,36.68,15.5,18.46,COMPLETED,4
sale-2642,INV-2026-2642,2026-09-27 09:06:27,cust-002,Emma Miller,Lucas Rodriguez (Cashier),72.94,5.84,0.0,78.78,34.2,38.74,COMPLETED,4
sale-2643,INV-2026-2643,2026-09-27 11:26:07,cust-001,James Brown,Marcus Brody (Ops Manager),37.47,3.0,0.0,40.47,18.5,18.97,COMPLETED,2
sale-2644,INV-2026-2644,2026-09-27 13:14:30,cust-005,Noah Thomas,James Wilson (Senior Cashier),19.47,1.56,0.0,21.03,8.4,11.07,COMPLETED,1
sale-2645,INV-2026-2645,2026-09-27 11:34:51,cust-008,Sophia Jones,Amara Patel (Cashier),13.98,1.12,0.0,15.1,6.4,7.58,COMPLETED,1
sale-2646,INV-2026-2646,2026-09-27 14:47:27,cust-015,Aiden Garcia,Marcus Brody (Ops Manager),19.98,1.52,1.0,20.5,9.2,9.78,COMPLETED,2
sale-2647,INV-2026-2647,2026-09-27 13:02:08,cust-012,Mia Taylor,James Wilson (Senior Cashier),94.93,7.59,0.0,102.52,45.5,49.43,COMPLETED,2
sale-2648,INV-2026-2648,2026-09-27 11:42:12,cust-043,Ethan Martinez,James Wilson (Senior Cashier),12.97,0.99,0.65,13.31,5.8,6.52,COMPLETED,2
sale-2649,INV-2026-2649,2026-09-28 16:35:31,cust-046,Amelia Jackson,Marcus Brody (Ops Manager),9.99,0.8,0.0,10.79,4.5,5.49,COMPLETED,1
sale-2650,INV-2026-2650,2026-09-28 15:32:46,cust-025,Daniel Thomas,Marcus Brody (Ops Manager),124.47,9.46,6.22,127.71,61.6,56.65,COMPLETED,3
sale-2651,INV-2026-2651,2026-09-28 10:50:01,cust-006,Ava Jackson,Lucas Rodriguez (Cashier),449.94,34.2,22.5,461.64,228.0,199.44,COMPLETED,1
sale-2652,INV-2026-2652,2026-09-28 19:15:03,cust-022,Abigail Miller,Amara Patel (Cashier),74.97,6.0,0.0,80.97,37.5,37.47,COMPLETED,1
sale-2653,INV-2026-2653,2026-09-28 09:27:30,cust-008,Sophia Jones,Eleanor Vance (Admin),6.49,0.52,0.0,7.01,2.8,3.69,COMPLETED,1
sale-2654,INV-2026-2654,2026-09-28 12:39:09,cust-012,Mia Taylor,Marcus Brody (Ops Manager),189.99,15.2,0.0,205.19,95.0,94.99,COMPLETED,1
sale-2655,INV-2026-2655,2026-09-28 10:55:16,cust-016,Amelia Rodriguez,Amara Patel (Cashier),76.45,6.12,0.0,82.57,36.1,40.35,COMPLETED,2
sale-2656,INV-2026-2656,2026-09-28 10:44:46,cust-003,Liam Martinez,Marcus Brody (Ops Manager),25.48,2.04,0.0,27.52,11.5,13.98,COMPLETED,2
sale-2657,INV-2026-2657,2026-09-28 18:40:40,cust-002,Emma Miller,Marcus Brody (Ops Manager),230.92,18.47,0.0,249.39,114.0,116.92,COMPLETED,3
sale-2658,INV-2026-2658,2026-09-28 13:12:59,cust-001,James Brown,Lucas Rodriguez (Cashier),95.48,7.64,0.0,103.12,47.5,47.98,COMPLETED,2
sale-2659,INV-2026-2659,2026-09-29 09:24:26,cust-012,Mia Taylor,Marcus Brody (Ops Manager),9.99,0.8,0.0,10.79,4.5,5.49,COMPLETED,1
sale-2660,INV-2026-2660,2026-09-29 15:30:03,cust-011,Mason Wilson,Eleanor Vance (Admin),37.45,3.0,0.0,40.45,16.7,20.75,COMPLETED,2
sale-2661,INV-2026-2661,2026-09-29 13:23:17,cust-046,Amelia Jackson,Amara Patel (Cashier),199.98,16.0,0.0,215.98,100.0,99.98,COMPLETED,2
sale-2662,INV-2026-2662,2026-09-29 09:11:02,cust-011,Mason Wilson,James Wilson (Senior Cashier),18.97,1.52,0.0,20.49,8.8,10.17,COMPLETED,2
sale-2663,INV-2026-2663,2026-09-29 16:17:58,cust-007,Oliver Johnson,Marcus Brody (Ops Manager),6.99,0.56,0.0,7.55,3.0,3.99,COMPLETED,1
sale-2664,INV-2026-2664,2026-09-29 16:23:21,cust-002,Emma Miller,Eleanor Vance (Admin),7.99,0.64,0.0,8.63,3.8,4.19,COMPLETED,1
sale-2665,INV-2026-2665,2026-09-29 11:21:23,cust-024,Emily Gonzalez,Lucas Rodriguez (Cashier),19.99,1.6,0.0,21.59,9.0,10.99,COMPLETED,1
sale-2666,INV-2026-2666,2026-09-29 14:15:41,cust-010,Isabella Hernandez,Amara Patel (Cashier),43.98,3.34,2.2,45.12,22.0,19.78,COMPLETED,1
sale-2667,INV-2026-2667,2026-09-29 10:08:40,cust-008,Sophia Jones,Eleanor Vance (Admin),127.98,10.24,0.0,138.22,63.5,64.48,COMPLETED,2
sale-2668,INV-2026-2668,2026-09-30 19:52:12,cust-008,Sophia Jones,Eleanor Vance (Admin),23.94,1.82,1.2,24.56,10.8,11.94,COMPLETED,1
sale-2669,INV-2026-2669,2026-09-30 17:39:21,cust-008,Sophia Jones,Marcus Brody (Ops Manager),96.98,7.76,0.0,104.74,48.2,48.78,COMPLETED,2
sale-2670,INV-2026-2670,2026-09-30 11:02:08,cust-009,Lucas Davis,James Wilson (Senior Cashier),6.99,0.56,0.0,7.55,3.0,3.99,COMPLETED,1
sale-2671,INV-2026-2671,2026-09-30 17:22:57,cust-011,Mason Wilson,Eleanor Vance (Admin),122.89,9.83,0.0,132.72,54.2,68.69,COMPLETED,4
sale-2672,INV-2026-2672,2026-09-30 10:30:26,cust-009,Lucas Davis,Eleanor Vance (Admin),240.45,19.24,0.0,259.69,121.0,119.45,COMPLETED,3
sale-2673,INV-2026-2673,2026-09-30 13:44:08,cust-010,Isabella Hernandez,Eleanor Vance (Admin),27.47,2.2,0.0,29.67,13.1,14.37,COMPLETED,2
sale-2674,INV-2026-2674,2026-09-30 12:47:52,cust-011,Mason Wilson,Lucas Rodriguez (Cashier),136.92,10.95,0.0,147.87,61.7,75.22,COMPLETED,3
sale-2675,INV-2026-2675,2026-09-30 10:10:28,cust-025,Daniel Thomas,Lucas Rodriguez (Cashier),13.98,1.12,0.0,15.1,6.4,7.58,COMPLETED,1
sale-2676,INV-2026-2676,2026-09-30 15:38:17,cust-001,James Brown,Marcus Brody (Ops Manager),94.46,7.56,0.0,102.02,46.4,48.06,COMPLETED,2
sale-2677,INV-2026-2677,2026-09-30 18:44:00,cust-033,Liam Martin,Amara Patel (Cashier),14.99,1.2,0.0,16.19,7.5,7.49,COMPLETED,1
sale-2678,INV-2026-2678,2026-09-30 17:16:19,cust-019,Logan Moore,James Wilson (Senior Cashier),107.43,8.59,0.0,116.02,52.5,54.93,COMPLETED,3
sale-2679,INV-2026-2679,2026-09-30 11:14:02,cust-005,Noah Thomas,Eleanor Vance (Admin),25.98,2.08,0.0,28.06,12.8,13.18,COMPLETED,2
sale-2680,INV-2026-2680,2026-09-30 13:59:08,cust-013,Ethan Martin,Eleanor Vance (Admin),43.98,3.52,0.0,47.5,22.0,21.98,COMPLETED,1
sale-2681,INV-2026-2681,2026-09-30 12:52:13,cust-001,James Brown,James Wilson (Senior Cashier),213.97,17.12,0.0,231.09,105.8,108.17,COMPLETED,3
sale-2682,INV-2026-2682,2026-09-30 14:20:05,cust-036,Ava Rodriguez,James Wilson (Senior Cashier),32.97,2.64,0.0,35.61,14.6,18.37,COMPLETED,2
sale-2683,INV-2026-2683,2026-10-01 15:57:39,cust-001,James Brown,Eleanor Vance (Admin),4.99,0.4,0.0,5.39,2.2,2.79,COMPLETED,1
sale-2684,INV-2026-2684,2026-10-01 12:46:17,cust-001,James Brown,Lucas Rodriguez (Cashier),35.98,2.88,0.0,38.86,17.0,18.98,COMPLETED,1
sale-2685,INV-2026-2685,2026-10-01 18:06:46,cust-025,Daniel Thomas,James Wilson (Senior Cashier),15.98,1.28,0.0,17.26,7.0,8.98,COMPLETED,1
sale-2686,INV-2026-2686,2026-10-01 19:38:35,cust-008,Sophia Jones,Marcus Brody (Ops Manager),109.97,8.8,0.0,118.77,54.6,55.37,COMPLETED,2
sale-2687,INV-2026-2687,2026-10-01 12:37:40,cust-049,Logan Davis,Amara Patel (Cashier),48.46,3.88,0.0,52.34,22.3,26.16,COMPLETED,4
sale-2688,INV-2026-2688,2026-10-01 12:46:46,cust-003,Liam Martinez,Amara Patel (Cashier),27.99,2.13,1.4,28.72,14.0,12.59,COMPLETED,1
sale-2689,INV-2026-2689,2026-10-02 11:29:11,cust-012,Mia Taylor,Marcus Brody (Ops Manager),43.95,3.52,0.0,47.47,20.5,23.45,COMPLETED,4
sale-2690,INV-2026-2690,2026-10-02 11:41:18,cust-003,Liam Martinez,Marcus Brody (Ops Manager),29.48,2.36,0.0,31.84,14.5,14.98,COMPLETED,2
sale-2691,INV-2026-2691,2026-10-02 19:38:12,cust-002,Emma Miller,Amara Patel (Cashier),14.49,1.16,0.0,15.65,7.0,7.49,COMPLETED,1
sale-2692,INV-2026-2692,2026-10-02 19:25:06,cust-009,Lucas Davis,Eleanor Vance (Admin),3.99,0.32,0.0,4.31,1.8,2.19,COMPLETED,1
sale-2693,INV-2026-2693,2026-10-02 15:24:01,cust-001,James Brown,Eleanor Vance (Admin),27.48,2.09,1.37,28.2,13.5,12.61,COMPLETED,2
sale-2694,INV-2026-2694,2026-10-02 10:17:09,cust-039,Lucas Moore,Eleanor Vance (Admin),57.93,4.63,0.0,62.56,27.0,30.93,COMPLETED,2
sale-2695,INV-2026-2695,2026-10-02 09:50:06,cust-014,Charlotte Williams,James Wilson (Senior Cashier),61.96,4.96,0.0,66.92,29.3,32.66,COMPLETED,2
sale-2696,INV-2026-2696,2026-10-02 10:12:08,cust-010,Isabella Hernandez,Amara Patel (Cashier),653.95,52.32,0.0,706.27,385.5,268.45,COMPLETED,2
sale-2697,INV-2026-2697,2026-10-02 13:21:30,cust-001,James Brown,Lucas Rodriguez (Cashier),6.99,0.56,0.0,7.55,3.2,3.79,COMPLETED,1
sale-2698,INV-2026-2698,2026-10-02 19:34:07,cust-001,James Brown,Eleanor Vance (Admin),273.41,21.87,0.0,295.28,135.0,138.41,COMPLETED,5
sale-2699,INV-2026-2699,2026-10-02 10:32:56,cust-010,Isabella Hernandez,Eleanor Vance (Admin),29.96,2.4,0.0,32.36,14.0,15.96,COMPLETED,1
sale-2700,INV-2026-2700,2026-10-02 09:14:27,cust-006,Ava Jackson,James Wilson (Senior Cashier),30.96,2.48,0.0,33.44,13.8,17.16,COMPLETED,3
sale-2701,INV-2026-2701,2026-10-02 19:24:43,cust-008,Sophia Jones,Amara Patel (Cashier),18.98,1.52,0.0,20.5,9.1,9.88,COMPLETED,2
sale-2702,INV-2026-2702,2026-10-02 10:14:06,cust-019,Logan Moore,James Wilson (Senior Cashier),50.92,3.87,2.55,52.24,23.2,25.17,COMPLETED,4
sale-2703,INV-2026-2703,2026-10-02 14:07:23,cust-006,Ava Jackson,Eleanor Vance (Admin),7.99,0.64,0.0,8.63,3.8,4.19,COMPLETED,1
sale-2704,INV-2026-2704,2026-10-02 11:27:33,cust-003,Liam Martinez,Amara Patel (Cashier),7.99,0.64,0.0,8.63,3.5,4.49,COMPLETED,1
sale-2705,INV-2026-2705,2026-10-02 19:43:19,cust-005,Noah Thomas,James Wilson (Senior Cashier),77.94,6.24,0.0,84.18,36.0,41.94,COMPLETED,1
sale-2706,INV-2026-2706,2026-10-02 13:58:31,cust-017,Jackson Lopez,Eleanor Vance (Admin),11.99,0.96,0.0,12.95,5.2,6.79,COMPLETED,1
sale-2707,INV-2026-2707,2026-10-03 11:49:41,cust-003,Liam Martinez,Amara Patel (Cashier),48.44,3.88,0.0,52.32,23.1,25.34,COMPLETED,3
sale-2708,INV-2026-2708,2026-10-03 16:52:04,cust-007,Oliver Johnson,James Wilson (Senior Cashier),29.97,2.28,1.5,30.75,14.6,13.87,COMPLETED,2
sale-2709,INV-2026-2709,2026-10-03 14:08:11,cust-023,Elijah Martinez,James Wilson (Senior Cashier),13.98,1.12,0.0,15.1,6.4,7.58,COMPLETED,1
sale-2710,INV-2026-2710,2026-10-03 16:44:26,cust-011,Mason Wilson,James Wilson (Senior Cashier),71.96,5.47,3.6,73.83,34.0,34.36,COMPLETED,1
sale-2711,INV-2026-2711,2026-10-03 19:58:15,cust-009,Lucas Davis,Amara Patel (Cashier),24.98,2.0,0.0,26.98,12.3,12.68,COMPLETED,2
sale-2712,INV-2026-2712,2026-10-03 16:34:34,cust-025,Daniel Thomas,Eleanor Vance (Admin),275.94,22.08,0.0,298.02,135.0,140.94,COMPLETED,2
sale-2713,INV-2026-2713,2026-10-03 15:33:36,cust-048,Harper Jones,Marcus Brody (Ops Manager),28.45,2.28,0.0,30.73,12.8,15.65,COMPLETED,2
sale-2714,INV-2026-2714,2026-10-03 12:23:00,cust-014,Charlotte Williams,Eleanor Vance (Admin),189.95,15.2,0.0,205.15,91.0,98.95,COMPLETED,2
sale-2715,INV-2026-2715,2026-10-03 16:08:58,cust-015,Aiden Garcia,James Wilson (Senior Cashier),392.46,31.4,0.0,423.86,195.6,196.86,COMPLETED,3
sale-2716,INV-2026-2716,2026-10-03 11:18:29,cust-014,Charlotte Williams,Lucas Rodriguez (Cashier),63.95,5.12,0.0,69.07,29.2,34.75,COMPLETED,2
sale-2717,INV-2026-2717,2026-10-03 15:15:13,cust-004,Olivia Gonzalez,Marcus Brody (Ops Manager),30.98,2.35,1.55,31.78,14.5,14.93,COMPLETED,2
sale-2718,INV-2026-2718,2026-10-03 11:24:46,cust-007,Oliver Johnson,James Wilson (Senior Cashier),24.98,1.9,1.25,25.63,12.3,11.43,COMPLETED,2
sale-2719,INV-2026-2719,2026-10-03 10:42:37,cust-014,Charlotte Williams,Lucas Rodriguez (Cashier),27.96,2.24,0.0,30.2,12.8,15.16,COMPLETED,1
sale-2720,INV-2026-2720,2026-10-03 09:09:23,cust-004,Olivia Gonzalez,Eleanor Vance (Admin),45.45,3.45,2.27,46.63,20.4,22.78,COMPLETED,2
sale-2721,INV-2026-2721,2026-10-03 15:09:48,cust-012,Mia Taylor,Marcus Brody (Ops Manager),34.95,2.8,0.0,37.75,16.2,18.75,COMPLETED,3
sale-2722,INV-2026-2722,2026-10-04 13:30:26,cust-029,Sebastian Davis,Eleanor Vance (Admin),65.97,5.28,0.0,71.25,33.0,32.97,COMPLETED,1
sale-2723,INV-2026-2723,2026-10-04 11:03:56,cust-010,Isabella Hernandez,Marcus Brody (Ops Manager),24.99,2.0,0.0,26.99,12.5,12.49,COMPLETED,1
sale-2724,INV-2026-2724,2026-10-04 09:25:53,cust-015,Aiden Garcia,Amara Patel (Cashier),28.98,2.32,0.0,31.3,14.0,14.98,COMPLETED,1
sale-2725,INV-2026-2725,2026-10-04 13:58:36,cust-012,Mia Taylor,Marcus Brody (Ops Manager),94.98,7.6,0.0,102.58,47.2,47.78,COMPLETED,2
sale-2726,INV-2026-2726,2026-10-04 11:17:05,cust-003,Liam Martinez,Marcus Brody (Ops Manager),237.97,19.04,0.0,257.01,118.5,119.47,COMPLETED,2
sale-2727,INV-2026-2727,2026-10-04 09:14:25,cust-012,Mia Taylor,Lucas Rodriguez (Cashier),128.42,10.27,0.0,138.69,62.1,66.32,COMPLETED,4
sale-2728,INV-2026-2728,2026-10-04 10:52:44,cust-006,Ava Jackson,Amara Patel (Cashier),85.43,6.83,0.0,92.26,39.7,45.73,COMPLETED,4
sale-2729,INV-2026-2729,2026-10-04 11:03:51,cust-007,Oliver Johnson,Marcus Brody (Ops Manager),56.96,4.56,0.0,61.52,27.4,29.56,COMPLETED,2
sale-2730,INV-2026-2730,2026-10-04 10:04:23,cust-014,Charlotte Williams,James Wilson (Senior Cashier),341.92,25.99,17.1,350.81,169.3,155.52,COMPLETED,4
sale-2731,INV-2026-2731,2026-10-04 13:10:34,cust-004,Olivia Gonzalez,Lucas Rodriguez (Cashier),19.99,1.52,1.0,20.51,9.0,9.99,COMPLETED,1
sale-2732,INV-2026-2732,2026-10-05 13:12:35,cust-015,Aiden Garcia,Eleanor Vance (Admin),82.92,6.63,0.0,89.55,39.5,43.42,COMPLETED,4
sale-2733,INV-2026-2733,2026-10-05 10:36:36,cust-013,Ethan Martin,Amara Patel (Cashier),89.99,6.84,4.5,92.33,45.0,40.49,COMPLETED,1
sale-2734,INV-2026-2734,2026-10-05 14:05:19,cust-006,Ava Jackson,James Wilson (Senior Cashier),105.96,8.48,0.0,114.44,51.6,54.36,COMPLETED,2
sale-2735,INV-2026-2735,2026-10-05 17:12:20,cust-047,Jackson Johnson,James Wilson (Senior Cashier),22.97,1.84,0.0,24.81,10.6,12.37,COMPLETED,3
sale-2736,INV-2026-2736,2026-10-05 19:06:21,cust-012,Mia Taylor,Lucas Rodriguez (Cashier),50.97,3.87,2.55,52.29,25.0,23.42,COMPLETED,2
sale-2737,INV-2026-2737,2026-10-05 11:01:37,cust-031,James Wilson,Lucas Rodriguez (Cashier),13.98,1.12,0.0,15.1,6.4,7.58,COMPLETED,1
sale-2738,INV-2026-2738,2026-10-05 09:18:10,cust-008,Sophia Jones,Eleanor Vance (Admin),14.99,1.2,0.0,16.19,7.5,7.49,COMPLETED,1
sale-2739,INV-2026-2739,2026-10-05 10:45:14,cust-044,Charlotte Gonzalez,Marcus Brody (Ops Manager),15.98,1.28,0.0,17.26,7.0,8.98,COMPLETED,2
sale-2740,INV-2026-2740,2026-10-05 11:32:33,cust-039,Lucas Moore,Lucas Rodriguez (Cashier),6.99,0.56,0.0,7.55,3.2,3.79,COMPLETED,1
sale-2741,INV-2026-2741,2026-10-05 14:28:50,cust-005,Noah Thomas,James Wilson (Senior Cashier),8.98,0.72,0.0,9.7,4.2,4.78,COMPLETED,1
sale-2742,INV-2026-2742,2026-10-05 15:02:57,cust-044,Charlotte Gonzalez,Amara Patel (Cashier),17.99,1.44,0.0,19.43,8.5,9.49,COMPLETED,1
sale-2743,INV-2026-2743,2026-10-06 18:38:04,cust-037,Oliver Lopez,Amara Patel (Cashier),9.99,0.76,0.5,10.25,4.8,4.69,COMPLETED,1
sale-2744,INV-2026-2744,2026-10-06 09:09:49,cust-036,Ava Rodriguez,Eleanor Vance (Admin),19.96,1.6,0.0,21.56,8.8,11.16,COMPLETED,1
sale-2745,INV-2026-2745,2026-10-06 16:20:10,cust-011,Mason Wilson,Eleanor Vance (Admin),179.94,14.4,0.0,194.34,89.9,90.04,COMPLETED,3
sale-2746,INV-2026-2746,2026-10-06 14:22:05,cust-012,Mia Taylor,Amara Patel (Cashier),4.49,0.36,0.0,4.85,2.1,2.39,COMPLETED,1
sale-2747,INV-2026-2747,2026-10-06 16:16:48,cust-042,Mia Miller,Marcus Brody (Ops Manager),43.44,3.48,0.0,46.92,19.5,23.94,COMPLETED,2
sale-2748,INV-2026-2748,2026-10-06 18:31:02,cust-005,Noah Thomas,Amara Patel (Cashier),421.95,33.76,0.0,455.71,212.0,209.95,COMPLETED,3
sale-2749,INV-2026-2749,2026-10-06 18:58:43,cust-006,Ava Jackson,Lucas Rodriguez (Cashier),39.47,3.16,0.0,42.63,18.7,20.77,COMPLETED,3
sale-2750,INV-2026-2750,2026-10-06 14:23:05,cust-033,Liam Martin,Amara Patel (Cashier),109.99,8.8,0.0,118.79,55.0,54.99,COMPLETED,1
sale-2751,INV-2026-2751,2026-10-06 19:02:39,cust-004,Olivia Gonzalez,Marcus Brody (Ops Manager),82.97,6.64,0.0,89.61,41.6,41.37,COMPLETED,2
