item_id,sale_id,invoice_number,sale_date,product_id,product_name,category_name,quantity,unit_price,unit_cost,subtotal,cogs,gross_profit,margin_percent
item-5001,sale-1001,INV-2026-1001,2026-04-10 19:07:01,prod-17,100% Cotton Polo Shirt (Medium),Apparel & Wearables,3,19.99,9.0,59.97,27.0,32.97,54.98
item-5002,sale-1001,INV-2026-1001,2026-04-10 19:07:01,prod-05,A4 Premium Copy Paper 500 Sheets,Office Supplies,2,6.99,3.2,13.98,6.4,7.58,54.22
item-5003,sale-1001,INV-2026-1001,2026-04-10 19:07:01,prod-02,Ergonomic Optical Wireless Mouse,Electronics & Gadgets,2,24.99,12.5,49.98,25.0,24.98,49.98
item-5004,sale-1002,INV-2026-1002,2026-04-10 10:43:47,prod-28,Electric Stainless Steel Kettle 1.7L,Home Appliances,3,27.99,14.0,83.97,42.0,41.97,49.98
item-5005,sale-1003,INV-2026-1003,2026-04-10 09:05:13,prod-06,Gel Ink Rollerball Pens (Box of 12),Office Supplies,1,9.99,4.5,9.99,4.5,5.49,54.95
item-5006,sale-1004,INV-2026-1004,2026-04-10 19:44:34,prod-15,Raw Honey Jar 500g,Packaged Groceries,1,9.99,4.8,9.99,4.8,5.19,51.95
item-5007,sale-1005,INV-2026-1005,2026-04-10 09:48:51,prod-18,High-Visibility Safety Vest,Apparel & Wearables,1,11.99,5.2,11.99,5.2,6.79,56.63
item-5008,sale-1006,INV-2026-1006,2026-04-10 12:48:21,prod-10,Organic Green Tea (Box of 50 Bags),Beverages & Drinks,1,7.99,3.8,7.99,3.8,4.19,52.44
item-5009,sale-1007,INV-2026-1007,2026-04-10 14:38:16,prod-06,Gel Ink Rollerball Pens (Box of 12),Office Supplies,1,9.99,4.5,9.99,4.5,5.49,54.95
item-5010,sale-1007,INV-2026-1007,2026-04-10 14:38:16,prod-14,Wholegrain Oats 1kg,Packaged Groceries,2,4.49,2.1,8.98,4.2,4.78,53.23
item-5011,sale-1007,INV-2026-1007,2026-04-10 14:38:16,prod-17,100% Cotton Polo Shirt (Medium),Apparel & Wearables,1,19.99,9.0,19.99,9.0,10.99,54.98
item-5012,sale-1008,INV-2026-1008,2026-04-10 15:05:35,prod-27,Microfiber Facial Towels (Pack of 4),Personal Care,4,6.99,3.0,27.96,12.0,15.96,57.08
item-5013,sale-1009,INV-2026-1009,2026-04-10 14:36:12,prod-09,Arabica Whole Bean Coffee 1kg,Beverages & Drinks,1,21.99,11.0,21.99,11.0,10.99,49.98
item-5014,sale-1009,INV-2026-1009,2026-04-10 14:36:12,prod-03,Mechanical RGB Gaming Keyboard,Electronics & Gadgets,1,74.99,38.0,74.99,38.0,36.99,49.33
item-5015,sale-1009,INV-2026-1009,2026-04-10 14:36:12,prod-20,Breathable Fleece Jacket (Large),Apparel & Wearables,1,44.99,22.0,44.99,22.0,22.99,51.1
item-5016,sale-1010,INV-2026-1010,2026-04-10 10:54:14,prod-26,Gentle Moisturizing Hand Soap 1L,Personal Care,1,5.49,2.5,5.49,2.5,2.99,54.46
item-5017,sale-1011,INV-2026-1011,2026-04-10 14:10:23,prod-09,Arabica Whole Bean Coffee 1kg,Beverages & Drinks,1,21.99,11.0,21.99,11.0,10.99,49.98
item-5018,sale-1011,INV-2026-1011,2026-04-10 14:10:23,prod-14,Wholegrain Oats 1kg,Packaged Groceries,1,4.49,2.1,4.49,2.1,2.39,53.23
item-5019,sale-1012,INV-2026-1012,2026-04-10 19:41:04,prod-24,Heavy-Duty Steel Measuring Tape 8m,Hardware & Tools,1,7.99,3.5,7.99,3.5,4.49,56.2
item-5020,sale-1012,INV-2026-1012,2026-04-10 19:41:04,prod-27,Microfiber Facial Towels (Pack of 4),Personal Care,1,6.99,3.0,6.99,3.0,3.99,57.08
item-5021,sale-1012,INV-2026-1012,2026-04-10 19:41:04,prod-26,Gentle Moisturizing Hand Soap 1L,Personal Care,1,5.49,2.5,5.49,2.5,2.99,54.46
item-5022,sale-1012,INV-2026-1012,2026-04-10 19:41:04,prod-17,100% Cotton Polo Shirt (Medium),Apparel & Wearables,1,19.99,9.0,19.99,9.0,10.99,54.98
item-5023,sale-1012,INV-2026-1012,2026-04-10 19:41:04,prod-02,Ergonomic Optical Wireless Mouse,Electronics & Gadgets,1,24.99,12.5,24.99,12.5,12.49,49.98
item-5024,sale-1013,INV-2026-1013,2026-04-11 11:29:24,prod-10,Organic Green Tea (Box of 50 Bags),Beverages & Drinks,1,7.99,3.8,7.99,3.8,4.19,52.44
item-5025,sale-1013,INV-2026-1013,2026-04-11 11:29:24,prod-09,Arabica Whole Bean Coffee 1kg,Beverages & Drinks,2,21.99,11.0,43.98,22.0,21.98,49.98
item-5026,sale-1013,INV-2026-1013,2026-04-11 11:29:24,prod-15,Raw Honey Jar 500g,Packaged Groceries,1,9.99,4.8,9.99,4.8,5.19,51.95
item-5027,sale-1014,INV-2026-1014,2026-04-11 14:53:49,prod-24,Heavy-Duty Steel Measuring Tape 8m,Hardware & Tools,2,7.99,3.5,15.98,7.0,8.98,56.2
item-5028,sale-1014,INV-2026-1014,2026-04-11 14:53:49,prod-06,Gel Ink Rollerball Pens (Box of 12),Office Supplies,2,9.99,4.5,19.98,9.0,10.98,54.95
item-5029,sale-1014,INV-2026-1014,2026-04-11 14:53:49,prod-01,Wireless Bluetooth Headset Pro,Electronics & Gadgets,1,89.99,45.0,89.99,45.0,44.99,49.99
item-5030,sale-1014,INV-2026-1014,2026-04-11 14:53:49,prod-25,Antibacterial Hand Sanitizer 500ml,Personal Care,1,3.99,1.8,3.99,1.8,2.19,54.89
item-5031,sale-1014,INV-2026-1014,2026-04-11 14:53:49,prod-21,20V Cordless Power Drill Set,Hardware & Tools,1,109.99,55.0,109.99,55.0,54.99,50.0
item-5032,sale-1015,INV-2026-1015,2026-04-11 15:17:04,prod-18,High-Visibility Safety Vest,Apparel & Wearables,1,11.99,5.2,11.99,5.2,6.79,56.63
item-5033,sale-1015,INV-2026-1015,2026-04-11 15:17:04,prod-10,Organic Green Tea (Box of 50 Bags),Beverages & Drinks,1,7.99,3.8,7.99,3.8,4.19,52.44
item-5034,sale-1015,INV-2026-1015,2026-04-11 15:17:04,prod-02,Ergonomic Optical Wireless Mouse,Electronics & Gadgets,2,24.99,12.5,49.98,25.0,24.98,49.98
item-5035,sale-1016,INV-2026-1016,2026-04-11 16:25:56,prod-26,Gentle Moisturizing Hand Soap 1L,Personal Care,1,5.49,2.5,5.49,2.5,2.99,54.46
item-5036,sale-1016,INV-2026-1016,2026-04-11 16:25:56,prod-13,Organic Extra Virgin Olive Oil 750ml,Packaged Groceries,2,14.99,7.5,29.98,15.0,14.98,49.97
item-5037,sale-1017,INV-2026-1017,2026-04-11 12:47:35,prod-16,Assorted Roasted Almonds 250g,Packaged Groceries,1,7.49,3.5,7.49,3.5,3.99,53.27
item-5038,sale-1017,INV-2026-1017,2026-04-11 12:47:35,prod-24,Heavy-Duty Steel Measuring Tape 8m,Hardware & Tools,1,7.99,3.5,7.99,3.5,4.49,56.2
item-5039,sale-1017,INV-2026-1017,2026-04-11 12:47:35,prod-14,Wholegrain Oats 1kg,Packaged Groceries,1,4.49,2.1,4.49,2.1,2.39,53.23
item-5040,sale-1018,INV-2026-1018,2026-04-11 18:25:23,prod-01,Wireless Bluetooth Headset Pro,Electronics & Gadgets,2,89.99,45.0,179.98,90.0,89.98,49.99
item-5041,sale-1019,INV-2026-1019,2026-04-11 09:55:07,prod-14,Wholegrain Oats 1kg,Packaged Groceries,3,4.49,2.1,13.47,6.3,7.17,53.23
item-5042,sale-1020,INV-2026-1020,2026-04-11 15:24:38,prod-11,Sparkling Mineral Water 500ml (Pack 12),Beverages & Drinks,2,12.99,6.0,25.98,12.0,13.98,53.81
item-5043,sale-1021,INV-2026-1021,2026-04-11 09:43:46,prod-02,Ergonomic Optical Wireless Mouse,Electronics & Gadgets,1,24.99,12.5,24.99,12.5,12.49,49.98
item-5044,sale-1022,INV-2026-1022,2026-04-11 19:21:07,prod-27,Microfiber Facial Towels (Pack of 4),Personal Care,2,6.99,3.0,13.98,6.0,7.98,57.08
item-5045,sale-1023,INV-2026-1023,2026-04-12 13:32:48,prod-06,Gel Ink Rollerball Pens (Box of 12),Office Supplies,2,9.99,4.5,19.98,9.0,10.98,54.95
item-5046,sale-1023,INV-2026-1023,2026-04-12 13:32:48,prod-26,Gentle Moisturizing Hand Soap 1L,Personal Care,3,5.49,2.5,16.47,7.5,8.97,54.46
item-5047,sale-1023,INV-2026-1023,2026-04-12 13:32:48,prod-15,Raw Honey Jar 500g,Packaged Groceries,1,9.99,4.8,9.99,4.8,5.19,51.95
item-5048,sale-1024,INV-2026-1024,2026-04-12 13:53:40,prod-06,Gel Ink Rollerball Pens (Box of 12),Office Supplies,1,9.99,4.5,9.99,4.5,5.49,54.95
item-5049,sale-1025,INV-2026-1025,2026-04-12 11:34:49,prod-25,Antibacterial Hand Sanitizer 500ml,Personal Care,1,3.99,1.8,3.99,1.8,2.19,54.89
item-5050,sale-1025,INV-2026-1025,2026-04-12 11:34:49,prod-01,Wireless Bluetooth Headset Pro,Electronics & Gadgets,1,89.99,45.0,89.99,45.0,44.99,49.99
item-5051,sale-1025,INV-2026-1025,2026-04-12 11:34:49,prod-14,Wholegrain Oats 1kg,Packaged Groceries,1,4.49,2.1,4.49,2.1,2.39,53.23
item-5052,sale-1026,INV-2026-1026,2026-04-12 09:07:59,prod-27,Microfiber Facial Towels (Pack of 4),Personal Care,1,6.99,3.0,6.99,3.0,3.99,57.08
item-5053,sale-1027,INV-2026-1027,2026-04-12 12:56:36,prod-21,20V Cordless Power Drill Set,Hardware & Tools,6,109.99,55.0,659.94,330.0,329.94,50.0
item-5054,sale-1027,INV-2026-1027,2026-04-12 12:56:36,prod-10,Organic Green Tea (Box of 50 Bags),Beverages & Drinks,4,7.99,3.8,31.96,15.2,16.76,52.44
item-5055,sale-1028,INV-2026-1028,2026-04-12 17:49:08,prod-14,Wholegrain Oats 1kg,Packaged Groceries,1,4.49,2.1,4.49,2.1,2.39,53.23
item-5056,sale-1029,INV-2026-1029,2026-04-12 17:55:38,prod-01,Wireless Bluetooth Headset Pro,Electronics & Gadgets,2,89.99,45.0,179.98,90.0,89.98,49.99
item-5057,sale-1030,INV-2026-1030,2026-04-12 12:45:19,prod-02,Ergonomic Optical Wireless Mouse,Electronics & Gadgets,3,24.99,12.5,74.97,37.5,37.47,49.98
item-5058,sale-1030,INV-2026-1030,2026-04-12 12:45:19,prod-09,Arabica Whole Bean Coffee 1kg,Beverages & Drinks,1,21.99,11.0,21.99,11.0,10.99,49.98
item-5059,sale-1031,INV-2026-1031,2026-04-12 17:28:07,prod-14,Wholegrain Oats 1kg,Packaged Groceries,6,4.49,2.1,26.94,12.6,14.34,53.23
item-5060,sale-1032,INV-2026-1032,2026-04-12 17:14:37,prod-19,Waterproof Work Gloves (Pair),Apparel & Wearables,2,6.49,2.8,12.98,5.6,7.38,56.86
item-5061,sale-1033,INV-2026-1033,2026-04-13 09:55:21,prod-22,Professional Precision Screwdriver Kit,Hardware & Tools,1,17.99,8.5,17.99,8.5,9.49,52.75
item-5062,sale-1034,INV-2026-1034,2026-04-13 12:34:08,prod-18,High-Visibility Safety Vest,Apparel & Wearables,1,11.99,5.2,11.99,5.2,6.79,56.63
item-5063,sale-1034,INV-2026-1034,2026-04-13 12:34:08,prod-15,Raw Honey Jar 500g,Packaged Groceries,3,9.99,4.8,29.97,14.4,15.57,51.95
item-5064,sale-1035,INV-2026-1035,2026-04-13 16:51:26,prod-06,Gel Ink Rollerball Pens (Box of 12),Office Supplies,1,9.99,4.5,9.99,4.5,5.49,54.95
item-5065,sale-1036,INV-2026-1036,2026-04-13 15:29:55,prod-20,Breathable Fleece Jacket (Large),Apparel & Wearables,1,44.99,22.0,44.99,22.0,22.99,51.1
item-5066,sale-1036,INV-2026-1036,2026-04-13 15:29:55,prod-01,Wireless Bluetooth Headset Pro,Electronics & Gadgets,1,89.99,45.0,89.99,45.0,44.99,49.99
item-5067,sale-1037,INV-2026-1037,2026-04-13 14:51:55,prod-05,A4 Premium Copy Paper 500 Sheets,Office Supplies,1,6.99,3.2,6.99,3.2,3.79,54.22
item-5068,sale-1037,INV-2026-1037,2026-04-13 14:51:55,prod-20,Breathable Fleece Jacket (Large),Apparel & Wearables,4,44.99,22.0,179.96,88.0,91.96,51.1
item-5069,sale-1038,INV-2026-1038,2026-04-13 11:27:11,prod-10,Organic Green Tea (Box of 50 Bags),Beverages & Drinks,1,7.99,3.8,7.99,3.8,4.19,52.44
item-5070,sale-1039,INV-2026-1039,2026-04-13 17:06:03,prod-26,Gentle Moisturizing Hand Soap 1L,Personal Care,1,5.49,2.5,5.49,2.5,2.99,54.46
item-5071,sale-1039,INV-2026-1039,2026-04-13 17:06:03,prod-07,Heavy-Duty Desktop Stapler,Office Supplies,1,14.49,7.0,14.49,7.0,7.49,51.69
item-5072,sale-1039,INV-2026-1039,2026-04-13 17:06:03,prod-19,Waterproof Work Gloves (Pair),Apparel & Wearables,1,6.49,2.8,6.49,2.8,3.69,56.86
item-5073,sale-1039,INV-2026-1039,2026-04-13 17:06:03,prod-25,Antibacterial Hand Sanitizer 500ml,Personal Care,1,3.99,1.8,3.99,1.8,2.19,54.89
item-5074,sale-1040,INV-2026-1040,2026-04-14 12:10:26,prod-22,Professional Precision Screwdriver Kit,Hardware & Tools,3,17.99,8.5,53.97,25.5,28.47,52.75
item-5075,sale-1041,INV-2026-1041,2026-04-14 11:24:00,prod-24,Heavy-Duty Steel Measuring Tape 8m,Hardware & Tools,3,7.99,3.5,23.97,10.5,13.47,56.2
item-5076,sale-1041,INV-2026-1041,2026-04-14 11:24:00,prod-19,Waterproof Work Gloves (Pair),Apparel & Wearables,2,6.49,2.8,12.98,5.6,7.38,56.86
item-5077,sale-1041,INV-2026-1041,2026-04-14 11:24:00,prod-03,Mechanical RGB Gaming Keyboard,Electronics & Gadgets,1,74.99,38.0,74.99,38.0,36.99,49.33
item-5078,sale-1041,INV-2026-1041,2026-04-14 11:24:00,prod-05,A4 Premium Copy Paper 500 Sheets,Office Supplies,1,6.99,3.2,6.99,3.2,3.79,54.22
item-5079,sale-1042,INV-2026-1042,2026-04-14 17:42:45,prod-01,Wireless Bluetooth Headset Pro,Electronics & Gadgets,1,89.99,45.0,89.99,45.0,44.99,49.99
item-5080,sale-1042,INV-2026-1042,2026-04-14 17:42:45,prod-05,A4 Premium Copy Paper 500 Sheets,Office Supplies,2,6.99,3.2,13.98,6.4,7.58,54.22
item-5081,sale-1043,INV-2026-1043,2026-04-14 09:37:47,prod-06,Gel Ink Rollerball Pens (Box of 12),Office Supplies,1,9.99,4.5,9.99,4.5,5.49,54.95
item-5082,sale-1043,INV-2026-1043,2026-04-14 09:37:47,prod-22,Professional Precision Screwdriver Kit,Hardware & Tools,1,17.99,8.5,17.99,8.5,9.49,52.75
item-5083,sale-1044,INV-2026-1044,2026-04-15 18:30:32,prod-19,Waterproof Work Gloves (Pair),Apparel & Wearables,1,6.49,2.8,6.49,2.8,3.69,56.86
item-5084,sale-1044,INV-2026-1044,2026-04-15 18:30:32,prod-25,Antibacterial Hand Sanitizer 500ml,Personal Care,1,3.99,1.8,3.99,1.8,2.19,54.89
item-5085,sale-1044,INV-2026-1044,2026-04-15 18:30:32,prod-14,Wholegrain Oats 1kg,Packaged Groceries,1,4.49,2.1,4.49,2.1,2.39,53.23
item-5086,sale-1045,INV-2026-1045,2026-04-15 17:05:54,prod-28,Electric Stainless Steel Kettle 1.7L,Home Appliances,1,27.99,14.0,27.99,14.0,13.99,49.98
item-5087,sale-1046,INV-2026-1046,2026-04-15 12:25:07,prod-18,High-Visibility Safety Vest,Apparel & Wearables,1,11.99,5.2,11.99,5.2,6.79,56.63
item-5088,sale-1046,INV-2026-1046,2026-04-15 12:25:07,prod-25,Antibacterial Hand Sanitizer 500ml,Personal Care,1,3.99,1.8,3.99,1.8,2.19,54.89
item-5089,sale-1046,INV-2026-1046,2026-04-15 12:25:07,prod-14,Wholegrain Oats 1kg,Packaged Groceries,2,4.49,2.1,8.98,4.2,4.78,53.23
item-5090,sale-1046,INV-2026-1046,2026-04-15 12:25:07,prod-16,Assorted Roasted Almonds 250g,Packaged Groceries,1,7.49,3.5,7.49,3.5,3.99,53.27
item-5091,sale-1047,INV-2026-1047,2026-04-15 09:39:05,prod-19,Waterproof Work Gloves (Pair),Apparel & Wearables,1,6.49,2.8,6.49,2.8,3.69,56.86
item-5092,sale-1048,INV-2026-1048,2026-04-15 13:13:42,prod-27,Microfiber Facial Towels (Pack of 4),Personal Care,4,6.99,3.0,27.96,12.0,15.96,57.08
item-5093,sale-1048,INV-2026-1048,2026-04-15 13:13:42,prod-26,Gentle Moisturizing Hand Soap 1L,Personal Care,1,5.49,2.5,5.49,2.5,2.99,54.46
item-5094,sale-1048,INV-2026-1048,2026-04-15 13:13:42,prod-10,Organic Green Tea (Box of 50 Bags),Beverages & Drinks,4,7.99,3.8,31.96,15.2,16.76,52.44
item-5095,sale-1048,INV-2026-1048,2026-04-15 13:13:42,prod-01,Wireless Bluetooth Headset Pro,Electronics & Gadgets,4,89.99,45.0,359.96,180.0,179.96,49.99
item-5096,sale-1049,INV-2026-1049,2026-04-15 19:41:19,prod-09,Arabica Whole Bean Coffee 1kg,Beverages & Drinks,1,21.99,11.0,21.99,11.0,10.99,49.98
item-5097,sale-1049,INV-2026-1049,2026-04-15 19:41:19,prod-11,Sparkling Mineral Water 500ml (Pack 12),Beverages & Drinks,1,12.99,6.0,12.99,6.0,6.99,53.81
item-5098,sale-1049,INV-2026-1049,2026-04-15 19:41:19,prod-25,Antibacterial Hand Sanitizer 500ml,Personal Care,1,3.99,1.8,3.99,1.8,2.19,54.89
item-5099,sale-1050,INV-2026-1050,2026-04-15 18:36:06,prod-21,20V Cordless Power Drill Set,Hardware & Tools,6,109.99,55.0,659.94,330.0,329.94,50.0
item-5100,sale-1050,INV-2026-1050,2026-04-15 18:36:06,prod-16,Assorted Roasted Almonds 250g,Packaged Groceries,1,7.49,3.5,7.49,3.5,3.99,53.27
item-5101,sale-1050,INV-2026-1050,2026-04-15 18:36:06,prod-03,Mechanical RGB Gaming Keyboard,Electronics & Gadgets,1,74.99,38.0,74.99,38.0,36.99,49.33
item-5102,sale-1050,INV-2026-1050,2026-04-15 18:36:06,prod-18,High-Visibility Safety Vest,Apparel & Wearables,3,11.99,5.2,35.97,15.6,20.37,56.63
item-5103,sale-1051,INV-2026-1051,2026-04-15 14:56:04,prod-21,20V Cordless Power Drill Set,Hardware & Tools,2,109.99,55.0,219.98,110.0,109.98,50.0
item-5104,sale-1051,INV-2026-1051,2026-04-15 14:56:04,prod-10,Organic Green Tea (Box of 50 Bags),Beverages & Drinks,2,7.99,3.8,15.98,7.6,8.38,52.44
item-5105,sale-1051,INV-2026-1051,2026-04-15 14:56:04,prod-09,Arabica Whole Bean Coffee 1kg,Beverages & Drinks,3,21.99,11.0,65.97,33.0,32.97,49.98
item-5106,sale-1052,INV-2026-1052,2026-04-15 17:45:19,prod-14,Wholegrain Oats 1kg,Packaged Groceries,2,4.49,2.1,8.98,4.2,4.78,53.23
item-5107,sale-1052,INV-2026-1052,2026-04-15 17:45:19,prod-25,Antibacterial Hand Sanitizer 500ml,Personal Care,3,3.99,1.8,11.97,5.4,6.57,54.89
item-5108,sale-1052,INV-2026-1052,2026-04-15 17:45:19,prod-19,Waterproof Work Gloves (Pair),Apparel & Wearables,1,6.49,2.8,6.49,2.8,3.69,56.86
item-5109,sale-1052,INV-2026-1052,2026-04-15 17:45:19,prod-18,High-Visibility Safety Vest,Apparel & Wearables,1,11.99,5.2,11.99,5.2,6.79,56.63
item-5110,sale-1053,INV-2026-1053,2026-04-16 17:19:59,prod-13,Organic Extra Virgin Olive Oil 750ml,Packaged Groceries,1,14.99,7.5,14.99,7.5,7.49,49.97
item-5111,sale-1054,INV-2026-1054,2026-04-16 10:47:35,prod-17,100% Cotton Polo Shirt (Medium),Apparel & Wearables,1,19.99,9.0,19.99,9.0,10.99,54.98
item-5112,sale-1055,INV-2026-1055,2026-04-16 14:13:43,prod-25,Antibacterial Hand Sanitizer 500ml,Personal Care,1,3.99,1.8,3.99,1.8,2.19,54.89
item-5113,sale-1056,INV-2026-1056,2026-04-16 09:05:40,prod-14,Wholegrain Oats 1kg,Packaged Groceries,2,4.49,2.1,8.98,4.2,4.78,53.23
item-5114,sale-1057,INV-2026-1057,2026-04-16 11:40:16,prod-18,High-Visibility Safety Vest,Apparel & Wearables,1,11.99,5.2,11.99,5.2,6.79,56.63
item-5115,sale-1058,INV-2026-1058,2026-04-16 17:00:07,prod-15,Raw Honey Jar 500g,Packaged Groceries,1,9.99,4.8,9.99,4.8,5.19,51.95
item-5116,sale-1059,INV-2026-1059,2026-04-16 14:37:35,prod-22,Professional Precision Screwdriver Kit,Hardware & Tools,1,17.99,8.5,17.99,8.5,9.49,52.75
item-5117,sale-1059,INV-2026-1059,2026-04-16 14:37:35,prod-28,Electric Stainless Steel Kettle 1.7L,Home Appliances,1,27.99,14.0,27.99,14.0,13.99,49.98
item-5118,sale-1060,INV-2026-1060,2026-04-17 09:57:22,prod-09,Arabica Whole Bean Coffee 1kg,Beverages & Drinks,1,21.99,11.0,21.99,11.0,10.99,49.98
item-5119,sale-1060,INV-2026-1060,2026-04-17 09:57:22,prod-12,Natural Cold Pressed Citrus Juice 1L,Beverages & Drinks,4,4.99,2.2,19.96,8.8,11.16,55.91
item-5120,sale-1060,INV-2026-1060,2026-04-17 09:57:22,prod-02,Ergonomic Optical Wireless Mouse,Electronics & Gadgets,3,24.99,12.5,74.97,37.5,37.47,49.98
item-5121,sale-1061,INV-2026-1061,2026-04-17 17:56:55,prod-11,Sparkling Mineral Water 500ml (Pack 12),Beverages & Drinks,1,12.99,6.0,12.99,6.0,6.99,53.81
item-5122,sale-1061,INV-2026-1061,2026-04-17 17:56:55,prod-05,A4 Premium Copy Paper 500 Sheets,Office Supplies,1,6.99,3.2,6.99,3.2,3.79,54.22
item-5123,sale-1062,INV-2026-1062,2026-04-17 12:55:10,prod-22,Professional Precision Screwdriver Kit,Hardware & Tools,1,17.99,8.5,17.99,8.5,9.49,52.75
item-5124,sale-1062,INV-2026-1062,2026-04-17 12:55:10,prod-19,Waterproof Work Gloves (Pair),Apparel & Wearables,4,6.49,2.8,25.96,11.2,14.76,56.86
item-5125,sale-1063,INV-2026-1063,2026-04-17 14:50:59,prod-15,Raw Honey Jar 500g,Packaged Groceries,1,9.99,4.8,9.99,4.8,5.19,51.95
item-5126,sale-1063,INV-2026-1063,2026-04-17 14:50:59,prod-18,High-Visibility Safety Vest,Apparel & Wearables,1,11.99,5.2,11.99,5.2,6.79,56.63
item-5127,sale-1063,INV-2026-1063,2026-04-17 14:50:59,prod-12,Natural Cold Pressed Citrus Juice 1L,Beverages & Drinks,2,4.99,2.2,9.98,4.4,5.58,55.91
item-5128,sale-1064,INV-2026-1064,2026-04-17 10:24:55,prod-04,4K Ultra-HD Monitor 27-inch,Electronics & Gadgets,1,299.99,180.0,299.99,180.0,119.99,40.0
item-5129,sale-1065,INV-2026-1065,2026-04-17 16:22:19,prod-25,Antibacterial Hand Sanitizer 500ml,Personal Care,2,3.99,1.8,7.98,3.6,4.38,54.89
item-5130,sale-1066,INV-2026-1066,2026-04-17 12:25:21,prod-03,Mechanical RGB Gaming Keyboard,Electronics & Gadgets,1,74.99,38.0,74.99,38.0,36.99,49.33
item-5131,sale-1066,INV-2026-1066,2026-04-17 12:25:21,prod-14,Wholegrain Oats 1kg,Packaged Groceries,1,4.49,2.1,4.49,2.1,2.39,53.23
item-5132,sale-1067,INV-2026-1067,2026-04-17 17:25:43,prod-11,Sparkling Mineral Water 500ml (Pack 12),Beverages & Drinks,2,12.99,6.0,25.98,12.0,13.98,53.81
item-5133,sale-1067,INV-2026-1067,2026-04-17 17:25:43,prod-18,High-Visibility Safety Vest,Apparel & Wearables,1,11.99,5.2,11.99,5.2,6.79,56.63
item-5134,sale-1068,INV-2026-1068,2026-04-18 10:56:16,prod-25,Antibacterial Hand Sanitizer 500ml,Personal Care,1,3.99,1.8,3.99,1.8,2.19,54.89
item-5135,sale-1068,INV-2026-1068,2026-04-18 10:56:16,prod-19,Waterproof Work Gloves (Pair),Apparel & Wearables,1,6.49,2.8,6.49,2.8,3.69,56.86
item-5136,sale-1069,INV-2026-1069,2026-04-18 15:22:46,prod-01,Wireless Bluetooth Headset Pro,Electronics & Gadgets,4,89.99,45.0,359.96,180.0,179.96,49.99
item-5137,sale-1069,INV-2026-1069,2026-04-18 15:22:46,prod-17,100% Cotton Polo Shirt (Medium),Apparel & Wearables,1,19.99,9.0,19.99,9.0,10.99,54.98
item-5138,sale-1070,INV-2026-1070,2026-04-18 10:24:57,prod-19,Waterproof Work Gloves (Pair),Apparel & Wearables,1,6.49,2.8,6.49,2.8,3.69,56.86
item-5139,sale-1071,INV-2026-1071,2026-04-18 09:33:59,prod-27,Microfiber Facial Towels (Pack of 4),Personal Care,4,6.99,3.0,27.96,12.0,15.96,57.08
item-5140,sale-1071,INV-2026-1071,2026-04-18 09:33:59,prod-11,Sparkling Mineral Water 500ml (Pack 12),Beverages & Drinks,3,12.99,6.0,38.97,18.0,20.97,53.81
item-5141,sale-1072,INV-2026-1072,2026-04-18 10:42:58,prod-02,Ergonomic Optical Wireless Mouse,Electronics & Gadgets,1,24.99,12.5,24.99,12.5,12.49,49.98
item-5142,sale-1073,INV-2026-1073,2026-04-18 13:32:19,prod-03,Mechanical RGB Gaming Keyboard,Electronics & Gadgets,2,74.99,38.0,149.98,76.0,73.98,49.33
item-5143,sale-1074,INV-2026-1074,2026-04-18 17:08:12,prod-09,Arabica Whole Bean Coffee 1kg,Beverages & Drinks,3,21.99,11.0,65.97,33.0,32.97,49.98
item-5144,sale-1075,INV-2026-1075,2026-04-18 13:25:35,prod-25,Antibacterial Hand Sanitizer 500ml,Personal Care,1,3.99,1.8,3.99,1.8,2.19,54.89
item-5145,sale-1076,INV-2026-1076,2026-04-18 18:38:41,prod-21,20V Cordless Power Drill Set,Hardware & Tools,2,109.99,55.0,219.98,110.0,109.98,50.0
item-5146,sale-1077,INV-2026-1077,2026-04-18 17:30:50,prod-22,Professional Precision Screwdriver Kit,Hardware & Tools,1,17.99,8.5,17.99,8.5,9.49,52.75
item-5147,sale-1077,INV-2026-1077,2026-04-18 17:30:50,prod-25,Antibacterial Hand Sanitizer 500ml,Personal Care,2,3.99,1.8,7.98,3.6,4.38,54.89
item-5148,sale-1077,INV-2026-1077,2026-04-18 17:30:50,prod-09,Arabica Whole Bean Coffee 1kg,Beverages & Drinks,2,21.99,11.0,43.98,22.0,21.98,49.98
item-5149,sale-1078,INV-2026-1078,2026-04-18 13:32:42,prod-12,Natural Cold Pressed Citrus Juice 1L,Beverages & Drinks,3,4.99,2.2,14.97,6.6,8.37,55.91
item-5150,sale-1078,INV-2026-1078,2026-04-18 13:32:42,prod-11,Sparkling Mineral Water 500ml (Pack 12),Beverages & Drinks,1,12.99,6.0,12.99,6.0,6.99,53.81
item-5151,sale-1078,INV-2026-1078,2026-04-18 13:32:42,prod-24,Heavy-Duty Steel Measuring Tape 8m,Hardware & Tools,2,7.99,3.5,15.98,7.0,8.98,56.2
item-5152,sale-1078,INV-2026-1078,2026-04-18 13:32:42,prod-10,Organic Green Tea (Box of 50 Bags),Beverages & Drinks,2,7.99,3.8,15.98,7.6,8.38,52.44
item-5153,sale-1078,INV-2026-1078,2026-04-18 13:32:42,prod-27,Microfiber Facial Towels (Pack of 4),Personal Care,1,6.99,3.0,6.99,3.0,3.99,57.08
item-5154,sale-1079,INV-2026-1079,2026-04-18 12:43:19,prod-14,Wholegrain Oats 1kg,Packaged Groceries,1,4.49,2.1,4.49,2.1,2.39,53.23
item-5155,sale-1079,INV-2026-1079,2026-04-18 12:43:19,prod-25,Antibacterial Hand Sanitizer 500ml,Personal Care,1,3.99,1.8,3.99,1.8,2.19,54.89
item-5156,sale-1079,INV-2026-1079,2026-04-18 12:43:19,prod-09,Arabica Whole Bean Coffee 1kg,Beverages & Drinks,3,21.99,11.0,65.97,33.0,32.97,49.98
item-5157,sale-1079,INV-2026-1079,2026-04-18 12:43:19,prod-26,Gentle Moisturizing Hand Soap 1L,Personal Care,1,5.49,2.5,5.49,2.5,2.99,54.46
item-5158,sale-1080,INV-2026-1080,2026-04-18 12:30:39,prod-27,Microfiber Facial Towels (Pack of 4),Personal Care,4,6.99,3.0,27.96,12.0,15.96,57.08
item-5159,sale-1081,INV-2026-1081,2026-04-18 19:36:12,prod-18,High-Visibility Safety Vest,Apparel & Wearables,1,11.99,5.2,11.99,5.2,6.79,56.63
item-5160,sale-1081,INV-2026-1081,2026-04-18 19:36:12,prod-12,Natural Cold Pressed Citrus Juice 1L,Beverages & Drinks,1,4.99,2.2,4.99,2.2,2.79,55.91
item-5161,sale-1082,INV-2026-1082,2026-04-19 11:41:44,prod-24,Heavy-Duty Steel Measuring Tape 8m,Hardware & Tools,2,7.99,3.5,15.98,7.0,8.98,56.2
item-5162,sale-1082,INV-2026-1082,2026-04-19 11:41:44,prod-25,Antibacterial Hand Sanitizer 500ml,Personal Care,1,3.99,1.8,3.99,1.8,2.19,54.89
item-5163,sale-1083,INV-2026-1083,2026-04-19 12:11:51,prod-02,Ergonomic Optical Wireless Mouse,Electronics & Gadgets,1,24.99,12.5,24.99,12.5,12.49,49.98
item-5164,sale-1083,INV-2026-1083,2026-04-19 12:11:51,prod-15,Raw Honey Jar 500g,Packaged Groceries,3,9.99,4.8,29.97,14.4,15.57,51.95
item-5165,sale-1084,INV-2026-1084,2026-04-19 12:58:54,prod-05,A4 Premium Copy Paper 500 Sheets,Office Supplies,1,6.99,3.2,6.99,3.2,3.79,54.22
item-5166,sale-1085,INV-2026-1085,2026-04-19 17:38:20,prod-18,High-Visibility Safety Vest,Apparel & Wearables,1,11.99,5.2,11.99,5.2,6.79,56.63
item-5167,sale-1085,INV-2026-1085,2026-04-19 17:38:20,prod-03,Mechanical RGB Gaming Keyboard,Electronics & Gadgets,3,74.99,38.0,224.97,114.0,110.97,49.33
item-5168,sale-1085,INV-2026-1085,2026-04-19 17:38:20,prod-22,Professional Precision Screwdriver Kit,Hardware & Tools,2,17.99,8.5,35.98,17.0,18.98,52.75
item-5169,sale-1086,INV-2026-1086,2026-04-19 17:27:53,prod-03,Mechanical RGB Gaming Keyboard,Electronics & Gadgets,6,74.99,38.0,449.94,228.0,221.94,49.33
item-5170,sale-1087,INV-2026-1087,2026-04-20 16:28:16,prod-27,Microfiber Facial Towels (Pack of 4),Personal Care,1,6.99,3.0,6.99,3.0,3.99,57.08
item-5171,sale-1087,INV-2026-1087,2026-04-20 16:28:16,prod-29,HEPA Air Purifier Desktop Size,Home Appliances,1,84.99,42.0,84.99,42.0,42.99,50.58
item-5172,sale-1087,INV-2026-1087,2026-04-20 16:28:16,prod-24,Heavy-Duty Steel Measuring Tape 8m,Hardware & Tools,2,7.99,3.5,15.98,7.0,8.98,56.2
item-5173,sale-1088,INV-2026-1088,2026-04-20 17:31:40,prod-12,Natural Cold Pressed Citrus Juice 1L,Beverages & Drinks,1,4.99,2.2,4.99,2.2,2.79,55.91
item-5174,sale-1088,INV-2026-1088,2026-04-20 17:31:40,prod-26,Gentle Moisturizing Hand Soap 1L,Personal Care,1,5.49,2.5,5.49,2.5,2.99,54.46
item-5175,sale-1089,INV-2026-1089,2026-04-20 12:17:21,prod-13,Organic Extra Virgin Olive Oil 750ml,Packaged Groceries,1,14.99,7.5,14.99,7.5,7.49,49.97
item-5176,sale-1090,INV-2026-1090,2026-04-20 12:24:44,prod-05,A4 Premium Copy Paper 500 Sheets,Office Supplies,2,6.99,3.2,13.98,6.4,7.58,54.22
item-5177,sale-1091,INV-2026-1091,2026-04-21 14:34:29,prod-17,100% Cotton Polo Shirt (Medium),Apparel & Wearables,1,19.99,9.0,19.99,9.0,10.99,54.98
item-5178,sale-1091,INV-2026-1091,2026-04-21 14:34:29,prod-28,Electric Stainless Steel Kettle 1.7L,Home Appliances,3,27.99,14.0,83.97,42.0,41.97,49.98
item-5179,sale-1091,INV-2026-1091,2026-04-21 14:34:29,prod-11,Sparkling Mineral Water 500ml (Pack 12),Beverages & Drinks,1,12.99,6.0,12.99,6.0,6.99,53.81
item-5180,sale-1092,INV-2026-1092,2026-04-21 18:44:01,prod-01,Wireless Bluetooth Headset Pro,Electronics & Gadgets,1,89.99,45.0,89.99,45.0,44.99,49.99
item-5181,sale-1092,INV-2026-1092,2026-04-21 18:44:01,prod-28,Electric Stainless Steel Kettle 1.7L,Home Appliances,1,27.99,14.0,27.99,14.0,13.99,49.98
item-5182,sale-1092,INV-2026-1092,2026-04-21 18:44:01,prod-26,Gentle Moisturizing Hand Soap 1L,Personal Care,4,5.49,2.5,21.96,10.0,11.96,54.46
item-5183,sale-1092,INV-2026-1092,2026-04-21 18:44:01,prod-15,Raw Honey Jar 500g,Packaged Groceries,1,9.99,4.8,9.99,4.8,5.19,51.95
item-5184,sale-1092,INV-2026-1092,2026-04-21 18:44:01,prod-30,Compact Digital Microwave Oven 20L,Home Appliances,2,114.99,58.0,229.98,116.0,113.98,49.56
item-5185,sale-1093,INV-2026-1093,2026-04-21 09:22:19,prod-13,Organic Extra Virgin Olive Oil 750ml,Packaged Groceries,1,14.99,7.5,14.99,7.5,7.49,49.97
item-5186,sale-1093,INV-2026-1093,2026-04-21 09:22:19,prod-18,High-Visibility Safety Vest,Apparel & Wearables,3,11.99,5.2,35.97,15.6,20.37,56.63
item-5187,sale-1094,INV-2026-1094,2026-04-21 17:51:38,prod-09,Arabica Whole Bean Coffee 1kg,Beverages & Drinks,4,21.99,11.0,87.96,44.0,43.96,49.98
item-5188,sale-1095,INV-2026-1095,2026-04-22 16:01:24,prod-09,Arabica Whole Bean Coffee 1kg,Beverages & Drinks,1,21.99,11.0,21.99,11.0,10.99,49.98
item-5189,sale-1095,INV-2026-1095,2026-04-22 16:01:24,prod-06,Gel Ink Rollerball Pens (Box of 12),Office Supplies,1,9.99,4.5,9.99,4.5,5.49,54.95
item-5190,sale-1096,INV-2026-1096,2026-04-22 16:58:08,prod-02,Ergonomic Optical Wireless Mouse,Electronics & Gadgets,6,24.99,12.5,149.94,75.0,74.94,49.98
item-5191,sale-1096,INV-2026-1096,2026-04-22 16:58:08,prod-28,Electric Stainless Steel Kettle 1.7L,Home Appliances,2,27.99,14.0,55.98,28.0,27.98,49.98
item-5192,sale-1097,INV-2026-1097,2026-04-22 18:36:42,prod-09,Arabica Whole Bean Coffee 1kg,Beverages & Drinks,2,21.99,11.0,43.98,22.0,21.98,49.98
item-5193,sale-1097,INV-2026-1097,2026-04-22 18:36:42,prod-25,Antibacterial Hand Sanitizer 500ml,Personal Care,1,3.99,1.8,3.99,1.8,2.19,54.89
item-5194,sale-1098,INV-2026-1098,2026-04-22 16:11:03,prod-25,Antibacterial Hand Sanitizer 500ml,Personal Care,1,3.99,1.8,3.99,1.8,2.19,54.89
item-5195,sale-1098,INV-2026-1098,2026-04-22 16:11:03,prod-27,Microfiber Facial Towels (Pack of 4),Personal Care,4,6.99,3.0,27.96,12.0,15.96,57.08
item-5196,sale-1098,INV-2026-1098,2026-04-22 16:11:03,prod-22,Professional Precision Screwdriver Kit,Hardware & Tools,3,17.99,8.5,53.97,25.5,28.47,52.75
item-5197,sale-1098,INV-2026-1098,2026-04-22 16:11:03,prod-18,High-Visibility Safety Vest,Apparel & Wearables,1,11.99,5.2,11.99,5.2,6.79,56.63
item-5198,sale-1099,INV-2026-1099,2026-04-22 14:48:56,prod-11,Sparkling Mineral Water 500ml (Pack 12),Beverages & Drinks,2,12.99,6.0,25.98,12.0,13.98,53.81
item-5199,sale-1100,INV-2026-1100,2026-04-22 10:30:01,prod-05,A4 Premium Copy Paper 500 Sheets,Office Supplies,3,6.99,3.2,20.97,9.6,11.37,54.22
item-5200,sale-1100,INV-2026-1100,2026-04-22 10:30:01,prod-17,100% Cotton Polo Shirt (Medium),Apparel & Wearables,1,19.99,9.0,19.99,9.0,10.99,54.98
item-5201,sale-1100,INV-2026-1100,2026-04-22 10:30:01,prod-11,Sparkling Mineral Water 500ml (Pack 12),Beverages & Drinks,1,12.99,6.0,12.99,6.0,6.99,53.81
item-5202,sale-1100,INV-2026-1100,2026-04-22 10:30:01,prod-28,Electric Stainless Steel Kettle 1.7L,Home Appliances,1,27.99,14.0,27.99,14.0,13.99,49.98
item-5203,sale-1100,INV-2026-1100,2026-04-22 10:30:01,prod-25,Antibacterial Hand Sanitizer 500ml,Personal Care,1,3.99,1.8,3.99,1.8,2.19,54.89
item-5204,sale-1101,INV-2026-1101,2026-04-22 10:49:41,prod-25,Antibacterial Hand Sanitizer 500ml,Personal Care,2,3.99,1.8,7.98,3.6,4.38,54.89
item-5205,sale-1101,INV-2026-1101,2026-04-22 10:49:41,prod-30,Compact Digital Microwave Oven 20L,Home Appliances,4,114.99,58.0,459.96,232.0,227.96,49.56
item-5206,sale-1101,INV-2026-1101,2026-04-22 10:49:41,prod-14,Wholegrain Oats 1kg,Packaged Groceries,3,4.49,2.1,13.47,6.3,7.17,53.23
item-5207,sale-1102,INV-2026-1102,2026-04-23 09:39:09,prod-13,Organic Extra Virgin Olive Oil 750ml,Packaged Groceries,1,14.99,7.5,14.99,7.5,7.49,49.97
item-5208,sale-1103,INV-2026-1103,2026-04-23 12:29:44,prod-17,100% Cotton Polo Shirt (Medium),Apparel & Wearables,1,19.99,9.0,19.99,9.0,10.99,54.98
item-5209,sale-1103,INV-2026-1103,2026-04-23 12:29:44,prod-06,Gel Ink Rollerball Pens (Box of 12),Office Supplies,1,9.99,4.5,9.99,4.5,5.49,54.95
item-5210,sale-1103,INV-2026-1103,2026-04-23 12:29:44,prod-19,Waterproof Work Gloves (Pair),Apparel & Wearables,2,6.49,2.8,12.98,5.6,7.38,56.86
item-5211,sale-1103,INV-2026-1103,2026-04-23 12:29:44,prod-18,High-Visibility Safety Vest,Apparel & Wearables,1,11.99,5.2,11.99,5.2,6.79,56.63
item-5212,sale-1104,INV-2026-1104,2026-04-23 10:49:52,prod-14,Wholegrain Oats 1kg,Packaged Groceries,1,4.49,2.1,4.49,2.1,2.39,53.23
item-5213,sale-1104,INV-2026-1104,2026-04-23 10:49:52,prod-25,Antibacterial Hand Sanitizer 500ml,Personal Care,3,3.99,1.8,11.97,5.4,6.57,54.89
item-5214,sale-1104,INV-2026-1104,2026-04-23 10:49:52,prod-15,Raw Honey Jar 500g,Packaged Groceries,1,9.99,4.8,9.99,4.8,5.19,51.95
item-5215,sale-1105,INV-2026-1105,2026-04-23 13:36:43,prod-01,Wireless Bluetooth Headset Pro,Electronics & Gadgets,2,89.99,45.0,179.98,90.0,89.98,49.99
item-5216,sale-1106,INV-2026-1106,2026-04-23 12:04:37,prod-21,20V Cordless Power Drill Set,Hardware & Tools,1,109.99,55.0,109.99,55.0,54.99,50.0
item-5217,sale-1106,INV-2026-1106,2026-04-23 12:04:37,prod-06,Gel Ink Rollerball Pens (Box of 12),Office Supplies,1,9.99,4.5,9.99,4.5,5.49,54.95
item-5218,sale-1107,INV-2026-1107,2026-04-23 13:54:43,prod-17,100% Cotton Polo Shirt (Medium),Apparel & Wearables,1,19.99,9.0,19.99,9.0,10.99,54.98
item-5219,sale-1108,INV-2026-1108,2026-04-23 14:34:27,prod-26,Gentle Moisturizing Hand Soap 1L,Personal Care,1,5.49,2.5,5.49,2.5,2.99,54.46
item-5220,sale-1108,INV-2026-1108,2026-04-23 14:34:27,prod-10,Organic Green Tea (Box of 50 Bags),Beverages & Drinks,2,7.99,3.8,15.98,7.6,8.38,52.44
item-5221,sale-1109,INV-2026-1109,2026-04-23 09:54:26,prod-18,High-Visibility Safety Vest,Apparel & Wearables,3,11.99,5.2,35.97,15.6,20.37,56.63
item-5222,sale-1110,INV-2026-1110,2026-04-23 19:57:53,prod-05,A4 Premium Copy Paper 500 Sheets,Office Supplies,1,6.99,3.2,6.99,3.2,3.79,54.22
item-5223,sale-1110,INV-2026-1110,2026-04-23 19:57:53,prod-27,Microfiber Facial Towels (Pack of 4),Personal Care,6,6.99,3.0,41.94,18.0,23.94,57.08
item-5224,sale-1110,INV-2026-1110,2026-04-23 19:57:53,prod-14,Wholegrain Oats 1kg,Packaged Groceries,1,4.49,2.1,4.49,2.1,2.39,53.23
item-5225,sale-1110,INV-2026-1110,2026-04-23 19:57:53,prod-07,Heavy-Duty Desktop Stapler,Office Supplies,1,14.49,7.0,14.49,7.0,7.49,51.69
item-5226,sale-1111,INV-2026-1111,2026-04-24 17:41:17,prod-05,A4 Premium Copy Paper 500 Sheets,Office Supplies,1,6.99,3.2,6.99,3.2,3.79,54.22
item-5227,sale-1112,INV-2026-1112,2026-04-24 16:27:52,prod-05,A4 Premium Copy Paper 500 Sheets,Office Supplies,2,6.99,3.2,13.98,6.4,7.58,54.22
item-5228,sale-1113,INV-2026-1113,2026-04-24 10:17:56,prod-10,Organic Green Tea (Box of 50 Bags),Beverages & Drinks,3,7.99,3.8,23.97,11.4,12.57,52.44
item-5229,sale-1114,INV-2026-1114,2026-04-24 19:24:21,prod-19,Waterproof Work Gloves (Pair),Apparel & Wearables,1,6.49,2.8,6.49,2.8,3.69,56.86
item-5230,sale-1114,INV-2026-1114,2026-04-24 19:24:21,prod-05,A4 Premium Copy Paper 500 Sheets,Office Supplies,1,6.99,3.2,6.99,3.2,3.79,54.22
item-5231,sale-1115,INV-2026-1115,2026-04-24 12:22:51,prod-09,Arabica Whole Bean Coffee 1kg,Beverages & Drinks,1,21.99,11.0,21.99,11.0,10.99,49.98
item-5232,sale-1116,INV-2026-1116,2026-04-24 13:35:00,prod-05,A4 Premium Copy Paper 500 Sheets,Office Supplies,1,6.99,3.2,6.99,3.2,3.79,54.22
item-5233,sale-1117,INV-2026-1117,2026-04-24 15:31:35,prod-10,Organic Green Tea (Box of 50 Bags),Beverages & Drinks,1,7.99,3.8,7.99,3.8,4.19,52.44
item-5234,sale-1118,INV-2026-1118,2026-04-25 16:28:50,prod-01,Wireless Bluetooth Headset Pro,Electronics & Gadgets,2,89.99,45.0,179.98,90.0,89.98,49.99
item-5235,sale-1118,INV-2026-1118,2026-04-25 16:28:50,prod-25,Antibacterial Hand Sanitizer 500ml,Personal Care,1,3.99,1.8,3.99,1.8,2.19,54.89
item-5236,sale-1119,INV-2026-1119,2026-04-25 12:19:42,prod-26,Gentle Moisturizing Hand Soap 1L,Personal Care,2,5.49,2.5,10.98,5.0,5.98,54.46
item-5237,sale-1119,INV-2026-1119,2026-04-25 12:19:42,prod-02,Ergonomic Optical Wireless Mouse,Electronics & Gadgets,2,24.99,12.5,49.98,25.0,24.98,49.98
item-5238,sale-1119,INV-2026-1119,2026-04-25 12:19:42,prod-09,Arabica Whole Bean Coffee 1kg,Beverages & Drinks,1,21.99,11.0,21.99,11.0,10.99,49.98
item-5239,sale-1120,INV-2026-1120,2026-04-25 15:47:35,prod-10,Organic Green Tea (Box of 50 Bags),Beverages & Drinks,1,7.99,3.8,7.99,3.8,4.19,52.44
item-5240,sale-1121,INV-2026-1121,2026-04-25 13:14:07,prod-10,Organic Green Tea (Box of 50 Bags),Beverages & Drinks,2,7.99,3.8,15.98,7.6,8.38,52.44
item-5241,sale-1121,INV-2026-1121,2026-04-25 13:14:07,prod-13,Organic Extra Virgin Olive Oil 750ml,Packaged Groceries,1,14.99,7.5,14.99,7.5,7.49,49.97
item-5242,sale-1122,INV-2026-1122,2026-04-25 11:12:13,prod-22,Professional Precision Screwdriver Kit,Hardware & Tools,3,17.99,8.5,53.97,25.5,28.47,52.75
item-5243,sale-1123,INV-2026-1123,2026-04-25 17:38:18,prod-15,Raw Honey Jar 500g,Packaged Groceries,1,9.99,4.8,9.99,4.8,5.19,51.95
item-5244,sale-1123,INV-2026-1123,2026-04-25 17:38:18,prod-04,4K Ultra-HD Monitor 27-inch,Electronics & Gadgets,1,299.99,180.0,299.99,180.0,119.99,40.0
item-5245,sale-1124,INV-2026-1124,2026-04-25 11:19:00,prod-08,Adjustable Mesh Executive Chair,Office Supplies,1,189.99,95.0,189.99,95.0,94.99,50.0
item-5246,sale-1125,INV-2026-1125,2026-04-25 09:35:18,prod-09,Arabica Whole Bean Coffee 1kg,Beverages & Drinks,1,21.99,11.0,21.99,11.0,10.99,49.98
item-5247,sale-1126,INV-2026-1126,2026-04-25 09:36:18,prod-05,A4 Premium Copy Paper 500 Sheets,Office Supplies,3,6.99,3.2,20.97,9.6,11.37,54.22
item-5248,sale-1127,INV-2026-1127,2026-04-25 09:16:55,prod-20,Breathable Fleece Jacket (Large),Apparel & Wearables,1,44.99,22.0,44.99,22.0,22.99,51.1
item-5249,sale-1127,INV-2026-1127,2026-04-25 09:16:55,prod-25,Antibacterial Hand Sanitizer 500ml,Personal Care,1,3.99,1.8,3.99,1.8,2.19,54.89
item-5250,sale-1128,INV-2026-1128,2026-04-25 10:36:40,prod-17,100% Cotton Polo Shirt (Medium),Apparel & Wearables,1,19.99,9.0,19.99,9.0,10.99,54.98
item-5251,sale-1128,INV-2026-1128,2026-04-25 10:36:40,prod-23,Digital Laser Distance Meter 50m,Hardware & Tools,1,36.99,18.0,36.99,18.0,18.99,51.34
item-5252,sale-1129,INV-2026-1129,2026-04-25 13:05:15,prod-10,Organic Green Tea (Box of 50 Bags),Beverages & Drinks,2,7.99,3.8,15.98,7.6,8.38,52.44
item-5253,sale-1130,INV-2026-1130,2026-04-25 18:14:49,prod-10,Organic Green Tea (Box of 50 Bags),Beverages & Drinks,2,7.99,3.8,15.98,7.6,8.38,52.44
item-5254,sale-1130,INV-2026-1130,2026-04-25 18:14:49,prod-29,HEPA Air Purifier Desktop Size,Home Appliances,1,84.99,42.0,84.99,42.0,42.99,50.58
item-5255,sale-1131,INV-2026-1131,2026-04-26 18:27:19,prod-09,Arabica Whole Bean Coffee 1kg,Beverages & Drinks,1,21.99,11.0,21.99,11.0,10.99,49.98
item-5256,sale-1132,INV-2026-1132,2026-04-26 10:48:13,prod-02,Ergonomic Optical Wireless Mouse,Electronics & Gadgets,1,24.99,12.5,24.99,12.5,12.49,49.98
item-5257,sale-1132,INV-2026-1132,2026-04-26 10:48:13,prod-15,Raw Honey Jar 500g,Packaged Groceries,1,9.99,4.8,9.99,4.8,5.19,51.95
item-5258,sale-1132,INV-2026-1132,2026-04-26 10:48:13,prod-11,Sparkling Mineral Water 500ml (Pack 12),Beverages & Drinks,4,12.99,6.0,51.96,24.0,27.96,53.81
item-5259,sale-1132,INV-2026-1132,2026-04-26 10:48:13,prod-29,HEPA Air Purifier Desktop Size,Home Appliances,3,84.99,42.0,254.97,126.0,128.97,50.58
item-5260,sale-1133,INV-2026-1133,2026-04-26 11:35:04,prod-07,Heavy-Duty Desktop Stapler,Office Supplies,4,14.49,7.0,57.96,28.0,29.96,51.69
item-5261,sale-1133,INV-2026-1133,2026-04-26 11:35:04,prod-05,A4 Premium Copy Paper 500 Sheets,Office Supplies,1,6.99,3.2,6.99,3.2,3.79,54.22
item-5262,sale-1133,INV-2026-1133,2026-04-26 11:35:04,prod-19,Waterproof Work Gloves (Pair),Apparel & Wearables,1,6.49,2.8,6.49,2.8,3.69,56.86
item-5263,sale-1134,INV-2026-1134,2026-04-26 16:18:02,prod-24,Heavy-Duty Steel Measuring Tape 8m,Hardware & Tools,1,7.99,3.5,7.99,3.5,4.49,56.2
item-5264,sale-1135,INV-2026-1135,2026-04-26 16:04:43,prod-12,Natural Cold Pressed Citrus Juice 1L,Beverages & Drinks,1,4.99,2.2,4.99,2.2,2.79,55.91
item-5265,sale-1136,INV-2026-1136,2026-04-26 12:27:07,prod-04,4K Ultra-HD Monitor 27-inch,Electronics & Gadgets,2,299.99,180.0,599.98,360.0,239.98,40.0
item-5266,sale-1137,INV-2026-1137,2026-04-26 11:04:03,prod-17,100% Cotton Polo Shirt (Medium),Apparel & Wearables,1,19.99,9.0,19.99,9.0,10.99,54.98
item-5267,sale-1138,INV-2026-1138,2026-04-27 18:58:18,prod-15,Raw Honey Jar 500g,Packaged Groceries,1,9.99,4.8,9.99,4.8,5.19,51.95
item-5268,sale-1138,INV-2026-1138,2026-04-27 18:58:18,prod-02,Ergonomic Optical Wireless Mouse,Electronics & Gadgets,1,24.99,12.5,24.99,12.5,12.49,49.98
item-5269,sale-1139,INV-2026-1139,2026-04-27 13:32:34,prod-29,HEPA Air Purifier Desktop Size,Home Appliances,1,84.99,42.0,84.99,42.0,42.99,50.58
item-5270,sale-1140,INV-2026-1140,2026-04-27 15:47:20,prod-07,Heavy-Duty Desktop Stapler,Office Supplies,1,14.49,7.0,14.49,7.0,7.49,51.69
item-5271,sale-1140,INV-2026-1140,2026-04-27 15:47:20,prod-20,Breathable Fleece Jacket (Large),Apparel & Wearables,1,44.99,22.0,44.99,22.0,22.99,51.1
item-5272,sale-1140,INV-2026-1140,2026-04-27 15:47:20,prod-24,Heavy-Duty Steel Measuring Tape 8m,Hardware & Tools,1,7.99,3.5,7.99,3.5,4.49,56.2
item-5273,sale-1141,INV-2026-1141,2026-04-27 19:53:55,prod-27,Microfiber Facial Towels (Pack of 4),Personal Care,3,6.99,3.0,20.97,9.0,11.97,57.08
item-5274,sale-1142,INV-2026-1142,2026-04-27 11:30:33,prod-05,A4 Premium Copy Paper 500 Sheets,Office Supplies,2,6.99,3.2,13.98,6.4,7.58,54.22
item-5275,sale-1142,INV-2026-1142,2026-04-27 11:30:33,prod-22,Professional Precision Screwdriver Kit,Hardware & Tools,1,17.99,8.5,17.99,8.5,9.49,52.75
item-5276,sale-1142,INV-2026-1142,2026-04-27 11:30:33,prod-27,Microfiber Facial Towels (Pack of 4),Personal Care,3,6.99,3.0,20.97,9.0,11.97,57.08
item-5277,sale-1142,INV-2026-1142,2026-04-27 11:30:33,prod-06,Gel Ink Rollerball Pens (Box of 12),Office Supplies,1,9.99,4.5,9.99,4.5,5.49,54.95
item-5278,sale-1142,INV-2026-1142,2026-04-27 11:30:33,prod-02,Ergonomic Optical Wireless Mouse,Electronics & Gadgets,2,24.99,12.5,49.98,25.0,24.98,49.98
item-5279,sale-1143,INV-2026-1143,2026-04-27 15:40:52,prod-05,A4 Premium Copy Paper 500 Sheets,Office Supplies,1,6.99,3.2,6.99,3.2,3.79,54.22
item-5280,sale-1144,INV-2026-1144,2026-04-28 14:20:42,prod-10,Organic Green Tea (Box of 50 Bags),Beverages & Drinks,1,7.99,3.8,7.99,3.8,4.19,52.44
item-5281,sale-1144,INV-2026-1144,2026-04-28 14:20:42,prod-26,Gentle Moisturizing Hand Soap 1L,Personal Care,2,5.49,2.5,10.98,5.0,5.98,54.46
item-5282,sale-1145,INV-2026-1145,2026-04-28 16:18:42,prod-11,Sparkling Mineral Water 500ml (Pack 12),Beverages & Drinks,1,12.99,6.0,12.99,6.0,6.99,53.81
item-5283,sale-1145,INV-2026-1145,2026-04-28 16:18:42,prod-13,Organic Extra Virgin Olive Oil 750ml,Packaged Groceries,2,14.99,7.5,29.98,15.0,14.98,49.97
item-5284,sale-1146,INV-2026-1146,2026-04-28 10:20:16,prod-07,Heavy-Duty Desktop Stapler,Office Supplies,1,14.49,7.0,14.49,7.0,7.49,51.69
item-5285,sale-1146,INV-2026-1146,2026-04-28 10:20:16,prod-26,Gentle Moisturizing Hand Soap 1L,Personal Care,1,5.49,2.5,5.49,2.5,2.99,54.46
item-5286,sale-1147,INV-2026-1147,2026-04-28 09:42:55,prod-18,High-Visibility Safety Vest,Apparel & Wearables,1,11.99,5.2,11.99,5.2,6.79,56.63
item-5287,sale-1147,INV-2026-1147,2026-04-28 09:42:55,prod-04,4K Ultra-HD Monitor 27-inch,Electronics & Gadgets,2,299.99,180.0,599.98,360.0,239.98,40.0
item-5288,sale-1147,INV-2026-1147,2026-04-28 09:42:55,prod-27,Microfiber Facial Towels (Pack of 4),Personal Care,2,6.99,3.0,13.98,6.0,7.98,57.08
item-5289,sale-1147,INV-2026-1147,2026-04-28 09:42:55,prod-09,Arabica Whole Bean Coffee 1kg,Beverages & Drinks,1,21.99,11.0,21.99,11.0,10.99,49.98
item-5290,sale-1148,INV-2026-1148,2026-04-28 14:39:48,prod-25,Antibacterial Hand Sanitizer 500ml,Personal Care,2,3.99,1.8,7.98,3.6,4.38,54.89
item-5291,sale-1148,INV-2026-1148,2026-04-28 14:39:48,prod-05,A4 Premium Copy Paper 500 Sheets,Office Supplies,1,6.99,3.2,6.99,3.2,3.79,54.22
item-5292,sale-1148,INV-2026-1148,2026-04-28 14:39:48,prod-09,Arabica Whole Bean Coffee 1kg,Beverages & Drinks,1,21.99,11.0,21.99,11.0,10.99,49.98
item-5293,sale-1148,INV-2026-1148,2026-04-28 14:39:48,prod-07,Heavy-Duty Desktop Stapler,Office Supplies,2,14.49,7.0,28.98,14.0,14.98,51.69
item-5294,sale-1149,INV-2026-1149,2026-04-28 17:08:59,prod-10,Organic Green Tea (Box of 50 Bags),Beverages & Drinks,3,7.99,3.8,23.97,11.4,12.57,52.44
item-5295,sale-1149,INV-2026-1149,2026-04-28 17:08:59,prod-25,Antibacterial Hand Sanitizer 500ml,Personal Care,1,3.99,1.8,3.99,1.8,2.19,54.89
item-5296,sale-1149,INV-2026-1149,2026-04-28 17:08:59,prod-04,4K Ultra-HD Monitor 27-inch,Electronics & Gadgets,1,299.99,180.0,299.99,180.0,119.99,40.0
item-5297,sale-1150,INV-2026-1150,2026-04-28 19:38:51,prod-05,A4 Premium Copy Paper 500 Sheets,Office Supplies,2,6.99,3.2,13.98,6.4,7.58,54.22
item-5298,sale-1150,INV-2026-1150,2026-04-28 19:38:51,prod-06,Gel Ink Rollerball Pens (Box of 12),Office Supplies,2,9.99,4.5,19.98,9.0,10.98,54.95
item-5299,sale-1150,INV-2026-1150,2026-04-28 19:38:51,prod-22,Professional Precision Screwdriver Kit,Hardware & Tools,2,17.99,8.5,35.98,17.0,18.98,52.75
item-5300,sale-1151,INV-2026-1151,2026-04-28 17:26:05,prod-07,Heavy-Duty Desktop Stapler,Office Supplies,1,14.49,7.0,14.49,7.0,7.49,51.69
item-5301,sale-1151,INV-2026-1151,2026-04-28 17:26:05,prod-10,Organic Green Tea (Box of 50 Bags),Beverages & Drinks,3,7.99,3.8,23.97,11.4,12.57,52.44
item-5302,sale-1152,INV-2026-1152,2026-04-29 10:41:53,prod-11,Sparkling Mineral Water 500ml (Pack 12),Beverages & Drinks,4,12.99,6.0,51.96,24.0,27.96,53.81
item-5303,sale-1152,INV-2026-1152,2026-04-29 10:41:53,prod-13,Organic Extra Virgin Olive Oil 750ml,Packaged Groceries,1,14.99,7.5,14.99,7.5,7.49,49.97
item-5304,sale-1153,INV-2026-1153,2026-04-29 13:26:53,prod-14,Wholegrain Oats 1kg,Packaged Groceries,1,4.49,2.1,4.49,2.1,2.39,53.23
item-5305,sale-1153,INV-2026-1153,2026-04-29 13:26:53,prod-18,High-Visibility Safety Vest,Apparel & Wearables,3,11.99,5.2,35.97,15.6,20.37,56.63
item-5306,sale-1154,INV-2026-1154,2026-04-29 11:24:12,prod-16,Assorted Roasted Almonds 250g,Packaged Groceries,1,7.49,3.5,7.49,3.5,3.99,53.27
item-5307,sale-1154,INV-2026-1154,2026-04-29 11:24:12,prod-21,20V Cordless Power Drill Set,Hardware & Tools,2,109.99,55.0,219.98,110.0,109.98,50.0
item-5308,sale-1154,INV-2026-1154,2026-04-29 11:24:12,prod-26,Gentle Moisturizing Hand Soap 1L,Personal Care,1,5.49,2.5,5.49,2.5,2.99,54.46
item-5309,sale-1154,INV-2026-1154,2026-04-29 11:24:12,prod-05,A4 Premium Copy Paper 500 Sheets,Office Supplies,2,6.99,3.2,13.98,6.4,7.58,54.22
item-5310,sale-1155,INV-2026-1155,2026-04-29 13:49:50,prod-27,Microfiber Facial Towels (Pack of 4),Personal Care,3,6.99,3.0,20.97,9.0,11.97,57.08
item-5311,sale-1155,INV-2026-1155,2026-04-29 13:49:50,prod-13,Organic Extra Virgin Olive Oil 750ml,Packaged Groceries,1,14.99,7.5,14.99,7.5,7.49,49.97
item-5312,sale-1155,INV-2026-1155,2026-04-29 13:49:50,prod-04,4K Ultra-HD Monitor 27-inch,Electronics & Gadgets,4,299.99,180.0,1199.96,720.0,479.96,40.0
item-5313,sale-1155,INV-2026-1155,2026-04-29 13:49:50,prod-29,HEPA Air Purifier Desktop Size,Home Appliances,3,84.99,42.0,254.97,126.0,128.97,50.58
item-5314,sale-1156,INV-2026-1156,2026-04-29 09:18:46,prod-17,100% Cotton Polo Shirt (Medium),Apparel & Wearables,1,19.99,9.0,19.99,9.0,10.99,54.98
item-5315,sale-1156,INV-2026-1156,2026-04-29 09:18:46,prod-11,Sparkling Mineral Water 500ml (Pack 12),Beverages & Drinks,1,12.99,6.0,12.99,6.0,6.99,53.81
item-5316,sale-1157,INV-2026-1157,2026-04-29 16:55:09,prod-01,Wireless Bluetooth Headset Pro,Electronics & Gadgets,1,89.99,45.0,89.99,45.0,44.99,49.99
item-5317,sale-1157,INV-2026-1157,2026-04-29 16:55:09,prod-10,Organic Green Tea (Box of 50 Bags),Beverages & Drinks,3,7.99,3.8,23.97,11.4,12.57,52.44
item-5318,sale-1157,INV-2026-1157,2026-04-29 16:55:09,prod-11,Sparkling Mineral Water 500ml (Pack 12),Beverages & Drinks,1,12.99,6.0,12.99,6.0,6.99,53.81
item-5319,sale-1158,INV-2026-1158,2026-04-29 17:24:29,prod-22,Professional Precision Screwdriver Kit,Hardware & Tools,1,17.99,8.5,17.99,8.5,9.49,52.75
item-5320,sale-1159,INV-2026-1159,2026-04-29 12:54:49,prod-13,Organic Extra Virgin Olive Oil 750ml,Packaged Groceries,1,14.99,7.5,14.99,7.5,7.49,49.97
item-5321,sale-1160,INV-2026-1160,2026-04-29 15:24:42,prod-14,Wholegrain Oats 1kg,Packaged Groceries,1,4.49,2.1,4.49,2.1,2.39,53.23
item-5322,sale-1161,INV-2026-1161,2026-04-30 09:08:32,prod-18,High-Visibility Safety Vest,Apparel & Wearables,2,11.99,5.2,23.98,10.4,13.58,56.63
item-5323,sale-1161,INV-2026-1161,2026-04-30 09:08:32,prod-01,Wireless Bluetooth Headset Pro,Electronics & Gadgets,1,89.99,45.0,89.99,45.0,44.99,49.99
item-5324,sale-1162,INV-2026-1162,2026-04-30 16:06:33,prod-05,A4 Premium Copy Paper 500 Sheets,Office Supplies,1,6.99,3.2,6.99,3.2,3.79,54.22
item-5325,sale-1162,INV-2026-1162,2026-04-30 16:06:33,prod-12,Natural Cold Pressed Citrus Juice 1L,Beverages & Drinks,1,4.99,2.2,4.99,2.2,2.79,55.91
item-5326,sale-1162,INV-2026-1162,2026-04-30 16:06:33,prod-03,Mechanical RGB Gaming Keyboard,Electronics & Gadgets,2,74.99,38.0,149.98,76.0,73.98,49.33
item-5327,sale-1162,INV-2026-1162,2026-04-30 16:06:33,prod-30,Compact Digital Microwave Oven 20L,Home Appliances,1,114.99,58.0,114.99,58.0,56.99,49.56
item-5328,sale-1162,INV-2026-1162,2026-04-30 16:06:33,prod-14,Wholegrain Oats 1kg,Packaged Groceries,3,4.49,2.1,13.47,6.3,7.17,53.23
item-5329,sale-1163,INV-2026-1163,2026-04-30 19:09:04,prod-06,Gel Ink Rollerball Pens (Box of 12),Office Supplies,1,9.99,4.5,9.99,4.5,5.49,54.95
item-5330,sale-1164,INV-2026-1164,2026-04-30 15:41:05,prod-16,Assorted Roasted Almonds 250g,Packaged Groceries,2,7.49,3.5,14.98,7.0,7.98,53.27
item-5331,sale-1164,INV-2026-1164,2026-04-30 15:41:05,prod-02,Ergonomic Optical Wireless Mouse,Electronics & Gadgets,1,24.99,12.5,24.99,12.5,12.49,49.98
item-5332,sale-1165,INV-2026-1165,2026-04-30 14:40:45,prod-12,Natural Cold Pressed Citrus Juice 1L,Beverages & Drinks,1,4.99,2.2,4.99,2.2,2.79,55.91
item-5333,sale-1165,INV-2026-1165,2026-04-30 14:40:45,prod-11,Sparkling Mineral Water 500ml (Pack 12),Beverages & Drinks,1,12.99,6.0,12.99,6.0,6.99,53.81
item-5334,sale-1166,INV-2026-1166,2026-04-30 10:15:40,prod-25,Antibacterial Hand Sanitizer 500ml,Personal Care,4,3.99,1.8,15.96,7.2,8.76,54.89
item-5335,sale-1167,INV-2026-1167,2026-04-30 15:06:48,prod-09,Arabica Whole Bean Coffee 1kg,Beverages & Drinks,2,21.99,11.0,43.98,22.0,21.98,49.98
item-5336,sale-1168,INV-2026-1168,2026-05-01 13:57:01,prod-01,Wireless Bluetooth Headset Pro,Electronics & Gadgets,2,89.99,45.0,179.98,90.0,89.98,49.99
item-5337,sale-1168,INV-2026-1168,2026-05-01 13:57:01,prod-05,A4 Premium Copy Paper 500 Sheets,Office Supplies,2,6.99,3.2,13.98,6.4,7.58,54.22
item-5338,sale-1169,INV-2026-1169,2026-05-01 14:27:09,prod-06,Gel Ink Rollerball Pens (Box of 12),Office Supplies,1,9.99,4.5,9.99,4.5,5.49,54.95
item-5339,sale-1170,INV-2026-1170,2026-05-01 11:10:11,prod-01,Wireless Bluetooth Headset Pro,Electronics & Gadgets,2,89.99,45.0,179.98,90.0,89.98,49.99
item-5340,sale-1170,INV-2026-1170,2026-05-01 11:10:11,prod-03,Mechanical RGB Gaming Keyboard,Electronics & Gadgets,1,74.99,38.0,74.99,38.0,36.99,49.33
item-5341,sale-1171,INV-2026-1171,2026-05-01 12:31:58,prod-07,Heavy-Duty Desktop Stapler,Office Supplies,1,14.49,7.0,14.49,7.0,7.49,51.69
item-5342,sale-1171,INV-2026-1171,2026-05-01 12:31:58,prod-03,Mechanical RGB Gaming Keyboard,Electronics & Gadgets,2,74.99,38.0,149.98,76.0,73.98,49.33
item-5343,sale-1172,INV-2026-1172,2026-05-01 16:16:42,prod-25,Antibacterial Hand Sanitizer 500ml,Personal Care,1,3.99,1.8,3.99,1.8,2.19,54.89
item-5344,sale-1172,INV-2026-1172,2026-05-01 16:16:42,prod-11,Sparkling Mineral Water 500ml (Pack 12),Beverages & Drinks,1,12.99,6.0,12.99,6.0,6.99,53.81
item-5345,sale-1172,INV-2026-1172,2026-05-01 16:16:42,prod-19,Waterproof Work Gloves (Pair),Apparel & Wearables,3,6.49,2.8,19.47,8.4,11.07,56.86
item-5346,sale-1173,INV-2026-1173,2026-05-01 19:34:10,prod-03,Mechanical RGB Gaming Keyboard,Electronics & Gadgets,1,74.99,38.0,74.99,38.0,36.99,49.33
item-5347,sale-1174,INV-2026-1174,2026-05-01 15:44:16,prod-06,Gel Ink Rollerball Pens (Box of 12),Office Supplies,1,9.99,4.5,9.99,4.5,5.49,54.95
item-5348,sale-1175,INV-2026-1175,2026-05-01 16:06:15,prod-26,Gentle Moisturizing Hand Soap 1L,Personal Care,1,5.49,2.5,5.49,2.5,2.99,54.46
item-5349,sale-1175,INV-2026-1175,2026-05-01 16:06:15,prod-25,Antibacterial Hand Sanitizer 500ml,Personal Care,1,3.99,1.8,3.99,1.8,2.19,54.89
item-5350,sale-1176,INV-2026-1176,2026-05-01 13:01:53,prod-17,100% Cotton Polo Shirt (Medium),Apparel & Wearables,1,19.99,9.0,19.99,9.0,10.99,54.98
item-5351,sale-1177,INV-2026-1177,2026-05-01 19:49:47,prod-11,Sparkling Mineral Water 500ml (Pack 12),Beverages & Drinks,1,12.99,6.0,12.99,6.0,6.99,53.81
item-5352,sale-1177,INV-2026-1177,2026-05-01 19:49:47,prod-15,Raw Honey Jar 500g,Packaged Groceries,1,9.99,4.8,9.99,4.8,5.19,51.95
item-5353,sale-1178,INV-2026-1178,2026-05-01 13:49:51,prod-24,Heavy-Duty Steel Measuring Tape 8m,Hardware & Tools,3,7.99,3.5,23.97,10.5,13.47,56.2
item-5354,sale-1178,INV-2026-1178,2026-05-01 13:49:51,prod-05,A4 Premium Copy Paper 500 Sheets,Office Supplies,2,6.99,3.2,13.98,6.4,7.58,54.22
item-5355,sale-1178,INV-2026-1178,2026-05-01 13:49:51,prod-26,Gentle Moisturizing Hand Soap 1L,Personal Care,1,5.49,2.5,5.49,2.5,2.99,54.46
item-5356,sale-1178,INV-2026-1178,2026-05-01 13:49:51,prod-13,Organic Extra Virgin Olive Oil 750ml,Packaged Groceries,1,14.99,7.5,14.99,7.5,7.49,49.97
item-5357,sale-1179,INV-2026-1179,2026-05-01 12:39:16,prod-15,Raw Honey Jar 500g,Packaged Groceries,2,9.99,4.8,19.98,9.6,10.38,51.95
item-5358,sale-1180,INV-2026-1180,2026-05-01 19:41:02,prod-05,A4 Premium Copy Paper 500 Sheets,Office Supplies,3,6.99,3.2,20.97,9.6,11.37,54.22
item-5359,sale-1181,INV-2026-1181,2026-05-02 11:05:58,prod-09,Arabica Whole Bean Coffee 1kg,Beverages & Drinks,1,21.99,11.0,21.99,11.0,10.99,49.98
item-5360,sale-1182,INV-2026-1182,2026-05-02 11:50:34,prod-05,A4 Premium Copy Paper 500 Sheets,Office Supplies,2,6.99,3.2,13.98,6.4,7.58,54.22
item-5361,sale-1182,INV-2026-1182,2026-05-02 11:50:34,prod-16,Assorted Roasted Almonds 250g,Packaged Groceries,3,7.49,3.5,22.47,10.5,11.97,53.27
item-5362,sale-1182,INV-2026-1182,2026-05-02 11:50:34,prod-09,Arabica Whole Bean Coffee 1kg,Beverages & Drinks,1,21.99,11.0,21.99,11.0,10.99,49.98
item-5363,sale-1182,INV-2026-1182,2026-05-02 11:50:34,prod-15,Raw Honey Jar 500g,Packaged Groceries,1,9.99,4.8,9.99,4.8,5.19,51.95
item-5364,sale-1183,INV-2026-1183,2026-05-02 13:53:10,prod-26,Gentle Moisturizing Hand Soap 1L,Personal Care,3,5.49,2.5,16.47,7.5,8.97,54.46
item-5365,sale-1184,INV-2026-1184,2026-05-02 13:47:55,prod-17,100% Cotton Polo Shirt (Medium),Apparel & Wearables,1,19.99,9.0,19.99,9.0,10.99,54.98
item-5366,sale-1184,INV-2026-1184,2026-05-02 13:47:55,prod-19,Waterproof Work Gloves (Pair),Apparel & Wearables,3,6.49,2.8,19.47,8.4,11.07,56.86
item-5367,sale-1185,INV-2026-1185,2026-05-02 11:48:14,prod-11,Sparkling Mineral Water 500ml (Pack 12),Beverages & Drinks,1,12.99,6.0,12.99,6.0,6.99,53.81
item-5368,sale-1185,INV-2026-1185,2026-05-02 11:48:14,prod-14,Wholegrain Oats 1kg,Packaged Groceries,1,4.49,2.1,4.49,2.1,2.39,53.23
item-5369,sale-1186,INV-2026-1186,2026-05-02 17:23:05,prod-03,Mechanical RGB Gaming Keyboard,Electronics & Gadgets,1,74.99,38.0,74.99,38.0,36.99,49.33
item-5370,sale-1186,INV-2026-1186,2026-05-02 17:23:05,prod-17,100% Cotton Polo Shirt (Medium),Apparel & Wearables,1,19.99,9.0,19.99,9.0,10.99,54.98
item-5371,sale-1186,INV-2026-1186,2026-05-02 17:23:05,prod-07,Heavy-Duty Desktop Stapler,Office Supplies,1,14.49,7.0,14.49,7.0,7.49,51.69
item-5372,sale-1187,INV-2026-1187,2026-05-02 16:23:43,prod-09,Arabica Whole Bean Coffee 1kg,Beverages & Drinks,2,21.99,11.0,43.98,22.0,21.98,49.98
item-5373,sale-1187,INV-2026-1187,2026-05-02 16:23:43,prod-16,Assorted Roasted Almonds 250g,Packaged Groceries,4,7.49,3.5,29.96,14.0,15.96,53.27
item-5374,sale-1187,INV-2026-1187,2026-05-02 16:23:43,prod-13,Organic Extra Virgin Olive Oil 750ml,Packaged Groceries,2,14.99,7.5,29.98,15.0,14.98,49.97
item-5375,sale-1188,INV-2026-1188,2026-05-02 19:23:06,prod-01,Wireless Bluetooth Headset Pro,Electronics & Gadgets,1,89.99,45.0,89.99,45.0,44.99,49.99
item-5376,sale-1189,INV-2026-1189,2026-05-02 17:20:58,prod-02,Ergonomic Optical Wireless Mouse,Electronics & Gadgets,1,24.99,12.5,24.99,12.5,12.49,49.98
item-5377,sale-1189,INV-2026-1189,2026-05-02 17:20:58,prod-14,Wholegrain Oats 1kg,Packaged Groceries,1,4.49,2.1,4.49,2.1,2.39,53.23
item-5378,sale-1190,INV-2026-1190,2026-05-02 16:58:44,prod-03,Mechanical RGB Gaming Keyboard,Electronics & Gadgets,1,74.99,38.0,74.99,38.0,36.99,49.33
item-5379,sale-1190,INV-2026-1190,2026-05-02 16:58:44,prod-02,Ergonomic Optical Wireless Mouse,Electronics & Gadgets,2,24.99,12.5,49.98,25.0,24.98,49.98
item-5380,sale-1190,INV-2026-1190,2026-05-02 16:58:44,prod-22,Professional Precision Screwdriver Kit,Hardware & Tools,1,17.99,8.5,17.99,8.5,9.49,52.75
item-5381,sale-1191,INV-2026-1191,2026-05-02 09:19:31,prod-25,Antibacterial Hand Sanitizer 500ml,Personal Care,2,3.99,1.8,7.98,3.6,4.38,54.89
item-5382,sale-1192,INV-2026-1192,2026-05-03 16:23:42,prod-09,Arabica Whole Bean Coffee 1kg,Beverages & Drinks,1,21.99,11.0,21.99,11.0,10.99,49.98
item-5383,sale-1192,INV-2026-1192,2026-05-03 16:23:42,prod-17,100% Cotton Polo Shirt (Medium),Apparel & Wearables,1,19.99,9.0,19.99,9.0,10.99,54.98
item-5384,sale-1193,INV-2026-1193,2026-05-03 11:56:26,prod-05,A4 Premium Copy Paper 500 Sheets,Office Supplies,1,6.99,3.2,6.99,3.2,3.79,54.22
item-5385,sale-1193,INV-2026-1193,2026-05-03 11:56:26,prod-27,Microfiber Facial Towels (Pack of 4),Personal Care,3,6.99,3.0,20.97,9.0,11.97,57.08
item-5386,sale-1193,INV-2026-1193,2026-05-03 11:56:26,prod-12,Natural Cold Pressed Citrus Juice 1L,Beverages & Drinks,2,4.99,2.2,9.98,4.4,5.58,55.91
item-5387,sale-1193,INV-2026-1193,2026-05-03 11:56:26,prod-06,Gel Ink Rollerball Pens (Box of 12),Office Supplies,2,9.99,4.5,19.98,9.0,10.98,54.95
item-5388,sale-1194,INV-2026-1194,2026-05-03 13:02:44,prod-21,20V Cordless Power Drill Set,Hardware & Tools,1,109.99,55.0,109.99,55.0,54.99,50.0
item-5389,sale-1194,INV-2026-1194,2026-05-03 13:02:44,prod-25,Antibacterial Hand Sanitizer 500ml,Personal Care,1,3.99,1.8,3.99,1.8,2.19,54.89
item-5390,sale-1195,INV-2026-1195,2026-05-03 14:06:43,prod-29,HEPA Air Purifier Desktop Size,Home Appliances,4,84.99,42.0,339.96,168.0,171.96,50.58
item-5391,sale-1196,INV-2026-1196,2026-05-03 13:12:07,prod-21,20V Cordless Power Drill Set,Hardware & Tools,4,109.99,55.0,439.96,220.0,219.96,50.0
item-5392,sale-1197,INV-2026-1197,2026-05-03 19:40:38,prod-16,Assorted Roasted Almonds 250g,Packaged Groceries,3,7.49,3.5,22.47,10.5,11.97,53.27
item-5393,sale-1198,INV-2026-1198,2026-05-03 11:50:36,prod-21,20V Cordless Power Drill Set,Hardware & Tools,1,109.99,55.0,109.99,55.0,54.99,50.0
item-5394,sale-1199,INV-2026-1199,2026-05-03 12:52:55,prod-28,Electric Stainless Steel Kettle 1.7L,Home Appliances,3,27.99,14.0,83.97,42.0,41.97,49.98
item-5395,sale-1199,INV-2026-1199,2026-05-03 12:52:55,prod-27,Microfiber Facial Towels (Pack of 4),Personal Care,1,6.99,3.0,6.99,3.0,3.99,57.08
item-5396,sale-1199,INV-2026-1199,2026-05-03 12:52:55,prod-13,Organic Extra Virgin Olive Oil 750ml,Packaged Groceries,3,14.99,7.5,44.97,22.5,22.47,49.97
item-5397,sale-1199,INV-2026-1199,2026-05-03 12:52:55,prod-25,Antibacterial Hand Sanitizer 500ml,Personal Care,1,3.99,1.8,3.99,1.8,2.19,54.89
item-5398,sale-1200,INV-2026-1200,2026-05-03 18:00:17,prod-06,Gel Ink Rollerball Pens (Box of 12),Office Supplies,1,9.99,4.5,9.99,4.5,5.49,54.95
item-5399,sale-1200,INV-2026-1200,2026-05-03 18:00:17,prod-05,A4 Premium Copy Paper 500 Sheets,Office Supplies,2,6.99,3.2,13.98,6.4,7.58,54.22
item-5400,sale-1201,INV-2026-1201,2026-05-03 11:07:42,prod-22,Professional Precision Screwdriver Kit,Hardware & Tools,1,17.99,8.5,17.99,8.5,9.49,52.75
item-5401,sale-1202,INV-2026-1202,2026-05-04 12:37:20,prod-09,Arabica Whole Bean Coffee 1kg,Beverages & Drinks,2,21.99,11.0,43.98,22.0,21.98,49.98
item-5402,sale-1202,INV-2026-1202,2026-05-04 12:37:20,prod-18,High-Visibility Safety Vest,Apparel & Wearables,1,11.99,5.2,11.99,5.2,6.79,56.63
item-5403,sale-1202,INV-2026-1202,2026-05-04 12:37:20,prod-26,Gentle Moisturizing Hand Soap 1L,Personal Care,1,5.49,2.5,5.49,2.5,2.99,54.46
item-5404,sale-1203,INV-2026-1203,2026-05-04 15:33:07,prod-01,Wireless Bluetooth Headset Pro,Electronics & Gadgets,4,89.99,45.0,359.96,180.0,179.96,49.99
item-5405,sale-1203,INV-2026-1203,2026-05-04 15:33:07,prod-26,Gentle Moisturizing Hand Soap 1L,Personal Care,2,5.49,2.5,10.98,5.0,5.98,54.46
item-5406,sale-1203,INV-2026-1203,2026-05-04 15:33:07,prod-15,Raw Honey Jar 500g,Packaged Groceries,6,9.99,4.8,59.94,28.8,31.14,51.95
item-5407,sale-1204,INV-2026-1204,2026-05-04 17:37:06,prod-24,Heavy-Duty Steel Measuring Tape 8m,Hardware & Tools,1,7.99,3.5,7.99,3.5,4.49,56.2
item-5408,sale-1205,INV-2026-1205,2026-05-04 19:33:19,prod-18,High-Visibility Safety Vest,Apparel & Wearables,6,11.99,5.2,71.94,31.2,40.74,56.63
item-5409,sale-1205,INV-2026-1205,2026-05-04 19:33:19,prod-26,Gentle Moisturizing Hand Soap 1L,Personal Care,2,5.49,2.5,10.98,5.0,5.98,54.46
item-5410,sale-1206,INV-2026-1206,2026-05-04 15:27:43,prod-12,Natural Cold Pressed Citrus Juice 1L,Beverages & Drinks,1,4.99,2.2,4.99,2.2,2.79,55.91
item-5411,sale-1206,INV-2026-1206,2026-05-04 15:27:43,prod-22,Professional Precision Screwdriver Kit,Hardware & Tools,1,17.99,8.5,17.99,8.5,9.49,52.75
item-5412,sale-1207,INV-2026-1207,2026-05-04 10:20:38,prod-09,Arabica Whole Bean Coffee 1kg,Beverages & Drinks,1,21.99,11.0,21.99,11.0,10.99,49.98
item-5413,sale-1208,INV-2026-1208,2026-05-04 18:35:45,prod-01,Wireless Bluetooth Headset Pro,Electronics & Gadgets,1,89.99,45.0,89.99,45.0,44.99,49.99
item-5414,sale-1209,INV-2026-1209,2026-05-04 17:38:27,prod-12,Natural Cold Pressed Citrus Juice 1L,Beverages & Drinks,2,4.99,2.2,9.98,4.4,5.58,55.91
item-5415,sale-1209,INV-2026-1209,2026-05-04 17:38:27,prod-11,Sparkling Mineral Water 500ml (Pack 12),Beverages & Drinks,1,12.99,6.0,12.99,6.0,6.99,53.81
item-5416,sale-1209,INV-2026-1209,2026-05-04 17:38:27,prod-20,Breathable Fleece Jacket (Large),Apparel & Wearables,1,44.99,22.0,44.99,22.0,22.99,51.1
item-5417,sale-1209,INV-2026-1209,2026-05-04 17:38:27,prod-06,Gel Ink Rollerball Pens (Box of 12),Office Supplies,3,9.99,4.5,29.97,13.5,16.47,54.95
item-5418,sale-1209,INV-2026-1209,2026-05-04 17:38:27,prod-27,Microfiber Facial Towels (Pack of 4),Personal Care,4,6.99,3.0,27.96,12.0,15.96,57.08
item-5419,sale-1210,INV-2026-1210,2026-05-05 19:56:49,prod-18,High-Visibility Safety Vest,Apparel & Wearables,6,11.99,5.2,71.94,31.2,40.74,56.63
item-5420,sale-1210,INV-2026-1210,2026-05-05 19:56:49,prod-05,A4 Premium Copy Paper 500 Sheets,Office Supplies,1,6.99,3.2,6.99,3.2,3.79,54.22
item-5421,sale-1211,INV-2026-1211,2026-05-05 12:26:21,prod-19,Waterproof Work Gloves (Pair),Apparel & Wearables,1,6.49,2.8,6.49,2.8,3.69,56.86
item-5422,sale-1211,INV-2026-1211,2026-05-05 12:26:21,prod-17,100% Cotton Polo Shirt (Medium),Apparel & Wearables,1,19.99,9.0,19.99,9.0,10.99,54.98
item-5423,sale-1211,INV-2026-1211,2026-05-05 12:26:21,prod-14,Wholegrain Oats 1kg,Packaged Groceries,1,4.49,2.1,4.49,2.1,2.39,53.23
item-5424,sale-1211,INV-2026-1211,2026-05-05 12:26:21,prod-06,Gel Ink Rollerball Pens (Box of 12),Office Supplies,2,9.99,4.5,19.98,9.0,10.98,54.95
item-5425,sale-1212,INV-2026-1212,2026-05-05 14:27:20,prod-02,Ergonomic Optical Wireless Mouse,Electronics & Gadgets,4,24.99,12.5,99.96,50.0,49.96,49.98
item-5426,sale-1213,INV-2026-1213,2026-05-06 16:04:05,prod-05,A4 Premium Copy Paper 500 Sheets,Office Supplies,1,6.99,3.2,6.99,3.2,3.79,54.22
item-5427,sale-1213,INV-2026-1213,2026-05-06 16:04:05,prod-25,Antibacterial Hand Sanitizer 500ml,Personal Care,1,3.99,1.8,3.99,1.8,2.19,54.89
item-5428,sale-1214,INV-2026-1214,2026-05-06 14:51:08,prod-17,100% Cotton Polo Shirt (Medium),Apparel & Wearables,1,19.99,9.0,19.99,9.0,10.99,54.98
item-5429,sale-1214,INV-2026-1214,2026-05-06 14:51:08,prod-16,Assorted Roasted Almonds 250g,Packaged Groceries,3,7.49,3.5,22.47,10.5,11.97,53.27
item-5430,sale-1215,INV-2026-1215,2026-05-06 19:07:26,prod-05,A4 Premium Copy Paper 500 Sheets,Office Supplies,3,6.99,3.2,20.97,9.6,11.37,54.22
item-5431,sale-1216,INV-2026-1216,2026-05-06 09:18:38,prod-25,Antibacterial Hand Sanitizer 500ml,Personal Care,1,3.99,1.8,3.99,1.8,2.19,54.89
item-5432,sale-1216,INV-2026-1216,2026-05-06 09:18:38,prod-19,Waterproof Work Gloves (Pair),Apparel & Wearables,1,6.49,2.8,6.49,2.8,3.69,56.86
item-5433,sale-1216,INV-2026-1216,2026-05-06 09:18:38,prod-15,Raw Honey Jar 500g,Packaged Groceries,1,9.99,4.8,9.99,4.8,5.19,51.95
item-5434,sale-1216,INV-2026-1216,2026-05-06 09:18:38,prod-02,Ergonomic Optical Wireless Mouse,Electronics & Gadgets,2,24.99,12.5,49.98,25.0,24.98,49.98
item-5435,sale-1217,INV-2026-1217,2026-05-06 11:42:30,prod-02,Ergonomic Optical Wireless Mouse,Electronics & Gadgets,2,24.99,12.5,49.98,25.0,24.98,49.98
item-5436,sale-1217,INV-2026-1217,2026-05-06 11:42:30,prod-06,Gel Ink Rollerball Pens (Box of 12),Office Supplies,1,9.99,4.5,9.99,4.5,5.49,54.95
item-5437,sale-1218,INV-2026-1218,2026-05-06 14:07:48,prod-14,Wholegrain Oats 1kg,Packaged Groceries,3,4.49,2.1,13.47,6.3,7.17,53.23
item-5438,sale-1218,INV-2026-1218,2026-05-06 14:07:48,prod-13,Organic Extra Virgin Olive Oil 750ml,Packaged Groceries,1,14.99,7.5,14.99,7.5,7.49,49.97
item-5439,sale-1218,INV-2026-1218,2026-05-06 14:07:48,prod-17,100% Cotton Polo Shirt (Medium),Apparel & Wearables,2,19.99,9.0,39.98,18.0,21.98,54.98
item-5440,sale-1219,INV-2026-1219,2026-05-06 18:39:43,prod-08,Adjustable Mesh Executive Chair,Office Supplies,2,189.99,95.0,379.98,190.0,189.98,50.0
item-5441,sale-1219,INV-2026-1219,2026-05-06 18:39:43,prod-26,Gentle Moisturizing Hand Soap 1L,Personal Care,2,5.49,2.5,10.98,5.0,5.98,54.46
item-5442,sale-1220,INV-2026-1220,2026-05-06 13:01:11,prod-26,Gentle Moisturizing Hand Soap 1L,Personal Care,2,5.49,2.5,10.98,5.0,5.98,54.46
item-5443,sale-1220,INV-2026-1220,2026-05-06 13:01:11,prod-21,20V Cordless Power Drill Set,Hardware & Tools,2,109.99,55.0,219.98,110.0,109.98,50.0
item-5444,sale-1220,INV-2026-1220,2026-05-06 13:01:11,prod-25,Antibacterial Hand Sanitizer 500ml,Personal Care,2,3.99,1.8,7.98,3.6,4.38,54.89
item-5445,sale-1221,INV-2026-1221,2026-05-06 14:00:11,prod-05,A4 Premium Copy Paper 500 Sheets,Office Supplies,3,6.99,3.2,20.97,9.6,11.37,54.22
item-5446,sale-1221,INV-2026-1221,2026-05-06 14:00:11,prod-26,Gentle Moisturizing Hand Soap 1L,Personal Care,1,5.49,2.5,5.49,2.5,2.99,54.46
item-5447,sale-1221,INV-2026-1221,2026-05-06 14:00:11,prod-01,Wireless Bluetooth Headset Pro,Electronics & Gadgets,1,89.99,45.0,89.99,45.0,44.99,49.99
item-5448,sale-1222,INV-2026-1222,2026-05-06 19:01:05,prod-05,A4 Premium Copy Paper 500 Sheets,Office Supplies,1,6.99,3.2,6.99,3.2,3.79,54.22
item-5449,sale-1222,INV-2026-1222,2026-05-06 19:01:05,prod-25,Antibacterial Hand Sanitizer 500ml,Personal Care,1,3.99,1.8,3.99,1.8,2.19,54.89
item-5450,sale-1222,INV-2026-1222,2026-05-06 19:01:05,prod-14,Wholegrain Oats 1kg,Packaged Groceries,2,4.49,2.1,8.98,4.2,4.78,53.23
item-5451,sale-1223,INV-2026-1223,2026-05-07 14:10:23,prod-18,High-Visibility Safety Vest,Apparel & Wearables,2,11.99,5.2,23.98,10.4,13.58,56.63
item-5452,sale-1223,INV-2026-1223,2026-05-07 14:10:23,prod-07,Heavy-Duty Desktop Stapler,Office Supplies,1,14.49,7.0,14.49,7.0,7.49,51.69
item-5453,sale-1223,INV-2026-1223,2026-05-07 14:10:23,prod-15,Raw Honey Jar 500g,Packaged Groceries,4,9.99,4.8,39.96,19.2,20.76,51.95
item-5454,sale-1223,INV-2026-1223,2026-05-07 14:10:23,prod-24,Heavy-Duty Steel Measuring Tape 8m,Hardware & Tools,1,7.99,3.5,7.99,3.5,4.49,56.2
item-5455,sale-1223,INV-2026-1223,2026-05-07 14:10:23,prod-03,Mechanical RGB Gaming Keyboard,Electronics & Gadgets,2,74.99,38.0,149.98,76.0,73.98,49.33
item-5456,sale-1224,INV-2026-1224,2026-05-07 09:09:10,prod-03,Mechanical RGB Gaming Keyboard,Electronics & Gadgets,1,74.99,38.0,74.99,38.0,36.99,49.33
item-5457,sale-1224,INV-2026-1224,2026-05-07 09:09:10,prod-27,Microfiber Facial Towels (Pack of 4),Personal Care,2,6.99,3.0,13.98,6.0,7.98,57.08
item-5458,sale-1224,INV-2026-1224,2026-05-07 09:09:10,prod-20,Breathable Fleece Jacket (Large),Apparel & Wearables,1,44.99,22.0,44.99,22.0,22.99,51.1
item-5459,sale-1224,INV-2026-1224,2026-05-07 09:09:10,prod-02,Ergonomic Optical Wireless Mouse,Electronics & Gadgets,1,24.99,12.5,24.99,12.5,12.49,49.98
item-5460,sale-1225,INV-2026-1225,2026-05-07 19:27:31,prod-18,High-Visibility Safety Vest,Apparel & Wearables,1,11.99,5.2,11.99,5.2,6.79,56.63
item-5461,sale-1226,INV-2026-1226,2026-05-07 17:07:22,prod-28,Electric Stainless Steel Kettle 1.7L,Home Appliances,2,27.99,14.0,55.98,28.0,27.98,49.98
item-5462,sale-1226,INV-2026-1226,2026-05-07 17:07:22,prod-23,Digital Laser Distance Meter 50m,Hardware & Tools,1,36.99,18.0,36.99,18.0,18.99,51.34
item-5463,sale-1226,INV-2026-1226,2026-05-07 17:07:22,prod-05,A4 Premium Copy Paper 500 Sheets,Office Supplies,1,6.99,3.2,6.99,3.2,3.79,54.22
item-5464,sale-1227,INV-2026-1227,2026-05-07 19:19:02,prod-14,Wholegrain Oats 1kg,Packaged Groceries,2,4.49,2.1,8.98,4.2,4.78,53.23
item-5465,sale-1228,INV-2026-1228,2026-05-07 13:13:49,prod-12,Natural Cold Pressed Citrus Juice 1L,Beverages & Drinks,6,4.99,2.2,29.94,13.2,16.74,55.91
item-5466,sale-1228,INV-2026-1228,2026-05-07 13:13:49,prod-09,Arabica Whole Bean Coffee 1kg,Beverages & Drinks,1,21.99,11.0,21.99,11.0,10.99,49.98
item-5467,sale-1229,INV-2026-1229,2026-05-08 09:31:47,prod-21,20V Cordless Power Drill Set,Hardware & Tools,2,109.99,55.0,219.98,110.0,109.98,50.0
item-5468,sale-1229,INV-2026-1229,2026-05-08 09:31:47,prod-06,Gel Ink Rollerball Pens (Box of 12),Office Supplies,2,9.99,4.5,19.98,9.0,10.98,54.95
item-5469,sale-1229,INV-2026-1229,2026-05-08 09:31:47,prod-03,Mechanical RGB Gaming Keyboard,Electronics & Gadgets,1,74.99,38.0,74.99,38.0,36.99,49.33
item-5470,sale-1230,INV-2026-1230,2026-05-08 12:32:35,prod-05,A4 Premium Copy Paper 500 Sheets,Office Supplies,1,6.99,3.2,6.99,3.2,3.79,54.22
item-5471,sale-1230,INV-2026-1230,2026-05-08 12:32:35,prod-12,Natural Cold Pressed Citrus Juice 1L,Beverages & Drinks,1,4.99,2.2,4.99,2.2,2.79,55.91
item-5472,sale-1230,INV-2026-1230,2026-05-08 12:32:35,prod-27,Microfiber Facial Towels (Pack of 4),Personal Care,6,6.99,3.0,41.94,18.0,23.94,57.08
item-5473,sale-1230,INV-2026-1230,2026-05-08 12:32:35,prod-19,Waterproof Work Gloves (Pair),Apparel & Wearables,1,6.49,2.8,6.49,2.8,3.69,56.86
item-5474,sale-1231,INV-2026-1231,2026-05-08 09:27:01,prod-06,Gel Ink Rollerball Pens (Box of 12),Office Supplies,3,9.99,4.5,29.97,13.5,16.47,54.95
item-5475,sale-1231,INV-2026-1231,2026-05-08 09:27:01,prod-01,Wireless Bluetooth Headset Pro,Electronics & Gadgets,1,89.99,45.0,89.99,45.0,44.99,49.99
item-5476,sale-1231,INV-2026-1231,2026-05-08 09:27:01,prod-19,Waterproof Work Gloves (Pair),Apparel & Wearables,4,6.49,2.8,25.96,11.2,14.76,56.86
item-5477,sale-1231,INV-2026-1231,2026-05-08 09:27:01,prod-12,Natural Cold Pressed Citrus Juice 1L,Beverages & Drinks,1,4.99,2.2,4.99,2.2,2.79,55.91
item-5478,sale-1232,INV-2026-1232,2026-05-08 18:25:45,prod-24,Heavy-Duty Steel Measuring Tape 8m,Hardware & Tools,2,7.99,3.5,15.98,7.0,8.98,56.2
item-5479,sale-1232,INV-2026-1232,2026-05-08 18:25:45,prod-25,Antibacterial Hand Sanitizer 500ml,Personal Care,1,3.99,1.8,3.99,1.8,2.19,54.89
item-5480,sale-1232,INV-2026-1232,2026-05-08 18:25:45,prod-19,Waterproof Work Gloves (Pair),Apparel & Wearables,1,6.49,2.8,6.49,2.8,3.69,56.86
item-5481,sale-1233,INV-2026-1233,2026-05-08 14:10:51,prod-18,High-Visibility Safety Vest,Apparel & Wearables,1,11.99,5.2,11.99,5.2,6.79,56.63
item-5482,sale-1233,INV-2026-1233,2026-05-08 14:10:51,prod-25,Antibacterial Hand Sanitizer 500ml,Personal Care,2,3.99,1.8,7.98,3.6,4.38,54.89
item-5483,sale-1233,INV-2026-1233,2026-05-08 14:10:51,prod-13,Organic Extra Virgin Olive Oil 750ml,Packaged Groceries,1,14.99,7.5,14.99,7.5,7.49,49.97
item-5484,sale-1233,INV-2026-1233,2026-05-08 14:10:51,prod-05,A4 Premium Copy Paper 500 Sheets,Office Supplies,1,6.99,3.2,6.99,3.2,3.79,54.22
item-5485,sale-1234,INV-2026-1234,2026-05-08 10:15:27,prod-02,Ergonomic Optical Wireless Mouse,Electronics & Gadgets,1,24.99,12.5,24.99,12.5,12.49,49.98
item-5486,sale-1234,INV-2026-1234,2026-05-08 10:15:27,prod-17,100% Cotton Polo Shirt (Medium),Apparel & Wearables,2,19.99,9.0,39.98,18.0,21.98,54.98
item-5487,sale-1235,INV-2026-1235,2026-05-08 13:47:21,prod-13,Organic Extra Virgin Olive Oil 750ml,Packaged Groceries,1,14.99,7.5,14.99,7.5,7.49,49.97
item-5488,sale-1236,INV-2026-1236,2026-05-08 19:07:33,prod-11,Sparkling Mineral Water 500ml (Pack 12),Beverages & Drinks,1,12.99,6.0,12.99,6.0,6.99,53.81
item-5489,sale-1237,INV-2026-1237,2026-05-09 19:52:09,prod-09,Arabica Whole Bean Coffee 1kg,Beverages & Drinks,3,21.99,11.0,65.97,33.0,32.97,49.98
item-5490,sale-1237,INV-2026-1237,2026-05-09 19:52:09,prod-21,20V Cordless Power Drill Set,Hardware & Tools,2,109.99,55.0,219.98,110.0,109.98,50.0
item-5491,sale-1238,INV-2026-1238,2026-05-09 18:09:48,prod-13,Organic Extra Virgin Olive Oil 750ml,Packaged Groceries,1,14.99,7.5,14.99,7.5,7.49,49.97
item-5492,sale-1239,INV-2026-1239,2026-05-09 19:31:29,prod-29,HEPA Air Purifier Desktop Size,Home Appliances,1,84.99,42.0,84.99,42.0,42.99,50.58
item-5493,sale-1240,INV-2026-1240,2026-05-09 18:41:40,prod-18,High-Visibility Safety Vest,Apparel & Wearables,1,11.99,5.2,11.99,5.2,6.79,56.63
item-5494,sale-1240,INV-2026-1240,2026-05-09 18:41:40,prod-21,20V Cordless Power Drill Set,Hardware & Tools,1,109.99,55.0,109.99,55.0,54.99,50.0
item-5495,sale-1241,INV-2026-1241,2026-05-09 10:30:28,prod-14,Wholegrain Oats 1kg,Packaged Groceries,1,4.49,2.1,4.49,2.1,2.39,53.23
item-5496,sale-1242,INV-2026-1242,2026-05-09 14:32:04,prod-01,Wireless Bluetooth Headset Pro,Electronics & Gadgets,1,89.99,45.0,89.99,45.0,44.99,49.99
item-5497,sale-1243,INV-2026-1243,2026-05-09 13:04:41,prod-05,A4 Premium Copy Paper 500 Sheets,Office Supplies,1,6.99,3.2,6.99,3.2,3.79,54.22
item-5498,sale-1244,INV-2026-1244,2026-05-09 15:29:37,prod-25,Antibacterial Hand Sanitizer 500ml,Personal Care,1,3.99,1.8,3.99,1.8,2.19,54.89
item-5499,sale-1244,INV-2026-1244,2026-05-09 15:29:37,prod-06,Gel Ink Rollerball Pens (Box of 12),Office Supplies,1,9.99,4.5,9.99,4.5,5.49,54.95
item-5500,sale-1245,INV-2026-1245,2026-05-09 18:41:12,prod-21,20V Cordless Power Drill Set,Hardware & Tools,4,109.99,55.0,439.96,220.0,219.96,50.0
item-5501,sale-1245,INV-2026-1245,2026-05-09 18:41:12,prod-01,Wireless Bluetooth Headset Pro,Electronics & Gadgets,1,89.99,45.0,89.99,45.0,44.99,49.99
item-5502,sale-1246,INV-2026-1246,2026-05-09 09:28:06,prod-21,20V Cordless Power Drill Set,Hardware & Tools,2,109.99,55.0,219.98,110.0,109.98,50.0
item-5503,sale-1246,INV-2026-1246,2026-05-09 09:28:06,prod-26,Gentle Moisturizing Hand Soap 1L,Personal Care,2,5.49,2.5,10.98,5.0,5.98,54.46
item-5504,sale-1247,INV-2026-1247,2026-05-09 11:02:15,prod-25,Antibacterial Hand Sanitizer 500ml,Personal Care,1,3.99,1.8,3.99,1.8,2.19,54.89
item-5505,sale-1248,INV-2026-1248,2026-05-10 11:23:23,prod-13,Organic Extra Virgin Olive Oil 750ml,Packaged Groceries,2,14.99,7.5,29.98,15.0,14.98,49.97
item-5506,sale-1248,INV-2026-1248,2026-05-10 11:23:23,prod-19,Waterproof Work Gloves (Pair),Apparel & Wearables,1,6.49,2.8,6.49,2.8,3.69,56.86
item-5507,sale-1248,INV-2026-1248,2026-05-10 11:23:23,prod-15,Raw Honey Jar 500g,Packaged Groceries,1,9.99,4.8,9.99,4.8,5.19,51.95
item-5508,sale-1249,INV-2026-1249,2026-05-10 19:38:03,prod-05,A4 Premium Copy Paper 500 Sheets,Office Supplies,3,6.99,3.2,20.97,9.6,11.37,54.22
item-5509,sale-1250,INV-2026-1250,2026-05-10 10:35:43,prod-28,Electric Stainless Steel Kettle 1.7L,Home Appliances,1,27.99,14.0,27.99,14.0,13.99,49.98
item-5510,sale-1251,INV-2026-1251,2026-05-10 14:05:37,prod-25,Antibacterial Hand Sanitizer 500ml,Personal Care,2,3.99,1.8,7.98,3.6,4.38,54.89
item-5511,sale-1252,INV-2026-1252,2026-05-10 19:25:08,prod-16,Assorted Roasted Almonds 250g,Packaged Groceries,1,7.49,3.5,7.49,3.5,3.99,53.27
item-5512,sale-1252,INV-2026-1252,2026-05-10 19:25:08,prod-22,Professional Precision Screwdriver Kit,Hardware & Tools,6,17.99,8.5,107.94,51.0,56.94,52.75
item-5513,sale-1253,INV-2026-1253,2026-05-10 19:50:21,prod-19,Waterproof Work Gloves (Pair),Apparel & Wearables,1,6.49,2.8,6.49,2.8,3.69,56.86
item-5514,sale-1253,INV-2026-1253,2026-05-10 19:50:21,prod-06,Gel Ink Rollerball Pens (Box of 12),Office Supplies,1,9.99,4.5,9.99,4.5,5.49,54.95
item-5515,sale-1253,INV-2026-1253,2026-05-10 19:50:21,prod-20,Breathable Fleece Jacket (Large),Apparel & Wearables,3,44.99,22.0,134.97,66.0,68.97,51.1
item-5516,sale-1253,INV-2026-1253,2026-05-10 19:50:21,prod-02,Ergonomic Optical Wireless Mouse,Electronics & Gadgets,2,24.99,12.5,49.98,25.0,24.98,49.98
item-5517,sale-1253,INV-2026-1253,2026-05-10 19:50:21,prod-01,Wireless Bluetooth Headset Pro,Electronics & Gadgets,2,89.99,45.0,179.98,90.0,89.98,49.99
item-5518,sale-1254,INV-2026-1254,2026-05-10 19:27:32,prod-10,Organic Green Tea (Box of 50 Bags),Beverages & Drinks,1,7.99,3.8,7.99,3.8,4.19,52.44
item-5519,sale-1254,INV-2026-1254,2026-05-10 19:27:32,prod-29,HEPA Air Purifier Desktop Size,Home Appliances,3,84.99,42.0,254.97,126.0,128.97,50.58
item-5520,sale-1255,INV-2026-1255,2026-05-10 12:21:49,prod-12,Natural Cold Pressed Citrus Juice 1L,Beverages & Drinks,1,4.99,2.2,4.99,2.2,2.79,55.91
item-5521,sale-1255,INV-2026-1255,2026-05-10 12:21:49,prod-22,Professional Precision Screwdriver Kit,Hardware & Tools,3,17.99,8.5,53.97,25.5,28.47,52.75
item-5522,sale-1256,INV-2026-1256,2026-05-10 13:54:50,prod-12,Natural Cold Pressed Citrus Juice 1L,Beverages & Drinks,1,4.99,2.2,4.99,2.2,2.79,55.91
item-5523,sale-1256,INV-2026-1256,2026-05-10 13:54:50,prod-09,Arabica Whole Bean Coffee 1kg,Beverages & Drinks,2,21.99,11.0,43.98,22.0,21.98,49.98
item-5524,sale-1256,INV-2026-1256,2026-05-10 13:54:50,prod-17,100% Cotton Polo Shirt (Medium),Apparel & Wearables,2,19.99,9.0,39.98,18.0,21.98,54.98
item-5525,sale-1256,INV-2026-1256,2026-05-10 13:54:50,prod-26,Gentle Moisturizing Hand Soap 1L,Personal Care,2,5.49,2.5,10.98,5.0,5.98,54.46
item-5526,sale-1257,INV-2026-1257,2026-05-11 17:02:42,prod-22,Professional Precision Screwdriver Kit,Hardware & Tools,3,17.99,8.5,53.97,25.5,28.47,52.75
item-5527,sale-1258,INV-2026-1258,2026-05-11 15:09:10,prod-07,Heavy-Duty Desktop Stapler,Office Supplies,6,14.49,7.0,86.94,42.0,44.94,51.69
item-5528,sale-1259,INV-2026-1259,2026-05-11 11:46:28,prod-25,Antibacterial Hand Sanitizer 500ml,Personal Care,1,3.99,1.8,3.99,1.8,2.19,54.89
item-5529,sale-1260,INV-2026-1260,2026-05-11 18:18:48,prod-26,Gentle Moisturizing Hand Soap 1L,Personal Care,1,5.49,2.5,5.49,2.5,2.99,54.46
item-5530,sale-1261,INV-2026-1261,2026-05-11 13:51:50,prod-10,Organic Green Tea (Box of 50 Bags),Beverages & Drinks,1,7.99,3.8,7.99,3.8,4.19,52.44
item-5531,sale-1261,INV-2026-1261,2026-05-11 13:51:50,prod-17,100% Cotton Polo Shirt (Medium),Apparel & Wearables,1,19.99,9.0,19.99,9.0,10.99,54.98
item-5532,sale-1262,INV-2026-1262,2026-05-11 18:28:29,prod-07,Heavy-Duty Desktop Stapler,Office Supplies,4,14.49,7.0,57.96,28.0,29.96,51.69
item-5533,sale-1262,INV-2026-1262,2026-05-11 18:28:29,prod-19,Waterproof Work Gloves (Pair),Apparel & Wearables,1,6.49,2.8,6.49,2.8,3.69,56.86
item-5534,sale-1262,INV-2026-1262,2026-05-11 18:28:29,prod-09,Arabica Whole Bean Coffee 1kg,Beverages & Drinks,1,21.99,11.0,21.99,11.0,10.99,49.98
item-5535,sale-1262,INV-2026-1262,2026-05-11 18:28:29,prod-24,Heavy-Duty Steel Measuring Tape 8m,Hardware & Tools,1,7.99,3.5,7.99,3.5,4.49,56.2
item-5536,sale-1262,INV-2026-1262,2026-05-11 18:28:29,prod-05,A4 Premium Copy Paper 500 Sheets,Office Supplies,1,6.99,3.2,6.99,3.2,3.79,54.22
item-5537,sale-1263,INV-2026-1263,2026-05-11 15:10:52,prod-10,Organic Green Tea (Box of 50 Bags),Beverages & Drinks,1,7.99,3.8,7.99,3.8,4.19,52.44
item-5538,sale-1263,INV-2026-1263,2026-05-11 15:10:52,prod-25,Antibacterial Hand Sanitizer 500ml,Personal Care,1,3.99,1.8,3.99,1.8,2.19,54.89
item-5539,sale-1264,INV-2026-1264,2026-05-11 09:41:30,prod-21,20V Cordless Power Drill Set,Hardware & Tools,1,109.99,55.0,109.99,55.0,54.99,50.0
item-5540,sale-1264,INV-2026-1264,2026-05-11 09:41:30,prod-05,A4 Premium Copy Paper 500 Sheets,Office Supplies,1,6.99,3.2,6.99,3.2,3.79,54.22
item-5541,sale-1265,INV-2026-1265,2026-05-11 17:54:07,prod-19,Waterproof Work Gloves (Pair),Apparel & Wearables,2,6.49,2.8,12.98,5.6,7.38,56.86
item-5542,sale-1265,INV-2026-1265,2026-05-11 17:54:07,prod-13,Organic Extra Virgin Olive Oil 750ml,Packaged Groceries,1,14.99,7.5,14.99,7.5,7.49,49.97
item-5543,sale-1265,INV-2026-1265,2026-05-11 17:54:07,prod-25,Antibacterial Hand Sanitizer 500ml,Personal Care,3,3.99,1.8,11.97,5.4,6.57,54.89
item-5544,sale-1266,INV-2026-1266,2026-05-12 17:09:53,prod-02,Ergonomic Optical Wireless Mouse,Electronics & Gadgets,1,24.99,12.5,24.99,12.5,12.49,49.98
item-5545,sale-1267,INV-2026-1267,2026-05-12 14:59:01,prod-01,Wireless Bluetooth Headset Pro,Electronics & Gadgets,1,89.99,45.0,89.99,45.0,44.99,49.99
item-5546,sale-1267,INV-2026-1267,2026-05-12 14:59:01,prod-05,A4 Premium Copy Paper 500 Sheets,Office Supplies,1,6.99,3.2,6.99,3.2,3.79,54.22
item-5547,sale-1267,INV-2026-1267,2026-05-12 14:59:01,prod-13,Organic Extra Virgin Olive Oil 750ml,Packaged Groceries,1,14.99,7.5,14.99,7.5,7.49,49.97
item-5548,sale-1267,INV-2026-1267,2026-05-12 14:59:01,prod-27,Microfiber Facial Towels (Pack of 4),Personal Care,1,6.99,3.0,6.99,3.0,3.99,57.08
item-5549,sale-1268,INV-2026-1268,2026-05-12 15:05:23,prod-28,Electric Stainless Steel Kettle 1.7L,Home Appliances,1,27.99,14.0,27.99,14.0,13.99,49.98
item-5550,sale-1268,INV-2026-1268,2026-05-12 15:05:23,prod-01,Wireless Bluetooth Headset Pro,Electronics & Gadgets,1,89.99,45.0,89.99,45.0,44.99,49.99
item-5551,sale-1268,INV-2026-1268,2026-05-12 15:05:23,prod-27,Microfiber Facial Towels (Pack of 4),Personal Care,1,6.99,3.0,6.99,3.0,3.99,57.08
item-5552,sale-1268,INV-2026-1268,2026-05-12 15:05:23,prod-19,Waterproof Work Gloves (Pair),Apparel & Wearables,2,6.49,2.8,12.98,5.6,7.38,56.86
item-5553,sale-1268,INV-2026-1268,2026-05-12 15:05:23,prod-26,Gentle Moisturizing Hand Soap 1L,Personal Care,1,5.49,2.5,5.49,2.5,2.99,54.46
item-5554,sale-1269,INV-2026-1269,2026-05-12 19:21:50,prod-09,Arabica Whole Bean Coffee 1kg,Beverages & Drinks,2,21.99,11.0,43.98,22.0,21.98,49.98
item-5555,sale-1270,INV-2026-1270,2026-05-12 16:44:53,prod-19,Waterproof Work Gloves (Pair),Apparel & Wearables,4,6.49,2.8,25.96,11.2,14.76,56.86
item-5556,sale-1271,INV-2026-1271,2026-05-12 09:57:05,prod-19,Waterproof Work Gloves (Pair),Apparel & Wearables,1,6.49,2.8,6.49,2.8,3.69,56.86
item-5557,sale-1272,INV-2026-1272,2026-05-12 18:33:27,prod-05,A4 Premium Copy Paper 500 Sheets,Office Supplies,4,6.99,3.2,27.96,12.8,15.16,54.22
item-5558,sale-1272,INV-2026-1272,2026-05-12 18:33:27,prod-21,20V Cordless Power Drill Set,Hardware & Tools,2,109.99,55.0,219.98,110.0,109.98,50.0
item-5559,sale-1272,INV-2026-1272,2026-05-12 18:33:27,prod-25,Antibacterial Hand Sanitizer 500ml,Personal Care,1,3.99,1.8,3.99,1.8,2.19,54.89
item-5560,sale-1273,INV-2026-1273,2026-05-13 09:15:26,prod-26,Gentle Moisturizing Hand Soap 1L,Personal Care,1,5.49,2.5,5.49,2.5,2.99,54.46
item-5561,sale-1273,INV-2026-1273,2026-05-13 09:15:26,prod-16,Assorted Roasted Almonds 250g,Packaged Groceries,4,7.49,3.5,29.96,14.0,15.96,53.27
item-5562,sale-1274,INV-2026-1274,2026-05-13 16:38:34,prod-19,Waterproof Work Gloves (Pair),Apparel & Wearables,2,6.49,2.8,12.98,5.6,7.38,56.86
item-5563,sale-1274,INV-2026-1274,2026-05-13 16:38:34,prod-06,Gel Ink Rollerball Pens (Box of 12),Office Supplies,1,9.99,4.5,9.99,4.5,5.49,54.95
item-5564,sale-1275,INV-2026-1275,2026-05-13 11:18:27,prod-03,Mechanical RGB Gaming Keyboard,Electronics & Gadgets,6,74.99,38.0,449.94,228.0,221.94,49.33
item-5565,sale-1275,INV-2026-1275,2026-05-13 11:18:27,prod-19,Waterproof Work Gloves (Pair),Apparel & Wearables,1,6.49,2.8,6.49,2.8,3.69,56.86
item-5566,sale-1276,INV-2026-1276,2026-05-13 11:42:42,prod-11,Sparkling Mineral Water 500ml (Pack 12),Beverages & Drinks,3,12.99,6.0,38.97,18.0,20.97,53.81
item-5567,sale-1276,INV-2026-1276,2026-05-13 11:42:42,prod-26,Gentle Moisturizing Hand Soap 1L,Personal Care,1,5.49,2.5,5.49,2.5,2.99,54.46
item-5568,sale-1276,INV-2026-1276,2026-05-13 11:42:42,prod-24,Heavy-Duty Steel Measuring Tape 8m,Hardware & Tools,1,7.99,3.5,7.99,3.5,4.49,56.2
item-5569,sale-1276,INV-2026-1276,2026-05-13 11:42:42,prod-16,Assorted Roasted Almonds 250g,Packaged Groceries,2,7.49,3.5,14.98,7.0,7.98,53.27
item-5570,sale-1276,INV-2026-1276,2026-05-13 11:42:42,prod-23,Digital Laser Distance Meter 50m,Hardware & Tools,2,36.99,18.0,73.98,36.0,37.98,51.34
item-5571,sale-1277,INV-2026-1277,2026-05-13 17:32:50,prod-25,Antibacterial Hand Sanitizer 500ml,Personal Care,1,3.99,1.8,3.99,1.8,2.19,54.89
item-5572,sale-1277,INV-2026-1277,2026-05-13 17:32:50,prod-12,Natural Cold Pressed Citrus Juice 1L,Beverages & Drinks,1,4.99,2.2,4.99,2.2,2.79,55.91
item-5573,sale-1277,INV-2026-1277,2026-05-13 17:32:50,prod-03,Mechanical RGB Gaming Keyboard,Electronics & Gadgets,1,74.99,38.0,74.99,38.0,36.99,49.33
item-5574,sale-1278,INV-2026-1278,2026-05-13 16:02:40,prod-11,Sparkling Mineral Water 500ml (Pack 12),Beverages & Drinks,2,12.99,6.0,25.98,12.0,13.98,53.81
item-5575,sale-1279,INV-2026-1279,2026-05-13 14:50:04,prod-12,Natural Cold Pressed Citrus Juice 1L,Beverages & Drinks,1,4.99,2.2,4.99,2.2,2.79,55.91
item-5576,sale-1280,INV-2026-1280,2026-05-14 14:08:02,prod-17,100% Cotton Polo Shirt (Medium),Apparel & Wearables,2,19.99,9.0,39.98,18.0,21.98,54.98
item-5577,sale-1281,INV-2026-1281,2026-05-14 19:29:44,prod-13,Organic Extra Virgin Olive Oil 750ml,Packaged Groceries,3,14.99,7.5,44.97,22.5,22.47,49.97
item-5578,sale-1281,INV-2026-1281,2026-05-14 19:29:44,prod-11,Sparkling Mineral Water 500ml (Pack 12),Beverages & Drinks,1,12.99,6.0,12.99,6.0,6.99,53.81
item-5579,sale-1282,INV-2026-1282,2026-05-14 16:02:18,prod-01,Wireless Bluetooth Headset Pro,Electronics & Gadgets,1,89.99,45.0,89.99,45.0,44.99,49.99
item-5580,sale-1282,INV-2026-1282,2026-05-14 16:02:18,prod-10,Organic Green Tea (Box of 50 Bags),Beverages & Drinks,1,7.99,3.8,7.99,3.8,4.19,52.44
item-5581,sale-1283,INV-2026-1283,2026-05-14 14:59:19,prod-15,Raw Honey Jar 500g,Packaged Groceries,2,9.99,4.8,19.98,9.6,10.38,51.95
item-5582,sale-1283,INV-2026-1283,2026-05-14 14:59:19,prod-17,100% Cotton Polo Shirt (Medium),Apparel & Wearables,2,19.99,9.0,39.98,18.0,21.98,54.98
item-5583,sale-1284,INV-2026-1284,2026-05-14 09:48:41,prod-27,Microfiber Facial Towels (Pack of 4),Personal Care,1,6.99,3.0,6.99,3.0,3.99,57.08
item-5584,sale-1284,INV-2026-1284,2026-05-14 09:48:41,prod-01,Wireless Bluetooth Headset Pro,Electronics & Gadgets,2,89.99,45.0,179.98,90.0,89.98,49.99
item-5585,sale-1284,INV-2026-1284,2026-05-14 09:48:41,prod-06,Gel Ink Rollerball Pens (Box of 12),Office Supplies,3,9.99,4.5,29.97,13.5,16.47,54.95
item-5586,sale-1285,INV-2026-1285,2026-05-15 14:17:07,prod-27,Microfiber Facial Towels (Pack of 4),Personal Care,1,6.99,3.0,6.99,3.0,3.99,57.08
item-5587,sale-1286,INV-2026-1286,2026-05-15 15:21:11,prod-10,Organic Green Tea (Box of 50 Bags),Beverages & Drinks,1,7.99,3.8,7.99,3.8,4.19,52.44
item-5588,sale-1286,INV-2026-1286,2026-05-15 15:21:11,prod-03,Mechanical RGB Gaming Keyboard,Electronics & Gadgets,1,74.99,38.0,74.99,38.0,36.99,49.33
item-5589,sale-1286,INV-2026-1286,2026-05-15 15:21:11,prod-13,Organic Extra Virgin Olive Oil 750ml,Packaged Groceries,2,14.99,7.5,29.98,15.0,14.98,49.97
item-5590,sale-1286,INV-2026-1286,2026-05-15 15:21:11,prod-07,Heavy-Duty Desktop Stapler,Office Supplies,1,14.49,7.0,14.49,7.0,7.49,51.69
item-5591,sale-1287,INV-2026-1287,2026-05-15 17:17:51,prod-17,100% Cotton Polo Shirt (Medium),Apparel & Wearables,2,19.99,9.0,39.98,18.0,21.98,54.98
item-5592,sale-1288,INV-2026-1288,2026-05-15 11:34:18,prod-12,Natural Cold Pressed Citrus Juice 1L,Beverages & Drinks,1,4.99,2.2,4.99,2.2,2.79,55.91
item-5593,sale-1289,INV-2026-1289,2026-05-15 13:28:38,prod-20,Breathable Fleece Jacket (Large),Apparel & Wearables,1,44.99,22.0,44.99,22.0,22.99,51.1
item-5594,sale-1290,INV-2026-1290,2026-05-15 09:46:55,prod-21,20V Cordless Power Drill Set,Hardware & Tools,1,109.99,55.0,109.99,55.0,54.99,50.0
item-5595,sale-1290,INV-2026-1290,2026-05-15 09:46:55,prod-04,4K Ultra-HD Monitor 27-inch,Electronics & Gadgets,1,299.99,180.0,299.99,180.0,119.99,40.0
item-5596,sale-1291,INV-2026-1291,2026-05-15 09:04:42,prod-13,Organic Extra Virgin Olive Oil 750ml,Packaged Groceries,4,14.99,7.5,59.96,30.0,29.96,49.97
item-5597,sale-1291,INV-2026-1291,2026-05-15 09:04:42,prod-25,Antibacterial Hand Sanitizer 500ml,Personal Care,2,3.99,1.8,7.98,3.6,4.38,54.89
item-5598,sale-1291,INV-2026-1291,2026-05-15 09:04:42,prod-15,Raw Honey Jar 500g,Packaged Groceries,2,9.99,4.8,19.98,9.6,10.38,51.95
item-5599,sale-1291,INV-2026-1291,2026-05-15 09:04:42,prod-01,Wireless Bluetooth Headset Pro,Electronics & Gadgets,3,89.99,45.0,269.97,135.0,134.97,49.99
item-5600,sale-1291,INV-2026-1291,2026-05-15 09:04:42,prod-18,High-Visibility Safety Vest,Apparel & Wearables,1,11.99,5.2,11.99,5.2,6.79,56.63
item-5601,sale-1292,INV-2026-1292,2026-05-15 19:10:01,prod-18,High-Visibility Safety Vest,Apparel & Wearables,1,11.99,5.2,11.99,5.2,6.79,56.63
item-5602,sale-1293,INV-2026-1293,2026-05-15 10:15:49,prod-26,Gentle Moisturizing Hand Soap 1L,Personal Care,2,5.49,2.5,10.98,5.0,5.98,54.46
item-5603,sale-1293,INV-2026-1293,2026-05-15 10:15:49,prod-10,Organic Green Tea (Box of 50 Bags),Beverages & Drinks,1,7.99,3.8,7.99,3.8,4.19,52.44
item-5604,sale-1293,INV-2026-1293,2026-05-15 10:15:49,prod-07,Heavy-Duty Desktop Stapler,Office Supplies,3,14.49,7.0,43.47,21.0,22.47,51.69
item-5605,sale-1294,INV-2026-1294,2026-05-16 09:38:09,prod-18,High-Visibility Safety Vest,Apparel & Wearables,1,11.99,5.2,11.99,5.2,6.79,56.63
item-5606,sale-1295,INV-2026-1295,2026-05-16 10:36:08,prod-05,A4 Premium Copy Paper 500 Sheets,Office Supplies,3,6.99,3.2,20.97,9.6,11.37,54.22
item-5607,sale-1295,INV-2026-1295,2026-05-16 10:36:08,prod-22,Professional Precision Screwdriver Kit,Hardware & Tools,1,17.99,8.5,17.99,8.5,9.49,52.75
item-5608,sale-1296,INV-2026-1296,2026-05-16 12:07:01,prod-01,Wireless Bluetooth Headset Pro,Electronics & Gadgets,2,89.99,45.0,179.98,90.0,89.98,49.99
item-5609,sale-1297,INV-2026-1297,2026-05-16 17:07:16,prod-15,Raw Honey Jar 500g,Packaged Groceries,1,9.99,4.8,9.99,4.8,5.19,51.95
item-5610,sale-1297,INV-2026-1297,2026-05-16 17:07:16,prod-07,Heavy-Duty Desktop Stapler,Office Supplies,1,14.49,7.0,14.49,7.0,7.49,51.69
item-5611,sale-1298,INV-2026-1298,2026-05-16 18:18:44,prod-29,HEPA Air Purifier Desktop Size,Home Appliances,2,84.99,42.0,169.98,84.0,85.98,50.58
item-5612,sale-1298,INV-2026-1298,2026-05-16 18:18:44,prod-05,A4 Premium Copy Paper 500 Sheets,Office Supplies,1,6.99,3.2,6.99,3.2,3.79,54.22
item-5613,sale-1299,INV-2026-1299,2026-05-16 10:28:11,prod-22,Professional Precision Screwdriver Kit,Hardware & Tools,6,17.99,8.5,107.94,51.0,56.94,52.75
item-5614,sale-1299,INV-2026-1299,2026-05-16 10:28:11,prod-21,20V Cordless Power Drill Set,Hardware & Tools,1,109.99,55.0,109.99,55.0,54.99,50.0
item-5615,sale-1300,INV-2026-1300,2026-05-16 14:42:22,prod-22,Professional Precision Screwdriver Kit,Hardware & Tools,1,17.99,8.5,17.99,8.5,9.49,52.75
item-5616,sale-1301,INV-2026-1301,2026-05-16 13:54:10,prod-02,Ergonomic Optical Wireless Mouse,Electronics & Gadgets,1,24.99,12.5,24.99,12.5,12.49,49.98
item-5617,sale-1302,INV-2026-1302,2026-05-16 17:14:07,prod-06,Gel Ink Rollerball Pens (Box of 12),Office Supplies,1,9.99,4.5,9.99,4.5,5.49,54.95
item-5618,sale-1302,INV-2026-1302,2026-05-16 17:14:07,prod-09,Arabica Whole Bean Coffee 1kg,Beverages & Drinks,1,21.99,11.0,21.99,11.0,10.99,49.98
item-5619,sale-1302,INV-2026-1302,2026-05-16 17:14:07,prod-10,Organic Green Tea (Box of 50 Bags),Beverages & Drinks,2,7.99,3.8,15.98,7.6,8.38,52.44
item-5620,sale-1302,INV-2026-1302,2026-05-16 17:14:07,prod-02,Ergonomic Optical Wireless Mouse,Electronics & Gadgets,1,24.99,12.5,24.99,12.5,12.49,49.98
item-5621,sale-1303,INV-2026-1303,2026-05-16 09:23:35,prod-26,Gentle Moisturizing Hand Soap 1L,Personal Care,1,5.49,2.5,5.49,2.5,2.99,54.46
item-5622,sale-1303,INV-2026-1303,2026-05-16 09:23:35,prod-19,Waterproof Work Gloves (Pair),Apparel & Wearables,1,6.49,2.8,6.49,2.8,3.69,56.86
item-5623,sale-1304,INV-2026-1304,2026-05-16 10:04:19,prod-19,Waterproof Work Gloves (Pair),Apparel & Wearables,6,6.49,2.8,38.94,16.8,22.14,56.86
item-5624,sale-1305,INV-2026-1305,2026-05-16 15:52:36,prod-16,Assorted Roasted Almonds 250g,Packaged Groceries,1,7.49,3.5,7.49,3.5,3.99,53.27
item-5625,sale-1305,INV-2026-1305,2026-05-16 15:52:36,prod-22,Professional Precision Screwdriver Kit,Hardware & Tools,1,17.99,8.5,17.99,8.5,9.49,52.75
item-5626,sale-1306,INV-2026-1306,2026-05-16 19:33:22,prod-27,Microfiber Facial Towels (Pack of 4),Personal Care,2,6.99,3.0,13.98,6.0,7.98,57.08
item-5627,sale-1306,INV-2026-1306,2026-05-16 19:33:22,prod-05,A4 Premium Copy Paper 500 Sheets,Office Supplies,1,6.99,3.2,6.99,3.2,3.79,54.22
item-5628,sale-1307,INV-2026-1307,2026-05-16 11:49:08,prod-03,Mechanical RGB Gaming Keyboard,Electronics & Gadgets,2,74.99,38.0,149.98,76.0,73.98,49.33
item-5629,sale-1307,INV-2026-1307,2026-05-16 11:49:08,prod-12,Natural Cold Pressed Citrus Juice 1L,Beverages & Drinks,1,4.99,2.2,4.99,2.2,2.79,55.91
item-5630,sale-1308,INV-2026-1308,2026-05-16 17:09:19,prod-25,Antibacterial Hand Sanitizer 500ml,Personal Care,1,3.99,1.8,3.99,1.8,2.19,54.89
item-5631,sale-1308,INV-2026-1308,2026-05-16 17:09:19,prod-27,Microfiber Facial Towels (Pack of 4),Personal Care,1,6.99,3.0,6.99,3.0,3.99,57.08
item-5632,sale-1309,INV-2026-1309,2026-05-16 17:57:18,prod-30,Compact Digital Microwave Oven 20L,Home Appliances,4,114.99,58.0,459.96,232.0,227.96,49.56
item-5633,sale-1310,INV-2026-1310,2026-05-16 17:17:08,prod-25,Antibacterial Hand Sanitizer 500ml,Personal Care,2,3.99,1.8,7.98,3.6,4.38,54.89
item-5634,sale-1310,INV-2026-1310,2026-05-16 17:17:08,prod-14,Wholegrain Oats 1kg,Packaged Groceries,1,4.49,2.1,4.49,2.1,2.39,53.23
item-5635,sale-1311,INV-2026-1311,2026-05-17 19:10:37,prod-05,A4 Premium Copy Paper 500 Sheets,Office Supplies,2,6.99,3.2,13.98,6.4,7.58,54.22
item-5636,sale-1311,INV-2026-1311,2026-05-17 19:10:37,prod-25,Antibacterial Hand Sanitizer 500ml,Personal Care,1,3.99,1.8,3.99,1.8,2.19,54.89
item-5637,sale-1311,INV-2026-1311,2026-05-17 19:10:37,prod-24,Heavy-Duty Steel Measuring Tape 8m,Hardware & Tools,1,7.99,3.5,7.99,3.5,4.49,56.2
item-5638,sale-1312,INV-2026-1312,2026-05-17 18:21:53,prod-10,Organic Green Tea (Box of 50 Bags),Beverages & Drinks,1,7.99,3.8,7.99,3.8,4.19,52.44
item-5639,sale-1313,INV-2026-1313,2026-05-17 19:49:36,prod-15,Raw Honey Jar 500g,Packaged Groceries,2,9.99,4.8,19.98,9.6,10.38,51.95
item-5640,sale-1313,INV-2026-1313,2026-05-17 19:49:36,prod-09,Arabica Whole Bean Coffee 1kg,Beverages & Drinks,1,21.99,11.0,21.99,11.0,10.99,49.98
item-5641,sale-1313,INV-2026-1313,2026-05-17 19:49:36,prod-11,Sparkling Mineral Water 500ml (Pack 12),Beverages & Drinks,3,12.99,6.0,38.97,18.0,20.97,53.81
item-5642,sale-1313,INV-2026-1313,2026-05-17 19:49:36,prod-12,Natural Cold Pressed Citrus Juice 1L,Beverages & Drinks,1,4.99,2.2,4.99,2.2,2.79,55.91
item-5643,sale-1314,INV-2026-1314,2026-05-17 19:01:31,prod-25,Antibacterial Hand Sanitizer 500ml,Personal Care,3,3.99,1.8,11.97,5.4,6.57,54.89
item-5644,sale-1314,INV-2026-1314,2026-05-17 19:01:31,prod-06,Gel Ink Rollerball Pens (Box of 12),Office Supplies,3,9.99,4.5,29.97,13.5,16.47,54.95
item-5645,sale-1314,INV-2026-1314,2026-05-17 19:01:31,prod-27,Microfiber Facial Towels (Pack of 4),Personal Care,2,6.99,3.0,13.98,6.0,7.98,57.08
item-5646,sale-1314,INV-2026-1314,2026-05-17 19:01:31,prod-04,4K Ultra-HD Monitor 27-inch,Electronics & Gadgets,2,299.99,180.0,599.98,360.0,239.98,40.0
item-5647,sale-1314,INV-2026-1314,2026-05-17 19:01:31,prod-11,Sparkling Mineral Water 500ml (Pack 12),Beverages & Drinks,1,12.99,6.0,12.99,6.0,6.99,53.81
item-5648,sale-1315,INV-2026-1315,2026-05-17 13:30:15,prod-11,Sparkling Mineral Water 500ml (Pack 12),Beverages & Drinks,1,12.99,6.0,12.99,6.0,6.99,53.81
item-5649,sale-1316,INV-2026-1316,2026-05-17 10:44:03,prod-10,Organic Green Tea (Box of 50 Bags),Beverages & Drinks,2,7.99,3.8,15.98,7.6,8.38,52.44
item-5650,sale-1316,INV-2026-1316,2026-05-17 10:44:03,prod-28,Electric Stainless Steel Kettle 1.7L,Home Appliances,3,27.99,14.0,83.97,42.0,41.97,49.98
item-5651,sale-1317,INV-2026-1317,2026-05-17 14:38:09,prod-25,Antibacterial Hand Sanitizer 500ml,Personal Care,4,3.99,1.8,15.96,7.2,8.76,54.89
item-5652,sale-1318,INV-2026-1318,2026-05-18 14:25:08,prod-05,A4 Premium Copy Paper 500 Sheets,Office Supplies,1,6.99,3.2,6.99,3.2,3.79,54.22
item-5653,sale-1318,INV-2026-1318,2026-05-18 14:25:08,prod-14,Wholegrain Oats 1kg,Packaged Groceries,1,4.49,2.1,4.49,2.1,2.39,53.23
item-5654,sale-1318,INV-2026-1318,2026-05-18 14:25:08,prod-11,Sparkling Mineral Water 500ml (Pack 12),Beverages & Drinks,1,12.99,6.0,12.99,6.0,6.99,53.81
item-5655,sale-1319,INV-2026-1319,2026-05-18 12:29:07,prod-05,A4 Premium Copy Paper 500 Sheets,Office Supplies,4,6.99,3.2,27.96,12.8,15.16,54.22
item-5656,sale-1320,INV-2026-1320,2026-05-18 13:24:55,prod-28,Electric Stainless Steel Kettle 1.7L,Home Appliances,1,27.99,14.0,27.99,14.0,13.99,49.98
item-5657,sale-1320,INV-2026-1320,2026-05-18 13:24:55,prod-12,Natural Cold Pressed Citrus Juice 1L,Beverages & Drinks,1,4.99,2.2,4.99,2.2,2.79,55.91
item-5658,sale-1321,INV-2026-1321,2026-05-18 18:46:20,prod-03,Mechanical RGB Gaming Keyboard,Electronics & Gadgets,1,74.99,38.0,74.99,38.0,36.99,49.33
item-5659,sale-1321,INV-2026-1321,2026-05-18 18:46:20,prod-19,Waterproof Work Gloves (Pair),Apparel & Wearables,2,6.49,2.8,12.98,5.6,7.38,56.86
item-5660,sale-1322,INV-2026-1322,2026-05-18 16:31:56,prod-05,A4 Premium Copy Paper 500 Sheets,Office Supplies,2,6.99,3.2,13.98,6.4,7.58,54.22
item-5661,sale-1322,INV-2026-1322,2026-05-18 16:31:56,prod-02,Ergonomic Optical Wireless Mouse,Electronics & Gadgets,1,24.99,12.5,24.99,12.5,12.49,49.98
item-5662,sale-1323,INV-2026-1323,2026-05-18 17:29:15,prod-30,Compact Digital Microwave Oven 20L,Home Appliances,1,114.99,58.0,114.99,58.0,56.99,49.56
item-5663,sale-1324,INV-2026-1324,2026-05-18 16:38:56,prod-29,HEPA Air Purifier Desktop Size,Home Appliances,1,84.99,42.0,84.99,42.0,42.99,50.58
item-5664,sale-1324,INV-2026-1324,2026-05-18 16:38:56,prod-07,Heavy-Duty Desktop Stapler,Office Supplies,1,14.49,7.0,14.49,7.0,7.49,51.69
item-5665,sale-1325,INV-2026-1325,2026-05-18 09:54:06,prod-03,Mechanical RGB Gaming Keyboard,Electronics & Gadgets,2,74.99,38.0,149.98,76.0,73.98,49.33
item-5666,sale-1326,INV-2026-1326,2026-05-18 15:23:02,prod-14,Wholegrain Oats 1kg,Packaged Groceries,6,4.49,2.1,26.94,12.6,14.34,53.23
item-5667,sale-1327,INV-2026-1327,2026-05-18 17:18:04,prod-18,High-Visibility Safety Vest,Apparel & Wearables,1,11.99,5.2,11.99,5.2,6.79,56.63
item-5668,sale-1327,INV-2026-1327,2026-05-18 17:18:04,prod-09,Arabica Whole Bean Coffee 1kg,Beverages & Drinks,1,21.99,11.0,21.99,11.0,10.99,49.98
item-5669,sale-1327,INV-2026-1327,2026-05-18 17:18:04,prod-15,Raw Honey Jar 500g,Packaged Groceries,3,9.99,4.8,29.97,14.4,15.57,51.95
item-5670,sale-1328,INV-2026-1328,2026-05-18 18:43:39,prod-06,Gel Ink Rollerball Pens (Box of 12),Office Supplies,1,9.99,4.5,9.99,4.5,5.49,54.95
item-5671,sale-1328,INV-2026-1328,2026-05-18 18:43:39,prod-10,Organic Green Tea (Box of 50 Bags),Beverages & Drinks,3,7.99,3.8,23.97,11.4,12.57,52.44
item-5672,sale-1329,INV-2026-1329,2026-05-18 14:35:23,prod-24,Heavy-Duty Steel Measuring Tape 8m,Hardware & Tools,1,7.99,3.5,7.99,3.5,4.49,56.2
item-5673,sale-1329,INV-2026-1329,2026-05-18 14:35:23,prod-01,Wireless Bluetooth Headset Pro,Electronics & Gadgets,1,89.99,45.0,89.99,45.0,44.99,49.99
item-5674,sale-1329,INV-2026-1329,2026-05-18 14:35:23,prod-12,Natural Cold Pressed Citrus Juice 1L,Beverages & Drinks,1,4.99,2.2,4.99,2.2,2.79,55.91
item-5675,sale-1330,INV-2026-1330,2026-05-19 17:02:02,prod-05,A4 Premium Copy Paper 500 Sheets,Office Supplies,1,6.99,3.2,6.99,3.2,3.79,54.22
item-5676,sale-1330,INV-2026-1330,2026-05-19 17:02:02,prod-15,Raw Honey Jar 500g,Packaged Groceries,1,9.99,4.8,9.99,4.8,5.19,51.95
item-5677,sale-1330,INV-2026-1330,2026-05-19 17:02:02,prod-06,Gel Ink Rollerball Pens (Box of 12),Office Supplies,6,9.99,4.5,59.94,27.0,32.94,54.95
item-5678,sale-1331,INV-2026-1331,2026-05-19 17:29:09,prod-27,Microfiber Facial Towels (Pack of 4),Personal Care,1,6.99,3.0,6.99,3.0,3.99,57.08
item-5679,sale-1331,INV-2026-1331,2026-05-19 17:29:09,prod-13,Organic Extra Virgin Olive Oil 750ml,Packaged Groceries,1,14.99,7.5,14.99,7.5,7.49,49.97
item-5680,sale-1331,INV-2026-1331,2026-05-19 17:29:09,prod-04,4K Ultra-HD Monitor 27-inch,Electronics & Gadgets,3,299.99,180.0,899.97,540.0,359.97,40.0
item-5681,sale-1332,INV-2026-1332,2026-05-19 18:20:10,prod-13,Organic Extra Virgin Olive Oil 750ml,Packaged Groceries,1,14.99,7.5,14.99,7.5,7.49,49.97
item-5682,sale-1333,INV-2026-1333,2026-05-19 17:53:32,prod-22,Professional Precision Screwdriver Kit,Hardware & Tools,1,17.99,8.5,17.99,8.5,9.49,52.75
item-5683,sale-1334,INV-2026-1334,2026-05-19 09:23:21,prod-11,Sparkling Mineral Water 500ml (Pack 12),Beverages & Drinks,1,12.99,6.0,12.99,6.0,6.99,53.81
item-5684,sale-1335,INV-2026-1335,2026-05-19 19:01:38,prod-26,Gentle Moisturizing Hand Soap 1L,Personal Care,1,5.49,2.5,5.49,2.5,2.99,54.46
item-5685,sale-1335,INV-2026-1335,2026-05-19 19:01:38,prod-27,Microfiber Facial Towels (Pack of 4),Personal Care,2,6.99,3.0,13.98,6.0,7.98,57.08
item-5686,sale-1335,INV-2026-1335,2026-05-19 19:01:38,prod-25,Antibacterial Hand Sanitizer 500ml,Personal Care,1,3.99,1.8,3.99,1.8,2.19,54.89
item-5687,sale-1336,INV-2026-1336,2026-05-19 09:37:30,prod-25,Antibacterial Hand Sanitizer 500ml,Personal Care,1,3.99,1.8,3.99,1.8,2.19,54.89
item-5688,sale-1337,INV-2026-1337,2026-05-20 15:09:52,prod-19,Waterproof Work Gloves (Pair),Apparel & Wearables,2,6.49,2.8,12.98,5.6,7.38,56.86
item-5689,sale-1337,INV-2026-1337,2026-05-20 15:09:52,prod-26,Gentle Moisturizing Hand Soap 1L,Personal Care,2,5.49,2.5,10.98,5.0,5.98,54.46
item-5690,sale-1338,INV-2026-1338,2026-05-20 10:12:01,prod-14,Wholegrain Oats 1kg,Packaged Groceries,1,4.49,2.1,4.49,2.1,2.39,53.23
item-5691,sale-1339,INV-2026-1339,2026-05-20 12:26:32,prod-14,Wholegrain Oats 1kg,Packaged Groceries,1,4.49,2.1,4.49,2.1,2.39,53.23
item-5692,sale-1339,INV-2026-1339,2026-05-20 12:26:32,prod-20,Breathable Fleece Jacket (Large),Apparel & Wearables,2,44.99,22.0,89.98,44.0,45.98,51.1
item-5693,sale-1339,INV-2026-1339,2026-05-20 12:26:32,prod-01,Wireless Bluetooth Headset Pro,Electronics & Gadgets,1,89.99,45.0,89.99,45.0,44.99,49.99
item-5694,sale-1340,INV-2026-1340,2026-05-20 17:13:35,prod-01,Wireless Bluetooth Headset Pro,Electronics & Gadgets,4,89.99,45.0,359.96,180.0,179.96,49.99
item-5695,sale-1341,INV-2026-1341,2026-05-20 14:11:29,prod-10,Organic Green Tea (Box of 50 Bags),Beverages & Drinks,2,7.99,3.8,15.98,7.6,8.38,52.44
item-5696,sale-1341,INV-2026-1341,2026-05-20 14:11:29,prod-09,Arabica Whole Bean Coffee 1kg,Beverages & Drinks,1,21.99,11.0,21.99,11.0,10.99,49.98
item-5697,sale-1341,INV-2026-1341,2026-05-20 14:11:29,prod-25,Antibacterial Hand Sanitizer 500ml,Personal Care,1,3.99,1.8,3.99,1.8,2.19,54.89
item-5698,sale-1342,INV-2026-1342,2026-05-20 19:41:51,prod-19,Waterproof Work Gloves (Pair),Apparel & Wearables,2,6.49,2.8,12.98,5.6,7.38,56.86
item-5699,sale-1343,INV-2026-1343,2026-05-20 12:17:35,prod-01,Wireless Bluetooth Headset Pro,Electronics & Gadgets,1,89.99,45.0,89.99,45.0,44.99,49.99
item-5700,sale-1344,INV-2026-1344,2026-05-21 16:20:30,prod-09,Arabica Whole Bean Coffee 1kg,Beverages & Drinks,1,21.99,11.0,21.99,11.0,10.99,49.98
item-5701,sale-1344,INV-2026-1344,2026-05-21 16:20:30,prod-24,Heavy-Duty Steel Measuring Tape 8m,Hardware & Tools,2,7.99,3.5,15.98,7.0,8.98,56.2
item-5702,sale-1344,INV-2026-1344,2026-05-21 16:20:30,prod-18,High-Visibility Safety Vest,Apparel & Wearables,2,11.99,5.2,23.98,10.4,13.58,56.63
item-5703,sale-1344,INV-2026-1344,2026-05-21 16:20:30,prod-11,Sparkling Mineral Water 500ml (Pack 12),Beverages & Drinks,2,12.99,6.0,25.98,12.0,13.98,53.81
item-5704,sale-1344,INV-2026-1344,2026-05-21 16:20:30,prod-06,Gel Ink Rollerball Pens (Box of 12),Office Supplies,1,9.99,4.5,9.99,4.5,5.49,54.95
item-5705,sale-1345,INV-2026-1345,2026-05-21 18:43:34,prod-28,Electric Stainless Steel Kettle 1.7L,Home Appliances,2,27.99,14.0,55.98,28.0,27.98,49.98
item-5706,sale-1346,INV-2026-1346,2026-05-21 11:18:02,prod-28,Electric Stainless Steel Kettle 1.7L,Home Appliances,2,27.99,14.0,55.98,28.0,27.98,49.98
item-5707,sale-1347,INV-2026-1347,2026-05-21 16:41:16,prod-23,Digital Laser Distance Meter 50m,Hardware & Tools,2,36.99,18.0,73.98,36.0,37.98,51.34
item-5708,sale-1347,INV-2026-1347,2026-05-21 16:41:16,prod-25,Antibacterial Hand Sanitizer 500ml,Personal Care,1,3.99,1.8,3.99,1.8,2.19,54.89
item-5709,sale-1348,INV-2026-1348,2026-05-21 13:59:35,prod-27,Microfiber Facial Towels (Pack of 4),Personal Care,1,6.99,3.0,6.99,3.0,3.99,57.08
item-5710,sale-1349,INV-2026-1349,2026-05-21 18:15:15,prod-12,Natural Cold Pressed Citrus Juice 1L,Beverages & Drinks,1,4.99,2.2,4.99,2.2,2.79,55.91
item-5711,sale-1350,INV-2026-1350,2026-05-21 12:03:06,prod-27,Microfiber Facial Towels (Pack of 4),Personal Care,1,6.99,3.0,6.99,3.0,3.99,57.08
item-5712,sale-1350,INV-2026-1350,2026-05-21 12:03:06,prod-07,Heavy-Duty Desktop Stapler,Office Supplies,1,14.49,7.0,14.49,7.0,7.49,51.69
item-5713,sale-1351,INV-2026-1351,2026-05-21 11:00:35,prod-19,Waterproof Work Gloves (Pair),Apparel & Wearables,3,6.49,2.8,19.47,8.4,11.07,56.86
item-5714,sale-1351,INV-2026-1351,2026-05-21 11:00:35,prod-09,Arabica Whole Bean Coffee 1kg,Beverages & Drinks,1,21.99,11.0,21.99,11.0,10.99,49.98
item-5715,sale-1351,INV-2026-1351,2026-05-21 11:00:35,prod-25,Antibacterial Hand Sanitizer 500ml,Personal Care,2,3.99,1.8,7.98,3.6,4.38,54.89
item-5716,sale-1351,INV-2026-1351,2026-05-21 11:00:35,prod-26,Gentle Moisturizing Hand Soap 1L,Personal Care,1,5.49,2.5,5.49,2.5,2.99,54.46
item-5717,sale-1352,INV-2026-1352,2026-05-21 16:30:41,prod-22,Professional Precision Screwdriver Kit,Hardware & Tools,1,17.99,8.5,17.99,8.5,9.49,52.75
item-5718,sale-1352,INV-2026-1352,2026-05-21 16:30:41,prod-24,Heavy-Duty Steel Measuring Tape 8m,Hardware & Tools,1,7.99,3.5,7.99,3.5,4.49,56.2
item-5719,sale-1352,INV-2026-1352,2026-05-21 16:30:41,prod-19,Waterproof Work Gloves (Pair),Apparel & Wearables,6,6.49,2.8,38.94,16.8,22.14,56.86
item-5720,sale-1353,INV-2026-1353,2026-05-22 09:58:49,prod-25,Antibacterial Hand Sanitizer 500ml,Personal Care,3,3.99,1.8,11.97,5.4,6.57,54.89
item-5721,sale-1353,INV-2026-1353,2026-05-22 09:58:49,prod-06,Gel Ink Rollerball Pens (Box of 12),Office Supplies,2,9.99,4.5,19.98,9.0,10.98,54.95
item-5722,sale-1353,INV-2026-1353,2026-05-22 09:58:49,prod-14,Wholegrain Oats 1kg,Packaged Groceries,1,4.49,2.1,4.49,2.1,2.39,53.23
item-5723,sale-1354,INV-2026-1354,2026-05-22 09:58:58,prod-14,Wholegrain Oats 1kg,Packaged Groceries,1,4.49,2.1,4.49,2.1,2.39,53.23
item-5724,sale-1354,INV-2026-1354,2026-05-22 09:58:58,prod-09,Arabica Whole Bean Coffee 1kg,Beverages & Drinks,2,21.99,11.0,43.98,22.0,21.98,49.98
item-5725,sale-1355,INV-2026-1355,2026-05-22 09:53:25,prod-19,Waterproof Work Gloves (Pair),Apparel & Wearables,1,6.49,2.8,6.49,2.8,3.69,56.86
item-5726,sale-1355,INV-2026-1355,2026-05-22 09:53:25,prod-24,Heavy-Duty Steel Measuring Tape 8m,Hardware & Tools,1,7.99,3.5,7.99,3.5,4.49,56.2
item-5727,sale-1355,INV-2026-1355,2026-05-22 09:53:25,prod-05,A4 Premium Copy Paper 500 Sheets,Office Supplies,1,6.99,3.2,6.99,3.2,3.79,54.22
item-5728,sale-1356,INV-2026-1356,2026-05-22 09:19:36,prod-29,HEPA Air Purifier Desktop Size,Home Appliances,2,84.99,42.0,169.98,84.0,85.98,50.58
item-5729,sale-1356,INV-2026-1356,2026-05-22 09:19:36,prod-03,Mechanical RGB Gaming Keyboard,Electronics & Gadgets,1,74.99,38.0,74.99,38.0,36.99,49.33
item-5730,sale-1356,INV-2026-1356,2026-05-22 09:19:36,prod-11,Sparkling Mineral Water 500ml (Pack 12),Beverages & Drinks,1,12.99,6.0,12.99,6.0,6.99,53.81
item-5731,sale-1357,INV-2026-1357,2026-05-22 19:34:33,prod-18,High-Visibility Safety Vest,Apparel & Wearables,2,11.99,5.2,23.98,10.4,13.58,56.63
item-5732,sale-1357,INV-2026-1357,2026-05-22 19:34:33,prod-06,Gel Ink Rollerball Pens (Box of 12),Office Supplies,1,9.99,4.5,9.99,4.5,5.49,54.95
item-5733,sale-1357,INV-2026-1357,2026-05-22 19:34:33,prod-10,Organic Green Tea (Box of 50 Bags),Beverages & Drinks,1,7.99,3.8,7.99,3.8,4.19,52.44
item-5734,sale-1358,INV-2026-1358,2026-05-22 12:51:07,prod-01,Wireless Bluetooth Headset Pro,Electronics & Gadgets,4,89.99,45.0,359.96,180.0,179.96,49.99
item-5735,sale-1358,INV-2026-1358,2026-05-22 12:51:07,prod-23,Digital Laser Distance Meter 50m,Hardware & Tools,1,36.99,18.0,36.99,18.0,18.99,51.34
item-5736,sale-1358,INV-2026-1358,2026-05-22 12:51:07,prod-06,Gel Ink Rollerball Pens (Box of 12),Office Supplies,1,9.99,4.5,9.99,4.5,5.49,54.95
item-5737,sale-1359,INV-2026-1359,2026-05-22 11:00:47,prod-09,Arabica Whole Bean Coffee 1kg,Beverages & Drinks,3,21.99,11.0,65.97,33.0,32.97,49.98
item-5738,sale-1360,INV-2026-1360,2026-05-22 12:11:39,prod-10,Organic Green Tea (Box of 50 Bags),Beverages & Drinks,1,7.99,3.8,7.99,3.8,4.19,52.44
item-5739,sale-1360,INV-2026-1360,2026-05-22 12:11:39,prod-12,Natural Cold Pressed Citrus Juice 1L,Beverages & Drinks,1,4.99,2.2,4.99,2.2,2.79,55.91
item-5740,sale-1360,INV-2026-1360,2026-05-22 12:11:39,prod-22,Professional Precision Screwdriver Kit,Hardware & Tools,2,17.99,8.5,35.98,17.0,18.98,52.75
item-5741,sale-1360,INV-2026-1360,2026-05-22 12:11:39,prod-26,Gentle Moisturizing Hand Soap 1L,Personal Care,1,5.49,2.5,5.49,2.5,2.99,54.46
item-5742,sale-1360,INV-2026-1360,2026-05-22 12:11:39,prod-17,100% Cotton Polo Shirt (Medium),Apparel & Wearables,2,19.99,9.0,39.98,18.0,21.98,54.98
item-5743,sale-1361,INV-2026-1361,2026-05-22 10:25:42,prod-25,Antibacterial Hand Sanitizer 500ml,Personal Care,1,3.99,1.8,3.99,1.8,2.19,54.89
item-5744,sale-1362,INV-2026-1362,2026-05-22 12:00:16,prod-13,Organic Extra Virgin Olive Oil 750ml,Packaged Groceries,1,14.99,7.5,14.99,7.5,7.49,49.97
item-5745,sale-1362,INV-2026-1362,2026-05-22 12:00:16,prod-19,Waterproof Work Gloves (Pair),Apparel & Wearables,1,6.49,2.8,6.49,2.8,3.69,56.86
item-5746,sale-1363,INV-2026-1363,2026-05-22 13:37:46,prod-16,Assorted Roasted Almonds 250g,Packaged Groceries,2,7.49,3.5,14.98,7.0,7.98,53.27
item-5747,sale-1363,INV-2026-1363,2026-05-22 13:37:46,prod-17,100% Cotton Polo Shirt (Medium),Apparel & Wearables,2,19.99,9.0,39.98,18.0,21.98,54.98
item-5748,sale-1364,INV-2026-1364,2026-05-23 09:42:07,prod-25,Antibacterial Hand Sanitizer 500ml,Personal Care,1,3.99,1.8,3.99,1.8,2.19,54.89
item-5749,sale-1365,INV-2026-1365,2026-05-23 13:44:07,prod-02,Ergonomic Optical Wireless Mouse,Electronics & Gadgets,1,24.99,12.5,24.99,12.5,12.49,49.98
item-5750,sale-1366,INV-2026-1366,2026-05-23 12:08:30,prod-21,20V Cordless Power Drill Set,Hardware & Tools,1,109.99,55.0,109.99,55.0,54.99,50.0
item-5751,sale-1366,INV-2026-1366,2026-05-23 12:08:30,prod-25,Antibacterial Hand Sanitizer 500ml,Personal Care,1,3.99,1.8,3.99,1.8,2.19,54.89
item-5752,sale-1366,INV-2026-1366,2026-05-23 12:08:30,prod-14,Wholegrain Oats 1kg,Packaged Groceries,1,4.49,2.1,4.49,2.1,2.39,53.23
item-5753,sale-1367,INV-2026-1367,2026-05-23 17:58:30,prod-03,Mechanical RGB Gaming Keyboard,Electronics & Gadgets,1,74.99,38.0,74.99,38.0,36.99,49.33
item-5754,sale-1367,INV-2026-1367,2026-05-23 17:58:30,prod-06,Gel Ink Rollerball Pens (Box of 12),Office Supplies,2,9.99,4.5,19.98,9.0,10.98,54.95
item-5755,sale-1368,INV-2026-1368,2026-05-23 19:48:38,prod-27,Microfiber Facial Towels (Pack of 4),Personal Care,1,6.99,3.0,6.99,3.0,3.99,57.08
item-5756,sale-1368,INV-2026-1368,2026-05-23 19:48:38,prod-19,Waterproof Work Gloves (Pair),Apparel & Wearables,3,6.49,2.8,19.47,8.4,11.07,56.86
item-5757,sale-1368,INV-2026-1368,2026-05-23 19:48:38,prod-12,Natural Cold Pressed Citrus Juice 1L,Beverages & Drinks,1,4.99,2.2,4.99,2.2,2.79,55.91
item-5758,sale-1368,INV-2026-1368,2026-05-23 19:48:38,prod-24,Heavy-Duty Steel Measuring Tape 8m,Hardware & Tools,1,7.99,3.5,7.99,3.5,4.49,56.2
item-5759,sale-1368,INV-2026-1368,2026-05-23 19:48:38,prod-03,Mechanical RGB Gaming Keyboard,Electronics & Gadgets,1,74.99,38.0,74.99,38.0,36.99,49.33
item-5760,sale-1369,INV-2026-1369,2026-05-23 14:04:58,prod-10,Organic Green Tea (Box of 50 Bags),Beverages & Drinks,1,7.99,3.8,7.99,3.8,4.19,52.44
item-5761,sale-1370,INV-2026-1370,2026-05-23 12:36:34,prod-01,Wireless Bluetooth Headset Pro,Electronics & Gadgets,3,89.99,45.0,269.97,135.0,134.97,49.99
item-5762,sale-1371,INV-2026-1371,2026-05-23 19:13:45,prod-14,Wholegrain Oats 1kg,Packaged Groceries,1,4.49,2.1,4.49,2.1,2.39,53.23
item-5763,sale-1372,INV-2026-1372,2026-05-23 09:29:08,prod-07,Heavy-Duty Desktop Stapler,Office Supplies,1,14.49,7.0,14.49,7.0,7.49,51.69
item-5764,sale-1372,INV-2026-1372,2026-05-23 09:29:08,prod-12,Natural Cold Pressed Citrus Juice 1L,Beverages & Drinks,2,4.99,2.2,9.98,4.4,5.58,55.91
item-5765,sale-1372,INV-2026-1372,2026-05-23 09:29:08,prod-26,Gentle Moisturizing Hand Soap 1L,Personal Care,1,5.49,2.5,5.49,2.5,2.99,54.46
item-5766,sale-1372,INV-2026-1372,2026-05-23 09:29:08,prod-25,Antibacterial Hand Sanitizer 500ml,Personal Care,1,3.99,1.8,3.99,1.8,2.19,54.89
item-5767,sale-1373,INV-2026-1373,2026-05-23 16:43:51,prod-02,Ergonomic Optical Wireless Mouse,Electronics & Gadgets,2,24.99,12.5,49.98,25.0,24.98,49.98
item-5768,sale-1374,INV-2026-1374,2026-05-23 09:47:13,prod-12,Natural Cold Pressed Citrus Juice 1L,Beverages & Drinks,2,4.99,2.2,9.98,4.4,5.58,55.91
item-5769,sale-1374,INV-2026-1374,2026-05-23 09:47:13,prod-22,Professional Precision Screwdriver Kit,Hardware & Tools,1,17.99,8.5,17.99,8.5,9.49,52.75
item-5770,sale-1375,INV-2026-1375,2026-05-24 10:34:03,prod-19,Waterproof Work Gloves (Pair),Apparel & Wearables,1,6.49,2.8,6.49,2.8,3.69,56.86
item-5771,sale-1375,INV-2026-1375,2026-05-24 10:34:03,prod-27,Microfiber Facial Towels (Pack of 4),Personal Care,1,6.99,3.0,6.99,3.0,3.99,57.08
item-5772,sale-1375,INV-2026-1375,2026-05-24 10:34:03,prod-02,Ergonomic Optical Wireless Mouse,Electronics & Gadgets,1,24.99,12.5,24.99,12.5,12.49,49.98
item-5773,sale-1376,INV-2026-1376,2026-05-24 15:11:49,prod-26,Gentle Moisturizing Hand Soap 1L,Personal Care,1,5.49,2.5,5.49,2.5,2.99,54.46
item-5774,sale-1377,INV-2026-1377,2026-05-24 15:28:55,prod-24,Heavy-Duty Steel Measuring Tape 8m,Hardware & Tools,1,7.99,3.5,7.99,3.5,4.49,56.2
item-5775,sale-1378,INV-2026-1378,2026-05-24 19:55:34,prod-02,Ergonomic Optical Wireless Mouse,Electronics & Gadgets,1,24.99,12.5,24.99,12.5,12.49,49.98
item-5776,sale-1378,INV-2026-1378,2026-05-24 19:55:34,prod-13,Organic Extra Virgin Olive Oil 750ml,Packaged Groceries,3,14.99,7.5,44.97,22.5,22.47,49.97
item-5777,sale-1378,INV-2026-1378,2026-05-24 19:55:34,prod-01,Wireless Bluetooth Headset Pro,Electronics & Gadgets,1,89.99,45.0,89.99,45.0,44.99,49.99
item-5778,sale-1379,INV-2026-1379,2026-05-24 17:25:33,prod-11,Sparkling Mineral Water 500ml (Pack 12),Beverages & Drinks,3,12.99,6.0,38.97,18.0,20.97,53.81
item-5779,sale-1379,INV-2026-1379,2026-05-24 17:25:33,prod-10,Organic Green Tea (Box of 50 Bags),Beverages & Drinks,1,7.99,3.8,7.99,3.8,4.19,52.44
item-5780,sale-1380,INV-2026-1380,2026-05-24 13:29:43,prod-28,Electric Stainless Steel Kettle 1.7L,Home Appliances,4,27.99,14.0,111.96,56.0,55.96,49.98
item-5781,sale-1380,INV-2026-1380,2026-05-24 13:29:43,prod-16,Assorted Roasted Almonds 250g,Packaged Groceries,1,7.49,3.5,7.49,3.5,3.99,53.27
item-5782,sale-1381,INV-2026-1381,2026-05-24 12:15:29,prod-07,Heavy-Duty Desktop Stapler,Office Supplies,6,14.49,7.0,86.94,42.0,44.94,51.69
item-5783,sale-1381,INV-2026-1381,2026-05-24 12:15:29,prod-22,Professional Precision Screwdriver Kit,Hardware & Tools,1,17.99,8.5,17.99,8.5,9.49,52.75
item-5784,sale-1382,INV-2026-1382,2026-05-25 10:02:51,prod-06,Gel Ink Rollerball Pens (Box of 12),Office Supplies,1,9.99,4.5,9.99,4.5,5.49,54.95
item-5785,sale-1382,INV-2026-1382,2026-05-25 10:02:51,prod-16,Assorted Roasted Almonds 250g,Packaged Groceries,6,7.49,3.5,44.94,21.0,23.94,53.27
item-5786,sale-1383,INV-2026-1383,2026-05-25 10:06:38,prod-10,Organic Green Tea (Box of 50 Bags),Beverages & Drinks,1,7.99,3.8,7.99,3.8,4.19,52.44
item-5787,sale-1383,INV-2026-1383,2026-05-25 10:06:38,prod-04,4K Ultra-HD Monitor 27-inch,Electronics & Gadgets,1,299.99,180.0,299.99,180.0,119.99,40.0
item-5788,sale-1384,INV-2026-1384,2026-05-25 09:25:28,prod-25,Antibacterial Hand Sanitizer 500ml,Personal Care,1,3.99,1.8,3.99,1.8,2.19,54.89
item-5789,sale-1385,INV-2026-1385,2026-05-25 13:14:52,prod-04,4K Ultra-HD Monitor 27-inch,Electronics & Gadgets,2,299.99,180.0,599.98,360.0,239.98,40.0
item-5790,sale-1385,INV-2026-1385,2026-05-25 13:14:52,prod-25,Antibacterial Hand Sanitizer 500ml,Personal Care,1,3.99,1.8,3.99,1.8,2.19,54.89
item-5791,sale-1386,INV-2026-1386,2026-05-25 19:52:20,prod-15,Raw Honey Jar 500g,Packaged Groceries,1,9.99,4.8,9.99,4.8,5.19,51.95
item-5792,sale-1386,INV-2026-1386,2026-05-25 19:52:20,prod-03,Mechanical RGB Gaming Keyboard,Electronics & Gadgets,1,74.99,38.0,74.99,38.0,36.99,49.33
item-5793,sale-1386,INV-2026-1386,2026-05-25 19:52:20,prod-13,Organic Extra Virgin Olive Oil 750ml,Packaged Groceries,4,14.99,7.5,59.96,30.0,29.96,49.97
item-5794,sale-1387,INV-2026-1387,2026-05-25 17:14:26,prod-19,Waterproof Work Gloves (Pair),Apparel & Wearables,2,6.49,2.8,12.98,5.6,7.38,56.86
item-5795,sale-1387,INV-2026-1387,2026-05-25 17:14:26,prod-13,Organic Extra Virgin Olive Oil 750ml,Packaged Groceries,1,14.99,7.5,14.99,7.5,7.49,49.97
item-5796,sale-1387,INV-2026-1387,2026-05-25 17:14:26,prod-11,Sparkling Mineral Water 500ml (Pack 12),Beverages & Drinks,1,12.99,6.0,12.99,6.0,6.99,53.81
item-5797,sale-1388,INV-2026-1388,2026-05-25 11:40:43,prod-25,Antibacterial Hand Sanitizer 500ml,Personal Care,1,3.99,1.8,3.99,1.8,2.19,54.89
item-5798,sale-1388,INV-2026-1388,2026-05-25 11:40:43,prod-13,Organic Extra Virgin Olive Oil 750ml,Packaged Groceries,2,14.99,7.5,29.98,15.0,14.98,49.97
item-5799,sale-1389,INV-2026-1389,2026-05-25 19:42:24,prod-07,Heavy-Duty Desktop Stapler,Office Supplies,1,14.49,7.0,14.49,7.0,7.49,51.69
item-5800,sale-1390,INV-2026-1390,2026-05-26 13:24:11,prod-06,Gel Ink Rollerball Pens (Box of 12),Office Supplies,3,9.99,4.5,29.97,13.5,16.47,54.95
item-5801,sale-1390,INV-2026-1390,2026-05-26 13:24:11,prod-26,Gentle Moisturizing Hand Soap 1L,Personal Care,3,5.49,2.5,16.47,7.5,8.97,54.46
item-5802,sale-1391,INV-2026-1391,2026-05-26 13:54:45,prod-13,Organic Extra Virgin Olive Oil 750ml,Packaged Groceries,6,14.99,7.5,89.94,45.0,44.94,49.97
item-5803,sale-1392,INV-2026-1392,2026-05-26 15:35:33,prod-01,Wireless Bluetooth Headset Pro,Electronics & Gadgets,3,89.99,45.0,269.97,135.0,134.97,49.99
item-5804,sale-1392,INV-2026-1392,2026-05-26 15:35:33,prod-02,Ergonomic Optical Wireless Mouse,Electronics & Gadgets,1,24.99,12.5,24.99,12.5,12.49,49.98
item-5805,sale-1392,INV-2026-1392,2026-05-26 15:35:33,prod-13,Organic Extra Virgin Olive Oil 750ml,Packaged Groceries,1,14.99,7.5,14.99,7.5,7.49,49.97
item-5806,sale-1393,INV-2026-1393,2026-05-26 19:05:59,prod-19,Waterproof Work Gloves (Pair),Apparel & Wearables,3,6.49,2.8,19.47,8.4,11.07,56.86
item-5807,sale-1394,INV-2026-1394,2026-05-26 12:03:17,prod-24,Heavy-Duty Steel Measuring Tape 8m,Hardware & Tools,4,7.99,3.5,31.96,14.0,17.96,56.2
item-5808,sale-1395,INV-2026-1395,2026-05-26 10:12:51,prod-14,Wholegrain Oats 1kg,Packaged Groceries,1,4.49,2.1,4.49,2.1,2.39,53.23
item-5809,sale-1396,INV-2026-1396,2026-05-26 12:55:58,prod-16,Assorted Roasted Almonds 250g,Packaged Groceries,1,7.49,3.5,7.49,3.5,3.99,53.27
item-5810,sale-1396,INV-2026-1396,2026-05-26 12:55:58,prod-18,High-Visibility Safety Vest,Apparel & Wearables,3,11.99,5.2,35.97,15.6,20.37,56.63
item-5811,sale-1396,INV-2026-1396,2026-05-26 12:55:58,prod-25,Antibacterial Hand Sanitizer 500ml,Personal Care,1,3.99,1.8,3.99,1.8,2.19,54.89
item-5812,sale-1397,INV-2026-1397,2026-05-26 12:47:07,prod-21,20V Cordless Power Drill Set,Hardware & Tools,2,109.99,55.0,219.98,110.0,109.98,50.0
item-5813,sale-1398,INV-2026-1398,2026-05-26 18:45:13,prod-25,Antibacterial Hand Sanitizer 500ml,Personal Care,3,3.99,1.8,11.97,5.4,6.57,54.89
item-5814,sale-1399,INV-2026-1399,2026-05-26 13:24:29,prod-29,HEPA Air Purifier Desktop Size,Home Appliances,1,84.99,42.0,84.99,42.0,42.99,50.58
item-5815,sale-1400,INV-2026-1400,2026-05-27 17:56:31,prod-06,Gel Ink Rollerball Pens (Box of 12),Office Supplies,3,9.99,4.5,29.97,13.5,16.47,54.95
item-5816,sale-1401,INV-2026-1401,2026-05-27 14:58:13,prod-05,A4 Premium Copy Paper 500 Sheets,Office Supplies,2,6.99,3.2,13.98,6.4,7.58,54.22
item-5817,sale-1401,INV-2026-1401,2026-05-27 14:58:13,prod-12,Natural Cold Pressed Citrus Juice 1L,Beverages & Drinks,1,4.99,2.2,4.99,2.2,2.79,55.91
item-5818,sale-1402,INV-2026-1402,2026-05-27 12:47:09,prod-25,Antibacterial Hand Sanitizer 500ml,Personal Care,6,3.99,1.8,23.94,10.8,13.14,54.89
item-5819,sale-1402,INV-2026-1402,2026-05-27 12:47:09,prod-14,Wholegrain Oats 1kg,Packaged Groceries,2,4.49,2.1,8.98,4.2,4.78,53.23
item-5820,sale-1402,INV-2026-1402,2026-05-27 12:47:09,prod-28,Electric Stainless Steel Kettle 1.7L,Home Appliances,2,27.99,14.0,55.98,28.0,27.98,49.98
item-5821,sale-1402,INV-2026-1402,2026-05-27 12:47:09,prod-12,Natural Cold Pressed Citrus Juice 1L,Beverages & Drinks,1,4.99,2.2,4.99,2.2,2.79,55.91
item-5822,sale-1403,INV-2026-1403,2026-05-27 15:18:09,prod-12,Natural Cold Pressed Citrus Juice 1L,Beverages & Drinks,1,4.99,2.2,4.99,2.2,2.79,55.91
item-5823,sale-1403,INV-2026-1403,2026-05-27 15:18:09,prod-05,A4 Premium Copy Paper 500 Sheets,Office Supplies,2,6.99,3.2,13.98,6.4,7.58,54.22
item-5824,sale-1403,INV-2026-1403,2026-05-27 15:18:09,prod-01,Wireless Bluetooth Headset Pro,Electronics & Gadgets,3,89.99,45.0,269.97,135.0,134.97,49.99
item-5825,sale-1403,INV-2026-1403,2026-05-27 15:18:09,prod-16,Assorted Roasted Almonds 250g,Packaged Groceries,1,7.49,3.5,7.49,3.5,3.99,53.27
item-5826,sale-1404,INV-2026-1404,2026-05-27 12:31:35,prod-06,Gel Ink Rollerball Pens (Box of 12),Office Supplies,2,9.99,4.5,19.98,9.0,10.98,54.95
item-5827,sale-1404,INV-2026-1404,2026-05-27 12:31:35,prod-25,Antibacterial Hand Sanitizer 500ml,Personal Care,1,3.99,1.8,3.99,1.8,2.19,54.89
item-5828,sale-1404,INV-2026-1404,2026-05-27 12:31:35,prod-14,Wholegrain Oats 1kg,Packaged Groceries,1,4.49,2.1,4.49,2.1,2.39,53.23
item-5829,sale-1405,INV-2026-1405,2026-05-27 16:46:41,prod-13,Organic Extra Virgin Olive Oil 750ml,Packaged Groceries,3,14.99,7.5,44.97,22.5,22.47,49.97
item-5830,sale-1405,INV-2026-1405,2026-05-27 16:46:41,prod-10,Organic Green Tea (Box of 50 Bags),Beverages & Drinks,1,7.99,3.8,7.99,3.8,4.19,52.44
item-5831,sale-1405,INV-2026-1405,2026-05-27 16:46:41,prod-14,Wholegrain Oats 1kg,Packaged Groceries,1,4.49,2.1,4.49,2.1,2.39,53.23
item-5832,sale-1406,INV-2026-1406,2026-05-28 14:10:08,prod-07,Heavy-Duty Desktop Stapler,Office Supplies,1,14.49,7.0,14.49,7.0,7.49,51.69
item-5833,sale-1407,INV-2026-1407,2026-05-28 17:41:03,prod-12,Natural Cold Pressed Citrus Juice 1L,Beverages & Drinks,2,4.99,2.2,9.98,4.4,5.58,55.91
item-5834,sale-1408,INV-2026-1408,2026-05-28 19:03:48,prod-18,High-Visibility Safety Vest,Apparel & Wearables,3,11.99,5.2,35.97,15.6,20.37,56.63
item-5835,sale-1408,INV-2026-1408,2026-05-28 19:03:48,prod-10,Organic Green Tea (Box of 50 Bags),Beverages & Drinks,1,7.99,3.8,7.99,3.8,4.19,52.44
item-5836,sale-1409,INV-2026-1409,2026-05-28 11:00:13,prod-18,High-Visibility Safety Vest,Apparel & Wearables,1,11.99,5.2,11.99,5.2,6.79,56.63
item-5837,sale-1409,INV-2026-1409,2026-05-28 11:00:13,prod-05,A4 Premium Copy Paper 500 Sheets,Office Supplies,1,6.99,3.2,6.99,3.2,3.79,54.22
item-5838,sale-1409,INV-2026-1409,2026-05-28 11:00:13,prod-19,Waterproof Work Gloves (Pair),Apparel & Wearables,3,6.49,2.8,19.47,8.4,11.07,56.86
item-5839,sale-1409,INV-2026-1409,2026-05-28 11:00:13,prod-09,Arabica Whole Bean Coffee 1kg,Beverages & Drinks,1,21.99,11.0,21.99,11.0,10.99,49.98
item-5840,sale-1409,INV-2026-1409,2026-05-28 11:00:13,prod-20,Breathable Fleece Jacket (Large),Apparel & Wearables,3,44.99,22.0,134.97,66.0,68.97,51.1
item-5841,sale-1410,INV-2026-1410,2026-05-28 19:59:39,prod-19,Waterproof Work Gloves (Pair),Apparel & Wearables,2,6.49,2.8,12.98,5.6,7.38,56.86
item-5842,sale-1411,INV-2026-1411,2026-05-28 17:35:26,prod-09,Arabica Whole Bean Coffee 1kg,Beverages & Drinks,1,21.99,11.0,21.99,11.0,10.99,49.98
item-5843,sale-1411,INV-2026-1411,2026-05-28 17:35:26,prod-06,Gel Ink Rollerball Pens (Box of 12),Office Supplies,1,9.99,4.5,9.99,4.5,5.49,54.95
item-5844,sale-1412,INV-2026-1412,2026-05-28 13:01:32,prod-27,Microfiber Facial Towels (Pack of 4),Personal Care,2,6.99,3.0,13.98,6.0,7.98,57.08
item-5845,sale-1412,INV-2026-1412,2026-05-28 13:01:32,prod-26,Gentle Moisturizing Hand Soap 1L,Personal Care,2,5.49,2.5,10.98,5.0,5.98,54.46
item-5846,sale-1413,INV-2026-1413,2026-05-28 11:06:58,prod-07,Heavy-Duty Desktop Stapler,Office Supplies,2,14.49,7.0,28.98,14.0,14.98,51.69
item-5847,sale-1413,INV-2026-1413,2026-05-28 11:06:58,prod-26,Gentle Moisturizing Hand Soap 1L,Personal Care,1,5.49,2.5,5.49,2.5,2.99,54.46
item-5848,sale-1414,INV-2026-1414,2026-05-28 17:16:52,prod-12,Natural Cold Pressed Citrus Juice 1L,Beverages & Drinks,1,4.99,2.2,4.99,2.2,2.79,55.91
item-5849,sale-1415,INV-2026-1415,2026-05-29 15:29:36,prod-15,Raw Honey Jar 500g,Packaged Groceries,1,9.99,4.8,9.99,4.8,5.19,51.95
item-5850,sale-1415,INV-2026-1415,2026-05-29 15:29:36,prod-11,Sparkling Mineral Water 500ml (Pack 12),Beverages & Drinks,1,12.99,6.0,12.99,6.0,6.99,53.81
item-5851,sale-1415,INV-2026-1415,2026-05-29 15:29:36,prod-28,Electric Stainless Steel Kettle 1.7L,Home Appliances,1,27.99,14.0,27.99,14.0,13.99,49.98
item-5852,sale-1416,INV-2026-1416,2026-05-29 10:41:54,prod-26,Gentle Moisturizing Hand Soap 1L,Personal Care,1,5.49,2.5,5.49,2.5,2.99,54.46
item-5853,sale-1416,INV-2026-1416,2026-05-29 10:41:54,prod-09,Arabica Whole Bean Coffee 1kg,Beverages & Drinks,3,21.99,11.0,65.97,33.0,32.97,49.98
item-5854,sale-1416,INV-2026-1416,2026-05-29 10:41:54,prod-25,Antibacterial Hand Sanitizer 500ml,Personal Care,2,3.99,1.8,7.98,3.6,4.38,54.89
item-5855,sale-1417,INV-2026-1417,2026-05-29 15:35:30,prod-01,Wireless Bluetooth Headset Pro,Electronics & Gadgets,1,89.99,45.0,89.99,45.0,44.99,49.99
item-5856,sale-1417,INV-2026-1417,2026-05-29 15:35:30,prod-28,Electric Stainless Steel Kettle 1.7L,Home Appliances,3,27.99,14.0,83.97,42.0,41.97,49.98
item-5857,sale-1417,INV-2026-1417,2026-05-29 15:35:30,prod-22,Professional Precision Screwdriver Kit,Hardware & Tools,1,17.99,8.5,17.99,8.5,9.49,52.75
item-5858,sale-1418,INV-2026-1418,2026-05-29 15:41:50,prod-04,4K Ultra-HD Monitor 27-inch,Electronics & Gadgets,1,299.99,180.0,299.99,180.0,119.99,40.0
item-5859,sale-1418,INV-2026-1418,2026-05-29 15:41:50,prod-21,20V Cordless Power Drill Set,Hardware & Tools,1,109.99,55.0,109.99,55.0,54.99,50.0
item-5860,sale-1418,INV-2026-1418,2026-05-29 15:41:50,prod-15,Raw Honey Jar 500g,Packaged Groceries,1,9.99,4.8,9.99,4.8,5.19,51.95
item-5861,sale-1419,INV-2026-1419,2026-05-29 09:14:13,prod-09,Arabica Whole Bean Coffee 1kg,Beverages & Drinks,1,21.99,11.0,21.99,11.0,10.99,49.98
item-5862,sale-1419,INV-2026-1419,2026-05-29 09:14:13,prod-17,100% Cotton Polo Shirt (Medium),Apparel & Wearables,1,19.99,9.0,19.99,9.0,10.99,54.98
item-5863,sale-1420,INV-2026-1420,2026-05-29 09:59:04,prod-02,Ergonomic Optical Wireless Mouse,Electronics & Gadgets,2,24.99,12.5,49.98,25.0,24.98,49.98
item-5864,sale-1420,INV-2026-1420,2026-05-29 09:59:04,prod-26,Gentle Moisturizing Hand Soap 1L,Personal Care,1,5.49,2.5,5.49,2.5,2.99,54.46
item-5865,sale-1420,INV-2026-1420,2026-05-29 09:59:04,prod-25,Antibacterial Hand Sanitizer 500ml,Personal Care,3,3.99,1.8,11.97,5.4,6.57,54.89
item-5866,sale-1421,INV-2026-1421,2026-05-29 09:11:59,prod-02,Ergonomic Optical Wireless Mouse,Electronics & Gadgets,1,24.99,12.5,24.99,12.5,12.49,49.98
item-5867,sale-1422,INV-2026-1422,2026-05-29 15:59:04,prod-01,Wireless Bluetooth Headset Pro,Electronics & Gadgets,3,89.99,45.0,269.97,135.0,134.97,49.99
item-5868,sale-1422,INV-2026-1422,2026-05-29 15:59:04,prod-17,100% Cotton Polo Shirt (Medium),Apparel & Wearables,1,19.99,9.0,19.99,9.0,10.99,54.98
item-5869,sale-1422,INV-2026-1422,2026-05-29 15:59:04,prod-30,Compact Digital Microwave Oven 20L,Home Appliances,1,114.99,58.0,114.99,58.0,56.99,49.56
item-5870,sale-1423,INV-2026-1423,2026-05-29 15:43:57,prod-17,100% Cotton Polo Shirt (Medium),Apparel & Wearables,3,19.99,9.0,59.97,27.0,32.97,54.98
item-5871,sale-1423,INV-2026-1423,2026-05-29 15:43:57,prod-04,4K Ultra-HD Monitor 27-inch,Electronics & Gadgets,2,299.99,180.0,599.98,360.0,239.98,40.0
item-5872,sale-1423,INV-2026-1423,2026-05-29 15:43:57,prod-03,Mechanical RGB Gaming Keyboard,Electronics & Gadgets,3,74.99,38.0,224.97,114.0,110.97,49.33
item-5873,sale-1424,INV-2026-1424,2026-05-29 10:32:47,prod-16,Assorted Roasted Almonds 250g,Packaged Groceries,1,7.49,3.5,7.49,3.5,3.99,53.27
item-5874,sale-1424,INV-2026-1424,2026-05-29 10:32:47,prod-14,Wholegrain Oats 1kg,Packaged Groceries,1,4.49,2.1,4.49,2.1,2.39,53.23
item-5875,sale-1424,INV-2026-1424,2026-05-29 10:32:47,prod-12,Natural Cold Pressed Citrus Juice 1L,Beverages & Drinks,2,4.99,2.2,9.98,4.4,5.58,55.91
item-5876,sale-1425,INV-2026-1425,2026-05-29 10:21:38,prod-26,Gentle Moisturizing Hand Soap 1L,Personal Care,2,5.49,2.5,10.98,5.0,5.98,54.46
item-5877,sale-1425,INV-2026-1425,2026-05-29 10:21:38,prod-12,Natural Cold Pressed Citrus Juice 1L,Beverages & Drinks,2,4.99,2.2,9.98,4.4,5.58,55.91
item-5878,sale-1426,INV-2026-1426,2026-05-29 14:01:40,prod-21,20V Cordless Power Drill Set,Hardware & Tools,1,109.99,55.0,109.99,55.0,54.99,50.0
item-5879,sale-1426,INV-2026-1426,2026-05-29 14:01:40,prod-07,Heavy-Duty Desktop Stapler,Office Supplies,1,14.49,7.0,14.49,7.0,7.49,51.69
item-5880,sale-1427,INV-2026-1427,2026-05-29 17:24:27,prod-13,Organic Extra Virgin Olive Oil 750ml,Packaged Groceries,2,14.99,7.5,29.98,15.0,14.98,49.97
item-5881,sale-1428,INV-2026-1428,2026-05-30 18:18:51,prod-14,Wholegrain Oats 1kg,Packaged Groceries,1,4.49,2.1,4.49,2.1,2.39,53.23
item-5882,sale-1428,INV-2026-1428,2026-05-30 18:18:51,prod-18,High-Visibility Safety Vest,Apparel & Wearables,1,11.99,5.2,11.99,5.2,6.79,56.63
item-5883,sale-1428,INV-2026-1428,2026-05-30 18:18:51,prod-02,Ergonomic Optical Wireless Mouse,Electronics & Gadgets,1,24.99,12.5,24.99,12.5,12.49,49.98
item-5884,sale-1429,INV-2026-1429,2026-05-30 15:45:50,prod-05,A4 Premium Copy Paper 500 Sheets,Office Supplies,1,6.99,3.2,6.99,3.2,3.79,54.22
item-5885,sale-1430,INV-2026-1430,2026-05-30 10:05:00,prod-10,Organic Green Tea (Box of 50 Bags),Beverages & Drinks,1,7.99,3.8,7.99,3.8,4.19,52.44
item-5886,sale-1430,INV-2026-1430,2026-05-30 10:05:00,prod-13,Organic Extra Virgin Olive Oil 750ml,Packaged Groceries,1,14.99,7.5,14.99,7.5,7.49,49.97
item-5887,sale-1430,INV-2026-1430,2026-05-30 10:05:00,prod-06,Gel Ink Rollerball Pens (Box of 12),Office Supplies,1,9.99,4.5,9.99,4.5,5.49,54.95
item-5888,sale-1430,INV-2026-1430,2026-05-30 10:05:00,prod-18,High-Visibility Safety Vest,Apparel & Wearables,1,11.99,5.2,11.99,5.2,6.79,56.63
item-5889,sale-1430,INV-2026-1430,2026-05-30 10:05:00,prod-09,Arabica Whole Bean Coffee 1kg,Beverages & Drinks,1,21.99,11.0,21.99,11.0,10.99,49.98
item-5890,sale-1431,INV-2026-1431,2026-05-30 10:08:05,prod-04,4K Ultra-HD Monitor 27-inch,Electronics & Gadgets,1,299.99,180.0,299.99,180.0,119.99,40.0
item-5891,sale-1432,INV-2026-1432,2026-05-30 15:06:01,prod-16,Assorted Roasted Almonds 250g,Packaged Groceries,4,7.49,3.5,29.96,14.0,15.96,53.27
item-5892,sale-1432,INV-2026-1432,2026-05-30 15:06:01,prod-14,Wholegrain Oats 1kg,Packaged Groceries,1,4.49,2.1,4.49,2.1,2.39,53.23
item-5893,sale-1432,INV-2026-1432,2026-05-30 15:06:01,prod-09,Arabica Whole Bean Coffee 1kg,Beverages & Drinks,1,21.99,11.0,21.99,11.0,10.99,49.98
item-5894,sale-1433,INV-2026-1433,2026-05-30 14:55:24,prod-04,4K Ultra-HD Monitor 27-inch,Electronics & Gadgets,1,299.99,180.0,299.99,180.0,119.99,40.0
item-5895,sale-1433,INV-2026-1433,2026-05-30 14:55:24,prod-10,Organic Green Tea (Box of 50 Bags),Beverages & Drinks,3,7.99,3.8,23.97,11.4,12.57,52.44
item-5896,sale-1434,INV-2026-1434,2026-05-30 17:57:15,prod-21,20V Cordless Power Drill Set,Hardware & Tools,1,109.99,55.0,109.99,55.0,54.99,50.0
item-5897,sale-1434,INV-2026-1434,2026-05-30 17:57:15,prod-30,Compact Digital Microwave Oven 20L,Home Appliances,1,114.99,58.0,114.99,58.0,56.99,49.56
item-5898,sale-1435,INV-2026-1435,2026-05-30 13:19:17,prod-12,Natural Cold Pressed Citrus Juice 1L,Beverages & Drinks,1,4.99,2.2,4.99,2.2,2.79,55.91
item-5899,sale-1436,INV-2026-1436,2026-05-30 15:19:30,prod-22,Professional Precision Screwdriver Kit,Hardware & Tools,4,17.99,8.5,71.96,34.0,37.96,52.75
item-5900,sale-1436,INV-2026-1436,2026-05-30 15:19:30,prod-17,100% Cotton Polo Shirt (Medium),Apparel & Wearables,3,19.99,9.0,59.97,27.0,32.97,54.98
item-5901,sale-1436,INV-2026-1436,2026-05-30 15:19:30,prod-09,Arabica Whole Bean Coffee 1kg,Beverages & Drinks,1,21.99,11.0,21.99,11.0,10.99,49.98
item-5902,sale-1436,INV-2026-1436,2026-05-30 15:19:30,prod-25,Antibacterial Hand Sanitizer 500ml,Personal Care,2,3.99,1.8,7.98,3.6,4.38,54.89
item-5903,sale-1437,INV-2026-1437,2026-05-30 19:31:38,prod-07,Heavy-Duty Desktop Stapler,Office Supplies,1,14.49,7.0,14.49,7.0,7.49,51.69
item-5904,sale-1438,INV-2026-1438,2026-05-30 09:25:21,prod-20,Breathable Fleece Jacket (Large),Apparel & Wearables,1,44.99,22.0,44.99,22.0,22.99,51.1
item-5905,sale-1438,INV-2026-1438,2026-05-30 09:25:21,prod-04,4K Ultra-HD Monitor 27-inch,Electronics & Gadgets,1,299.99,180.0,299.99,180.0,119.99,40.0
item-5906,sale-1439,INV-2026-1439,2026-05-30 15:52:52,prod-05,A4 Premium Copy Paper 500 Sheets,Office Supplies,1,6.99,3.2,6.99,3.2,3.79,54.22
item-5907,sale-1440,INV-2026-1440,2026-05-31 18:44:12,prod-02,Ergonomic Optical Wireless Mouse,Electronics & Gadgets,2,24.99,12.5,49.98,25.0,24.98,49.98
item-5908,sale-1440,INV-2026-1440,2026-05-31 18:44:12,prod-10,Organic Green Tea (Box of 50 Bags),Beverages & Drinks,2,7.99,3.8,15.98,7.6,8.38,52.44
item-5909,sale-1440,INV-2026-1440,2026-05-31 18:44:12,prod-27,Microfiber Facial Towels (Pack of 4),Personal Care,1,6.99,3.0,6.99,3.0,3.99,57.08
item-5910,sale-1441,INV-2026-1441,2026-05-31 13:47:44,prod-01,Wireless Bluetooth Headset Pro,Electronics & Gadgets,3,89.99,45.0,269.97,135.0,134.97,49.99
item-5911,sale-1441,INV-2026-1441,2026-05-31 13:47:44,prod-18,High-Visibility Safety Vest,Apparel & Wearables,2,11.99,5.2,23.98,10.4,13.58,56.63
item-5912,sale-1442,INV-2026-1442,2026-05-31 13:52:50,prod-22,Professional Precision Screwdriver Kit,Hardware & Tools,1,17.99,8.5,17.99,8.5,9.49,52.75
item-5913,sale-1442,INV-2026-1442,2026-05-31 13:52:50,prod-05,A4 Premium Copy Paper 500 Sheets,Office Supplies,1,6.99,3.2,6.99,3.2,3.79,54.22
item-5914,sale-1442,INV-2026-1442,2026-05-31 13:52:50,prod-26,Gentle Moisturizing Hand Soap 1L,Personal Care,1,5.49,2.5,5.49,2.5,2.99,54.46
item-5915,sale-1443,INV-2026-1443,2026-05-31 17:11:43,prod-12,Natural Cold Pressed Citrus Juice 1L,Beverages & Drinks,1,4.99,2.2,4.99,2.2,2.79,55.91
item-5916,sale-1444,INV-2026-1444,2026-05-31 12:28:51,prod-16,Assorted Roasted Almonds 250g,Packaged Groceries,1,7.49,3.5,7.49,3.5,3.99,53.27
item-5917,sale-1444,INV-2026-1444,2026-05-31 12:28:51,prod-01,Wireless Bluetooth Headset Pro,Electronics & Gadgets,1,89.99,45.0,89.99,45.0,44.99,49.99
item-5918,sale-1445,INV-2026-1445,2026-05-31 15:43:31,prod-22,Professional Precision Screwdriver Kit,Hardware & Tools,2,17.99,8.5,35.98,17.0,18.98,52.75
item-5919,sale-1446,INV-2026-1446,2026-05-31 11:45:27,prod-21,20V Cordless Power Drill Set,Hardware & Tools,1,109.99,55.0,109.99,55.0,54.99,50.0
item-5920,sale-1446,INV-2026-1446,2026-05-31 11:45:27,prod-12,Natural Cold Pressed Citrus Juice 1L,Beverages & Drinks,1,4.99,2.2,4.99,2.2,2.79,55.91
item-5921,sale-1446,INV-2026-1446,2026-05-31 11:45:27,prod-19,Waterproof Work Gloves (Pair),Apparel & Wearables,2,6.49,2.8,12.98,5.6,7.38,56.86
item-5922,sale-1447,INV-2026-1447,2026-05-31 16:37:25,prod-25,Antibacterial Hand Sanitizer 500ml,Personal Care,3,3.99,1.8,11.97,5.4,6.57,54.89
item-5923,sale-1447,INV-2026-1447,2026-05-31 16:37:25,prod-26,Gentle Moisturizing Hand Soap 1L,Personal Care,1,5.49,2.5,5.49,2.5,2.99,54.46
item-5924,sale-1448,INV-2026-1448,2026-05-31 14:44:57,prod-17,100% Cotton Polo Shirt (Medium),Apparel & Wearables,1,19.99,9.0,19.99,9.0,10.99,54.98
item-5925,sale-1449,INV-2026-1449,2026-05-31 12:42:42,prod-21,20V Cordless Power Drill Set,Hardware & Tools,1,109.99,55.0,109.99,55.0,54.99,50.0
item-5926,sale-1449,INV-2026-1449,2026-05-31 12:42:42,prod-20,Breathable Fleece Jacket (Large),Apparel & Wearables,1,44.99,22.0,44.99,22.0,22.99,51.1
item-5927,sale-1450,INV-2026-1450,2026-05-31 19:43:41,prod-05,A4 Premium Copy Paper 500 Sheets,Office Supplies,1,6.99,3.2,6.99,3.2,3.79,54.22
item-5928,sale-1450,INV-2026-1450,2026-05-31 19:43:41,prod-26,Gentle Moisturizing Hand Soap 1L,Personal Care,1,5.49,2.5,5.49,2.5,2.99,54.46
item-5929,sale-1451,INV-2026-1451,2026-06-01 15:06:00,prod-10,Organic Green Tea (Box of 50 Bags),Beverages & Drinks,1,7.99,3.8,7.99,3.8,4.19,52.44
item-5930,sale-1451,INV-2026-1451,2026-06-01 15:06:00,prod-02,Ergonomic Optical Wireless Mouse,Electronics & Gadgets,1,24.99,12.5,24.99,12.5,12.49,49.98
item-5931,sale-1452,INV-2026-1452,2026-06-01 17:37:44,prod-17,100% Cotton Polo Shirt (Medium),Apparel & Wearables,1,19.99,9.0,19.99,9.0,10.99,54.98
item-5932,sale-1452,INV-2026-1452,2026-06-01 17:37:44,prod-10,Organic Green Tea (Box of 50 Bags),Beverages & Drinks,6,7.99,3.8,47.94,22.8,25.14,52.44
item-5933,sale-1453,INV-2026-1453,2026-06-01 19:37:44,prod-20,Breathable Fleece Jacket (Large),Apparel & Wearables,1,44.99,22.0,44.99,22.0,22.99,51.1
item-5934,sale-1453,INV-2026-1453,2026-06-01 19:37:44,prod-05,A4 Premium Copy Paper 500 Sheets,Office Supplies,1,6.99,3.2,6.99,3.2,3.79,54.22
item-5935,sale-1454,INV-2026-1454,2026-06-01 13:26:58,prod-28,Electric Stainless Steel Kettle 1.7L,Home Appliances,1,27.99,14.0,27.99,14.0,13.99,49.98
item-5936,sale-1454,INV-2026-1454,2026-06-01 13:26:58,prod-11,Sparkling Mineral Water 500ml (Pack 12),Beverages & Drinks,1,12.99,6.0,12.99,6.0,6.99,53.81
item-5937,sale-1455,INV-2026-1455,2026-06-01 14:29:50,prod-05,A4 Premium Copy Paper 500 Sheets,Office Supplies,1,6.99,3.2,6.99,3.2,3.79,54.22
item-5938,sale-1456,INV-2026-1456,2026-06-01 16:46:44,prod-13,Organic Extra Virgin Olive Oil 750ml,Packaged Groceries,1,14.99,7.5,14.99,7.5,7.49,49.97
item-5939,sale-1456,INV-2026-1456,2026-06-01 16:46:44,prod-09,Arabica Whole Bean Coffee 1kg,Beverages & Drinks,4,21.99,11.0,87.96,44.0,43.96,49.98
item-5940,sale-1456,INV-2026-1456,2026-06-01 16:46:44,prod-26,Gentle Moisturizing Hand Soap 1L,Personal Care,1,5.49,2.5,5.49,2.5,2.99,54.46
item-5941,sale-1457,INV-2026-1457,2026-06-01 10:01:54,prod-17,100% Cotton Polo Shirt (Medium),Apparel & Wearables,4,19.99,9.0,79.96,36.0,43.96,54.98
item-5942,sale-1457,INV-2026-1457,2026-06-01 10:01:54,prod-25,Antibacterial Hand Sanitizer 500ml,Personal Care,1,3.99,1.8,3.99,1.8,2.19,54.89
item-5943,sale-1457,INV-2026-1457,2026-06-01 10:01:54,prod-29,HEPA Air Purifier Desktop Size,Home Appliances,1,84.99,42.0,84.99,42.0,42.99,50.58
item-5944,sale-1457,INV-2026-1457,2026-06-01 10:01:54,prod-09,Arabica Whole Bean Coffee 1kg,Beverages & Drinks,1,21.99,11.0,21.99,11.0,10.99,49.98
item-5945,sale-1458,INV-2026-1458,2026-06-01 12:33:11,prod-05,A4 Premium Copy Paper 500 Sheets,Office Supplies,1,6.99,3.2,6.99,3.2,3.79,54.22
item-5946,sale-1458,INV-2026-1458,2026-06-01 12:33:11,prod-15,Raw Honey Jar 500g,Packaged Groceries,2,9.99,4.8,19.98,9.6,10.38,51.95
item-5947,sale-1459,INV-2026-1459,2026-06-02 16:14:51,prod-12,Natural Cold Pressed Citrus Juice 1L,Beverages & Drinks,1,4.99,2.2,4.99,2.2,2.79,55.91
item-5948,sale-1459,INV-2026-1459,2026-06-02 16:14:51,prod-09,Arabica Whole Bean Coffee 1kg,Beverages & Drinks,1,21.99,11.0,21.99,11.0,10.99,49.98
item-5949,sale-1459,INV-2026-1459,2026-06-02 16:14:51,prod-07,Heavy-Duty Desktop Stapler,Office Supplies,1,14.49,7.0,14.49,7.0,7.49,51.69
item-5950,sale-1460,INV-2026-1460,2026-06-02 15:25:01,prod-28,Electric Stainless Steel Kettle 1.7L,Home Appliances,1,27.99,14.0,27.99,14.0,13.99,49.98
item-5951,sale-1461,INV-2026-1461,2026-06-02 15:00:45,prod-17,100% Cotton Polo Shirt (Medium),Apparel & Wearables,1,19.99,9.0,19.99,9.0,10.99,54.98
item-5952,sale-1462,INV-2026-1462,2026-06-02 17:11:23,prod-18,High-Visibility Safety Vest,Apparel & Wearables,1,11.99,5.2,11.99,5.2,6.79,56.63
item-5953,sale-1462,INV-2026-1462,2026-06-02 17:11:23,prod-14,Wholegrain Oats 1kg,Packaged Groceries,6,4.49,2.1,26.94,12.6,14.34,53.23
item-5954,sale-1463,INV-2026-1463,2026-06-02 16:33:40,prod-18,High-Visibility Safety Vest,Apparel & Wearables,1,11.99,5.2,11.99,5.2,6.79,56.63
item-5955,sale-1463,INV-2026-1463,2026-06-02 16:33:40,prod-16,Assorted Roasted Almonds 250g,Packaged Groceries,1,7.49,3.5,7.49,3.5,3.99,53.27
item-5956,sale-1463,INV-2026-1463,2026-06-02 16:33:40,prod-06,Gel Ink Rollerball Pens (Box of 12),Office Supplies,1,9.99,4.5,9.99,4.5,5.49,54.95
item-5957,sale-1463,INV-2026-1463,2026-06-02 16:33:40,prod-11,Sparkling Mineral Water 500ml (Pack 12),Beverages & Drinks,1,12.99,6.0,12.99,6.0,6.99,53.81
item-5958,sale-1464,INV-2026-1464,2026-06-02 10:22:22,prod-26,Gentle Moisturizing Hand Soap 1L,Personal Care,1,5.49,2.5,5.49,2.5,2.99,54.46
item-5959,sale-1464,INV-2026-1464,2026-06-02 10:22:22,prod-22,Professional Precision Screwdriver Kit,Hardware & Tools,2,17.99,8.5,35.98,17.0,18.98,52.75
item-5960,sale-1464,INV-2026-1464,2026-06-02 10:22:22,prod-15,Raw Honey Jar 500g,Packaged Groceries,1,9.99,4.8,9.99,4.8,5.19,51.95
item-5961,sale-1464,INV-2026-1464,2026-06-02 10:22:22,prod-05,A4 Premium Copy Paper 500 Sheets,Office Supplies,3,6.99,3.2,20.97,9.6,11.37,54.22
item-5962,sale-1464,INV-2026-1464,2026-06-02 10:22:22,prod-24,Heavy-Duty Steel Measuring Tape 8m,Hardware & Tools,4,7.99,3.5,31.96,14.0,17.96,56.2
item-5963,sale-1465,INV-2026-1465,2026-06-02 13:58:39,prod-13,Organic Extra Virgin Olive Oil 750ml,Packaged Groceries,6,14.99,7.5,89.94,45.0,44.94,49.97
item-5964,sale-1466,INV-2026-1466,2026-06-03 12:19:07,prod-11,Sparkling Mineral Water 500ml (Pack 12),Beverages & Drinks,1,12.99,6.0,12.99,6.0,6.99,53.81
item-5965,sale-1466,INV-2026-1466,2026-06-03 12:19:07,prod-09,Arabica Whole Bean Coffee 1kg,Beverages & Drinks,2,21.99,11.0,43.98,22.0,21.98,49.98
item-5966,sale-1467,INV-2026-1467,2026-06-03 15:38:08,prod-14,Wholegrain Oats 1kg,Packaged Groceries,1,4.49,2.1,4.49,2.1,2.39,53.23
item-5967,sale-1468,INV-2026-1468,2026-06-03 17:44:58,prod-26,Gentle Moisturizing Hand Soap 1L,Personal Care,1,5.49,2.5,5.49,2.5,2.99,54.46
item-5968,sale-1468,INV-2026-1468,2026-06-03 17:44:58,prod-28,Electric Stainless Steel Kettle 1.7L,Home Appliances,3,27.99,14.0,83.97,42.0,41.97,49.98
item-5969,sale-1469,INV-2026-1469,2026-06-03 13:08:11,prod-16,Assorted Roasted Almonds 250g,Packaged Groceries,1,7.49,3.5,7.49,3.5,3.99,53.27
item-5970,sale-1469,INV-2026-1469,2026-06-03 13:08:11,prod-27,Microfiber Facial Towels (Pack of 4),Personal Care,3,6.99,3.0,20.97,9.0,11.97,57.08
item-5971,sale-1469,INV-2026-1469,2026-06-03 13:08:11,prod-06,Gel Ink Rollerball Pens (Box of 12),Office Supplies,1,9.99,4.5,9.99,4.5,5.49,54.95
item-5972,sale-1470,INV-2026-1470,2026-06-03 14:00:31,prod-26,Gentle Moisturizing Hand Soap 1L,Personal Care,1,5.49,2.5,5.49,2.5,2.99,54.46
item-5973,sale-1470,INV-2026-1470,2026-06-03 14:00:31,prod-02,Ergonomic Optical Wireless Mouse,Electronics & Gadgets,2,24.99,12.5,49.98,25.0,24.98,49.98
item-5974,sale-1470,INV-2026-1470,2026-06-03 14:00:31,prod-12,Natural Cold Pressed Citrus Juice 1L,Beverages & Drinks,4,4.99,2.2,19.96,8.8,11.16,55.91
item-5975,sale-1471,INV-2026-1471,2026-06-03 17:41:31,prod-13,Organic Extra Virgin Olive Oil 750ml,Packaged Groceries,2,14.99,7.5,29.98,15.0,14.98,49.97
item-5976,sale-1472,INV-2026-1472,2026-06-03 16:31:10,prod-21,20V Cordless Power Drill Set,Hardware & Tools,1,109.99,55.0,109.99,55.0,54.99,50.0
item-5977,sale-1472,INV-2026-1472,2026-06-03 16:31:10,prod-05,A4 Premium Copy Paper 500 Sheets,Office Supplies,2,6.99,3.2,13.98,6.4,7.58,54.22
item-5978,sale-1472,INV-2026-1472,2026-06-03 16:31:10,prod-09,Arabica Whole Bean Coffee 1kg,Beverages & Drinks,1,21.99,11.0,21.99,11.0,10.99,49.98
item-5979,sale-1473,INV-2026-1473,2026-06-03 13:14:34,prod-27,Microfiber Facial Towels (Pack of 4),Personal Care,1,6.99,3.0,6.99,3.0,3.99,57.08
item-5980,sale-1474,INV-2026-1474,2026-06-03 16:35:32,prod-19,Waterproof Work Gloves (Pair),Apparel & Wearables,3,6.49,2.8,19.47,8.4,11.07,56.86
item-5981,sale-1474,INV-2026-1474,2026-06-03 16:35:32,prod-25,Antibacterial Hand Sanitizer 500ml,Personal Care,2,3.99,1.8,7.98,3.6,4.38,54.89
item-5982,sale-1474,INV-2026-1474,2026-06-03 16:35:32,prod-09,Arabica Whole Bean Coffee 1kg,Beverages & Drinks,1,21.99,11.0,21.99,11.0,10.99,49.98
item-5983,sale-1474,INV-2026-1474,2026-06-03 16:35:32,prod-01,Wireless Bluetooth Headset Pro,Electronics & Gadgets,2,89.99,45.0,179.98,90.0,89.98,49.99
item-5984,sale-1474,INV-2026-1474,2026-06-03 16:35:32,prod-22,Professional Precision Screwdriver Kit,Hardware & Tools,2,17.99,8.5,35.98,17.0,18.98,52.75
item-5985,sale-1475,INV-2026-1475,2026-06-03 14:34:52,prod-24,Heavy-Duty Steel Measuring Tape 8m,Hardware & Tools,2,7.99,3.5,15.98,7.0,8.98,56.2
item-5986,sale-1475,INV-2026-1475,2026-06-03 14:34:52,prod-25,Antibacterial Hand Sanitizer 500ml,Personal Care,1,3.99,1.8,3.99,1.8,2.19,54.89
item-5987,sale-1476,INV-2026-1476,2026-06-04 15:06:47,prod-02,Ergonomic Optical Wireless Mouse,Electronics & Gadgets,1,24.99,12.5,24.99,12.5,12.49,49.98
item-5988,sale-1476,INV-2026-1476,2026-06-04 15:06:47,prod-11,Sparkling Mineral Water 500ml (Pack 12),Beverages & Drinks,1,12.99,6.0,12.99,6.0,6.99,53.81
item-5989,sale-1477,INV-2026-1477,2026-06-04 09:28:16,prod-04,4K Ultra-HD Monitor 27-inch,Electronics & Gadgets,2,299.99,180.0,599.98,360.0,239.98,40.0
item-5990,sale-1478,INV-2026-1478,2026-06-04 10:49:51,prod-02,Ergonomic Optical Wireless Mouse,Electronics & Gadgets,1,24.99,12.5,24.99,12.5,12.49,49.98
item-5991,sale-1478,INV-2026-1478,2026-06-04 10:49:51,prod-27,Microfiber Facial Towels (Pack of 4),Personal Care,1,6.99,3.0,6.99,3.0,3.99,57.08
item-5992,sale-1478,INV-2026-1478,2026-06-04 10:49:51,prod-14,Wholegrain Oats 1kg,Packaged Groceries,2,4.49,2.1,8.98,4.2,4.78,53.23
item-5993,sale-1478,INV-2026-1478,2026-06-04 10:49:51,prod-09,Arabica Whole Bean Coffee 1kg,Beverages & Drinks,2,21.99,11.0,43.98,22.0,21.98,49.98
item-5994,sale-1479,INV-2026-1479,2026-06-04 18:40:27,prod-02,Ergonomic Optical Wireless Mouse,Electronics & Gadgets,1,24.99,12.5,24.99,12.5,12.49,49.98
item-5995,sale-1480,INV-2026-1480,2026-06-04 09:36:22,prod-07,Heavy-Duty Desktop Stapler,Office Supplies,1,14.49,7.0,14.49,7.0,7.49,51.69
item-5996,sale-1481,INV-2026-1481,2026-06-04 13:18:36,prod-27,Microfiber Facial Towels (Pack of 4),Personal Care,1,6.99,3.0,6.99,3.0,3.99,57.08
item-5997,sale-1481,INV-2026-1481,2026-06-04 13:18:36,prod-11,Sparkling Mineral Water 500ml (Pack 12),Beverages & Drinks,1,12.99,6.0,12.99,6.0,6.99,53.81
item-5998,sale-1481,INV-2026-1481,2026-06-04 13:18:36,prod-26,Gentle Moisturizing Hand Soap 1L,Personal Care,1,5.49,2.5,5.49,2.5,2.99,54.46
item-5999,sale-1482,INV-2026-1482,2026-06-04 19:52:06,prod-28,Electric Stainless Steel Kettle 1.7L,Home Appliances,1,27.99,14.0,27.99,14.0,13.99,49.98
item-6000,sale-1482,INV-2026-1482,2026-06-04 19:52:06,prod-17,100% Cotton Polo Shirt (Medium),Apparel & Wearables,2,19.99,9.0,39.98,18.0,21.98,54.98
item-6001,sale-1483,INV-2026-1483,2026-06-04 13:55:41,prod-26,Gentle Moisturizing Hand Soap 1L,Personal Care,1,5.49,2.5,5.49,2.5,2.99,54.46
item-6002,sale-1484,INV-2026-1484,2026-06-05 14:53:15,prod-02,Ergonomic Optical Wireless Mouse,Electronics & Gadgets,1,24.99,12.5,24.99,12.5,12.49,49.98
item-6003,sale-1484,INV-2026-1484,2026-06-05 14:53:15,prod-20,Breathable Fleece Jacket (Large),Apparel & Wearables,2,44.99,22.0,89.98,44.0,45.98,51.1
item-6004,sale-1485,INV-2026-1485,2026-06-05 18:40:17,prod-25,Antibacterial Hand Sanitizer 500ml,Personal Care,1,3.99,1.8,3.99,1.8,2.19,54.89
item-6005,sale-1485,INV-2026-1485,2026-06-05 18:40:17,prod-15,Raw Honey Jar 500g,Packaged Groceries,2,9.99,4.8,19.98,9.6,10.38,51.95
item-6006,sale-1485,INV-2026-1485,2026-06-05 18:40:17,prod-14,Wholegrain Oats 1kg,Packaged Groceries,1,4.49,2.1,4.49,2.1,2.39,53.23
item-6007,sale-1486,INV-2026-1486,2026-06-05 10:25:32,prod-09,Arabica Whole Bean Coffee 1kg,Beverages & Drinks,2,21.99,11.0,43.98,22.0,21.98,49.98
item-6008,sale-1486,INV-2026-1486,2026-06-05 10:25:32,prod-05,A4 Premium Copy Paper 500 Sheets,Office Supplies,1,6.99,3.2,6.99,3.2,3.79,54.22
item-6009,sale-1487,INV-2026-1487,2026-06-05 16:20:37,prod-09,Arabica Whole Bean Coffee 1kg,Beverages & Drinks,1,21.99,11.0,21.99,11.0,10.99,49.98
item-6010,sale-1487,INV-2026-1487,2026-06-05 16:20:37,prod-01,Wireless Bluetooth Headset Pro,Electronics & Gadgets,1,89.99,45.0,89.99,45.0,44.99,49.99
item-6011,sale-1487,INV-2026-1487,2026-06-05 16:20:37,prod-14,Wholegrain Oats 1kg,Packaged Groceries,2,4.49,2.1,8.98,4.2,4.78,53.23
item-6012,sale-1488,INV-2026-1488,2026-06-05 16:40:42,prod-25,Antibacterial Hand Sanitizer 500ml,Personal Care,1,3.99,1.8,3.99,1.8,2.19,54.89
item-6013,sale-1489,INV-2026-1489,2026-06-05 15:52:13,prod-23,Digital Laser Distance Meter 50m,Hardware & Tools,1,36.99,18.0,36.99,18.0,18.99,51.34
item-6014,sale-1490,INV-2026-1490,2026-06-05 18:08:36,prod-10,Organic Green Tea (Box of 50 Bags),Beverages & Drinks,1,7.99,3.8,7.99,3.8,4.19,52.44
item-6015,sale-1491,INV-2026-1491,2026-06-05 19:50:53,prod-09,Arabica Whole Bean Coffee 1kg,Beverages & Drinks,1,21.99,11.0,21.99,11.0,10.99,49.98
item-6016,sale-1491,INV-2026-1491,2026-06-05 19:50:53,prod-25,Antibacterial Hand Sanitizer 500ml,Personal Care,3,3.99,1.8,11.97,5.4,6.57,54.89
item-6017,sale-1491,INV-2026-1491,2026-06-05 19:50:53,prod-26,Gentle Moisturizing Hand Soap 1L,Personal Care,1,5.49,2.5,5.49,2.5,2.99,54.46
item-6018,sale-1492,INV-2026-1492,2026-06-05 09:27:12,prod-03,Mechanical RGB Gaming Keyboard,Electronics & Gadgets,2,74.99,38.0,149.98,76.0,73.98,49.33
item-6019,sale-1492,INV-2026-1492,2026-06-05 09:27:12,prod-20,Breathable Fleece Jacket (Large),Apparel & Wearables,1,44.99,22.0,44.99,22.0,22.99,51.1
item-6020,sale-1492,INV-2026-1492,2026-06-05 09:27:12,prod-14,Wholegrain Oats 1kg,Packaged Groceries,1,4.49,2.1,4.49,2.1,2.39,53.23
item-6021,sale-1492,INV-2026-1492,2026-06-05 09:27:12,prod-11,Sparkling Mineral Water 500ml (Pack 12),Beverages & Drinks,2,12.99,6.0,25.98,12.0,13.98,53.81
item-6022,sale-1492,INV-2026-1492,2026-06-05 09:27:12,prod-18,High-Visibility Safety Vest,Apparel & Wearables,2,11.99,5.2,23.98,10.4,13.58,56.63
item-6023,sale-1493,INV-2026-1493,2026-06-05 13:05:41,prod-24,Heavy-Duty Steel Measuring Tape 8m,Hardware & Tools,2,7.99,3.5,15.98,7.0,8.98,56.2
item-6024,sale-1493,INV-2026-1493,2026-06-05 13:05:41,prod-27,Microfiber Facial Towels (Pack of 4),Personal Care,2,6.99,3.0,13.98,6.0,7.98,57.08
item-6025,sale-1493,INV-2026-1493,2026-06-05 13:05:41,prod-21,20V Cordless Power Drill Set,Hardware & Tools,1,109.99,55.0,109.99,55.0,54.99,50.0
item-6026,sale-1493,INV-2026-1493,2026-06-05 13:05:41,prod-09,Arabica Whole Bean Coffee 1kg,Beverages & Drinks,1,21.99,11.0,21.99,11.0,10.99,49.98
item-6027,sale-1493,INV-2026-1493,2026-06-05 13:05:41,prod-03,Mechanical RGB Gaming Keyboard,Electronics & Gadgets,4,74.99,38.0,299.96,152.0,147.96,49.33
item-6028,sale-1494,INV-2026-1494,2026-06-05 19:10:03,prod-12,Natural Cold Pressed Citrus Juice 1L,Beverages & Drinks,1,4.99,2.2,4.99,2.2,2.79,55.91
item-6029,sale-1494,INV-2026-1494,2026-06-05 19:10:03,prod-13,Organic Extra Virgin Olive Oil 750ml,Packaged Groceries,1,14.99,7.5,14.99,7.5,7.49,49.97
item-6030,sale-1495,INV-2026-1495,2026-06-05 10:45:06,prod-02,Ergonomic Optical Wireless Mouse,Electronics & Gadgets,2,24.99,12.5,49.98,25.0,24.98,49.98
item-6031,sale-1496,INV-2026-1496,2026-06-05 12:33:43,prod-25,Antibacterial Hand Sanitizer 500ml,Personal Care,2,3.99,1.8,7.98,3.6,4.38,54.89
item-6032,sale-1496,INV-2026-1496,2026-06-05 12:33:43,prod-06,Gel Ink Rollerball Pens (Box of 12),Office Supplies,1,9.99,4.5,9.99,4.5,5.49,54.95
item-6033,sale-1497,INV-2026-1497,2026-06-05 15:44:08,prod-06,Gel Ink Rollerball Pens (Box of 12),Office Supplies,1,9.99,4.5,9.99,4.5,5.49,54.95
item-6034,sale-1497,INV-2026-1497,2026-06-05 15:44:08,prod-20,Breathable Fleece Jacket (Large),Apparel & Wearables,2,44.99,22.0,89.98,44.0,45.98,51.1
item-6035,sale-1497,INV-2026-1497,2026-06-05 15:44:08,prod-17,100% Cotton Polo Shirt (Medium),Apparel & Wearables,2,19.99,9.0,39.98,18.0,21.98,54.98
item-6036,sale-1497,INV-2026-1497,2026-06-05 15:44:08,prod-09,Arabica Whole Bean Coffee 1kg,Beverages & Drinks,1,21.99,11.0,21.99,11.0,10.99,49.98
item-6037,sale-1498,INV-2026-1498,2026-06-05 10:06:20,prod-11,Sparkling Mineral Water 500ml (Pack 12),Beverages & Drinks,1,12.99,6.0,12.99,6.0,6.99,53.81
item-6038,sale-1498,INV-2026-1498,2026-06-05 10:06:20,prod-22,Professional Precision Screwdriver Kit,Hardware & Tools,3,17.99,8.5,53.97,25.5,28.47,52.75
item-6039,sale-1499,INV-2026-1499,2026-06-05 11:41:43,prod-10,Organic Green Tea (Box of 50 Bags),Beverages & Drinks,1,7.99,3.8,7.99,3.8,4.19,52.44
item-6040,sale-1500,INV-2026-1500,2026-06-05 19:10:28,prod-14,Wholegrain Oats 1kg,Packaged Groceries,1,4.49,2.1,4.49,2.1,2.39,53.23
item-6041,sale-1501,INV-2026-1501,2026-06-05 18:43:28,prod-01,Wireless Bluetooth Headset Pro,Electronics & Gadgets,1,89.99,45.0,89.99,45.0,44.99,49.99
item-6042,sale-1501,INV-2026-1501,2026-06-05 18:43:28,prod-11,Sparkling Mineral Water 500ml (Pack 12),Beverages & Drinks,1,12.99,6.0,12.99,6.0,6.99,53.81
item-6043,sale-1501,INV-2026-1501,2026-06-05 18:43:28,prod-10,Organic Green Tea (Box of 50 Bags),Beverages & Drinks,1,7.99,3.8,7.99,3.8,4.19,52.44
item-6044,sale-1502,INV-2026-1502,2026-06-05 10:37:46,prod-11,Sparkling Mineral Water 500ml (Pack 12),Beverages & Drinks,1,12.99,6.0,12.99,6.0,6.99,53.81
item-6045,sale-1502,INV-2026-1502,2026-06-05 10:37:46,prod-15,Raw Honey Jar 500g,Packaged Groceries,1,9.99,4.8,9.99,4.8,5.19,51.95
item-6046,sale-1503,INV-2026-1503,2026-06-06 12:17:41,prod-28,Electric Stainless Steel Kettle 1.7L,Home Appliances,2,27.99,14.0,55.98,28.0,27.98,49.98
item-6047,sale-1503,INV-2026-1503,2026-06-06 12:17:41,prod-14,Wholegrain Oats 1kg,Packaged Groceries,1,4.49,2.1,4.49,2.1,2.39,53.23
item-6048,sale-1504,INV-2026-1504,2026-06-06 18:18:49,prod-24,Heavy-Duty Steel Measuring Tape 8m,Hardware & Tools,1,7.99,3.5,7.99,3.5,4.49,56.2
item-6049,sale-1504,INV-2026-1504,2026-06-06 18:18:49,prod-14,Wholegrain Oats 1kg,Packaged Groceries,1,4.49,2.1,4.49,2.1,2.39,53.23
item-6050,sale-1504,INV-2026-1504,2026-06-06 18:18:49,prod-28,Electric Stainless Steel Kettle 1.7L,Home Appliances,2,27.99,14.0,55.98,28.0,27.98,49.98
item-6051,sale-1505,INV-2026-1505,2026-06-06 18:32:12,prod-05,A4 Premium Copy Paper 500 Sheets,Office Supplies,1,6.99,3.2,6.99,3.2,3.79,54.22
item-6052,sale-1505,INV-2026-1505,2026-06-06 18:32:12,prod-08,Adjustable Mesh Executive Chair,Office Supplies,2,189.99,95.0,379.98,190.0,189.98,50.0
item-6053,sale-1505,INV-2026-1505,2026-06-06 18:32:12,prod-01,Wireless Bluetooth Headset Pro,Electronics & Gadgets,1,89.99,45.0,89.99,45.0,44.99,49.99
item-6054,sale-1506,INV-2026-1506,2026-06-06 12:31:24,prod-11,Sparkling Mineral Water 500ml (Pack 12),Beverages & Drinks,1,12.99,6.0,12.99,6.0,6.99,53.81
item-6055,sale-1507,INV-2026-1507,2026-06-06 09:23:59,prod-19,Waterproof Work Gloves (Pair),Apparel & Wearables,6,6.49,2.8,38.94,16.8,22.14,56.86
item-6056,sale-1508,INV-2026-1508,2026-06-06 17:43:11,prod-01,Wireless Bluetooth Headset Pro,Electronics & Gadgets,2,89.99,45.0,179.98,90.0,89.98,49.99
item-6057,sale-1508,INV-2026-1508,2026-06-06 17:43:11,prod-26,Gentle Moisturizing Hand Soap 1L,Personal Care,1,5.49,2.5,5.49,2.5,2.99,54.46
item-6058,sale-1508,INV-2026-1508,2026-06-06 17:43:11,prod-24,Heavy-Duty Steel Measuring Tape 8m,Hardware & Tools,1,7.99,3.5,7.99,3.5,4.49,56.2
item-6059,sale-1509,INV-2026-1509,2026-06-06 10:00:16,prod-02,Ergonomic Optical Wireless Mouse,Electronics & Gadgets,1,24.99,12.5,24.99,12.5,12.49,49.98
item-6060,sale-1510,INV-2026-1510,2026-06-06 15:32:18,prod-13,Organic Extra Virgin Olive Oil 750ml,Packaged Groceries,2,14.99,7.5,29.98,15.0,14.98,49.97
item-6061,sale-1511,INV-2026-1511,2026-06-07 15:05:40,prod-27,Microfiber Facial Towels (Pack of 4),Personal Care,4,6.99,3.0,27.96,12.0,15.96,57.08
item-6062,sale-1511,INV-2026-1511,2026-06-07 15:05:40,prod-24,Heavy-Duty Steel Measuring Tape 8m,Hardware & Tools,1,7.99,3.5,7.99,3.5,4.49,56.2
item-6063,sale-1511,INV-2026-1511,2026-06-07 15:05:40,prod-29,HEPA Air Purifier Desktop Size,Home Appliances,1,84.99,42.0,84.99,42.0,42.99,50.58
item-6064,sale-1511,INV-2026-1511,2026-06-07 15:05:40,prod-15,Raw Honey Jar 500g,Packaged Groceries,1,9.99,4.8,9.99,4.8,5.19,51.95
item-6065,sale-1512,INV-2026-1512,2026-06-07 13:05:32,prod-05,A4 Premium Copy Paper 500 Sheets,Office Supplies,2,6.99,3.2,13.98,6.4,7.58,54.22
item-6066,sale-1513,INV-2026-1513,2026-06-07 18:40:48,prod-16,Assorted Roasted Almonds 250g,Packaged Groceries,2,7.49,3.5,14.98,7.0,7.98,53.27
item-6067,sale-1513,INV-2026-1513,2026-06-07 18:40:48,prod-05,A4 Premium Copy Paper 500 Sheets,Office Supplies,1,6.99,3.2,6.99,3.2,3.79,54.22
item-6068,sale-1513,INV-2026-1513,2026-06-07 18:40:48,prod-25,Antibacterial Hand Sanitizer 500ml,Personal Care,2,3.99,1.8,7.98,3.6,4.38,54.89
item-6069,sale-1514,INV-2026-1514,2026-06-07 15:46:54,prod-10,Organic Green Tea (Box of 50 Bags),Beverages & Drinks,3,7.99,3.8,23.97,11.4,12.57,52.44
item-6070,sale-1515,INV-2026-1515,2026-06-07 10:29:39,prod-13,Organic Extra Virgin Olive Oil 750ml,Packaged Groceries,3,14.99,7.5,44.97,22.5,22.47,49.97
item-6071,sale-1516,INV-2026-1516,2026-06-07 11:44:00,prod-02,Ergonomic Optical Wireless Mouse,Electronics & Gadgets,2,24.99,12.5,49.98,25.0,24.98,49.98
item-6072,sale-1516,INV-2026-1516,2026-06-07 11:44:00,prod-05,A4 Premium Copy Paper 500 Sheets,Office Supplies,1,6.99,3.2,6.99,3.2,3.79,54.22
item-6073,sale-1516,INV-2026-1516,2026-06-07 11:44:00,prod-01,Wireless Bluetooth Headset Pro,Electronics & Gadgets,1,89.99,45.0,89.99,45.0,44.99,49.99
item-6074,sale-1517,INV-2026-1517,2026-06-07 13:10:23,prod-15,Raw Honey Jar 500g,Packaged Groceries,1,9.99,4.8,9.99,4.8,5.19,51.95
item-6075,sale-1517,INV-2026-1517,2026-06-07 13:10:23,prod-07,Heavy-Duty Desktop Stapler,Office Supplies,1,14.49,7.0,14.49,7.0,7.49,51.69
item-6076,sale-1517,INV-2026-1517,2026-06-07 13:10:23,prod-14,Wholegrain Oats 1kg,Packaged Groceries,2,4.49,2.1,8.98,4.2,4.78,53.23
item-6077,sale-1517,INV-2026-1517,2026-06-07 13:10:23,prod-20,Breathable Fleece Jacket (Large),Apparel & Wearables,1,44.99,22.0,44.99,22.0,22.99,51.1
item-6078,sale-1518,INV-2026-1518,2026-06-07 10:49:57,prod-12,Natural Cold Pressed Citrus Juice 1L,Beverages & Drinks,1,4.99,2.2,4.99,2.2,2.79,55.91
item-6079,sale-1518,INV-2026-1518,2026-06-07 10:49:57,prod-01,Wireless Bluetooth Headset Pro,Electronics & Gadgets,1,89.99,45.0,89.99,45.0,44.99,49.99
item-6080,sale-1519,INV-2026-1519,2026-06-08 10:16:45,prod-02,Ergonomic Optical Wireless Mouse,Electronics & Gadgets,3,24.99,12.5,74.97,37.5,37.47,49.98
item-6081,sale-1520,INV-2026-1520,2026-06-08 17:23:03,prod-25,Antibacterial Hand Sanitizer 500ml,Personal Care,6,3.99,1.8,23.94,10.8,13.14,54.89
item-6082,sale-1520,INV-2026-1520,2026-06-08 17:23:03,prod-07,Heavy-Duty Desktop Stapler,Office Supplies,2,14.49,7.0,28.98,14.0,14.98,51.69
item-6083,sale-1520,INV-2026-1520,2026-06-08 17:23:03,prod-27,Microfiber Facial Towels (Pack of 4),Personal Care,6,6.99,3.0,41.94,18.0,23.94,57.08
item-6084,sale-1520,INV-2026-1520,2026-06-08 17:23:03,prod-06,Gel Ink Rollerball Pens (Box of 12),Office Supplies,1,9.99,4.5,9.99,4.5,5.49,54.95
item-6085,sale-1520,INV-2026-1520,2026-06-08 17:23:03,prod-26,Gentle Moisturizing Hand Soap 1L,Personal Care,1,5.49,2.5,5.49,2.5,2.99,54.46
item-6086,sale-1521,INV-2026-1521,2026-06-08 13:49:06,prod-17,100% Cotton Polo Shirt (Medium),Apparel & Wearables,2,19.99,9.0,39.98,18.0,21.98,54.98
item-6087,sale-1521,INV-2026-1521,2026-06-08 13:49:06,prod-02,Ergonomic Optical Wireless Mouse,Electronics & Gadgets,6,24.99,12.5,149.94,75.0,74.94,49.98
item-6088,sale-1522,INV-2026-1522,2026-06-08 17:00:02,prod-25,Antibacterial Hand Sanitizer 500ml,Personal Care,3,3.99,1.8,11.97,5.4,6.57,54.89
item-6089,sale-1523,INV-2026-1523,2026-06-08 14:24:58,prod-27,Microfiber Facial Towels (Pack of 4),Personal Care,1,6.99,3.0,6.99,3.0,3.99,57.08
item-6090,sale-1523,INV-2026-1523,2026-06-08 14:24:58,prod-14,Wholegrain Oats 1kg,Packaged Groceries,1,4.49,2.1,4.49,2.1,2.39,53.23
item-6091,sale-1523,INV-2026-1523,2026-06-08 14:24:58,prod-28,Electric Stainless Steel Kettle 1.7L,Home Appliances,2,27.99,14.0,55.98,28.0,27.98,49.98
item-6092,sale-1523,INV-2026-1523,2026-06-08 14:24:58,prod-24,Heavy-Duty Steel Measuring Tape 8m,Hardware & Tools,1,7.99,3.5,7.99,3.5,4.49,56.2
item-6093,sale-1524,INV-2026-1524,2026-06-08 19:26:14,prod-19,Waterproof Work Gloves (Pair),Apparel & Wearables,1,6.49,2.8,6.49,2.8,3.69,56.86
item-6094,sale-1524,INV-2026-1524,2026-06-08 19:26:14,prod-05,A4 Premium Copy Paper 500 Sheets,Office Supplies,2,6.99,3.2,13.98,6.4,7.58,54.22
item-6095,sale-1525,INV-2026-1525,2026-06-08 10:36:23,prod-01,Wireless Bluetooth Headset Pro,Electronics & Gadgets,4,89.99,45.0,359.96,180.0,179.96,49.99
item-6096,sale-1525,INV-2026-1525,2026-06-08 10:36:23,prod-11,Sparkling Mineral Water 500ml (Pack 12),Beverages & Drinks,1,12.99,6.0,12.99,6.0,6.99,53.81
item-6097,sale-1526,INV-2026-1526,2026-06-08 17:02:25,prod-06,Gel Ink Rollerball Pens (Box of 12),Office Supplies,3,9.99,4.5,29.97,13.5,16.47,54.95
item-6098,sale-1526,INV-2026-1526,2026-06-08 17:02:25,prod-09,Arabica Whole Bean Coffee 1kg,Beverages & Drinks,2,21.99,11.0,43.98,22.0,21.98,49.98
item-6099,sale-1527,INV-2026-1527,2026-06-09 13:20:05,prod-13,Organic Extra Virgin Olive Oil 750ml,Packaged Groceries,2,14.99,7.5,29.98,15.0,14.98,49.97
item-6100,sale-1528,INV-2026-1528,2026-06-09 18:50:19,prod-09,Arabica Whole Bean Coffee 1kg,Beverages & Drinks,1,21.99,11.0,21.99,11.0,10.99,49.98
item-6101,sale-1529,INV-2026-1529,2026-06-09 16:49:49,prod-30,Compact Digital Microwave Oven 20L,Home Appliances,1,114.99,58.0,114.99,58.0,56.99,49.56
item-6102,sale-1529,INV-2026-1529,2026-06-09 16:49:49,prod-01,Wireless Bluetooth Headset Pro,Electronics & Gadgets,2,89.99,45.0,179.98,90.0,89.98,49.99
item-6103,sale-1529,INV-2026-1529,2026-06-09 16:49:49,prod-24,Heavy-Duty Steel Measuring Tape 8m,Hardware & Tools,3,7.99,3.5,23.97,10.5,13.47,56.2
item-6104,sale-1529,INV-2026-1529,2026-06-09 16:49:49,prod-11,Sparkling Mineral Water 500ml (Pack 12),Beverages & Drinks,4,12.99,6.0,51.96,24.0,27.96,53.81
item-6105,sale-1530,INV-2026-1530,2026-06-09 12:09:00,prod-10,Organic Green Tea (Box of 50 Bags),Beverages & Drinks,1,7.99,3.8,7.99,3.8,4.19,52.44
item-6106,sale-1530,INV-2026-1530,2026-06-09 12:09:00,prod-25,Antibacterial Hand Sanitizer 500ml,Personal Care,1,3.99,1.8,3.99,1.8,2.19,54.89
item-6107,sale-1531,INV-2026-1531,2026-06-09 19:53:44,prod-19,Waterproof Work Gloves (Pair),Apparel & Wearables,1,6.49,2.8,6.49,2.8,3.69,56.86
item-6108,sale-1532,INV-2026-1532,2026-06-09 15:54:47,prod-26,Gentle Moisturizing Hand Soap 1L,Personal Care,1,5.49,2.5,5.49,2.5,2.99,54.46
item-6109,sale-1533,INV-2026-1533,2026-06-09 12:26:31,prod-06,Gel Ink Rollerball Pens (Box of 12),Office Supplies,1,9.99,4.5,9.99,4.5,5.49,54.95
item-6110,sale-1533,INV-2026-1533,2026-06-09 12:26:31,prod-01,Wireless Bluetooth Headset Pro,Electronics & Gadgets,1,89.99,45.0,89.99,45.0,44.99,49.99
item-6111,sale-1534,INV-2026-1534,2026-06-10 12:57:54,prod-09,Arabica Whole Bean Coffee 1kg,Beverages & Drinks,1,21.99,11.0,21.99,11.0,10.99,49.98
item-6112,sale-1534,INV-2026-1534,2026-06-10 12:57:54,prod-27,Microfiber Facial Towels (Pack of 4),Personal Care,1,6.99,3.0,6.99,3.0,3.99,57.08
item-6113,sale-1534,INV-2026-1534,2026-06-10 12:57:54,prod-17,100% Cotton Polo Shirt (Medium),Apparel & Wearables,1,19.99,9.0,19.99,9.0,10.99,54.98
item-6114,sale-1535,INV-2026-1535,2026-06-10 10:37:06,prod-09,Arabica Whole Bean Coffee 1kg,Beverages & Drinks,4,21.99,11.0,87.96,44.0,43.96,49.98
item-6115,sale-1535,INV-2026-1535,2026-06-10 10:37:06,prod-10,Organic Green Tea (Box of 50 Bags),Beverages & Drinks,3,7.99,3.8,23.97,11.4,12.57,52.44
item-6116,sale-1535,INV-2026-1535,2026-06-10 10:37:06,prod-26,Gentle Moisturizing Hand Soap 1L,Personal Care,1,5.49,2.5,5.49,2.5,2.99,54.46
item-6117,sale-1536,INV-2026-1536,2026-06-10 18:03:27,prod-13,Organic Extra Virgin Olive Oil 750ml,Packaged Groceries,1,14.99,7.5,14.99,7.5,7.49,49.97
item-6118,sale-1536,INV-2026-1536,2026-06-10 18:03:27,prod-14,Wholegrain Oats 1kg,Packaged Groceries,1,4.49,2.1,4.49,2.1,2.39,53.23
item-6119,sale-1536,INV-2026-1536,2026-06-10 18:03:27,prod-06,Gel Ink Rollerball Pens (Box of 12),Office Supplies,1,9.99,4.5,9.99,4.5,5.49,54.95
item-6120,sale-1537,INV-2026-1537,2026-06-10 14:59:51,prod-06,Gel Ink Rollerball Pens (Box of 12),Office Supplies,1,9.99,4.5,9.99,4.5,5.49,54.95
item-6121,sale-1537,INV-2026-1537,2026-06-10 14:59:51,prod-02,Ergonomic Optical Wireless Mouse,Electronics & Gadgets,1,24.99,12.5,24.99,12.5,12.49,49.98
item-6122,sale-1537,INV-2026-1537,2026-06-10 14:59:51,prod-27,Microfiber Facial Towels (Pack of 4),Personal Care,2,6.99,3.0,13.98,6.0,7.98,57.08
item-6123,sale-1538,INV-2026-1538,2026-06-10 13:14:04,prod-10,Organic Green Tea (Box of 50 Bags),Beverages & Drinks,2,7.99,3.8,15.98,7.6,8.38,52.44
item-6124,sale-1538,INV-2026-1538,2026-06-10 13:14:04,prod-21,20V Cordless Power Drill Set,Hardware & Tools,1,109.99,55.0,109.99,55.0,54.99,50.0
item-6125,sale-1538,INV-2026-1538,2026-06-10 13:14:04,prod-24,Heavy-Duty Steel Measuring Tape 8m,Hardware & Tools,3,7.99,3.5,23.97,10.5,13.47,56.2
item-6126,sale-1539,INV-2026-1539,2026-06-10 10:10:28,prod-09,Arabica Whole Bean Coffee 1kg,Beverages & Drinks,1,21.99,11.0,21.99,11.0,10.99,49.98
item-6127,sale-1539,INV-2026-1539,2026-06-10 10:10:28,prod-12,Natural Cold Pressed Citrus Juice 1L,Beverages & Drinks,1,4.99,2.2,4.99,2.2,2.79,55.91
item-6128,sale-1540,INV-2026-1540,2026-06-11 12:28:19,prod-28,Electric Stainless Steel Kettle 1.7L,Home Appliances,1,27.99,14.0,27.99,14.0,13.99,49.98
item-6129,sale-1541,INV-2026-1541,2026-06-11 19:19:52,prod-09,Arabica Whole Bean Coffee 1kg,Beverages & Drinks,1,21.99,11.0,21.99,11.0,10.99,49.98
item-6130,sale-1542,INV-2026-1542,2026-06-11 14:09:05,prod-22,Professional Precision Screwdriver Kit,Hardware & Tools,4,17.99,8.5,71.96,34.0,37.96,52.75
item-6131,sale-1543,INV-2026-1543,2026-06-11 19:19:16,prod-19,Waterproof Work Gloves (Pair),Apparel & Wearables,2,6.49,2.8,12.98,5.6,7.38,56.86
item-6132,sale-1544,INV-2026-1544,2026-06-11 16:35:47,prod-12,Natural Cold Pressed Citrus Juice 1L,Beverages & Drinks,2,4.99,2.2,9.98,4.4,5.58,55.91
item-6133,sale-1544,INV-2026-1544,2026-06-11 16:35:47,prod-09,Arabica Whole Bean Coffee 1kg,Beverages & Drinks,1,21.99,11.0,21.99,11.0,10.99,49.98
item-6134,sale-1544,INV-2026-1544,2026-06-11 16:35:47,prod-23,Digital Laser Distance Meter 50m,Hardware & Tools,1,36.99,18.0,36.99,18.0,18.99,51.34
item-6135,sale-1545,INV-2026-1545,2026-06-11 11:07:00,prod-25,Antibacterial Hand Sanitizer 500ml,Personal Care,1,3.99,1.8,3.99,1.8,2.19,54.89
item-6136,sale-1545,INV-2026-1545,2026-06-11 11:07:00,prod-29,HEPA Air Purifier Desktop Size,Home Appliances,2,84.99,42.0,169.98,84.0,85.98,50.58
item-6137,sale-1545,INV-2026-1545,2026-06-11 11:07:00,prod-24,Heavy-Duty Steel Measuring Tape 8m,Hardware & Tools,1,7.99,3.5,7.99,3.5,4.49,56.2
item-6138,sale-1545,INV-2026-1545,2026-06-11 11:07:00,prod-11,Sparkling Mineral Water 500ml (Pack 12),Beverages & Drinks,1,12.99,6.0,12.99,6.0,6.99,53.81
item-6139,sale-1546,INV-2026-1546,2026-06-11 15:23:43,prod-05,A4 Premium Copy Paper 500 Sheets,Office Supplies,4,6.99,3.2,27.96,12.8,15.16,54.22
item-6140,sale-1546,INV-2026-1546,2026-06-11 15:23:43,prod-24,Heavy-Duty Steel Measuring Tape 8m,Hardware & Tools,1,7.99,3.5,7.99,3.5,4.49,56.2
item-6141,sale-1546,INV-2026-1546,2026-06-11 15:23:43,prod-17,100% Cotton Polo Shirt (Medium),Apparel & Wearables,1,19.99,9.0,19.99,9.0,10.99,54.98
item-6142,sale-1547,INV-2026-1547,2026-06-11 13:58:52,prod-09,Arabica Whole Bean Coffee 1kg,Beverages & Drinks,2,21.99,11.0,43.98,22.0,21.98,49.98
item-6143,sale-1547,INV-2026-1547,2026-06-11 13:58:52,prod-22,Professional Precision Screwdriver Kit,Hardware & Tools,1,17.99,8.5,17.99,8.5,9.49,52.75
item-6144,sale-1548,INV-2026-1548,2026-06-11 16:51:08,prod-14,Wholegrain Oats 1kg,Packaged Groceries,4,4.49,2.1,17.96,8.4,9.56,53.23
item-6145,sale-1548,INV-2026-1548,2026-06-11 16:51:08,prod-10,Organic Green Tea (Box of 50 Bags),Beverages & Drinks,3,7.99,3.8,23.97,11.4,12.57,52.44
item-6146,sale-1549,INV-2026-1549,2026-06-12 16:03:10,prod-22,Professional Precision Screwdriver Kit,Hardware & Tools,4,17.99,8.5,71.96,34.0,37.96,52.75
item-6147,sale-1549,INV-2026-1549,2026-06-12 16:03:10,prod-13,Organic Extra Virgin Olive Oil 750ml,Packaged Groceries,2,14.99,7.5,29.98,15.0,14.98,49.97
item-6148,sale-1550,INV-2026-1550,2026-06-12 15:43:27,prod-25,Antibacterial Hand Sanitizer 500ml,Personal Care,1,3.99,1.8,3.99,1.8,2.19,54.89
item-6149,sale-1550,INV-2026-1550,2026-06-12 15:43:27,prod-09,Arabica Whole Bean Coffee 1kg,Beverages & Drinks,1,21.99,11.0,21.99,11.0,10.99,49.98
item-6150,sale-1550,INV-2026-1550,2026-06-12 15:43:27,prod-05,A4 Premium Copy Paper 500 Sheets,Office Supplies,6,6.99,3.2,41.94,19.2,22.74,54.22
item-6151,sale-1551,INV-2026-1551,2026-06-12 16:56:09,prod-21,20V Cordless Power Drill Set,Hardware & Tools,4,109.99,55.0,439.96,220.0,219.96,50.0
item-6152,sale-1551,INV-2026-1551,2026-06-12 16:56:09,prod-22,Professional Precision Screwdriver Kit,Hardware & Tools,1,17.99,8.5,17.99,8.5,9.49,52.75
item-6153,sale-1551,INV-2026-1551,2026-06-12 16:56:09,prod-16,Assorted Roasted Almonds 250g,Packaged Groceries,1,7.49,3.5,7.49,3.5,3.99,53.27
item-6154,sale-1552,INV-2026-1552,2026-06-12 13:31:26,prod-24,Heavy-Duty Steel Measuring Tape 8m,Hardware & Tools,2,7.99,3.5,15.98,7.0,8.98,56.2
item-6155,sale-1553,INV-2026-1553,2026-06-13 15:08:26,prod-01,Wireless Bluetooth Headset Pro,Electronics & Gadgets,1,89.99,45.0,89.99,45.0,44.99,49.99
item-6156,sale-1553,INV-2026-1553,2026-06-13 15:08:26,prod-21,20V Cordless Power Drill Set,Hardware & Tools,1,109.99,55.0,109.99,55.0,54.99,50.0
item-6157,sale-1553,INV-2026-1553,2026-06-13 15:08:26,prod-28,Electric Stainless Steel Kettle 1.7L,Home Appliances,2,27.99,14.0,55.98,28.0,27.98,49.98
item-6158,sale-1554,INV-2026-1554,2026-06-13 17:50:01,prod-15,Raw Honey Jar 500g,Packaged Groceries,1,9.99,4.8,9.99,4.8,5.19,51.95
item-6159,sale-1554,INV-2026-1554,2026-06-13 17:50:01,prod-28,Electric Stainless Steel Kettle 1.7L,Home Appliances,2,27.99,14.0,55.98,28.0,27.98,49.98
item-6160,sale-1554,INV-2026-1554,2026-06-13 17:50:01,prod-02,Ergonomic Optical Wireless Mouse,Electronics & Gadgets,3,24.99,12.5,74.97,37.5,37.47,49.98
item-6161,sale-1555,INV-2026-1555,2026-06-13 16:22:58,prod-25,Antibacterial Hand Sanitizer 500ml,Personal Care,1,3.99,1.8,3.99,1.8,2.19,54.89
item-6162,sale-1556,INV-2026-1556,2026-06-13 09:20:38,prod-05,A4 Premium Copy Paper 500 Sheets,Office Supplies,3,6.99,3.2,20.97,9.6,11.37,54.22
item-6163,sale-1557,INV-2026-1557,2026-06-13 16:33:22,prod-09,Arabica Whole Bean Coffee 1kg,Beverages & Drinks,1,21.99,11.0,21.99,11.0,10.99,49.98
item-6164,sale-1558,INV-2026-1558,2026-06-13 19:15:17,prod-19,Waterproof Work Gloves (Pair),Apparel & Wearables,2,6.49,2.8,12.98,5.6,7.38,56.86
item-6165,sale-1558,INV-2026-1558,2026-06-13 19:15:17,prod-25,Antibacterial Hand Sanitizer 500ml,Personal Care,1,3.99,1.8,3.99,1.8,2.19,54.89
item-6166,sale-1558,INV-2026-1558,2026-06-13 19:15:17,prod-07,Heavy-Duty Desktop Stapler,Office Supplies,3,14.49,7.0,43.47,21.0,22.47,51.69
item-6167,sale-1559,INV-2026-1559,2026-06-13 12:36:54,prod-01,Wireless Bluetooth Headset Pro,Electronics & Gadgets,1,89.99,45.0,89.99,45.0,44.99,49.99
item-6168,sale-1559,INV-2026-1559,2026-06-13 12:36:54,prod-19,Waterproof Work Gloves (Pair),Apparel & Wearables,1,6.49,2.8,6.49,2.8,3.69,56.86
item-6169,sale-1559,INV-2026-1559,2026-06-13 12:36:54,prod-02,Ergonomic Optical Wireless Mouse,Electronics & Gadgets,1,24.99,12.5,24.99,12.5,12.49,49.98
item-6170,sale-1559,INV-2026-1559,2026-06-13 12:36:54,prod-15,Raw Honey Jar 500g,Packaged Groceries,2,9.99,4.8,19.98,9.6,10.38,51.95
item-6171,sale-1560,INV-2026-1560,2026-06-13 11:11:15,prod-22,Professional Precision Screwdriver Kit,Hardware & Tools,1,17.99,8.5,17.99,8.5,9.49,52.75
item-6172,sale-1561,INV-2026-1561,2026-06-13 09:45:44,prod-24,Heavy-Duty Steel Measuring Tape 8m,Hardware & Tools,1,7.99,3.5,7.99,3.5,4.49,56.2
item-6173,sale-1562,INV-2026-1562,2026-06-13 12:53:51,prod-20,Breathable Fleece Jacket (Large),Apparel & Wearables,1,44.99,22.0,44.99,22.0,22.99,51.1
item-6174,sale-1562,INV-2026-1562,2026-06-13 12:53:51,prod-10,Organic Green Tea (Box of 50 Bags),Beverages & Drinks,1,7.99,3.8,7.99,3.8,4.19,52.44
item-6175,sale-1563,INV-2026-1563,2026-06-13 16:02:05,prod-19,Waterproof Work Gloves (Pair),Apparel & Wearables,2,6.49,2.8,12.98,5.6,7.38,56.86
item-6176,sale-1563,INV-2026-1563,2026-06-13 16:02:05,prod-18,High-Visibility Safety Vest,Apparel & Wearables,1,11.99,5.2,11.99,5.2,6.79,56.63
item-6177,sale-1563,INV-2026-1563,2026-06-13 16:02:05,prod-06,Gel Ink Rollerball Pens (Box of 12),Office Supplies,1,9.99,4.5,9.99,4.5,5.49,54.95
item-6178,sale-1563,INV-2026-1563,2026-06-13 16:02:05,prod-12,Natural Cold Pressed Citrus Juice 1L,Beverages & Drinks,1,4.99,2.2,4.99,2.2,2.79,55.91
item-6179,sale-1564,INV-2026-1564,2026-06-14 16:00:21,prod-28,Electric Stainless Steel Kettle 1.7L,Home Appliances,1,27.99,14.0,27.99,14.0,13.99,49.98
item-6180,sale-1564,INV-2026-1564,2026-06-14 16:00:21,prod-02,Ergonomic Optical Wireless Mouse,Electronics & Gadgets,1,24.99,12.5,24.99,12.5,12.49,49.98
item-6181,sale-1565,INV-2026-1565,2026-06-14 11:58:51,prod-04,4K Ultra-HD Monitor 27-inch,Electronics & Gadgets,1,299.99,180.0,299.99,180.0,119.99,40.0
item-6182,sale-1565,INV-2026-1565,2026-06-14 11:58:51,prod-11,Sparkling Mineral Water 500ml (Pack 12),Beverages & Drinks,1,12.99,6.0,12.99,6.0,6.99,53.81
item-6183,sale-1565,INV-2026-1565,2026-06-14 11:58:51,prod-22,Professional Precision Screwdriver Kit,Hardware & Tools,1,17.99,8.5,17.99,8.5,9.49,52.75
item-6184,sale-1565,INV-2026-1565,2026-06-14 11:58:51,prod-21,20V Cordless Power Drill Set,Hardware & Tools,1,109.99,55.0,109.99,55.0,54.99,50.0
item-6185,sale-1565,INV-2026-1565,2026-06-14 11:58:51,prod-12,Natural Cold Pressed Citrus Juice 1L,Beverages & Drinks,1,4.99,2.2,4.99,2.2,2.79,55.91
item-6186,sale-1566,INV-2026-1566,2026-06-14 18:45:58,prod-09,Arabica Whole Bean Coffee 1kg,Beverages & Drinks,2,21.99,11.0,43.98,22.0,21.98,49.98
item-6187,sale-1567,INV-2026-1567,2026-06-14 10:23:45,prod-17,100% Cotton Polo Shirt (Medium),Apparel & Wearables,1,19.99,9.0,19.99,9.0,10.99,54.98
item-6188,sale-1567,INV-2026-1567,2026-06-14 10:23:45,prod-02,Ergonomic Optical Wireless Mouse,Electronics & Gadgets,2,24.99,12.5,49.98,25.0,24.98,49.98
item-6189,sale-1567,INV-2026-1567,2026-06-14 10:23:45,prod-27,Microfiber Facial Towels (Pack of 4),Personal Care,2,6.99,3.0,13.98,6.0,7.98,57.08
item-6190,sale-1567,INV-2026-1567,2026-06-14 10:23:45,prod-09,Arabica Whole Bean Coffee 1kg,Beverages & Drinks,1,21.99,11.0,21.99,11.0,10.99,49.98
item-6191,sale-1567,INV-2026-1567,2026-06-14 10:23:45,prod-04,4K Ultra-HD Monitor 27-inch,Electronics & Gadgets,1,299.99,180.0,299.99,180.0,119.99,40.0
item-6192,sale-1568,INV-2026-1568,2026-06-14 13:20:08,prod-07,Heavy-Duty Desktop Stapler,Office Supplies,1,14.49,7.0,14.49,7.0,7.49,51.69
item-6193,sale-1568,INV-2026-1568,2026-06-14 13:20:08,prod-19,Waterproof Work Gloves (Pair),Apparel & Wearables,1,6.49,2.8,6.49,2.8,3.69,56.86
item-6194,sale-1568,INV-2026-1568,2026-06-14 13:20:08,prod-21,20V Cordless Power Drill Set,Hardware & Tools,3,109.99,55.0,329.97,165.0,164.97,50.0
item-6195,sale-1568,INV-2026-1568,2026-06-14 13:20:08,prod-17,100% Cotton Polo Shirt (Medium),Apparel & Wearables,4,19.99,9.0,79.96,36.0,43.96,54.98
item-6196,sale-1568,INV-2026-1568,2026-06-14 13:20:08,prod-09,Arabica Whole Bean Coffee 1kg,Beverages & Drinks,1,21.99,11.0,21.99,11.0,10.99,49.98
item-6197,sale-1569,INV-2026-1569,2026-06-14 16:41:20,prod-27,Microfiber Facial Towels (Pack of 4),Personal Care,2,6.99,3.0,13.98,6.0,7.98,57.08
item-6198,sale-1570,INV-2026-1570,2026-06-14 12:42:37,prod-06,Gel Ink Rollerball Pens (Box of 12),Office Supplies,1,9.99,4.5,9.99,4.5,5.49,54.95
item-6199,sale-1570,INV-2026-1570,2026-06-14 12:42:37,prod-17,100% Cotton Polo Shirt (Medium),Apparel & Wearables,1,19.99,9.0,19.99,9.0,10.99,54.98
item-6200,sale-1570,INV-2026-1570,2026-06-14 12:42:37,prod-21,20V Cordless Power Drill Set,Hardware & Tools,1,109.99,55.0,109.99,55.0,54.99,50.0
item-6201,sale-1570,INV-2026-1570,2026-06-14 12:42:37,prod-20,Breathable Fleece Jacket (Large),Apparel & Wearables,1,44.99,22.0,44.99,22.0,22.99,51.1
item-6202,sale-1571,INV-2026-1571,2026-06-14 13:08:11,prod-27,Microfiber Facial Towels (Pack of 4),Personal Care,3,6.99,3.0,20.97,9.0,11.97,57.08
item-6203,sale-1571,INV-2026-1571,2026-06-14 13:08:11,prod-11,Sparkling Mineral Water 500ml (Pack 12),Beverages & Drinks,1,12.99,6.0,12.99,6.0,6.99,53.81
item-6204,sale-1572,INV-2026-1572,2026-06-14 18:02:11,prod-28,Electric Stainless Steel Kettle 1.7L,Home Appliances,1,27.99,14.0,27.99,14.0,13.99,49.98
item-6205,sale-1572,INV-2026-1572,2026-06-14 18:02:11,prod-03,Mechanical RGB Gaming Keyboard,Electronics & Gadgets,1,74.99,38.0,74.99,38.0,36.99,49.33
item-6206,sale-1573,INV-2026-1573,2026-06-14 18:06:59,prod-23,Digital Laser Distance Meter 50m,Hardware & Tools,3,36.99,18.0,110.97,54.0,56.97,51.34
item-6207,sale-1574,INV-2026-1574,2026-06-15 14:10:40,prod-22,Professional Precision Screwdriver Kit,Hardware & Tools,1,17.99,8.5,17.99,8.5,9.49,52.75
item-6208,sale-1574,INV-2026-1574,2026-06-15 14:10:40,prod-01,Wireless Bluetooth Headset Pro,Electronics & Gadgets,2,89.99,45.0,179.98,90.0,89.98,49.99
item-6209,sale-1575,INV-2026-1575,2026-06-15 13:13:15,prod-07,Heavy-Duty Desktop Stapler,Office Supplies,1,14.49,7.0,14.49,7.0,7.49,51.69
item-6210,sale-1575,INV-2026-1575,2026-06-15 13:13:15,prod-22,Professional Precision Screwdriver Kit,Hardware & Tools,1,17.99,8.5,17.99,8.5,9.49,52.75
item-6211,sale-1576,INV-2026-1576,2026-06-15 09:03:24,prod-23,Digital Laser Distance Meter 50m,Hardware & Tools,1,36.99,18.0,36.99,18.0,18.99,51.34
item-6212,sale-1576,INV-2026-1576,2026-06-15 09:03:24,prod-01,Wireless Bluetooth Headset Pro,Electronics & Gadgets,1,89.99,45.0,89.99,45.0,44.99,49.99
item-6213,sale-1576,INV-2026-1576,2026-06-15 09:03:24,prod-07,Heavy-Duty Desktop Stapler,Office Supplies,1,14.49,7.0,14.49,7.0,7.49,51.69
item-6214,sale-1577,INV-2026-1577,2026-06-15 16:56:24,prod-13,Organic Extra Virgin Olive Oil 750ml,Packaged Groceries,2,14.99,7.5,29.98,15.0,14.98,49.97
item-6215,sale-1578,INV-2026-1578,2026-06-15 18:41:48,prod-19,Waterproof Work Gloves (Pair),Apparel & Wearables,4,6.49,2.8,25.96,11.2,14.76,56.86
item-6216,sale-1578,INV-2026-1578,2026-06-15 18:41:48,prod-02,Ergonomic Optical Wireless Mouse,Electronics & Gadgets,3,24.99,12.5,74.97,37.5,37.47,49.98
item-6217,sale-1579,INV-2026-1579,2026-06-16 09:18:01,prod-25,Antibacterial Hand Sanitizer 500ml,Personal Care,1,3.99,1.8,3.99,1.8,2.19,54.89
item-6218,sale-1579,INV-2026-1579,2026-06-16 09:18:01,prod-27,Microfiber Facial Towels (Pack of 4),Personal Care,2,6.99,3.0,13.98,6.0,7.98,57.08
item-6219,sale-1579,INV-2026-1579,2026-06-16 09:18:01,prod-15,Raw Honey Jar 500g,Packaged Groceries,2,9.99,4.8,19.98,9.6,10.38,51.95
item-6220,sale-1580,INV-2026-1580,2026-06-16 15:10:46,prod-14,Wholegrain Oats 1kg,Packaged Groceries,4,4.49,2.1,17.96,8.4,9.56,53.23
item-6221,sale-1580,INV-2026-1580,2026-06-16 15:10:46,prod-02,Ergonomic Optical Wireless Mouse,Electronics & Gadgets,1,24.99,12.5,24.99,12.5,12.49,49.98
item-6222,sale-1580,INV-2026-1580,2026-06-16 15:10:46,prod-10,Organic Green Tea (Box of 50 Bags),Beverages & Drinks,1,7.99,3.8,7.99,3.8,4.19,52.44
item-6223,sale-1581,INV-2026-1581,2026-06-16 18:57:30,prod-10,Organic Green Tea (Box of 50 Bags),Beverages & Drinks,3,7.99,3.8,23.97,11.4,12.57,52.44
item-6224,sale-1582,INV-2026-1582,2026-06-16 15:10:03,prod-25,Antibacterial Hand Sanitizer 500ml,Personal Care,2,3.99,1.8,7.98,3.6,4.38,54.89
item-6225,sale-1582,INV-2026-1582,2026-06-16 15:10:03,prod-13,Organic Extra Virgin Olive Oil 750ml,Packaged Groceries,1,14.99,7.5,14.99,7.5,7.49,49.97
item-6226,sale-1583,INV-2026-1583,2026-06-16 17:46:59,prod-12,Natural Cold Pressed Citrus Juice 1L,Beverages & Drinks,1,4.99,2.2,4.99,2.2,2.79,55.91
item-6227,sale-1583,INV-2026-1583,2026-06-16 17:46:59,prod-19,Waterproof Work Gloves (Pair),Apparel & Wearables,3,6.49,2.8,19.47,8.4,11.07,56.86
item-6228,sale-1583,INV-2026-1583,2026-06-16 17:46:59,prod-27,Microfiber Facial Towels (Pack of 4),Personal Care,1,6.99,3.0,6.99,3.0,3.99,57.08
item-6229,sale-1584,INV-2026-1584,2026-06-16 10:03:25,prod-01,Wireless Bluetooth Headset Pro,Electronics & Gadgets,1,89.99,45.0,89.99,45.0,44.99,49.99
item-6230,sale-1584,INV-2026-1584,2026-06-16 10:03:25,prod-09,Arabica Whole Bean Coffee 1kg,Beverages & Drinks,1,21.99,11.0,21.99,11.0,10.99,49.98
item-6231,sale-1585,INV-2026-1585,2026-06-16 14:00:27,prod-27,Microfiber Facial Towels (Pack of 4),Personal Care,2,6.99,3.0,13.98,6.0,7.98,57.08
item-6232,sale-1585,INV-2026-1585,2026-06-16 14:00:27,prod-03,Mechanical RGB Gaming Keyboard,Electronics & Gadgets,1,74.99,38.0,74.99,38.0,36.99,49.33
item-6233,sale-1586,INV-2026-1586,2026-06-17 10:01:13,prod-05,A4 Premium Copy Paper 500 Sheets,Office Supplies,1,6.99,3.2,6.99,3.2,3.79,54.22
item-6234,sale-1587,INV-2026-1587,2026-06-17 10:19:50,prod-19,Waterproof Work Gloves (Pair),Apparel & Wearables,3,6.49,2.8,19.47,8.4,11.07,56.86
item-6235,sale-1588,INV-2026-1588,2026-06-17 17:24:11,prod-20,Breathable Fleece Jacket (Large),Apparel & Wearables,1,44.99,22.0,44.99,22.0,22.99,51.1
item-6236,sale-1588,INV-2026-1588,2026-06-17 17:24:11,prod-04,4K Ultra-HD Monitor 27-inch,Electronics & Gadgets,1,299.99,180.0,299.99,180.0,119.99,40.0
item-6237,sale-1588,INV-2026-1588,2026-06-17 17:24:11,prod-09,Arabica Whole Bean Coffee 1kg,Beverages & Drinks,1,21.99,11.0,21.99,11.0,10.99,49.98
item-6238,sale-1589,INV-2026-1589,2026-06-17 09:16:28,prod-10,Organic Green Tea (Box of 50 Bags),Beverages & Drinks,2,7.99,3.8,15.98,7.6,8.38,52.44
item-6239,sale-1589,INV-2026-1589,2026-06-17 09:16:28,prod-25,Antibacterial Hand Sanitizer 500ml,Personal Care,1,3.99,1.8,3.99,1.8,2.19,54.89
item-6240,sale-1590,INV-2026-1590,2026-06-17 11:48:44,prod-27,Microfiber Facial Towels (Pack of 4),Personal Care,3,6.99,3.0,20.97,9.0,11.97,57.08
item-6241,sale-1590,INV-2026-1590,2026-06-17 11:48:44,prod-10,Organic Green Tea (Box of 50 Bags),Beverages & Drinks,1,7.99,3.8,7.99,3.8,4.19,52.44
item-6242,sale-1590,INV-2026-1590,2026-06-17 11:48:44,prod-14,Wholegrain Oats 1kg,Packaged Groceries,1,4.49,2.1,4.49,2.1,2.39,53.23
item-6243,sale-1590,INV-2026-1590,2026-06-17 11:48:44,prod-26,Gentle Moisturizing Hand Soap 1L,Personal Care,1,5.49,2.5,5.49,2.5,2.99,54.46
item-6244,sale-1591,INV-2026-1591,2026-06-18 15:48:37,prod-06,Gel Ink Rollerball Pens (Box of 12),Office Supplies,2,9.99,4.5,19.98,9.0,10.98,54.95
item-6245,sale-1591,INV-2026-1591,2026-06-18 15:48:37,prod-25,Antibacterial Hand Sanitizer 500ml,Personal Care,3,3.99,1.8,11.97,5.4,6.57,54.89
item-6246,sale-1592,INV-2026-1592,2026-06-18 15:34:43,prod-23,Digital Laser Distance Meter 50m,Hardware & Tools,1,36.99,18.0,36.99,18.0,18.99,51.34
item-6247,sale-1592,INV-2026-1592,2026-06-18 15:34:43,prod-12,Natural Cold Pressed Citrus Juice 1L,Beverages & Drinks,2,4.99,2.2,9.98,4.4,5.58,55.91
item-6248,sale-1592,INV-2026-1592,2026-06-18 15:34:43,prod-17,100% Cotton Polo Shirt (Medium),Apparel & Wearables,1,19.99,9.0,19.99,9.0,10.99,54.98
item-6249,sale-1593,INV-2026-1593,2026-06-18 16:19:05,prod-06,Gel Ink Rollerball Pens (Box of 12),Office Supplies,1,9.99,4.5,9.99,4.5,5.49,54.95
item-6250,sale-1593,INV-2026-1593,2026-06-18 16:19:05,prod-05,A4 Premium Copy Paper 500 Sheets,Office Supplies,1,6.99,3.2,6.99,3.2,3.79,54.22
item-6251,sale-1594,INV-2026-1594,2026-06-18 17:51:36,prod-22,Professional Precision Screwdriver Kit,Hardware & Tools,1,17.99,8.5,17.99,8.5,9.49,52.75
item-6252,sale-1594,INV-2026-1594,2026-06-18 17:51:36,prod-14,Wholegrain Oats 1kg,Packaged Groceries,1,4.49,2.1,4.49,2.1,2.39,53.23
item-6253,sale-1594,INV-2026-1594,2026-06-18 17:51:36,prod-05,A4 Premium Copy Paper 500 Sheets,Office Supplies,1,6.99,3.2,6.99,3.2,3.79,54.22
item-6254,sale-1595,INV-2026-1595,2026-06-18 16:11:10,prod-07,Heavy-Duty Desktop Stapler,Office Supplies,1,14.49,7.0,14.49,7.0,7.49,51.69
item-6255,sale-1595,INV-2026-1595,2026-06-18 16:11:10,prod-10,Organic Green Tea (Box of 50 Bags),Beverages & Drinks,2,7.99,3.8,15.98,7.6,8.38,52.44
item-6256,sale-1595,INV-2026-1595,2026-06-18 16:11:10,prod-03,Mechanical RGB Gaming Keyboard,Electronics & Gadgets,1,74.99,38.0,74.99,38.0,36.99,49.33
item-6257,sale-1595,INV-2026-1595,2026-06-18 16:11:10,prod-06,Gel Ink Rollerball Pens (Box of 12),Office Supplies,1,9.99,4.5,9.99,4.5,5.49,54.95
item-6258,sale-1596,INV-2026-1596,2026-06-18 10:43:27,prod-07,Heavy-Duty Desktop Stapler,Office Supplies,1,14.49,7.0,14.49,7.0,7.49,51.69
item-6259,sale-1597,INV-2026-1597,2026-06-18 13:20:58,prod-18,High-Visibility Safety Vest,Apparel & Wearables,2,11.99,5.2,23.98,10.4,13.58,56.63
item-6260,sale-1597,INV-2026-1597,2026-06-18 13:20:58,prod-16,Assorted Roasted Almonds 250g,Packaged Groceries,2,7.49,3.5,14.98,7.0,7.98,53.27
item-6261,sale-1597,INV-2026-1597,2026-06-18 13:20:58,prod-12,Natural Cold Pressed Citrus Juice 1L,Beverages & Drinks,1,4.99,2.2,4.99,2.2,2.79,55.91
item-6262,sale-1597,INV-2026-1597,2026-06-18 13:20:58,prod-15,Raw Honey Jar 500g,Packaged Groceries,1,9.99,4.8,9.99,4.8,5.19,51.95
item-6263,sale-1598,INV-2026-1598,2026-06-18 15:35:20,prod-26,Gentle Moisturizing Hand Soap 1L,Personal Care,1,5.49,2.5,5.49,2.5,2.99,54.46
item-6264,sale-1598,INV-2026-1598,2026-06-18 15:35:20,prod-18,High-Visibility Safety Vest,Apparel & Wearables,1,11.99,5.2,11.99,5.2,6.79,56.63
item-6265,sale-1599,INV-2026-1599,2026-06-18 09:50:44,prod-05,A4 Premium Copy Paper 500 Sheets,Office Supplies,1,6.99,3.2,6.99,3.2,3.79,54.22
item-6266,sale-1599,INV-2026-1599,2026-06-18 09:50:44,prod-10,Organic Green Tea (Box of 50 Bags),Beverages & Drinks,2,7.99,3.8,15.98,7.6,8.38,52.44
item-6267,sale-1600,INV-2026-1600,2026-06-18 11:09:36,prod-11,Sparkling Mineral Water 500ml (Pack 12),Beverages & Drinks,3,12.99,6.0,38.97,18.0,20.97,53.81
item-6268,sale-1601,INV-2026-1601,2026-06-19 18:49:06,prod-01,Wireless Bluetooth Headset Pro,Electronics & Gadgets,1,89.99,45.0,89.99,45.0,44.99,49.99
item-6269,sale-1601,INV-2026-1601,2026-06-19 18:49:06,prod-25,Antibacterial Hand Sanitizer 500ml,Personal Care,1,3.99,1.8,3.99,1.8,2.19,54.89
item-6270,sale-1602,INV-2026-1602,2026-06-19 13:24:41,prod-18,High-Visibility Safety Vest,Apparel & Wearables,1,11.99,5.2,11.99,5.2,6.79,56.63
item-6271,sale-1602,INV-2026-1602,2026-06-19 13:24:41,prod-20,Breathable Fleece Jacket (Large),Apparel & Wearables,1,44.99,22.0,44.99,22.0,22.99,51.1
item-6272,sale-1603,INV-2026-1603,2026-06-19 13:25:09,prod-15,Raw Honey Jar 500g,Packaged Groceries,1,9.99,4.8,9.99,4.8,5.19,51.95
item-6273,sale-1603,INV-2026-1603,2026-06-19 13:25:09,prod-25,Antibacterial Hand Sanitizer 500ml,Personal Care,1,3.99,1.8,3.99,1.8,2.19,54.89
item-6274,sale-1603,INV-2026-1603,2026-06-19 13:25:09,prod-24,Heavy-Duty Steel Measuring Tape 8m,Hardware & Tools,2,7.99,3.5,15.98,7.0,8.98,56.2
item-6275,sale-1604,INV-2026-1604,2026-06-19 14:44:15,prod-06,Gel Ink Rollerball Pens (Box of 12),Office Supplies,3,9.99,4.5,29.97,13.5,16.47,54.95
item-6276,sale-1604,INV-2026-1604,2026-06-19 14:44:15,prod-25,Antibacterial Hand Sanitizer 500ml,Personal Care,1,3.99,1.8,3.99,1.8,2.19,54.89
item-6277,sale-1605,INV-2026-1605,2026-06-19 09:21:52,prod-11,Sparkling Mineral Water 500ml (Pack 12),Beverages & Drinks,2,12.99,6.0,25.98,12.0,13.98,53.81
item-6278,sale-1606,INV-2026-1606,2026-06-19 19:06:55,prod-06,Gel Ink Rollerball Pens (Box of 12),Office Supplies,1,9.99,4.5,9.99,4.5,5.49,54.95
item-6279,sale-1606,INV-2026-1606,2026-06-19 19:06:55,prod-02,Ergonomic Optical Wireless Mouse,Electronics & Gadgets,4,24.99,12.5,99.96,50.0,49.96,49.98
item-6280,sale-1606,INV-2026-1606,2026-06-19 19:06:55,prod-26,Gentle Moisturizing Hand Soap 1L,Personal Care,1,5.49,2.5,5.49,2.5,2.99,54.46
item-6281,sale-1606,INV-2026-1606,2026-06-19 19:06:55,prod-11,Sparkling Mineral Water 500ml (Pack 12),Beverages & Drinks,2,12.99,6.0,25.98,12.0,13.98,53.81
item-6282,sale-1607,INV-2026-1607,2026-06-19 14:17:46,prod-11,Sparkling Mineral Water 500ml (Pack 12),Beverages & Drinks,2,12.99,6.0,25.98,12.0,13.98,53.81
item-6283,sale-1608,INV-2026-1608,2026-06-19 12:58:52,prod-30,Compact Digital Microwave Oven 20L,Home Appliances,1,114.99,58.0,114.99,58.0,56.99,49.56
item-6284,sale-1608,INV-2026-1608,2026-06-19 12:58:52,prod-16,Assorted Roasted Almonds 250g,Packaged Groceries,1,7.49,3.5,7.49,3.5,3.99,53.27
item-6285,sale-1609,INV-2026-1609,2026-06-19 09:32:50,prod-11,Sparkling Mineral Water 500ml (Pack 12),Beverages & Drinks,1,12.99,6.0,12.99,6.0,6.99,53.81
item-6286,sale-1610,INV-2026-1610,2026-06-19 17:56:36,prod-13,Organic Extra Virgin Olive Oil 750ml,Packaged Groceries,2,14.99,7.5,29.98,15.0,14.98,49.97
item-6287,sale-1611,INV-2026-1611,2026-06-19 12:02:29,prod-21,20V Cordless Power Drill Set,Hardware & Tools,1,109.99,55.0,109.99,55.0,54.99,50.0
item-6288,sale-1611,INV-2026-1611,2026-06-19 12:02:29,prod-01,Wireless Bluetooth Headset Pro,Electronics & Gadgets,2,89.99,45.0,179.98,90.0,89.98,49.99
item-6289,sale-1612,INV-2026-1612,2026-06-19 16:32:25,prod-01,Wireless Bluetooth Headset Pro,Electronics & Gadgets,2,89.99,45.0,179.98,90.0,89.98,49.99
item-6290,sale-1612,INV-2026-1612,2026-06-19 16:32:25,prod-25,Antibacterial Hand Sanitizer 500ml,Personal Care,1,3.99,1.8,3.99,1.8,2.19,54.89
item-6291,sale-1613,INV-2026-1613,2026-06-20 16:38:28,prod-24,Heavy-Duty Steel Measuring Tape 8m,Hardware & Tools,1,7.99,3.5,7.99,3.5,4.49,56.2
item-6292,sale-1614,INV-2026-1614,2026-06-20 14:22:10,prod-24,Heavy-Duty Steel Measuring Tape 8m,Hardware & Tools,1,7.99,3.5,7.99,3.5,4.49,56.2
item-6293,sale-1614,INV-2026-1614,2026-06-20 14:22:10,prod-25,Antibacterial Hand Sanitizer 500ml,Personal Care,2,3.99,1.8,7.98,3.6,4.38,54.89
item-6294,sale-1614,INV-2026-1614,2026-06-20 14:22:10,prod-14,Wholegrain Oats 1kg,Packaged Groceries,2,4.49,2.1,8.98,4.2,4.78,53.23
item-6295,sale-1615,INV-2026-1615,2026-06-20 15:03:10,prod-05,A4 Premium Copy Paper 500 Sheets,Office Supplies,2,6.99,3.2,13.98,6.4,7.58,54.22
item-6296,sale-1615,INV-2026-1615,2026-06-20 15:03:10,prod-06,Gel Ink Rollerball Pens (Box of 12),Office Supplies,3,9.99,4.5,29.97,13.5,16.47,54.95
item-6297,sale-1615,INV-2026-1615,2026-06-20 15:03:10,prod-26,Gentle Moisturizing Hand Soap 1L,Personal Care,2,5.49,2.5,10.98,5.0,5.98,54.46
item-6298,sale-1616,INV-2026-1616,2026-06-20 19:14:43,prod-19,Waterproof Work Gloves (Pair),Apparel & Wearables,1,6.49,2.8,6.49,2.8,3.69,56.86
item-6299,sale-1616,INV-2026-1616,2026-06-20 19:14:43,prod-26,Gentle Moisturizing Hand Soap 1L,Personal Care,2,5.49,2.5,10.98,5.0,5.98,54.46
item-6300,sale-1617,INV-2026-1617,2026-06-20 19:00:30,prod-13,Organic Extra Virgin Olive Oil 750ml,Packaged Groceries,2,14.99,7.5,29.98,15.0,14.98,49.97
item-6301,sale-1618,INV-2026-1618,2026-06-20 09:14:16,prod-06,Gel Ink Rollerball Pens (Box of 12),Office Supplies,1,9.99,4.5,9.99,4.5,5.49,54.95
item-6302,sale-1619,INV-2026-1619,2026-06-20 15:54:22,prod-06,Gel Ink Rollerball Pens (Box of 12),Office Supplies,1,9.99,4.5,9.99,4.5,5.49,54.95
item-6303,sale-1620,INV-2026-1620,2026-06-20 17:52:39,prod-14,Wholegrain Oats 1kg,Packaged Groceries,1,4.49,2.1,4.49,2.1,2.39,53.23
item-6304,sale-1620,INV-2026-1620,2026-06-20 17:52:39,prod-06,Gel Ink Rollerball Pens (Box of 12),Office Supplies,3,9.99,4.5,29.97,13.5,16.47,54.95
item-6305,sale-1620,INV-2026-1620,2026-06-20 17:52:39,prod-02,Ergonomic Optical Wireless Mouse,Electronics & Gadgets,2,24.99,12.5,49.98,25.0,24.98,49.98
item-6306,sale-1620,INV-2026-1620,2026-06-20 17:52:39,prod-21,20V Cordless Power Drill Set,Hardware & Tools,2,109.99,55.0,219.98,110.0,109.98,50.0
item-6307,sale-1621,INV-2026-1621,2026-06-21 19:53:53,prod-27,Microfiber Facial Towels (Pack of 4),Personal Care,2,6.99,3.0,13.98,6.0,7.98,57.08
item-6308,sale-1622,INV-2026-1622,2026-06-21 13:43:06,prod-08,Adjustable Mesh Executive Chair,Office Supplies,1,189.99,95.0,189.99,95.0,94.99,50.0
item-6309,sale-1623,INV-2026-1623,2026-06-21 13:16:41,prod-06,Gel Ink Rollerball Pens (Box of 12),Office Supplies,1,9.99,4.5,9.99,4.5,5.49,54.95
item-6310,sale-1623,INV-2026-1623,2026-06-21 13:16:41,prod-17,100% Cotton Polo Shirt (Medium),Apparel & Wearables,2,19.99,9.0,39.98,18.0,21.98,54.98
item-6311,sale-1624,INV-2026-1624,2026-06-21 17:48:15,prod-24,Heavy-Duty Steel Measuring Tape 8m,Hardware & Tools,2,7.99,3.5,15.98,7.0,8.98,56.2
item-6312,sale-1624,INV-2026-1624,2026-06-21 17:48:15,prod-06,Gel Ink Rollerball Pens (Box of 12),Office Supplies,1,9.99,4.5,9.99,4.5,5.49,54.95
item-6313,sale-1624,INV-2026-1624,2026-06-21 17:48:15,prod-02,Ergonomic Optical Wireless Mouse,Electronics & Gadgets,1,24.99,12.5,24.99,12.5,12.49,49.98
item-6314,sale-1625,INV-2026-1625,2026-06-21 19:08:46,prod-07,Heavy-Duty Desktop Stapler,Office Supplies,1,14.49,7.0,14.49,7.0,7.49,51.69
item-6315,sale-1626,INV-2026-1626,2026-06-21 15:25:24,prod-07,Heavy-Duty Desktop Stapler,Office Supplies,2,14.49,7.0,28.98,14.0,14.98,51.69
item-6316,sale-1626,INV-2026-1626,2026-06-21 15:25:24,prod-16,Assorted Roasted Almonds 250g,Packaged Groceries,1,7.49,3.5,7.49,3.5,3.99,53.27
item-6317,sale-1626,INV-2026-1626,2026-06-21 15:25:24,prod-01,Wireless Bluetooth Headset Pro,Electronics & Gadgets,3,89.99,45.0,269.97,135.0,134.97,49.99
item-6318,sale-1627,INV-2026-1627,2026-06-21 14:46:45,prod-09,Arabica Whole Bean Coffee 1kg,Beverages & Drinks,3,21.99,11.0,65.97,33.0,32.97,49.98
item-6319,sale-1627,INV-2026-1627,2026-06-21 14:46:45,prod-26,Gentle Moisturizing Hand Soap 1L,Personal Care,1,5.49,2.5,5.49,2.5,2.99,54.46
item-6320,sale-1627,INV-2026-1627,2026-06-21 14:46:45,prod-30,Compact Digital Microwave Oven 20L,Home Appliances,1,114.99,58.0,114.99,58.0,56.99,49.56
item-6321,sale-1627,INV-2026-1627,2026-06-21 14:46:45,prod-25,Antibacterial Hand Sanitizer 500ml,Personal Care,1,3.99,1.8,3.99,1.8,2.19,54.89
item-6322,sale-1628,INV-2026-1628,2026-06-21 19:22:32,prod-30,Compact Digital Microwave Oven 20L,Home Appliances,1,114.99,58.0,114.99,58.0,56.99,49.56
item-6323,sale-1629,INV-2026-1629,2026-06-21 10:30:08,prod-25,Antibacterial Hand Sanitizer 500ml,Personal Care,1,3.99,1.8,3.99,1.8,2.19,54.89
item-6324,sale-1629,INV-2026-1629,2026-06-21 10:30:08,prod-30,Compact Digital Microwave Oven 20L,Home Appliances,1,114.99,58.0,114.99,58.0,56.99,49.56
item-6325,sale-1629,INV-2026-1629,2026-06-21 10:30:08,prod-06,Gel Ink Rollerball Pens (Box of 12),Office Supplies,1,9.99,4.5,9.99,4.5,5.49,54.95
item-6326,sale-1630,INV-2026-1630,2026-06-21 11:43:57,prod-10,Organic Green Tea (Box of 50 Bags),Beverages & Drinks,2,7.99,3.8,15.98,7.6,8.38,52.44
item-6327,sale-1631,INV-2026-1631,2026-06-21 13:26:50,prod-09,Arabica Whole Bean Coffee 1kg,Beverages & Drinks,1,21.99,11.0,21.99,11.0,10.99,49.98
item-6328,sale-1631,INV-2026-1631,2026-06-21 13:26:50,prod-19,Waterproof Work Gloves (Pair),Apparel & Wearables,1,6.49,2.8,6.49,2.8,3.69,56.86
item-6329,sale-1632,INV-2026-1632,2026-06-21 16:54:07,prod-18,High-Visibility Safety Vest,Apparel & Wearables,3,11.99,5.2,35.97,15.6,20.37,56.63
item-6330,sale-1632,INV-2026-1632,2026-06-21 16:54:07,prod-24,Heavy-Duty Steel Measuring Tape 8m,Hardware & Tools,2,7.99,3.5,15.98,7.0,8.98,56.2
item-6331,sale-1632,INV-2026-1632,2026-06-21 16:54:07,prod-01,Wireless Bluetooth Headset Pro,Electronics & Gadgets,1,89.99,45.0,89.99,45.0,44.99,49.99
item-6332,sale-1633,INV-2026-1633,2026-06-22 18:04:30,prod-26,Gentle Moisturizing Hand Soap 1L,Personal Care,1,5.49,2.5,5.49,2.5,2.99,54.46
item-6333,sale-1633,INV-2026-1633,2026-06-22 18:04:30,prod-17,100% Cotton Polo Shirt (Medium),Apparel & Wearables,6,19.99,9.0,119.94,54.0,65.94,54.98
item-6334,sale-1634,INV-2026-1634,2026-06-22 15:33:19,prod-12,Natural Cold Pressed Citrus Juice 1L,Beverages & Drinks,1,4.99,2.2,4.99,2.2,2.79,55.91
item-6335,sale-1634,INV-2026-1634,2026-06-22 15:33:19,prod-21,20V Cordless Power Drill Set,Hardware & Tools,1,109.99,55.0,109.99,55.0,54.99,50.0
item-6336,sale-1634,INV-2026-1634,2026-06-22 15:33:19,prod-11,Sparkling Mineral Water 500ml (Pack 12),Beverages & Drinks,4,12.99,6.0,51.96,24.0,27.96,53.81
item-6337,sale-1635,INV-2026-1635,2026-06-22 12:21:26,prod-10,Organic Green Tea (Box of 50 Bags),Beverages & Drinks,6,7.99,3.8,47.94,22.8,25.14,52.44
item-6338,sale-1635,INV-2026-1635,2026-06-22 12:21:26,prod-15,Raw Honey Jar 500g,Packaged Groceries,2,9.99,4.8,19.98,9.6,10.38,51.95
item-6339,sale-1635,INV-2026-1635,2026-06-22 12:21:26,prod-06,Gel Ink Rollerball Pens (Box of 12),Office Supplies,2,9.99,4.5,19.98,9.0,10.98,54.95
item-6340,sale-1635,INV-2026-1635,2026-06-22 12:21:26,prod-30,Compact Digital Microwave Oven 20L,Home Appliances,2,114.99,58.0,229.98,116.0,113.98,49.56
item-6341,sale-1636,INV-2026-1636,2026-06-22 11:49:05,prod-02,Ergonomic Optical Wireless Mouse,Electronics & Gadgets,2,24.99,12.5,49.98,25.0,24.98,49.98
item-6342,sale-1636,INV-2026-1636,2026-06-22 11:49:05,prod-13,Organic Extra Virgin Olive Oil 750ml,Packaged Groceries,2,14.99,7.5,29.98,15.0,14.98,49.97
item-6343,sale-1637,INV-2026-1637,2026-06-22 09:00:28,prod-27,Microfiber Facial Towels (Pack of 4),Personal Care,1,6.99,3.0,6.99,3.0,3.99,57.08
item-6344,sale-1638,INV-2026-1638,2026-06-22 11:31:50,prod-20,Breathable Fleece Jacket (Large),Apparel & Wearables,2,44.99,22.0,89.98,44.0,45.98,51.1
item-6345,sale-1638,INV-2026-1638,2026-06-22 11:31:50,prod-21,20V Cordless Power Drill Set,Hardware & Tools,1,109.99,55.0,109.99,55.0,54.99,50.0
item-6346,sale-1639,INV-2026-1639,2026-06-23 19:27:25,prod-05,A4 Premium Copy Paper 500 Sheets,Office Supplies,1,6.99,3.2,6.99,3.2,3.79,54.22
item-6347,sale-1639,INV-2026-1639,2026-06-23 19:27:25,prod-21,20V Cordless Power Drill Set,Hardware & Tools,2,109.99,55.0,219.98,110.0,109.98,50.0
item-6348,sale-1640,INV-2026-1640,2026-06-23 17:12:46,prod-05,A4 Premium Copy Paper 500 Sheets,Office Supplies,2,6.99,3.2,13.98,6.4,7.58,54.22
item-6349,sale-1640,INV-2026-1640,2026-06-23 17:12:46,prod-01,Wireless Bluetooth Headset Pro,Electronics & Gadgets,2,89.99,45.0,179.98,90.0,89.98,49.99
item-6350,sale-1640,INV-2026-1640,2026-06-23 17:12:46,prod-24,Heavy-Duty Steel Measuring Tape 8m,Hardware & Tools,3,7.99,3.5,23.97,10.5,13.47,56.2
item-6351,sale-1641,INV-2026-1641,2026-06-23 17:12:01,prod-27,Microfiber Facial Towels (Pack of 4),Personal Care,1,6.99,3.0,6.99,3.0,3.99,57.08
item-6352,sale-1641,INV-2026-1641,2026-06-23 17:12:01,prod-15,Raw Honey Jar 500g,Packaged Groceries,1,9.99,4.8,9.99,4.8,5.19,51.95
item-6353,sale-1641,INV-2026-1641,2026-06-23 17:12:01,prod-13,Organic Extra Virgin Olive Oil 750ml,Packaged Groceries,1,14.99,7.5,14.99,7.5,7.49,49.97
item-6354,sale-1642,INV-2026-1642,2026-06-23 14:19:08,prod-26,Gentle Moisturizing Hand Soap 1L,Personal Care,1,5.49,2.5,5.49,2.5,2.99,54.46
item-6355,sale-1643,INV-2026-1643,2026-06-23 10:52:02,prod-10,Organic Green Tea (Box of 50 Bags),Beverages & Drinks,1,7.99,3.8,7.99,3.8,4.19,52.44
item-6356,sale-1643,INV-2026-1643,2026-06-23 10:52:02,prod-02,Ergonomic Optical Wireless Mouse,Electronics & Gadgets,1,24.99,12.5,24.99,12.5,12.49,49.98
item-6357,sale-1644,INV-2026-1644,2026-06-23 18:33:21,prod-17,100% Cotton Polo Shirt (Medium),Apparel & Wearables,3,19.99,9.0,59.97,27.0,32.97,54.98
item-6358,sale-1645,INV-2026-1645,2026-06-23 16:22:48,prod-19,Waterproof Work Gloves (Pair),Apparel & Wearables,2,6.49,2.8,12.98,5.6,7.38,56.86
item-6359,sale-1645,INV-2026-1645,2026-06-23 16:22:48,prod-06,Gel Ink Rollerball Pens (Box of 12),Office Supplies,1,9.99,4.5,9.99,4.5,5.49,54.95
item-6360,sale-1645,INV-2026-1645,2026-06-23 16:22:48,prod-26,Gentle Moisturizing Hand Soap 1L,Personal Care,2,5.49,2.5,10.98,5.0,5.98,54.46
item-6361,sale-1645,INV-2026-1645,2026-06-23 16:22:48,prod-05,A4 Premium Copy Paper 500 Sheets,Office Supplies,6,6.99,3.2,41.94,19.2,22.74,54.22
item-6362,sale-1646,INV-2026-1646,2026-06-23 12:46:08,prod-26,Gentle Moisturizing Hand Soap 1L,Personal Care,2,5.49,2.5,10.98,5.0,5.98,54.46
item-6363,sale-1647,INV-2026-1647,2026-06-23 10:23:45,prod-13,Organic Extra Virgin Olive Oil 750ml,Packaged Groceries,2,14.99,7.5,29.98,15.0,14.98,49.97
item-6364,sale-1647,INV-2026-1647,2026-06-23 10:23:45,prod-25,Antibacterial Hand Sanitizer 500ml,Personal Care,3,3.99,1.8,11.97,5.4,6.57,54.89
item-6365,sale-1647,INV-2026-1647,2026-06-23 10:23:45,prod-02,Ergonomic Optical Wireless Mouse,Electronics & Gadgets,4,24.99,12.5,99.96,50.0,49.96,49.98
item-6366,sale-1647,INV-2026-1647,2026-06-23 10:23:45,prod-10,Organic Green Tea (Box of 50 Bags),Beverages & Drinks,1,7.99,3.8,7.99,3.8,4.19,52.44
item-6367,sale-1647,INV-2026-1647,2026-06-23 10:23:45,prod-28,Electric Stainless Steel Kettle 1.7L,Home Appliances,1,27.99,14.0,27.99,14.0,13.99,49.98
item-6368,sale-1648,INV-2026-1648,2026-06-24 13:49:34,prod-06,Gel Ink Rollerball Pens (Box of 12),Office Supplies,1,9.99,4.5,9.99,4.5,5.49,54.95
item-6369,sale-1649,INV-2026-1649,2026-06-24 19:53:01,prod-08,Adjustable Mesh Executive Chair,Office Supplies,1,189.99,95.0,189.99,95.0,94.99,50.0
item-6370,sale-1649,INV-2026-1649,2026-06-24 19:53:01,prod-03,Mechanical RGB Gaming Keyboard,Electronics & Gadgets,1,74.99,38.0,74.99,38.0,36.99,49.33
item-6371,sale-1650,INV-2026-1650,2026-06-24 10:35:16,prod-24,Heavy-Duty Steel Measuring Tape 8m,Hardware & Tools,1,7.99,3.5,7.99,3.5,4.49,56.2
item-6372,sale-1650,INV-2026-1650,2026-06-24 10:35:16,prod-28,Electric Stainless Steel Kettle 1.7L,Home Appliances,1,27.99,14.0,27.99,14.0,13.99,49.98
item-6373,sale-1650,INV-2026-1650,2026-06-24 10:35:16,prod-12,Natural Cold Pressed Citrus Juice 1L,Beverages & Drinks,1,4.99,2.2,4.99,2.2,2.79,55.91
item-6374,sale-1650,INV-2026-1650,2026-06-24 10:35:16,prod-09,Arabica Whole Bean Coffee 1kg,Beverages & Drinks,1,21.99,11.0,21.99,11.0,10.99,49.98
item-6375,sale-1650,INV-2026-1650,2026-06-24 10:35:16,prod-25,Antibacterial Hand Sanitizer 500ml,Personal Care,1,3.99,1.8,3.99,1.8,2.19,54.89
item-6376,sale-1651,INV-2026-1651,2026-06-24 19:00:19,prod-19,Waterproof Work Gloves (Pair),Apparel & Wearables,1,6.49,2.8,6.49,2.8,3.69,56.86
item-6377,sale-1652,INV-2026-1652,2026-06-24 18:44:08,prod-25,Antibacterial Hand Sanitizer 500ml,Personal Care,1,3.99,1.8,3.99,1.8,2.19,54.89
item-6378,sale-1653,INV-2026-1653,2026-06-24 18:07:18,prod-26,Gentle Moisturizing Hand Soap 1L,Personal Care,1,5.49,2.5,5.49,2.5,2.99,54.46
item-6379,sale-1654,INV-2026-1654,2026-06-25 12:49:16,prod-16,Assorted Roasted Almonds 250g,Packaged Groceries,2,7.49,3.5,14.98,7.0,7.98,53.27
item-6380,sale-1655,INV-2026-1655,2026-06-25 13:10:02,prod-17,100% Cotton Polo Shirt (Medium),Apparel & Wearables,1,19.99,9.0,19.99,9.0,10.99,54.98
item-6381,sale-1656,INV-2026-1656,2026-06-25 16:21:15,prod-18,High-Visibility Safety Vest,Apparel & Wearables,1,11.99,5.2,11.99,5.2,6.79,56.63
item-6382,sale-1657,INV-2026-1657,2026-06-25 18:42:31,prod-03,Mechanical RGB Gaming Keyboard,Electronics & Gadgets,1,74.99,38.0,74.99,38.0,36.99,49.33
item-6383,sale-1657,INV-2026-1657,2026-06-25 18:42:31,prod-13,Organic Extra Virgin Olive Oil 750ml,Packaged Groceries,3,14.99,7.5,44.97,22.5,22.47,49.97
item-6384,sale-1658,INV-2026-1658,2026-06-25 10:57:16,prod-12,Natural Cold Pressed Citrus Juice 1L,Beverages & Drinks,1,4.99,2.2,4.99,2.2,2.79,55.91
item-6385,sale-1659,INV-2026-1659,2026-06-25 09:06:52,prod-16,Assorted Roasted Almonds 250g,Packaged Groceries,3,7.49,3.5,22.47,10.5,11.97,53.27
item-6386,sale-1659,INV-2026-1659,2026-06-25 09:06:52,prod-19,Waterproof Work Gloves (Pair),Apparel & Wearables,1,6.49,2.8,6.49,2.8,3.69,56.86
item-6387,sale-1659,INV-2026-1659,2026-06-25 09:06:52,prod-24,Heavy-Duty Steel Measuring Tape 8m,Hardware & Tools,1,7.99,3.5,7.99,3.5,4.49,56.2
item-6388,sale-1660,INV-2026-1660,2026-06-25 19:20:27,prod-29,HEPA Air Purifier Desktop Size,Home Appliances,1,84.99,42.0,84.99,42.0,42.99,50.58
item-6389,sale-1660,INV-2026-1660,2026-06-25 19:20:27,prod-26,Gentle Moisturizing Hand Soap 1L,Personal Care,1,5.49,2.5,5.49,2.5,2.99,54.46
item-6390,sale-1660,INV-2026-1660,2026-06-25 19:20:27,prod-10,Organic Green Tea (Box of 50 Bags),Beverages & Drinks,2,7.99,3.8,15.98,7.6,8.38,52.44
item-6391,sale-1661,INV-2026-1661,2026-06-25 11:42:41,prod-13,Organic Extra Virgin Olive Oil 750ml,Packaged Groceries,1,14.99,7.5,14.99,7.5,7.49,49.97
item-6392,sale-1661,INV-2026-1661,2026-06-25 11:42:41,prod-25,Antibacterial Hand Sanitizer 500ml,Personal Care,3,3.99,1.8,11.97,5.4,6.57,54.89
item-6393,sale-1662,INV-2026-1662,2026-06-26 13:56:46,prod-10,Organic Green Tea (Box of 50 Bags),Beverages & Drinks,2,7.99,3.8,15.98,7.6,8.38,52.44
item-6394,sale-1662,INV-2026-1662,2026-06-26 13:56:46,prod-13,Organic Extra Virgin Olive Oil 750ml,Packaged Groceries,1,14.99,7.5,14.99,7.5,7.49,49.97
item-6395,sale-1663,INV-2026-1663,2026-06-26 15:25:29,prod-27,Microfiber Facial Towels (Pack of 4),Personal Care,1,6.99,3.0,6.99,3.0,3.99,57.08
item-6396,sale-1664,INV-2026-1664,2026-06-26 19:56:51,prod-16,Assorted Roasted Almonds 250g,Packaged Groceries,2,7.49,3.5,14.98,7.0,7.98,53.27
item-6397,sale-1664,INV-2026-1664,2026-06-26 19:56:51,prod-14,Wholegrain Oats 1kg,Packaged Groceries,1,4.49,2.1,4.49,2.1,2.39,53.23
item-6398,sale-1665,INV-2026-1665,2026-06-26 11:06:26,prod-11,Sparkling Mineral Water 500ml (Pack 12),Beverages & Drinks,1,12.99,6.0,12.99,6.0,6.99,53.81
item-6399,sale-1665,INV-2026-1665,2026-06-26 11:06:26,prod-19,Waterproof Work Gloves (Pair),Apparel & Wearables,1,6.49,2.8,6.49,2.8,3.69,56.86
item-6400,sale-1666,INV-2026-1666,2026-06-26 11:39:24,prod-09,Arabica Whole Bean Coffee 1kg,Beverages & Drinks,1,21.99,11.0,21.99,11.0,10.99,49.98
item-6401,sale-1667,INV-2026-1667,2026-06-26 11:30:58,prod-25,Antibacterial Hand Sanitizer 500ml,Personal Care,1,3.99,1.8,3.99,1.8,2.19,54.89
item-6402,sale-1668,INV-2026-1668,2026-06-26 10:16:41,prod-28,Electric Stainless Steel Kettle 1.7L,Home Appliances,2,27.99,14.0,55.98,28.0,27.98,49.98
item-6403,sale-1668,INV-2026-1668,2026-06-26 10:16:41,prod-16,Assorted Roasted Almonds 250g,Packaged Groceries,1,7.49,3.5,7.49,3.5,3.99,53.27
item-6404,sale-1668,INV-2026-1668,2026-06-26 10:16:41,prod-05,A4 Premium Copy Paper 500 Sheets,Office Supplies,1,6.99,3.2,6.99,3.2,3.79,54.22
item-6405,sale-1668,INV-2026-1668,2026-06-26 10:16:41,prod-11,Sparkling Mineral Water 500ml (Pack 12),Beverages & Drinks,1,12.99,6.0,12.99,6.0,6.99,53.81
item-6406,sale-1669,INV-2026-1669,2026-06-26 18:46:36,prod-25,Antibacterial Hand Sanitizer 500ml,Personal Care,1,3.99,1.8,3.99,1.8,2.19,54.89
item-6407,sale-1669,INV-2026-1669,2026-06-26 18:46:36,prod-05,A4 Premium Copy Paper 500 Sheets,Office Supplies,1,6.99,3.2,6.99,3.2,3.79,54.22
item-6408,sale-1669,INV-2026-1669,2026-06-26 18:46:36,prod-19,Waterproof Work Gloves (Pair),Apparel & Wearables,3,6.49,2.8,19.47,8.4,11.07,56.86
item-6409,sale-1670,INV-2026-1670,2026-06-26 18:06:27,prod-08,Adjustable Mesh Executive Chair,Office Supplies,1,189.99,95.0,189.99,95.0,94.99,50.0
item-6410,sale-1671,INV-2026-1671,2026-06-26 19:41:24,prod-25,Antibacterial Hand Sanitizer 500ml,Personal Care,1,3.99,1.8,3.99,1.8,2.19,54.89
item-6411,sale-1671,INV-2026-1671,2026-06-26 19:41:24,prod-18,High-Visibility Safety Vest,Apparel & Wearables,1,11.99,5.2,11.99,5.2,6.79,56.63
item-6412,sale-1671,INV-2026-1671,2026-06-26 19:41:24,prod-23,Digital Laser Distance Meter 50m,Hardware & Tools,1,36.99,18.0,36.99,18.0,18.99,51.34
item-6413,sale-1672,INV-2026-1672,2026-06-27 18:03:00,prod-01,Wireless Bluetooth Headset Pro,Electronics & Gadgets,3,89.99,45.0,269.97,135.0,134.97,49.99
item-6414,sale-1672,INV-2026-1672,2026-06-27 18:03:00,prod-09,Arabica Whole Bean Coffee 1kg,Beverages & Drinks,1,21.99,11.0,21.99,11.0,10.99,49.98
item-6415,sale-1672,INV-2026-1672,2026-06-27 18:03:00,prod-06,Gel Ink Rollerball Pens (Box of 12),Office Supplies,1,9.99,4.5,9.99,4.5,5.49,54.95
item-6416,sale-1672,INV-2026-1672,2026-06-27 18:03:00,prod-07,Heavy-Duty Desktop Stapler,Office Supplies,2,14.49,7.0,28.98,14.0,14.98,51.69
item-6417,sale-1673,INV-2026-1673,2026-06-27 16:55:10,prod-13,Organic Extra Virgin Olive Oil 750ml,Packaged Groceries,1,14.99,7.5,14.99,7.5,7.49,49.97
item-6418,sale-1674,INV-2026-1674,2026-06-27 13:03:32,prod-30,Compact Digital Microwave Oven 20L,Home Appliances,1,114.99,58.0,114.99,58.0,56.99,49.56
item-6419,sale-1674,INV-2026-1674,2026-06-27 13:03:32,prod-24,Heavy-Duty Steel Measuring Tape 8m,Hardware & Tools,3,7.99,3.5,23.97,10.5,13.47,56.2
item-6420,sale-1675,INV-2026-1675,2026-06-27 12:05:29,prod-01,Wireless Bluetooth Headset Pro,Electronics & Gadgets,1,89.99,45.0,89.99,45.0,44.99,49.99
item-6421,sale-1676,INV-2026-1676,2026-06-27 16:28:20,prod-14,Wholegrain Oats 1kg,Packaged Groceries,2,4.49,2.1,8.98,4.2,4.78,53.23
item-6422,sale-1677,INV-2026-1677,2026-06-27 15:02:35,prod-14,Wholegrain Oats 1kg,Packaged Groceries,1,4.49,2.1,4.49,2.1,2.39,53.23
item-6423,sale-1677,INV-2026-1677,2026-06-27 15:02:35,prod-02,Ergonomic Optical Wireless Mouse,Electronics & Gadgets,3,24.99,12.5,74.97,37.5,37.47,49.98
item-6424,sale-1677,INV-2026-1677,2026-06-27 15:02:35,prod-01,Wireless Bluetooth Headset Pro,Electronics & Gadgets,1,89.99,45.0,89.99,45.0,44.99,49.99
item-6425,sale-1677,INV-2026-1677,2026-06-27 15:02:35,prod-17,100% Cotton Polo Shirt (Medium),Apparel & Wearables,1,19.99,9.0,19.99,9.0,10.99,54.98
item-6426,sale-1678,INV-2026-1678,2026-06-27 18:40:19,prod-07,Heavy-Duty Desktop Stapler,Office Supplies,2,14.49,7.0,28.98,14.0,14.98,51.69
item-6427,sale-1678,INV-2026-1678,2026-06-27 18:40:19,prod-02,Ergonomic Optical Wireless Mouse,Electronics & Gadgets,1,24.99,12.5,24.99,12.5,12.49,49.98
item-6428,sale-1679,INV-2026-1679,2026-06-27 16:21:23,prod-09,Arabica Whole Bean Coffee 1kg,Beverages & Drinks,1,21.99,11.0,21.99,11.0,10.99,49.98
item-6429,sale-1679,INV-2026-1679,2026-06-27 16:21:23,prod-05,A4 Premium Copy Paper 500 Sheets,Office Supplies,2,6.99,3.2,13.98,6.4,7.58,54.22
item-6430,sale-1680,INV-2026-1680,2026-06-27 18:38:30,prod-24,Heavy-Duty Steel Measuring Tape 8m,Hardware & Tools,1,7.99,3.5,7.99,3.5,4.49,56.2
item-6431,sale-1681,INV-2026-1681,2026-06-27 19:14:00,prod-07,Heavy-Duty Desktop Stapler,Office Supplies,4,14.49,7.0,57.96,28.0,29.96,51.69
item-6432,sale-1681,INV-2026-1681,2026-06-27 19:14:00,prod-20,Breathable Fleece Jacket (Large),Apparel & Wearables,1,44.99,22.0,44.99,22.0,22.99,51.1
item-6433,sale-1681,INV-2026-1681,2026-06-27 19:14:00,prod-16,Assorted Roasted Almonds 250g,Packaged Groceries,1,7.49,3.5,7.49,3.5,3.99,53.27
item-6434,sale-1682,INV-2026-1682,2026-06-27 14:44:06,prod-25,Antibacterial Hand Sanitizer 500ml,Personal Care,1,3.99,1.8,3.99,1.8,2.19,54.89
item-6435,sale-1683,INV-2026-1683,2026-06-27 15:06:16,prod-07,Heavy-Duty Desktop Stapler,Office Supplies,4,14.49,7.0,57.96,28.0,29.96,51.69
item-6436,sale-1683,INV-2026-1683,2026-06-27 15:06:16,prod-10,Organic Green Tea (Box of 50 Bags),Beverages & Drinks,2,7.99,3.8,15.98,7.6,8.38,52.44
item-6437,sale-1683,INV-2026-1683,2026-06-27 15:06:16,prod-01,Wireless Bluetooth Headset Pro,Electronics & Gadgets,4,89.99,45.0,359.96,180.0,179.96,49.99
item-6438,sale-1684,INV-2026-1684,2026-06-28 15:13:29,prod-18,High-Visibility Safety Vest,Apparel & Wearables,2,11.99,5.2,23.98,10.4,13.58,56.63
item-6439,sale-1685,INV-2026-1685,2026-06-28 15:02:59,prod-25,Antibacterial Hand Sanitizer 500ml,Personal Care,4,3.99,1.8,15.96,7.2,8.76,54.89
item-6440,sale-1686,INV-2026-1686,2026-06-28 16:29:42,prod-23,Digital Laser Distance Meter 50m,Hardware & Tools,2,36.99,18.0,73.98,36.0,37.98,51.34
item-6441,sale-1686,INV-2026-1686,2026-06-28 16:29:42,prod-09,Arabica Whole Bean Coffee 1kg,Beverages & Drinks,2,21.99,11.0,43.98,22.0,21.98,49.98
item-6442,sale-1686,INV-2026-1686,2026-06-28 16:29:42,prod-28,Electric Stainless Steel Kettle 1.7L,Home Appliances,2,27.99,14.0,55.98,28.0,27.98,49.98
item-6443,sale-1686,INV-2026-1686,2026-06-28 16:29:42,prod-01,Wireless Bluetooth Headset Pro,Electronics & Gadgets,6,89.99,45.0,539.94,270.0,269.94,49.99
item-6444,sale-1687,INV-2026-1687,2026-06-28 09:33:47,prod-10,Organic Green Tea (Box of 50 Bags),Beverages & Drinks,1,7.99,3.8,7.99,3.8,4.19,52.44
item-6445,sale-1688,INV-2026-1688,2026-06-28 16:59:32,prod-07,Heavy-Duty Desktop Stapler,Office Supplies,3,14.49,7.0,43.47,21.0,22.47,51.69
item-6446,sale-1688,INV-2026-1688,2026-06-28 16:59:32,prod-10,Organic Green Tea (Box of 50 Bags),Beverages & Drinks,4,7.99,3.8,31.96,15.2,16.76,52.44
item-6447,sale-1689,INV-2026-1689,2026-06-28 11:06:24,prod-11,Sparkling Mineral Water 500ml (Pack 12),Beverages & Drinks,4,12.99,6.0,51.96,24.0,27.96,53.81
item-6448,sale-1690,INV-2026-1690,2026-06-28 15:26:38,prod-03,Mechanical RGB Gaming Keyboard,Electronics & Gadgets,1,74.99,38.0,74.99,38.0,36.99,49.33
item-6449,sale-1691,INV-2026-1691,2026-06-28 14:18:28,prod-05,A4 Premium Copy Paper 500 Sheets,Office Supplies,1,6.99,3.2,6.99,3.2,3.79,54.22
item-6450,sale-1691,INV-2026-1691,2026-06-28 14:18:28,prod-28,Electric Stainless Steel Kettle 1.7L,Home Appliances,1,27.99,14.0,27.99,14.0,13.99,49.98
item-6451,sale-1692,INV-2026-1692,2026-06-29 17:19:53,prod-24,Heavy-Duty Steel Measuring Tape 8m,Hardware & Tools,3,7.99,3.5,23.97,10.5,13.47,56.2
item-6452,sale-1692,INV-2026-1692,2026-06-29 17:19:53,prod-16,Assorted Roasted Almonds 250g,Packaged Groceries,2,7.49,3.5,14.98,7.0,7.98,53.27
item-6453,sale-1693,INV-2026-1693,2026-06-29 12:13:39,prod-02,Ergonomic Optical Wireless Mouse,Electronics & Gadgets,2,24.99,12.5,49.98,25.0,24.98,49.98
item-6454,sale-1693,INV-2026-1693,2026-06-29 12:13:39,prod-01,Wireless Bluetooth Headset Pro,Electronics & Gadgets,1,89.99,45.0,89.99,45.0,44.99,49.99
item-6455,sale-1693,INV-2026-1693,2026-06-29 12:13:39,prod-06,Gel Ink Rollerball Pens (Box of 12),Office Supplies,1,9.99,4.5,9.99,4.5,5.49,54.95
item-6456,sale-1694,INV-2026-1694,2026-06-29 11:45:41,prod-26,Gentle Moisturizing Hand Soap 1L,Personal Care,1,5.49,2.5,5.49,2.5,2.99,54.46
item-6457,sale-1694,INV-2026-1694,2026-06-29 11:45:41,prod-09,Arabica Whole Bean Coffee 1kg,Beverages & Drinks,1,21.99,11.0,21.99,11.0,10.99,49.98
item-6458,sale-1694,INV-2026-1694,2026-06-29 11:45:41,prod-20,Breathable Fleece Jacket (Large),Apparel & Wearables,1,44.99,22.0,44.99,22.0,22.99,51.1
item-6459,sale-1694,INV-2026-1694,2026-06-29 11:45:41,prod-07,Heavy-Duty Desktop Stapler,Office Supplies,1,14.49,7.0,14.49,7.0,7.49,51.69
item-6460,sale-1695,INV-2026-1695,2026-06-29 19:20:45,prod-05,A4 Premium Copy Paper 500 Sheets,Office Supplies,1,6.99,3.2,6.99,3.2,3.79,54.22
item-6461,sale-1695,INV-2026-1695,2026-06-29 19:20:45,prod-22,Professional Precision Screwdriver Kit,Hardware & Tools,1,17.99,8.5,17.99,8.5,9.49,52.75
item-6462,sale-1695,INV-2026-1695,2026-06-29 19:20:45,prod-15,Raw Honey Jar 500g,Packaged Groceries,1,9.99,4.8,9.99,4.8,5.19,51.95
item-6463,sale-1696,INV-2026-1696,2026-06-29 18:42:45,prod-12,Natural Cold Pressed Citrus Juice 1L,Beverages & Drinks,1,4.99,2.2,4.99,2.2,2.79,55.91
item-6464,sale-1696,INV-2026-1696,2026-06-29 18:42:45,prod-05,A4 Premium Copy Paper 500 Sheets,Office Supplies,1,6.99,3.2,6.99,3.2,3.79,54.22
item-6465,sale-1697,INV-2026-1697,2026-06-29 15:51:00,prod-10,Organic Green Tea (Box of 50 Bags),Beverages & Drinks,3,7.99,3.8,23.97,11.4,12.57,52.44
item-6466,sale-1697,INV-2026-1697,2026-06-29 15:51:00,prod-22,Professional Precision Screwdriver Kit,Hardware & Tools,1,17.99,8.5,17.99,8.5,9.49,52.75
item-6467,sale-1697,INV-2026-1697,2026-06-29 15:51:00,prod-19,Waterproof Work Gloves (Pair),Apparel & Wearables,2,6.49,2.8,12.98,5.6,7.38,56.86
item-6468,sale-1697,INV-2026-1697,2026-06-29 15:51:00,prod-27,Microfiber Facial Towels (Pack of 4),Personal Care,3,6.99,3.0,20.97,9.0,11.97,57.08
item-6469,sale-1698,INV-2026-1698,2026-06-29 19:03:12,prod-10,Organic Green Tea (Box of 50 Bags),Beverages & Drinks,1,7.99,3.8,7.99,3.8,4.19,52.44
item-6470,sale-1699,INV-2026-1699,2026-06-29 19:16:09,prod-25,Antibacterial Hand Sanitizer 500ml,Personal Care,1,3.99,1.8,3.99,1.8,2.19,54.89
item-6471,sale-1699,INV-2026-1699,2026-06-29 19:16:09,prod-03,Mechanical RGB Gaming Keyboard,Electronics & Gadgets,1,74.99,38.0,74.99,38.0,36.99,49.33
item-6472,sale-1699,INV-2026-1699,2026-06-29 19:16:09,prod-16,Assorted Roasted Almonds 250g,Packaged Groceries,6,7.49,3.5,44.94,21.0,23.94,53.27
item-6473,sale-1700,INV-2026-1700,2026-06-30 17:02:22,prod-02,Ergonomic Optical Wireless Mouse,Electronics & Gadgets,1,24.99,12.5,24.99,12.5,12.49,49.98
item-6474,sale-1701,INV-2026-1701,2026-06-30 17:55:14,prod-01,Wireless Bluetooth Headset Pro,Electronics & Gadgets,1,89.99,45.0,89.99,45.0,44.99,49.99
item-6475,sale-1701,INV-2026-1701,2026-06-30 17:55:14,prod-19,Waterproof Work Gloves (Pair),Apparel & Wearables,1,6.49,2.8,6.49,2.8,3.69,56.86
item-6476,sale-1701,INV-2026-1701,2026-06-30 17:55:14,prod-15,Raw Honey Jar 500g,Packaged Groceries,1,9.99,4.8,9.99,4.8,5.19,51.95
item-6477,sale-1702,INV-2026-1702,2026-06-30 13:44:42,prod-27,Microfiber Facial Towels (Pack of 4),Personal Care,2,6.99,3.0,13.98,6.0,7.98,57.08
item-6478,sale-1703,INV-2026-1703,2026-06-30 19:20:35,prod-07,Heavy-Duty Desktop Stapler,Office Supplies,1,14.49,7.0,14.49,7.0,7.49,51.69
item-6479,sale-1703,INV-2026-1703,2026-06-30 19:20:35,prod-28,Electric Stainless Steel Kettle 1.7L,Home Appliances,2,27.99,14.0,55.98,28.0,27.98,49.98
item-6480,sale-1703,INV-2026-1703,2026-06-30 19:20:35,prod-12,Natural Cold Pressed Citrus Juice 1L,Beverages & Drinks,1,4.99,2.2,4.99,2.2,2.79,55.91
item-6481,sale-1703,INV-2026-1703,2026-06-30 19:20:35,prod-10,Organic Green Tea (Box of 50 Bags),Beverages & Drinks,1,7.99,3.8,7.99,3.8,4.19,52.44
item-6482,sale-1703,INV-2026-1703,2026-06-30 19:20:35,prod-02,Ergonomic Optical Wireless Mouse,Electronics & Gadgets,2,24.99,12.5,49.98,25.0,24.98,49.98
item-6483,sale-1704,INV-2026-1704,2026-06-30 16:53:14,prod-16,Assorted Roasted Almonds 250g,Packaged Groceries,1,7.49,3.5,7.49,3.5,3.99,53.27
item-6484,sale-1705,INV-2026-1705,2026-07-01 17:47:38,prod-10,Organic Green Tea (Box of 50 Bags),Beverages & Drinks,1,7.99,3.8,7.99,3.8,4.19,52.44
item-6485,sale-1705,INV-2026-1705,2026-07-01 17:47:38,prod-25,Antibacterial Hand Sanitizer 500ml,Personal Care,1,3.99,1.8,3.99,1.8,2.19,54.89
item-6486,sale-1706,INV-2026-1706,2026-07-01 11:43:04,prod-13,Organic Extra Virgin Olive Oil 750ml,Packaged Groceries,1,14.99,7.5,14.99,7.5,7.49,49.97
item-6487,sale-1707,INV-2026-1707,2026-07-01 09:27:17,prod-06,Gel Ink Rollerball Pens (Box of 12),Office Supplies,3,9.99,4.5,29.97,13.5,16.47,54.95
item-6488,sale-1707,INV-2026-1707,2026-07-01 09:27:17,prod-11,Sparkling Mineral Water 500ml (Pack 12),Beverages & Drinks,1,12.99,6.0,12.99,6.0,6.99,53.81
item-6489,sale-1707,INV-2026-1707,2026-07-01 09:27:17,prod-25,Antibacterial Hand Sanitizer 500ml,Personal Care,1,3.99,1.8,3.99,1.8,2.19,54.89
item-6490,sale-1708,INV-2026-1708,2026-07-01 13:00:21,prod-27,Microfiber Facial Towels (Pack of 4),Personal Care,1,6.99,3.0,6.99,3.0,3.99,57.08
item-6491,sale-1709,INV-2026-1709,2026-07-01 14:38:03,prod-20,Breathable Fleece Jacket (Large),Apparel & Wearables,1,44.99,22.0,44.99,22.0,22.99,51.1
item-6492,sale-1709,INV-2026-1709,2026-07-01 14:38:03,prod-15,Raw Honey Jar 500g,Packaged Groceries,1,9.99,4.8,9.99,4.8,5.19,51.95
item-6493,sale-1709,INV-2026-1709,2026-07-01 14:38:03,prod-01,Wireless Bluetooth Headset Pro,Electronics & Gadgets,2,89.99,45.0,179.98,90.0,89.98,49.99
item-6494,sale-1709,INV-2026-1709,2026-07-01 14:38:03,prod-13,Organic Extra Virgin Olive Oil 750ml,Packaged Groceries,6,14.99,7.5,89.94,45.0,44.94,49.97
item-6495,sale-1710,INV-2026-1710,2026-07-01 13:31:50,prod-22,Professional Precision Screwdriver Kit,Hardware & Tools,1,17.99,8.5,17.99,8.5,9.49,52.75
item-6496,sale-1710,INV-2026-1710,2026-07-01 13:31:50,prod-02,Ergonomic Optical Wireless Mouse,Electronics & Gadgets,1,24.99,12.5,24.99,12.5,12.49,49.98
item-6497,sale-1711,INV-2026-1711,2026-07-01 14:33:14,prod-27,Microfiber Facial Towels (Pack of 4),Personal Care,1,6.99,3.0,6.99,3.0,3.99,57.08
item-6498,sale-1711,INV-2026-1711,2026-07-01 14:33:14,prod-19,Waterproof Work Gloves (Pair),Apparel & Wearables,1,6.49,2.8,6.49,2.8,3.69,56.86
item-6499,sale-1712,INV-2026-1712,2026-07-01 11:26:34,prod-11,Sparkling Mineral Water 500ml (Pack 12),Beverages & Drinks,2,12.99,6.0,25.98,12.0,13.98,53.81
item-6500,sale-1712,INV-2026-1712,2026-07-01 11:26:34,prod-25,Antibacterial Hand Sanitizer 500ml,Personal Care,2,3.99,1.8,7.98,3.6,4.38,54.89
item-6501,sale-1713,INV-2026-1713,2026-07-01 12:42:21,prod-07,Heavy-Duty Desktop Stapler,Office Supplies,1,14.49,7.0,14.49,7.0,7.49,51.69
item-6502,sale-1714,INV-2026-1714,2026-07-02 18:33:30,prod-12,Natural Cold Pressed Citrus Juice 1L,Beverages & Drinks,2,4.99,2.2,9.98,4.4,5.58,55.91
item-6503,sale-1715,INV-2026-1715,2026-07-02 14:28:15,prod-02,Ergonomic Optical Wireless Mouse,Electronics & Gadgets,1,24.99,12.5,24.99,12.5,12.49,49.98
item-6504,sale-1715,INV-2026-1715,2026-07-02 14:28:15,prod-11,Sparkling Mineral Water 500ml (Pack 12),Beverages & Drinks,1,12.99,6.0,12.99,6.0,6.99,53.81
item-6505,sale-1716,INV-2026-1716,2026-07-02 09:43:56,prod-01,Wireless Bluetooth Headset Pro,Electronics & Gadgets,3,89.99,45.0,269.97,135.0,134.97,49.99
item-6506,sale-1716,INV-2026-1716,2026-07-02 09:43:56,prod-12,Natural Cold Pressed Citrus Juice 1L,Beverages & Drinks,1,4.99,2.2,4.99,2.2,2.79,55.91
item-6507,sale-1716,INV-2026-1716,2026-07-02 09:43:56,prod-05,A4 Premium Copy Paper 500 Sheets,Office Supplies,1,6.99,3.2,6.99,3.2,3.79,54.22
item-6508,sale-1717,INV-2026-1717,2026-07-02 17:46:18,prod-22,Professional Precision Screwdriver Kit,Hardware & Tools,1,17.99,8.5,17.99,8.5,9.49,52.75
item-6509,sale-1717,INV-2026-1717,2026-07-02 17:46:18,prod-27,Microfiber Facial Towels (Pack of 4),Personal Care,3,6.99,3.0,20.97,9.0,11.97,57.08
item-6510,sale-1718,INV-2026-1718,2026-07-02 17:28:31,prod-26,Gentle Moisturizing Hand Soap 1L,Personal Care,1,5.49,2.5,5.49,2.5,2.99,54.46
item-6511,sale-1718,INV-2026-1718,2026-07-02 17:28:31,prod-18,High-Visibility Safety Vest,Apparel & Wearables,2,11.99,5.2,23.98,10.4,13.58,56.63
item-6512,sale-1718,INV-2026-1718,2026-07-02 17:28:31,prod-11,Sparkling Mineral Water 500ml (Pack 12),Beverages & Drinks,1,12.99,6.0,12.99,6.0,6.99,53.81
item-6513,sale-1718,INV-2026-1718,2026-07-02 17:28:31,prod-22,Professional Precision Screwdriver Kit,Hardware & Tools,2,17.99,8.5,35.98,17.0,18.98,52.75
item-6514,sale-1719,INV-2026-1719,2026-07-02 10:06:10,prod-05,A4 Premium Copy Paper 500 Sheets,Office Supplies,3,6.99,3.2,20.97,9.6,11.37,54.22
item-6515,sale-1719,INV-2026-1719,2026-07-02 10:06:10,prod-25,Antibacterial Hand Sanitizer 500ml,Personal Care,1,3.99,1.8,3.99,1.8,2.19,54.89
item-6516,sale-1719,INV-2026-1719,2026-07-02 10:06:10,prod-15,Raw Honey Jar 500g,Packaged Groceries,1,9.99,4.8,9.99,4.8,5.19,51.95
item-6517,sale-1720,INV-2026-1720,2026-07-02 19:04:13,prod-07,Heavy-Duty Desktop Stapler,Office Supplies,1,14.49,7.0,14.49,7.0,7.49,51.69
item-6518,sale-1720,INV-2026-1720,2026-07-02 19:04:13,prod-25,Antibacterial Hand Sanitizer 500ml,Personal Care,1,3.99,1.8,3.99,1.8,2.19,54.89
item-6519,sale-1720,INV-2026-1720,2026-07-02 19:04:13,prod-13,Organic Extra Virgin Olive Oil 750ml,Packaged Groceries,1,14.99,7.5,14.99,7.5,7.49,49.97
item-6520,sale-1720,INV-2026-1720,2026-07-02 19:04:13,prod-14,Wholegrain Oats 1kg,Packaged Groceries,1,4.49,2.1,4.49,2.1,2.39,53.23
item-6521,sale-1721,INV-2026-1721,2026-07-02 15:53:06,prod-01,Wireless Bluetooth Headset Pro,Electronics & Gadgets,6,89.99,45.0,539.94,270.0,269.94,49.99
item-6522,sale-1722,INV-2026-1722,2026-07-02 10:47:43,prod-11,Sparkling Mineral Water 500ml (Pack 12),Beverages & Drinks,4,12.99,6.0,51.96,24.0,27.96,53.81
item-6523,sale-1722,INV-2026-1722,2026-07-02 10:47:43,prod-22,Professional Precision Screwdriver Kit,Hardware & Tools,1,17.99,8.5,17.99,8.5,9.49,52.75
item-6524,sale-1722,INV-2026-1722,2026-07-02 10:47:43,prod-10,Organic Green Tea (Box of 50 Bags),Beverages & Drinks,2,7.99,3.8,15.98,7.6,8.38,52.44
item-6525,sale-1722,INV-2026-1722,2026-07-02 10:47:43,prod-19,Waterproof Work Gloves (Pair),Apparel & Wearables,1,6.49,2.8,6.49,2.8,3.69,56.86
item-6526,sale-1722,INV-2026-1722,2026-07-02 10:47:43,prod-25,Antibacterial Hand Sanitizer 500ml,Personal Care,6,3.99,1.8,23.94,10.8,13.14,54.89
item-6527,sale-1723,INV-2026-1723,2026-07-03 10:03:11,prod-20,Breathable Fleece Jacket (Large),Apparel & Wearables,4,44.99,22.0,179.96,88.0,91.96,51.1
item-6528,sale-1723,INV-2026-1723,2026-07-03 10:03:11,prod-05,A4 Premium Copy Paper 500 Sheets,Office Supplies,1,6.99,3.2,6.99,3.2,3.79,54.22
item-6529,sale-1724,INV-2026-1724,2026-07-03 12:58:16,prod-06,Gel Ink Rollerball Pens (Box of 12),Office Supplies,1,9.99,4.5,9.99,4.5,5.49,54.95
item-6530,sale-1724,INV-2026-1724,2026-07-03 12:58:16,prod-09,Arabica Whole Bean Coffee 1kg,Beverages & Drinks,1,21.99,11.0,21.99,11.0,10.99,49.98
item-6531,sale-1725,INV-2026-1725,2026-07-03 09:24:43,prod-05,A4 Premium Copy Paper 500 Sheets,Office Supplies,1,6.99,3.2,6.99,3.2,3.79,54.22
item-6532,sale-1726,INV-2026-1726,2026-07-03 18:02:44,prod-26,Gentle Moisturizing Hand Soap 1L,Personal Care,1,5.49,2.5,5.49,2.5,2.99,54.46
item-6533,sale-1726,INV-2026-1726,2026-07-03 18:02:44,prod-03,Mechanical RGB Gaming Keyboard,Electronics & Gadgets,1,74.99,38.0,74.99,38.0,36.99,49.33
item-6534,sale-1726,INV-2026-1726,2026-07-03 18:02:44,prod-11,Sparkling Mineral Water 500ml (Pack 12),Beverages & Drinks,2,12.99,6.0,25.98,12.0,13.98,53.81
item-6535,sale-1727,INV-2026-1727,2026-07-03 19:19:38,prod-05,A4 Premium Copy Paper 500 Sheets,Office Supplies,1,6.99,3.2,6.99,3.2,3.79,54.22
item-6536,sale-1727,INV-2026-1727,2026-07-03 19:19:38,prod-07,Heavy-Duty Desktop Stapler,Office Supplies,3,14.49,7.0,43.47,21.0,22.47,51.69
item-6537,sale-1728,INV-2026-1728,2026-07-03 19:01:30,prod-05,A4 Premium Copy Paper 500 Sheets,Office Supplies,1,6.99,3.2,6.99,3.2,3.79,54.22
item-6538,sale-1728,INV-2026-1728,2026-07-03 19:01:30,prod-06,Gel Ink Rollerball Pens (Box of 12),Office Supplies,1,9.99,4.5,9.99,4.5,5.49,54.95
item-6539,sale-1728,INV-2026-1728,2026-07-03 19:01:30,prod-26,Gentle Moisturizing Hand Soap 1L,Personal Care,1,5.49,2.5,5.49,2.5,2.99,54.46
item-6540,sale-1728,INV-2026-1728,2026-07-03 19:01:30,prod-27,Microfiber Facial Towels (Pack of 4),Personal Care,1,6.99,3.0,6.99,3.0,3.99,57.08
item-6541,sale-1728,INV-2026-1728,2026-07-03 19:01:30,prod-12,Natural Cold Pressed Citrus Juice 1L,Beverages & Drinks,1,4.99,2.2,4.99,2.2,2.79,55.91
item-6542,sale-1729,INV-2026-1729,2026-07-03 17:18:40,prod-01,Wireless Bluetooth Headset Pro,Electronics & Gadgets,1,89.99,45.0,89.99,45.0,44.99,49.99
item-6543,sale-1729,INV-2026-1729,2026-07-03 17:18:40,prod-25,Antibacterial Hand Sanitizer 500ml,Personal Care,1,3.99,1.8,3.99,1.8,2.19,54.89
item-6544,sale-1730,INV-2026-1730,2026-07-03 09:35:55,prod-11,Sparkling Mineral Water 500ml (Pack 12),Beverages & Drinks,1,12.99,6.0,12.99,6.0,6.99,53.81
item-6545,sale-1730,INV-2026-1730,2026-07-03 09:35:55,prod-28,Electric Stainless Steel Kettle 1.7L,Home Appliances,1,27.99,14.0,27.99,14.0,13.99,49.98
item-6546,sale-1731,INV-2026-1731,2026-07-03 18:25:34,prod-09,Arabica Whole Bean Coffee 1kg,Beverages & Drinks,1,21.99,11.0,21.99,11.0,10.99,49.98
item-6547,sale-1731,INV-2026-1731,2026-07-03 18:25:34,prod-26,Gentle Moisturizing Hand Soap 1L,Personal Care,1,5.49,2.5,5.49,2.5,2.99,54.46
item-6548,sale-1731,INV-2026-1731,2026-07-03 18:25:34,prod-11,Sparkling Mineral Water 500ml (Pack 12),Beverages & Drinks,1,12.99,6.0,12.99,6.0,6.99,53.81
item-6549,sale-1732,INV-2026-1732,2026-07-03 14:13:26,prod-25,Antibacterial Hand Sanitizer 500ml,Personal Care,4,3.99,1.8,15.96,7.2,8.76,54.89
item-6550,sale-1732,INV-2026-1732,2026-07-03 14:13:26,prod-06,Gel Ink Rollerball Pens (Box of 12),Office Supplies,1,9.99,4.5,9.99,4.5,5.49,54.95
item-6551,sale-1732,INV-2026-1732,2026-07-03 14:13:26,prod-24,Heavy-Duty Steel Measuring Tape 8m,Hardware & Tools,1,7.99,3.5,7.99,3.5,4.49,56.2
item-6552,sale-1733,INV-2026-1733,2026-07-03 12:39:53,prod-26,Gentle Moisturizing Hand Soap 1L,Personal Care,1,5.49,2.5,5.49,2.5,2.99,54.46
item-6553,sale-1734,INV-2026-1734,2026-07-03 18:54:03,prod-24,Heavy-Duty Steel Measuring Tape 8m,Hardware & Tools,1,7.99,3.5,7.99,3.5,4.49,56.2
item-6554,sale-1735,INV-2026-1735,2026-07-03 10:18:42,prod-12,Natural Cold Pressed Citrus Juice 1L,Beverages & Drinks,1,4.99,2.2,4.99,2.2,2.79,55.91
item-6555,sale-1735,INV-2026-1735,2026-07-03 10:18:42,prod-10,Organic Green Tea (Box of 50 Bags),Beverages & Drinks,1,7.99,3.8,7.99,3.8,4.19,52.44
item-6556,sale-1736,INV-2026-1736,2026-07-04 16:21:22,prod-16,Assorted Roasted Almonds 250g,Packaged Groceries,2,7.49,3.5,14.98,7.0,7.98,53.27
item-6557,sale-1737,INV-2026-1737,2026-07-04 18:04:57,prod-05,A4 Premium Copy Paper 500 Sheets,Office Supplies,1,6.99,3.2,6.99,3.2,3.79,54.22
item-6558,sale-1737,INV-2026-1737,2026-07-04 18:04:57,prod-08,Adjustable Mesh Executive Chair,Office Supplies,2,189.99,95.0,379.98,190.0,189.98,50.0
item-6559,sale-1737,INV-2026-1737,2026-07-04 18:04:57,prod-11,Sparkling Mineral Water 500ml (Pack 12),Beverages & Drinks,1,12.99,6.0,12.99,6.0,6.99,53.81
item-6560,sale-1738,INV-2026-1738,2026-07-04 19:19:44,prod-11,Sparkling Mineral Water 500ml (Pack 12),Beverages & Drinks,2,12.99,6.0,25.98,12.0,13.98,53.81
item-6561,sale-1739,INV-2026-1739,2026-07-04 14:27:10,prod-19,Waterproof Work Gloves (Pair),Apparel & Wearables,1,6.49,2.8,6.49,2.8,3.69,56.86
item-6562,sale-1740,INV-2026-1740,2026-07-04 19:27:17,prod-26,Gentle Moisturizing Hand Soap 1L,Personal Care,1,5.49,2.5,5.49,2.5,2.99,54.46
item-6563,sale-1740,INV-2026-1740,2026-07-04 19:27:17,prod-09,Arabica Whole Bean Coffee 1kg,Beverages & Drinks,2,21.99,11.0,43.98,22.0,21.98,49.98
item-6564,sale-1740,INV-2026-1740,2026-07-04 19:27:17,prod-06,Gel Ink Rollerball Pens (Box of 12),Office Supplies,3,9.99,4.5,29.97,13.5,16.47,54.95
item-6565,sale-1740,INV-2026-1740,2026-07-04 19:27:17,prod-11,Sparkling Mineral Water 500ml (Pack 12),Beverages & Drinks,2,12.99,6.0,25.98,12.0,13.98,53.81
item-6566,sale-1741,INV-2026-1741,2026-07-04 16:28:22,prod-11,Sparkling Mineral Water 500ml (Pack 12),Beverages & Drinks,1,12.99,6.0,12.99,6.0,6.99,53.81
item-6567,sale-1741,INV-2026-1741,2026-07-04 16:28:22,prod-05,A4 Premium Copy Paper 500 Sheets,Office Supplies,2,6.99,3.2,13.98,6.4,7.58,54.22
item-6568,sale-1741,INV-2026-1741,2026-07-04 16:28:22,prod-23,Digital Laser Distance Meter 50m,Hardware & Tools,1,36.99,18.0,36.99,18.0,18.99,51.34
item-6569,sale-1742,INV-2026-1742,2026-07-04 19:38:05,prod-30,Compact Digital Microwave Oven 20L,Home Appliances,1,114.99,58.0,114.99,58.0,56.99,49.56
item-6570,sale-1743,INV-2026-1743,2026-07-04 19:04:46,prod-28,Electric Stainless Steel Kettle 1.7L,Home Appliances,1,27.99,14.0,27.99,14.0,13.99,49.98
item-6571,sale-1743,INV-2026-1743,2026-07-04 19:04:46,prod-25,Antibacterial Hand Sanitizer 500ml,Personal Care,1,3.99,1.8,3.99,1.8,2.19,54.89
item-6572,sale-1743,INV-2026-1743,2026-07-04 19:04:46,prod-19,Waterproof Work Gloves (Pair),Apparel & Wearables,2,6.49,2.8,12.98,5.6,7.38,56.86
item-6573,sale-1743,INV-2026-1743,2026-07-04 19:04:46,prod-16,Assorted Roasted Almonds 250g,Packaged Groceries,1,7.49,3.5,7.49,3.5,3.99,53.27
item-6574,sale-1743,INV-2026-1743,2026-07-04 19:04:46,prod-26,Gentle Moisturizing Hand Soap 1L,Personal Care,1,5.49,2.5,5.49,2.5,2.99,54.46
item-6575,sale-1744,INV-2026-1744,2026-07-04 18:37:25,prod-16,Assorted Roasted Almonds 250g,Packaged Groceries,3,7.49,3.5,22.47,10.5,11.97,53.27
item-6576,sale-1745,INV-2026-1745,2026-07-04 17:57:34,prod-27,Microfiber Facial Towels (Pack of 4),Personal Care,2,6.99,3.0,13.98,6.0,7.98,57.08
item-6577,sale-1746,INV-2026-1746,2026-07-04 12:57:49,prod-16,Assorted Roasted Almonds 250g,Packaged Groceries,2,7.49,3.5,14.98,7.0,7.98,53.27
item-6578,sale-1746,INV-2026-1746,2026-07-04 12:57:49,prod-24,Heavy-Duty Steel Measuring Tape 8m,Hardware & Tools,1,7.99,3.5,7.99,3.5,4.49,56.2
item-6579,sale-1746,INV-2026-1746,2026-07-04 12:57:49,prod-01,Wireless Bluetooth Headset Pro,Electronics & Gadgets,3,89.99,45.0,269.97,135.0,134.97,49.99
item-6580,sale-1747,INV-2026-1747,2026-07-04 17:32:05,prod-09,Arabica Whole Bean Coffee 1kg,Beverages & Drinks,1,21.99,11.0,21.99,11.0,10.99,49.98
item-6581,sale-1747,INV-2026-1747,2026-07-04 17:32:05,prod-06,Gel Ink Rollerball Pens (Box of 12),Office Supplies,1,9.99,4.5,9.99,4.5,5.49,54.95
item-6582,sale-1747,INV-2026-1747,2026-07-04 17:32:05,prod-24,Heavy-Duty Steel Measuring Tape 8m,Hardware & Tools,6,7.99,3.5,47.94,21.0,26.94,56.2
item-6583,sale-1747,INV-2026-1747,2026-07-04 17:32:05,prod-07,Heavy-Duty Desktop Stapler,Office Supplies,2,14.49,7.0,28.98,14.0,14.98,51.69
item-6584,sale-1747,INV-2026-1747,2026-07-04 17:32:05,prod-26,Gentle Moisturizing Hand Soap 1L,Personal Care,3,5.49,2.5,16.47,7.5,8.97,54.46
item-6585,sale-1748,INV-2026-1748,2026-07-05 18:43:10,prod-17,100% Cotton Polo Shirt (Medium),Apparel & Wearables,1,19.99,9.0,19.99,9.0,10.99,54.98
item-6586,sale-1748,INV-2026-1748,2026-07-05 18:43:10,prod-20,Breathable Fleece Jacket (Large),Apparel & Wearables,1,44.99,22.0,44.99,22.0,22.99,51.1
item-6587,sale-1749,INV-2026-1749,2026-07-05 18:36:42,prod-24,Heavy-Duty Steel Measuring Tape 8m,Hardware & Tools,1,7.99,3.5,7.99,3.5,4.49,56.2
item-6588,sale-1750,INV-2026-1750,2026-07-05 09:14:48,prod-07,Heavy-Duty Desktop Stapler,Office Supplies,2,14.49,7.0,28.98,14.0,14.98,51.69
item-6589,sale-1750,INV-2026-1750,2026-07-05 09:14:48,prod-18,High-Visibility Safety Vest,Apparel & Wearables,1,11.99,5.2,11.99,5.2,6.79,56.63
item-6590,sale-1751,INV-2026-1751,2026-07-05 09:42:13,prod-05,A4 Premium Copy Paper 500 Sheets,Office Supplies,2,6.99,3.2,13.98,6.4,7.58,54.22
item-6591,sale-1752,INV-2026-1752,2026-07-05 16:56:02,prod-01,Wireless Bluetooth Headset Pro,Electronics & Gadgets,1,89.99,45.0,89.99,45.0,44.99,49.99
item-6592,sale-1752,INV-2026-1752,2026-07-05 16:56:02,prod-22,Professional Precision Screwdriver Kit,Hardware & Tools,4,17.99,8.5,71.96,34.0,37.96,52.75
item-6593,sale-1752,INV-2026-1752,2026-07-05 16:56:02,prod-10,Organic Green Tea (Box of 50 Bags),Beverages & Drinks,1,7.99,3.8,7.99,3.8,4.19,52.44
item-6594,sale-1753,INV-2026-1753,2026-07-05 17:40:53,prod-01,Wireless Bluetooth Headset Pro,Electronics & Gadgets,1,89.99,45.0,89.99,45.0,44.99,49.99
item-6595,sale-1753,INV-2026-1753,2026-07-05 17:40:53,prod-03,Mechanical RGB Gaming Keyboard,Electronics & Gadgets,1,74.99,38.0,74.99,38.0,36.99,49.33
item-6596,sale-1754,INV-2026-1754,2026-07-05 18:11:24,prod-12,Natural Cold Pressed Citrus Juice 1L,Beverages & Drinks,1,4.99,2.2,4.99,2.2,2.79,55.91
item-6597,sale-1754,INV-2026-1754,2026-07-05 18:11:24,prod-15,Raw Honey Jar 500g,Packaged Groceries,1,9.99,4.8,9.99,4.8,5.19,51.95
item-6598,sale-1755,INV-2026-1755,2026-07-05 10:33:16,prod-28,Electric Stainless Steel Kettle 1.7L,Home Appliances,3,27.99,14.0,83.97,42.0,41.97,49.98
item-6599,sale-1755,INV-2026-1755,2026-07-05 10:33:16,prod-02,Ergonomic Optical Wireless Mouse,Electronics & Gadgets,1,24.99,12.5,24.99,12.5,12.49,49.98
item-6600,sale-1756,INV-2026-1756,2026-07-05 14:52:55,prod-14,Wholegrain Oats 1kg,Packaged Groceries,1,4.49,2.1,4.49,2.1,2.39,53.23
item-6601,sale-1756,INV-2026-1756,2026-07-05 14:52:55,prod-02,Ergonomic Optical Wireless Mouse,Electronics & Gadgets,2,24.99,12.5,49.98,25.0,24.98,49.98
item-6602,sale-1757,INV-2026-1757,2026-07-05 09:32:56,prod-26,Gentle Moisturizing Hand Soap 1L,Personal Care,1,5.49,2.5,5.49,2.5,2.99,54.46
item-6603,sale-1758,INV-2026-1758,2026-07-05 19:17:13,prod-22,Professional Precision Screwdriver Kit,Hardware & Tools,1,17.99,8.5,17.99,8.5,9.49,52.75
item-6604,sale-1759,INV-2026-1759,2026-07-05 10:42:14,prod-21,20V Cordless Power Drill Set,Hardware & Tools,2,109.99,55.0,219.98,110.0,109.98,50.0
item-6605,sale-1759,INV-2026-1759,2026-07-05 10:42:14,prod-26,Gentle Moisturizing Hand Soap 1L,Personal Care,2,5.49,2.5,10.98,5.0,5.98,54.46
item-6606,sale-1760,INV-2026-1760,2026-07-05 16:30:13,prod-27,Microfiber Facial Towels (Pack of 4),Personal Care,1,6.99,3.0,6.99,3.0,3.99,57.08
item-6607,sale-1760,INV-2026-1760,2026-07-05 16:30:13,prod-09,Arabica Whole Bean Coffee 1kg,Beverages & Drinks,1,21.99,11.0,21.99,11.0,10.99,49.98
item-6608,sale-1761,INV-2026-1761,2026-07-06 09:08:36,prod-19,Waterproof Work Gloves (Pair),Apparel & Wearables,2,6.49,2.8,12.98,5.6,7.38,56.86
item-6609,sale-1762,INV-2026-1762,2026-07-06 18:09:03,prod-01,Wireless Bluetooth Headset Pro,Electronics & Gadgets,1,89.99,45.0,89.99,45.0,44.99,49.99
item-6610,sale-1762,INV-2026-1762,2026-07-06 18:09:03,prod-22,Professional Precision Screwdriver Kit,Hardware & Tools,2,17.99,8.5,35.98,17.0,18.98,52.75
item-6611,sale-1763,INV-2026-1763,2026-07-06 15:38:36,prod-10,Organic Green Tea (Box of 50 Bags),Beverages & Drinks,1,7.99,3.8,7.99,3.8,4.19,52.44
item-6612,sale-1763,INV-2026-1763,2026-07-06 15:38:36,prod-05,A4 Premium Copy Paper 500 Sheets,Office Supplies,3,6.99,3.2,20.97,9.6,11.37,54.22
item-6613,sale-1764,INV-2026-1764,2026-07-06 12:28:38,prod-19,Waterproof Work Gloves (Pair),Apparel & Wearables,2,6.49,2.8,12.98,5.6,7.38,56.86
item-6614,sale-1764,INV-2026-1764,2026-07-06 12:28:38,prod-03,Mechanical RGB Gaming Keyboard,Electronics & Gadgets,1,74.99,38.0,74.99,38.0,36.99,49.33
item-6615,sale-1764,INV-2026-1764,2026-07-06 12:28:38,prod-11,Sparkling Mineral Water 500ml (Pack 12),Beverages & Drinks,1,12.99,6.0,12.99,6.0,6.99,53.81
item-6616,sale-1764,INV-2026-1764,2026-07-06 12:28:38,prod-22,Professional Precision Screwdriver Kit,Hardware & Tools,2,17.99,8.5,35.98,17.0,18.98,52.75
item-6617,sale-1765,INV-2026-1765,2026-07-06 15:38:09,prod-07,Heavy-Duty Desktop Stapler,Office Supplies,1,14.49,7.0,14.49,7.0,7.49,51.69
item-6618,sale-1766,INV-2026-1766,2026-07-06 17:16:10,prod-25,Antibacterial Hand Sanitizer 500ml,Personal Care,1,3.99,1.8,3.99,1.8,2.19,54.89
item-6619,sale-1766,INV-2026-1766,2026-07-06 17:16:10,prod-27,Microfiber Facial Towels (Pack of 4),Personal Care,1,6.99,3.0,6.99,3.0,3.99,57.08
item-6620,sale-1767,INV-2026-1767,2026-07-07 10:14:24,prod-17,100% Cotton Polo Shirt (Medium),Apparel & Wearables,1,19.99,9.0,19.99,9.0,10.99,54.98
item-6621,sale-1768,INV-2026-1768,2026-07-07 17:43:26,prod-03,Mechanical RGB Gaming Keyboard,Electronics & Gadgets,1,74.99,38.0,74.99,38.0,36.99,49.33
item-6622,sale-1769,INV-2026-1769,2026-07-07 18:38:02,prod-05,A4 Premium Copy Paper 500 Sheets,Office Supplies,6,6.99,3.2,41.94,19.2,22.74,54.22
item-6623,sale-1770,INV-2026-1770,2026-07-07 10:30:42,prod-15,Raw Honey Jar 500g,Packaged Groceries,6,9.99,4.8,59.94,28.8,31.14,51.95
item-6624,sale-1770,INV-2026-1770,2026-07-07 10:30:42,prod-26,Gentle Moisturizing Hand Soap 1L,Personal Care,1,5.49,2.5,5.49,2.5,2.99,54.46
item-6625,sale-1771,INV-2026-1771,2026-07-07 19:41:27,prod-10,Organic Green Tea (Box of 50 Bags),Beverages & Drinks,2,7.99,3.8,15.98,7.6,8.38,52.44
item-6626,sale-1771,INV-2026-1771,2026-07-07 19:41:27,prod-09,Arabica Whole Bean Coffee 1kg,Beverages & Drinks,2,21.99,11.0,43.98,22.0,21.98,49.98
item-6627,sale-1771,INV-2026-1771,2026-07-07 19:41:27,prod-11,Sparkling Mineral Water 500ml (Pack 12),Beverages & Drinks,1,12.99,6.0,12.99,6.0,6.99,53.81
item-6628,sale-1772,INV-2026-1772,2026-07-07 15:14:51,prod-18,High-Visibility Safety Vest,Apparel & Wearables,1,11.99,5.2,11.99,5.2,6.79,56.63
item-6629,sale-1773,INV-2026-1773,2026-07-07 18:06:27,prod-21,20V Cordless Power Drill Set,Hardware & Tools,3,109.99,55.0,329.97,165.0,164.97,50.0
item-6630,sale-1773,INV-2026-1773,2026-07-07 18:06:27,prod-24,Heavy-Duty Steel Measuring Tape 8m,Hardware & Tools,1,7.99,3.5,7.99,3.5,4.49,56.2
item-6631,sale-1774,INV-2026-1774,2026-07-07 10:18:38,prod-18,High-Visibility Safety Vest,Apparel & Wearables,1,11.99,5.2,11.99,5.2,6.79,56.63
item-6632,sale-1774,INV-2026-1774,2026-07-07 10:18:38,prod-06,Gel Ink Rollerball Pens (Box of 12),Office Supplies,1,9.99,4.5,9.99,4.5,5.49,54.95
item-6633,sale-1774,INV-2026-1774,2026-07-07 10:18:38,prod-01,Wireless Bluetooth Headset Pro,Electronics & Gadgets,2,89.99,45.0,179.98,90.0,89.98,49.99
item-6634,sale-1775,INV-2026-1775,2026-07-07 09:36:33,prod-06,Gel Ink Rollerball Pens (Box of 12),Office Supplies,1,9.99,4.5,9.99,4.5,5.49,54.95
item-6635,sale-1775,INV-2026-1775,2026-07-07 09:36:33,prod-05,A4 Premium Copy Paper 500 Sheets,Office Supplies,1,6.99,3.2,6.99,3.2,3.79,54.22
item-6636,sale-1775,INV-2026-1775,2026-07-07 09:36:33,prod-28,Electric Stainless Steel Kettle 1.7L,Home Appliances,1,27.99,14.0,27.99,14.0,13.99,49.98
item-6637,sale-1776,INV-2026-1776,2026-07-08 14:26:23,prod-03,Mechanical RGB Gaming Keyboard,Electronics & Gadgets,1,74.99,38.0,74.99,38.0,36.99,49.33
item-6638,sale-1776,INV-2026-1776,2026-07-08 14:26:23,prod-02,Ergonomic Optical Wireless Mouse,Electronics & Gadgets,1,24.99,12.5,24.99,12.5,12.49,49.98
item-6639,sale-1777,INV-2026-1777,2026-07-08 17:27:36,prod-07,Heavy-Duty Desktop Stapler,Office Supplies,3,14.49,7.0,43.47,21.0,22.47,51.69
item-6640,sale-1777,INV-2026-1777,2026-07-08 17:27:36,prod-19,Waterproof Work Gloves (Pair),Apparel & Wearables,1,6.49,2.8,6.49,2.8,3.69,56.86
item-6641,sale-1778,INV-2026-1778,2026-07-08 15:35:50,prod-20,Breathable Fleece Jacket (Large),Apparel & Wearables,1,44.99,22.0,44.99,22.0,22.99,51.1
item-6642,sale-1778,INV-2026-1778,2026-07-08 15:35:50,prod-07,Heavy-Duty Desktop Stapler,Office Supplies,2,14.49,7.0,28.98,14.0,14.98,51.69
item-6643,sale-1779,INV-2026-1779,2026-07-08 16:16:19,prod-25,Antibacterial Hand Sanitizer 500ml,Personal Care,2,3.99,1.8,7.98,3.6,4.38,54.89
item-6644,sale-1779,INV-2026-1779,2026-07-08 16:16:19,prod-17,100% Cotton Polo Shirt (Medium),Apparel & Wearables,1,19.99,9.0,19.99,9.0,10.99,54.98
item-6645,sale-1779,INV-2026-1779,2026-07-08 16:16:19,prod-22,Professional Precision Screwdriver Kit,Hardware & Tools,1,17.99,8.5,17.99,8.5,9.49,52.75
item-6646,sale-1779,INV-2026-1779,2026-07-08 16:16:19,prod-10,Organic Green Tea (Box of 50 Bags),Beverages & Drinks,2,7.99,3.8,15.98,7.6,8.38,52.44
item-6647,sale-1780,INV-2026-1780,2026-07-08 19:07:47,prod-10,Organic Green Tea (Box of 50 Bags),Beverages & Drinks,1,7.99,3.8,7.99,3.8,4.19,52.44
item-6648,sale-1780,INV-2026-1780,2026-07-08 19:07:47,prod-26,Gentle Moisturizing Hand Soap 1L,Personal Care,1,5.49,2.5,5.49,2.5,2.99,54.46
item-6649,sale-1781,INV-2026-1781,2026-07-08 17:25:50,prod-24,Heavy-Duty Steel Measuring Tape 8m,Hardware & Tools,2,7.99,3.5,15.98,7.0,8.98,56.2
item-6650,sale-1782,INV-2026-1782,2026-07-09 09:10:24,prod-24,Heavy-Duty Steel Measuring Tape 8m,Hardware & Tools,1,7.99,3.5,7.99,3.5,4.49,56.2
item-6651,sale-1783,INV-2026-1783,2026-07-09 16:59:38,prod-27,Microfiber Facial Towels (Pack of 4),Personal Care,1,6.99,3.0,6.99,3.0,3.99,57.08
item-6652,sale-1783,INV-2026-1783,2026-07-09 16:59:38,prod-07,Heavy-Duty Desktop Stapler,Office Supplies,1,14.49,7.0,14.49,7.0,7.49,51.69
item-6653,sale-1784,INV-2026-1784,2026-07-09 10:38:02,prod-11,Sparkling Mineral Water 500ml (Pack 12),Beverages & Drinks,2,12.99,6.0,25.98,12.0,13.98,53.81
item-6654,sale-1784,INV-2026-1784,2026-07-09 10:38:02,prod-02,Ergonomic Optical Wireless Mouse,Electronics & Gadgets,6,24.99,12.5,149.94,75.0,74.94,49.98
item-6655,sale-1784,INV-2026-1784,2026-07-09 10:38:02,prod-10,Organic Green Tea (Box of 50 Bags),Beverages & Drinks,1,7.99,3.8,7.99,3.8,4.19,52.44
item-6656,sale-1784,INV-2026-1784,2026-07-09 10:38:02,prod-14,Wholegrain Oats 1kg,Packaged Groceries,1,4.49,2.1,4.49,2.1,2.39,53.23
item-6657,sale-1784,INV-2026-1784,2026-07-09 10:38:02,prod-05,A4 Premium Copy Paper 500 Sheets,Office Supplies,1,6.99,3.2,6.99,3.2,3.79,54.22
item-6658,sale-1785,INV-2026-1785,2026-07-09 13:45:38,prod-26,Gentle Moisturizing Hand Soap 1L,Personal Care,1,5.49,2.5,5.49,2.5,2.99,54.46
item-6659,sale-1786,INV-2026-1786,2026-07-09 16:00:12,prod-19,Waterproof Work Gloves (Pair),Apparel & Wearables,1,6.49,2.8,6.49,2.8,3.69,56.86
item-6660,sale-1787,INV-2026-1787,2026-07-09 18:32:33,prod-02,Ergonomic Optical Wireless Mouse,Electronics & Gadgets,4,24.99,12.5,99.96,50.0,49.96,49.98
item-6661,sale-1787,INV-2026-1787,2026-07-09 18:32:33,prod-25,Antibacterial Hand Sanitizer 500ml,Personal Care,2,3.99,1.8,7.98,3.6,4.38,54.89
item-6662,sale-1788,INV-2026-1788,2026-07-09 14:15:41,prod-05,A4 Premium Copy Paper 500 Sheets,Office Supplies,1,6.99,3.2,6.99,3.2,3.79,54.22
item-6663,sale-1788,INV-2026-1788,2026-07-09 14:15:41,prod-13,Organic Extra Virgin Olive Oil 750ml,Packaged Groceries,1,14.99,7.5,14.99,7.5,7.49,49.97
item-6664,sale-1788,INV-2026-1788,2026-07-09 14:15:41,prod-17,100% Cotton Polo Shirt (Medium),Apparel & Wearables,1,19.99,9.0,19.99,9.0,10.99,54.98
item-6665,sale-1788,INV-2026-1788,2026-07-09 14:15:41,prod-11,Sparkling Mineral Water 500ml (Pack 12),Beverages & Drinks,1,12.99,6.0,12.99,6.0,6.99,53.81
item-6666,sale-1789,INV-2026-1789,2026-07-09 15:22:42,prod-06,Gel Ink Rollerball Pens (Box of 12),Office Supplies,1,9.99,4.5,9.99,4.5,5.49,54.95
item-6667,sale-1789,INV-2026-1789,2026-07-09 15:22:42,prod-02,Ergonomic Optical Wireless Mouse,Electronics & Gadgets,3,24.99,12.5,74.97,37.5,37.47,49.98
item-6668,sale-1789,INV-2026-1789,2026-07-09 15:22:42,prod-15,Raw Honey Jar 500g,Packaged Groceries,1,9.99,4.8,9.99,4.8,5.19,51.95
item-6669,sale-1790,INV-2026-1790,2026-07-09 10:58:05,prod-25,Antibacterial Hand Sanitizer 500ml,Personal Care,1,3.99,1.8,3.99,1.8,2.19,54.89
item-6670,sale-1791,INV-2026-1791,2026-07-09 14:22:52,prod-16,Assorted Roasted Almonds 250g,Packaged Groceries,3,7.49,3.5,22.47,10.5,11.97,53.27
item-6671,sale-1792,INV-2026-1792,2026-07-09 15:36:00,prod-09,Arabica Whole Bean Coffee 1kg,Beverages & Drinks,1,21.99,11.0,21.99,11.0,10.99,49.98
item-6672,sale-1793,INV-2026-1793,2026-07-10 10:32:18,prod-12,Natural Cold Pressed Citrus Juice 1L,Beverages & Drinks,1,4.99,2.2,4.99,2.2,2.79,55.91
item-6673,sale-1794,INV-2026-1794,2026-07-10 17:52:50,prod-27,Microfiber Facial Towels (Pack of 4),Personal Care,2,6.99,3.0,13.98,6.0,7.98,57.08
item-6674,sale-1795,INV-2026-1795,2026-07-10 18:30:49,prod-25,Antibacterial Hand Sanitizer 500ml,Personal Care,1,3.99,1.8,3.99,1.8,2.19,54.89
item-6675,sale-1795,INV-2026-1795,2026-07-10 18:30:49,prod-02,Ergonomic Optical Wireless Mouse,Electronics & Gadgets,2,24.99,12.5,49.98,25.0,24.98,49.98
item-6676,sale-1796,INV-2026-1796,2026-07-10 18:55:01,prod-24,Heavy-Duty Steel Measuring Tape 8m,Hardware & Tools,1,7.99,3.5,7.99,3.5,4.49,56.2
item-6677,sale-1796,INV-2026-1796,2026-07-10 18:55:01,prod-09,Arabica Whole Bean Coffee 1kg,Beverages & Drinks,3,21.99,11.0,65.97,33.0,32.97,49.98
item-6678,sale-1796,INV-2026-1796,2026-07-10 18:55:01,prod-27,Microfiber Facial Towels (Pack of 4),Personal Care,6,6.99,3.0,41.94,18.0,23.94,57.08
item-6679,sale-1797,INV-2026-1797,2026-07-10 12:43:44,prod-22,Professional Precision Screwdriver Kit,Hardware & Tools,1,17.99,8.5,17.99,8.5,9.49,52.75
item-6680,sale-1798,INV-2026-1798,2026-07-10 17:34:00,prod-14,Wholegrain Oats 1kg,Packaged Groceries,4,4.49,2.1,17.96,8.4,9.56,53.23
item-6681,sale-1798,INV-2026-1798,2026-07-10 17:34:00,prod-17,100% Cotton Polo Shirt (Medium),Apparel & Wearables,2,19.99,9.0,39.98,18.0,21.98,54.98
item-6682,sale-1799,INV-2026-1799,2026-07-10 15:43:47,prod-25,Antibacterial Hand Sanitizer 500ml,Personal Care,1,3.99,1.8,3.99,1.8,2.19,54.89
item-6683,sale-1799,INV-2026-1799,2026-07-10 15:43:47,prod-27,Microfiber Facial Towels (Pack of 4),Personal Care,6,6.99,3.0,41.94,18.0,23.94,57.08
item-6684,sale-1800,INV-2026-1800,2026-07-10 16:20:22,prod-25,Antibacterial Hand Sanitizer 500ml,Personal Care,1,3.99,1.8,3.99,1.8,2.19,54.89
item-6685,sale-1801,INV-2026-1801,2026-07-10 19:59:58,prod-12,Natural Cold Pressed Citrus Juice 1L,Beverages & Drinks,2,4.99,2.2,9.98,4.4,5.58,55.91
item-6686,sale-1802,INV-2026-1802,2026-07-11 12:55:16,prod-26,Gentle Moisturizing Hand Soap 1L,Personal Care,1,5.49,2.5,5.49,2.5,2.99,54.46
item-6687,sale-1802,INV-2026-1802,2026-07-11 12:55:16,prod-11,Sparkling Mineral Water 500ml (Pack 12),Beverages & Drinks,1,12.99,6.0,12.99,6.0,6.99,53.81
item-6688,sale-1803,INV-2026-1803,2026-07-11 14:09:49,prod-25,Antibacterial Hand Sanitizer 500ml,Personal Care,3,3.99,1.8,11.97,5.4,6.57,54.89
item-6689,sale-1804,INV-2026-1804,2026-07-11 19:31:39,prod-10,Organic Green Tea (Box of 50 Bags),Beverages & Drinks,1,7.99,3.8,7.99,3.8,4.19,52.44
item-6690,sale-1804,INV-2026-1804,2026-07-11 19:31:39,prod-25,Antibacterial Hand Sanitizer 500ml,Personal Care,3,3.99,1.8,11.97,5.4,6.57,54.89
item-6691,sale-1805,INV-2026-1805,2026-07-11 16:23:39,prod-24,Heavy-Duty Steel Measuring Tape 8m,Hardware & Tools,1,7.99,3.5,7.99,3.5,4.49,56.2
item-6692,sale-1805,INV-2026-1805,2026-07-11 16:23:39,prod-17,100% Cotton Polo Shirt (Medium),Apparel & Wearables,4,19.99,9.0,79.96,36.0,43.96,54.98
item-6693,sale-1806,INV-2026-1806,2026-07-11 16:11:48,prod-17,100% Cotton Polo Shirt (Medium),Apparel & Wearables,2,19.99,9.0,39.98,18.0,21.98,54.98
item-6694,sale-1806,INV-2026-1806,2026-07-11 16:11:48,prod-06,Gel Ink Rollerball Pens (Box of 12),Office Supplies,1,9.99,4.5,9.99,4.5,5.49,54.95
item-6695,sale-1807,INV-2026-1807,2026-07-11 18:08:03,prod-02,Ergonomic Optical Wireless Mouse,Electronics & Gadgets,2,24.99,12.5,49.98,25.0,24.98,49.98
item-6696,sale-1808,INV-2026-1808,2026-07-11 09:32:22,prod-14,Wholegrain Oats 1kg,Packaged Groceries,1,4.49,2.1,4.49,2.1,2.39,53.23
item-6697,sale-1808,INV-2026-1808,2026-07-11 09:32:22,prod-06,Gel Ink Rollerball Pens (Box of 12),Office Supplies,1,9.99,4.5,9.99,4.5,5.49,54.95
item-6698,sale-1808,INV-2026-1808,2026-07-11 09:32:22,prod-19,Waterproof Work Gloves (Pair),Apparel & Wearables,1,6.49,2.8,6.49,2.8,3.69,56.86
item-6699,sale-1809,INV-2026-1809,2026-07-11 10:44:33,prod-06,Gel Ink Rollerball Pens (Box of 12),Office Supplies,1,9.99,4.5,9.99,4.5,5.49,54.95
item-6700,sale-1810,INV-2026-1810,2026-07-11 12:24:37,prod-11,Sparkling Mineral Water 500ml (Pack 12),Beverages & Drinks,1,12.99,6.0,12.99,6.0,6.99,53.81
item-6701,sale-1811,INV-2026-1811,2026-07-11 11:35:16,prod-11,Sparkling Mineral Water 500ml (Pack 12),Beverages & Drinks,1,12.99,6.0,12.99,6.0,6.99,53.81
item-6702,sale-1811,INV-2026-1811,2026-07-11 11:35:16,prod-25,Antibacterial Hand Sanitizer 500ml,Personal Care,1,3.99,1.8,3.99,1.8,2.19,54.89
item-6703,sale-1812,INV-2026-1812,2026-07-11 11:31:27,prod-02,Ergonomic Optical Wireless Mouse,Electronics & Gadgets,1,24.99,12.5,24.99,12.5,12.49,49.98
item-6704,sale-1813,INV-2026-1813,2026-07-12 15:17:28,prod-26,Gentle Moisturizing Hand Soap 1L,Personal Care,4,5.49,2.5,21.96,10.0,11.96,54.46
item-6705,sale-1813,INV-2026-1813,2026-07-12 15:17:28,prod-16,Assorted Roasted Almonds 250g,Packaged Groceries,1,7.49,3.5,7.49,3.5,3.99,53.27
item-6706,sale-1814,INV-2026-1814,2026-07-12 10:46:17,prod-01,Wireless Bluetooth Headset Pro,Electronics & Gadgets,1,89.99,45.0,89.99,45.0,44.99,49.99
item-6707,sale-1815,INV-2026-1815,2026-07-12 12:09:51,prod-19,Waterproof Work Gloves (Pair),Apparel & Wearables,4,6.49,2.8,25.96,11.2,14.76,56.86
item-6708,sale-1815,INV-2026-1815,2026-07-12 12:09:51,prod-01,Wireless Bluetooth Headset Pro,Electronics & Gadgets,3,89.99,45.0,269.97,135.0,134.97,49.99
item-6709,sale-1816,INV-2026-1816,2026-07-12 11:26:31,prod-02,Ergonomic Optical Wireless Mouse,Electronics & Gadgets,1,24.99,12.5,24.99,12.5,12.49,49.98
item-6710,sale-1817,INV-2026-1817,2026-07-12 14:50:31,prod-05,A4 Premium Copy Paper 500 Sheets,Office Supplies,1,6.99,3.2,6.99,3.2,3.79,54.22
item-6711,sale-1818,INV-2026-1818,2026-07-12 10:44:10,prod-10,Organic Green Tea (Box of 50 Bags),Beverages & Drinks,6,7.99,3.8,47.94,22.8,25.14,52.44
item-6712,sale-1819,INV-2026-1819,2026-07-12 19:06:28,prod-27,Microfiber Facial Towels (Pack of 4),Personal Care,1,6.99,3.0,6.99,3.0,3.99,57.08
item-6713,sale-1819,INV-2026-1819,2026-07-12 19:06:28,prod-05,A4 Premium Copy Paper 500 Sheets,Office Supplies,1,6.99,3.2,6.99,3.2,3.79,54.22
item-6714,sale-1820,INV-2026-1820,2026-07-12 17:59:51,prod-01,Wireless Bluetooth Headset Pro,Electronics & Gadgets,2,89.99,45.0,179.98,90.0,89.98,49.99
item-6715,sale-1821,INV-2026-1821,2026-07-12 19:38:12,prod-11,Sparkling Mineral Water 500ml (Pack 12),Beverages & Drinks,1,12.99,6.0,12.99,6.0,6.99,53.81
item-6716,sale-1821,INV-2026-1821,2026-07-12 19:38:12,prod-14,Wholegrain Oats 1kg,Packaged Groceries,1,4.49,2.1,4.49,2.1,2.39,53.23
item-6717,sale-1822,INV-2026-1822,2026-07-12 13:22:20,prod-05,A4 Premium Copy Paper 500 Sheets,Office Supplies,1,6.99,3.2,6.99,3.2,3.79,54.22
item-6718,sale-1823,INV-2026-1823,2026-07-13 15:39:18,prod-09,Arabica Whole Bean Coffee 1kg,Beverages & Drinks,1,21.99,11.0,21.99,11.0,10.99,49.98
item-6719,sale-1823,INV-2026-1823,2026-07-13 15:39:18,prod-11,Sparkling Mineral Water 500ml (Pack 12),Beverages & Drinks,1,12.99,6.0,12.99,6.0,6.99,53.81
item-6720,sale-1823,INV-2026-1823,2026-07-13 15:39:18,prod-07,Heavy-Duty Desktop Stapler,Office Supplies,2,14.49,7.0,28.98,14.0,14.98,51.69
item-6721,sale-1824,INV-2026-1824,2026-07-13 14:26:40,prod-15,Raw Honey Jar 500g,Packaged Groceries,4,9.99,4.8,39.96,19.2,20.76,51.95
item-6722,sale-1824,INV-2026-1824,2026-07-13 14:26:40,prod-13,Organic Extra Virgin Olive Oil 750ml,Packaged Groceries,1,14.99,7.5,14.99,7.5,7.49,49.97
item-6723,sale-1825,INV-2026-1825,2026-07-13 14:14:20,prod-10,Organic Green Tea (Box of 50 Bags),Beverages & Drinks,2,7.99,3.8,15.98,7.6,8.38,52.44
item-6724,sale-1826,INV-2026-1826,2026-07-13 15:17:56,prod-07,Heavy-Duty Desktop Stapler,Office Supplies,1,14.49,7.0,14.49,7.0,7.49,51.69
item-6725,sale-1826,INV-2026-1826,2026-07-13 15:17:56,prod-26,Gentle Moisturizing Hand Soap 1L,Personal Care,6,5.49,2.5,32.94,15.0,17.94,54.46
item-6726,sale-1826,INV-2026-1826,2026-07-13 15:17:56,prod-25,Antibacterial Hand Sanitizer 500ml,Personal Care,1,3.99,1.8,3.99,1.8,2.19,54.89
item-6727,sale-1826,INV-2026-1826,2026-07-13 15:17:56,prod-06,Gel Ink Rollerball Pens (Box of 12),Office Supplies,2,9.99,4.5,19.98,9.0,10.98,54.95
item-6728,sale-1826,INV-2026-1826,2026-07-13 15:17:56,prod-11,Sparkling Mineral Water 500ml (Pack 12),Beverages & Drinks,1,12.99,6.0,12.99,6.0,6.99,53.81
item-6729,sale-1827,INV-2026-1827,2026-07-13 17:28:26,prod-12,Natural Cold Pressed Citrus Juice 1L,Beverages & Drinks,2,4.99,2.2,9.98,4.4,5.58,55.91
item-6730,sale-1827,INV-2026-1827,2026-07-13 17:28:26,prod-16,Assorted Roasted Almonds 250g,Packaged Groceries,3,7.49,3.5,22.47,10.5,11.97,53.27
item-6731,sale-1827,INV-2026-1827,2026-07-13 17:28:26,prod-25,Antibacterial Hand Sanitizer 500ml,Personal Care,1,3.99,1.8,3.99,1.8,2.19,54.89
item-6732,sale-1828,INV-2026-1828,2026-07-13 12:42:16,prod-05,A4 Premium Copy Paper 500 Sheets,Office Supplies,1,6.99,3.2,6.99,3.2,3.79,54.22
item-6733,sale-1828,INV-2026-1828,2026-07-13 12:42:16,prod-12,Natural Cold Pressed Citrus Juice 1L,Beverages & Drinks,1,4.99,2.2,4.99,2.2,2.79,55.91
item-6734,sale-1829,INV-2026-1829,2026-07-13 15:06:06,prod-30,Compact Digital Microwave Oven 20L,Home Appliances,2,114.99,58.0,229.98,116.0,113.98,49.56
item-6735,sale-1829,INV-2026-1829,2026-07-13 15:06:06,prod-05,A4 Premium Copy Paper 500 Sheets,Office Supplies,1,6.99,3.2,6.99,3.2,3.79,54.22
item-6736,sale-1830,INV-2026-1830,2026-07-13 09:49:25,prod-05,A4 Premium Copy Paper 500 Sheets,Office Supplies,4,6.99,3.2,27.96,12.8,15.16,54.22
item-6737,sale-1831,INV-2026-1831,2026-07-13 11:05:41,prod-26,Gentle Moisturizing Hand Soap 1L,Personal Care,1,5.49,2.5,5.49,2.5,2.99,54.46
item-6738,sale-1831,INV-2026-1831,2026-07-13 11:05:41,prod-29,HEPA Air Purifier Desktop Size,Home Appliances,2,84.99,42.0,169.98,84.0,85.98,50.58
item-6739,sale-1831,INV-2026-1831,2026-07-13 11:05:41,prod-06,Gel Ink Rollerball Pens (Box of 12),Office Supplies,1,9.99,4.5,9.99,4.5,5.49,54.95
item-6740,sale-1832,INV-2026-1832,2026-07-14 13:28:40,prod-10,Organic Green Tea (Box of 50 Bags),Beverages & Drinks,1,7.99,3.8,7.99,3.8,4.19,52.44
item-6741,sale-1832,INV-2026-1832,2026-07-14 13:28:40,prod-17,100% Cotton Polo Shirt (Medium),Apparel & Wearables,1,19.99,9.0,19.99,9.0,10.99,54.98
item-6742,sale-1833,INV-2026-1833,2026-07-14 19:22:55,prod-15,Raw Honey Jar 500g,Packaged Groceries,1,9.99,4.8,9.99,4.8,5.19,51.95
item-6743,sale-1833,INV-2026-1833,2026-07-14 19:22:55,prod-16,Assorted Roasted Almonds 250g,Packaged Groceries,2,7.49,3.5,14.98,7.0,7.98,53.27
item-6744,sale-1834,INV-2026-1834,2026-07-14 17:59:17,prod-10,Organic Green Tea (Box of 50 Bags),Beverages & Drinks,2,7.99,3.8,15.98,7.6,8.38,52.44
item-6745,sale-1835,INV-2026-1835,2026-07-14 18:29:40,prod-07,Heavy-Duty Desktop Stapler,Office Supplies,1,14.49,7.0,14.49,7.0,7.49,51.69
item-6746,sale-1835,INV-2026-1835,2026-07-14 18:29:40,prod-21,20V Cordless Power Drill Set,Hardware & Tools,2,109.99,55.0,219.98,110.0,109.98,50.0
item-6747,sale-1836,INV-2026-1836,2026-07-14 19:34:19,prod-17,100% Cotton Polo Shirt (Medium),Apparel & Wearables,1,19.99,9.0,19.99,9.0,10.99,54.98
item-6748,sale-1836,INV-2026-1836,2026-07-14 19:34:19,prod-13,Organic Extra Virgin Olive Oil 750ml,Packaged Groceries,1,14.99,7.5,14.99,7.5,7.49,49.97
item-6749,sale-1836,INV-2026-1836,2026-07-14 19:34:19,prod-05,A4 Premium Copy Paper 500 Sheets,Office Supplies,1,6.99,3.2,6.99,3.2,3.79,54.22
item-6750,sale-1837,INV-2026-1837,2026-07-14 10:28:19,prod-09,Arabica Whole Bean Coffee 1kg,Beverages & Drinks,1,21.99,11.0,21.99,11.0,10.99,49.98
item-6751,sale-1837,INV-2026-1837,2026-07-14 10:28:19,prod-01,Wireless Bluetooth Headset Pro,Electronics & Gadgets,1,89.99,45.0,89.99,45.0,44.99,49.99
item-6752,sale-1838,INV-2026-1838,2026-07-14 09:33:52,prod-01,Wireless Bluetooth Headset Pro,Electronics & Gadgets,1,89.99,45.0,89.99,45.0,44.99,49.99
item-6753,sale-1838,INV-2026-1838,2026-07-14 09:33:52,prod-17,100% Cotton Polo Shirt (Medium),Apparel & Wearables,1,19.99,9.0,19.99,9.0,10.99,54.98
item-6754,sale-1838,INV-2026-1838,2026-07-14 09:33:52,prod-27,Microfiber Facial Towels (Pack of 4),Personal Care,1,6.99,3.0,6.99,3.0,3.99,57.08
item-6755,sale-1839,INV-2026-1839,2026-07-14 17:00:44,prod-15,Raw Honey Jar 500g,Packaged Groceries,1,9.99,4.8,9.99,4.8,5.19,51.95
item-6756,sale-1839,INV-2026-1839,2026-07-14 17:00:44,prod-11,Sparkling Mineral Water 500ml (Pack 12),Beverages & Drinks,3,12.99,6.0,38.97,18.0,20.97,53.81
item-6757,sale-1840,INV-2026-1840,2026-07-14 15:51:18,prod-01,Wireless Bluetooth Headset Pro,Electronics & Gadgets,3,89.99,45.0,269.97,135.0,134.97,49.99
item-6758,sale-1841,INV-2026-1841,2026-07-14 12:26:56,prod-26,Gentle Moisturizing Hand Soap 1L,Personal Care,2,5.49,2.5,10.98,5.0,5.98,54.46
item-6759,sale-1841,INV-2026-1841,2026-07-14 12:26:56,prod-17,100% Cotton Polo Shirt (Medium),Apparel & Wearables,1,19.99,9.0,19.99,9.0,10.99,54.98
item-6760,sale-1842,INV-2026-1842,2026-07-15 19:24:53,prod-06,Gel Ink Rollerball Pens (Box of 12),Office Supplies,1,9.99,4.5,9.99,4.5,5.49,54.95
item-6761,sale-1842,INV-2026-1842,2026-07-15 19:24:53,prod-08,Adjustable Mesh Executive Chair,Office Supplies,1,189.99,95.0,189.99,95.0,94.99,50.0
item-6762,sale-1843,INV-2026-1843,2026-07-15 12:33:48,prod-16,Assorted Roasted Almonds 250g,Packaged Groceries,1,7.49,3.5,7.49,3.5,3.99,53.27
item-6763,sale-1844,INV-2026-1844,2026-07-15 17:51:17,prod-18,High-Visibility Safety Vest,Apparel & Wearables,1,11.99,5.2,11.99,5.2,6.79,56.63
item-6764,sale-1844,INV-2026-1844,2026-07-15 17:51:17,prod-03,Mechanical RGB Gaming Keyboard,Electronics & Gadgets,1,74.99,38.0,74.99,38.0,36.99,49.33
item-6765,sale-1845,INV-2026-1845,2026-07-15 13:07:40,prod-06,Gel Ink Rollerball Pens (Box of 12),Office Supplies,1,9.99,4.5,9.99,4.5,5.49,54.95
item-6766,sale-1845,INV-2026-1845,2026-07-15 13:07:40,prod-09,Arabica Whole Bean Coffee 1kg,Beverages & Drinks,2,21.99,11.0,43.98,22.0,21.98,49.98
item-6767,sale-1846,INV-2026-1846,2026-07-15 16:12:20,prod-19,Waterproof Work Gloves (Pair),Apparel & Wearables,2,6.49,2.8,12.98,5.6,7.38,56.86
item-6768,sale-1847,INV-2026-1847,2026-07-15 10:18:17,prod-27,Microfiber Facial Towels (Pack of 4),Personal Care,3,6.99,3.0,20.97,9.0,11.97,57.08
item-6769,sale-1847,INV-2026-1847,2026-07-15 10:18:17,prod-01,Wireless Bluetooth Headset Pro,Electronics & Gadgets,1,89.99,45.0,89.99,45.0,44.99,49.99
item-6770,sale-1847,INV-2026-1847,2026-07-15 10:18:17,prod-05,A4 Premium Copy Paper 500 Sheets,Office Supplies,1,6.99,3.2,6.99,3.2,3.79,54.22
item-6771,sale-1848,INV-2026-1848,2026-07-15 11:00:31,prod-20,Breathable Fleece Jacket (Large),Apparel & Wearables,6,44.99,22.0,269.94,132.0,137.94,51.1
item-6772,sale-1848,INV-2026-1848,2026-07-15 11:00:31,prod-27,Microfiber Facial Towels (Pack of 4),Personal Care,2,6.99,3.0,13.98,6.0,7.98,57.08
item-6773,sale-1849,INV-2026-1849,2026-07-15 16:23:29,prod-26,Gentle Moisturizing Hand Soap 1L,Personal Care,1,5.49,2.5,5.49,2.5,2.99,54.46
item-6774,sale-1850,INV-2026-1850,2026-07-15 11:03:17,prod-26,Gentle Moisturizing Hand Soap 1L,Personal Care,1,5.49,2.5,5.49,2.5,2.99,54.46
item-6775,sale-1851,INV-2026-1851,2026-07-16 12:57:53,prod-05,A4 Premium Copy Paper 500 Sheets,Office Supplies,3,6.99,3.2,20.97,9.6,11.37,54.22
item-6776,sale-1852,INV-2026-1852,2026-07-16 12:24:49,prod-19,Waterproof Work Gloves (Pair),Apparel & Wearables,2,6.49,2.8,12.98,5.6,7.38,56.86
item-6777,sale-1852,INV-2026-1852,2026-07-16 12:24:49,prod-07,Heavy-Duty Desktop Stapler,Office Supplies,2,14.49,7.0,28.98,14.0,14.98,51.69
item-6778,sale-1853,INV-2026-1853,2026-07-16 10:33:42,prod-11,Sparkling Mineral Water 500ml (Pack 12),Beverages & Drinks,1,12.99,6.0,12.99,6.0,6.99,53.81
item-6779,sale-1854,INV-2026-1854,2026-07-16 13:59:20,prod-19,Waterproof Work Gloves (Pair),Apparel & Wearables,4,6.49,2.8,25.96,11.2,14.76,56.86
item-6780,sale-1854,INV-2026-1854,2026-07-16 13:59:20,prod-27,Microfiber Facial Towels (Pack of 4),Personal Care,1,6.99,3.0,6.99,3.0,3.99,57.08
item-6781,sale-1854,INV-2026-1854,2026-07-16 13:59:20,prod-09,Arabica Whole Bean Coffee 1kg,Beverages & Drinks,1,21.99,11.0,21.99,11.0,10.99,49.98
item-6782,sale-1854,INV-2026-1854,2026-07-16 13:59:20,prod-24,Heavy-Duty Steel Measuring Tape 8m,Hardware & Tools,2,7.99,3.5,15.98,7.0,8.98,56.2
item-6783,sale-1854,INV-2026-1854,2026-07-16 13:59:20,prod-18,High-Visibility Safety Vest,Apparel & Wearables,2,11.99,5.2,23.98,10.4,13.58,56.63
item-6784,sale-1855,INV-2026-1855,2026-07-16 17:33:07,prod-06,Gel Ink Rollerball Pens (Box of 12),Office Supplies,1,9.99,4.5,9.99,4.5,5.49,54.95
item-6785,sale-1855,INV-2026-1855,2026-07-16 17:33:07,prod-14,Wholegrain Oats 1kg,Packaged Groceries,1,4.49,2.1,4.49,2.1,2.39,53.23
item-6786,sale-1856,INV-2026-1856,2026-07-16 09:55:42,prod-23,Digital Laser Distance Meter 50m,Hardware & Tools,1,36.99,18.0,36.99,18.0,18.99,51.34
item-6787,sale-1856,INV-2026-1856,2026-07-16 09:55:42,prod-07,Heavy-Duty Desktop Stapler,Office Supplies,1,14.49,7.0,14.49,7.0,7.49,51.69
item-6788,sale-1857,INV-2026-1857,2026-07-16 14:00:10,prod-24,Heavy-Duty Steel Measuring Tape 8m,Hardware & Tools,3,7.99,3.5,23.97,10.5,13.47,56.2
item-6789,sale-1858,INV-2026-1858,2026-07-16 12:00:02,prod-24,Heavy-Duty Steel Measuring Tape 8m,Hardware & Tools,3,7.99,3.5,23.97,10.5,13.47,56.2
item-6790,sale-1859,INV-2026-1859,2026-07-16 11:23:49,prod-06,Gel Ink Rollerball Pens (Box of 12),Office Supplies,1,9.99,4.5,9.99,4.5,5.49,54.95
item-6791,sale-1859,INV-2026-1859,2026-07-16 11:23:49,prod-27,Microfiber Facial Towels (Pack of 4),Personal Care,1,6.99,3.0,6.99,3.0,3.99,57.08
item-6792,sale-1859,INV-2026-1859,2026-07-16 11:23:49,prod-11,Sparkling Mineral Water 500ml (Pack 12),Beverages & Drinks,1,12.99,6.0,12.99,6.0,6.99,53.81
item-6793,sale-1860,INV-2026-1860,2026-07-17 18:21:59,prod-25,Antibacterial Hand Sanitizer 500ml,Personal Care,3,3.99,1.8,11.97,5.4,6.57,54.89
item-6794,sale-1861,INV-2026-1861,2026-07-17 19:09:44,prod-25,Antibacterial Hand Sanitizer 500ml,Personal Care,3,3.99,1.8,11.97,5.4,6.57,54.89
item-6795,sale-1862,INV-2026-1862,2026-07-17 14:35:50,prod-05,A4 Premium Copy Paper 500 Sheets,Office Supplies,2,6.99,3.2,13.98,6.4,7.58,54.22
item-6796,sale-1862,INV-2026-1862,2026-07-17 14:35:50,prod-20,Breathable Fleece Jacket (Large),Apparel & Wearables,1,44.99,22.0,44.99,22.0,22.99,51.1
item-6797,sale-1862,INV-2026-1862,2026-07-17 14:35:50,prod-27,Microfiber Facial Towels (Pack of 4),Personal Care,1,6.99,3.0,6.99,3.0,3.99,57.08
item-6798,sale-1863,INV-2026-1863,2026-07-17 09:44:24,prod-14,Wholegrain Oats 1kg,Packaged Groceries,1,4.49,2.1,4.49,2.1,2.39,53.23
item-6799,sale-1863,INV-2026-1863,2026-07-17 09:44:24,prod-05,A4 Premium Copy Paper 500 Sheets,Office Supplies,2,6.99,3.2,13.98,6.4,7.58,54.22
item-6800,sale-1864,INV-2026-1864,2026-07-17 16:45:28,prod-05,A4 Premium Copy Paper 500 Sheets,Office Supplies,2,6.99,3.2,13.98,6.4,7.58,54.22
item-6801,sale-1864,INV-2026-1864,2026-07-17 16:45:28,prod-27,Microfiber Facial Towels (Pack of 4),Personal Care,2,6.99,3.0,13.98,6.0,7.98,57.08
item-6802,sale-1864,INV-2026-1864,2026-07-17 16:45:28,prod-10,Organic Green Tea (Box of 50 Bags),Beverages & Drinks,2,7.99,3.8,15.98,7.6,8.38,52.44
item-6803,sale-1865,INV-2026-1865,2026-07-17 11:34:22,prod-09,Arabica Whole Bean Coffee 1kg,Beverages & Drinks,2,21.99,11.0,43.98,22.0,21.98,49.98
item-6804,sale-1865,INV-2026-1865,2026-07-17 11:34:22,prod-25,Antibacterial Hand Sanitizer 500ml,Personal Care,2,3.99,1.8,7.98,3.6,4.38,54.89
item-6805,sale-1865,INV-2026-1865,2026-07-17 11:34:22,prod-05,A4 Premium Copy Paper 500 Sheets,Office Supplies,1,6.99,3.2,6.99,3.2,3.79,54.22
item-6806,sale-1865,INV-2026-1865,2026-07-17 11:34:22,prod-21,20V Cordless Power Drill Set,Hardware & Tools,3,109.99,55.0,329.97,165.0,164.97,50.0
item-6807,sale-1866,INV-2026-1866,2026-07-17 18:58:55,prod-02,Ergonomic Optical Wireless Mouse,Electronics & Gadgets,2,24.99,12.5,49.98,25.0,24.98,49.98
item-6808,sale-1867,INV-2026-1867,2026-07-17 13:52:16,prod-25,Antibacterial Hand Sanitizer 500ml,Personal Care,1,3.99,1.8,3.99,1.8,2.19,54.89
item-6809,sale-1867,INV-2026-1867,2026-07-17 13:52:16,prod-11,Sparkling Mineral Water 500ml (Pack 12),Beverages & Drinks,3,12.99,6.0,38.97,18.0,20.97,53.81
item-6810,sale-1868,INV-2026-1868,2026-07-17 17:24:46,prod-06,Gel Ink Rollerball Pens (Box of 12),Office Supplies,1,9.99,4.5,9.99,4.5,5.49,54.95
item-6811,sale-1868,INV-2026-1868,2026-07-17 17:24:46,prod-22,Professional Precision Screwdriver Kit,Hardware & Tools,2,17.99,8.5,35.98,17.0,18.98,52.75
item-6812,sale-1869,INV-2026-1869,2026-07-17 18:15:20,prod-25,Antibacterial Hand Sanitizer 500ml,Personal Care,1,3.99,1.8,3.99,1.8,2.19,54.89
item-6813,sale-1869,INV-2026-1869,2026-07-17 18:15:20,prod-19,Waterproof Work Gloves (Pair),Apparel & Wearables,3,6.49,2.8,19.47,8.4,11.07,56.86
item-6814,sale-1870,INV-2026-1870,2026-07-17 12:33:43,prod-21,20V Cordless Power Drill Set,Hardware & Tools,3,109.99,55.0,329.97,165.0,164.97,50.0
item-6815,sale-1870,INV-2026-1870,2026-07-17 12:33:43,prod-10,Organic Green Tea (Box of 50 Bags),Beverages & Drinks,2,7.99,3.8,15.98,7.6,8.38,52.44
item-6816,sale-1871,INV-2026-1871,2026-07-17 14:26:41,prod-11,Sparkling Mineral Water 500ml (Pack 12),Beverages & Drinks,3,12.99,6.0,38.97,18.0,20.97,53.81
item-6817,sale-1872,INV-2026-1872,2026-07-18 09:53:08,prod-27,Microfiber Facial Towels (Pack of 4),Personal Care,2,6.99,3.0,13.98,6.0,7.98,57.08
item-6818,sale-1873,INV-2026-1873,2026-07-18 12:06:02,prod-09,Arabica Whole Bean Coffee 1kg,Beverages & Drinks,4,21.99,11.0,87.96,44.0,43.96,49.98
item-6819,sale-1873,INV-2026-1873,2026-07-18 12:06:02,prod-07,Heavy-Duty Desktop Stapler,Office Supplies,1,14.49,7.0,14.49,7.0,7.49,51.69
item-6820,sale-1874,INV-2026-1874,2026-07-18 17:39:44,prod-11,Sparkling Mineral Water 500ml (Pack 12),Beverages & Drinks,1,12.99,6.0,12.99,6.0,6.99,53.81
item-6821,sale-1874,INV-2026-1874,2026-07-18 17:39:44,prod-05,A4 Premium Copy Paper 500 Sheets,Office Supplies,6,6.99,3.2,41.94,19.2,22.74,54.22
item-6822,sale-1874,INV-2026-1874,2026-07-18 17:39:44,prod-01,Wireless Bluetooth Headset Pro,Electronics & Gadgets,1,89.99,45.0,89.99,45.0,44.99,49.99
item-6823,sale-1875,INV-2026-1875,2026-07-18 10:00:59,prod-10,Organic Green Tea (Box of 50 Bags),Beverages & Drinks,1,7.99,3.8,7.99,3.8,4.19,52.44
item-6824,sale-1876,INV-2026-1876,2026-07-18 10:29:51,prod-26,Gentle Moisturizing Hand Soap 1L,Personal Care,1,5.49,2.5,5.49,2.5,2.99,54.46
item-6825,sale-1876,INV-2026-1876,2026-07-18 10:29:51,prod-14,Wholegrain Oats 1kg,Packaged Groceries,1,4.49,2.1,4.49,2.1,2.39,53.23
item-6826,sale-1877,INV-2026-1877,2026-07-18 15:52:23,prod-07,Heavy-Duty Desktop Stapler,Office Supplies,1,14.49,7.0,14.49,7.0,7.49,51.69
item-6827,sale-1877,INV-2026-1877,2026-07-18 15:52:23,prod-02,Ergonomic Optical Wireless Mouse,Electronics & Gadgets,2,24.99,12.5,49.98,25.0,24.98,49.98
item-6828,sale-1877,INV-2026-1877,2026-07-18 15:52:23,prod-19,Waterproof Work Gloves (Pair),Apparel & Wearables,1,6.49,2.8,6.49,2.8,3.69,56.86
item-6829,sale-1877,INV-2026-1877,2026-07-18 15:52:23,prod-17,100% Cotton Polo Shirt (Medium),Apparel & Wearables,3,19.99,9.0,59.97,27.0,32.97,54.98
item-6830,sale-1877,INV-2026-1877,2026-07-18 15:52:23,prod-12,Natural Cold Pressed Citrus Juice 1L,Beverages & Drinks,2,4.99,2.2,9.98,4.4,5.58,55.91
item-6831,sale-1878,INV-2026-1878,2026-07-18 09:46:04,prod-13,Organic Extra Virgin Olive Oil 750ml,Packaged Groceries,2,14.99,7.5,29.98,15.0,14.98,49.97
item-6832,sale-1878,INV-2026-1878,2026-07-18 09:46:04,prod-07,Heavy-Duty Desktop Stapler,Office Supplies,1,14.49,7.0,14.49,7.0,7.49,51.69
item-6833,sale-1879,INV-2026-1879,2026-07-18 10:06:46,prod-17,100% Cotton Polo Shirt (Medium),Apparel & Wearables,6,19.99,9.0,119.94,54.0,65.94,54.98
item-6834,sale-1880,INV-2026-1880,2026-07-18 19:15:36,prod-26,Gentle Moisturizing Hand Soap 1L,Personal Care,1,5.49,2.5,5.49,2.5,2.99,54.46
item-6835,sale-1880,INV-2026-1880,2026-07-18 19:15:36,prod-10,Organic Green Tea (Box of 50 Bags),Beverages & Drinks,1,7.99,3.8,7.99,3.8,4.19,52.44
item-6836,sale-1881,INV-2026-1881,2026-07-18 15:47:06,prod-06,Gel Ink Rollerball Pens (Box of 12),Office Supplies,3,9.99,4.5,29.97,13.5,16.47,54.95
item-6837,sale-1881,INV-2026-1881,2026-07-18 15:47:06,prod-01,Wireless Bluetooth Headset Pro,Electronics & Gadgets,3,89.99,45.0,269.97,135.0,134.97,49.99
item-6838,sale-1882,INV-2026-1882,2026-07-18 19:27:56,prod-05,A4 Premium Copy Paper 500 Sheets,Office Supplies,4,6.99,3.2,27.96,12.8,15.16,54.22
item-6839,sale-1882,INV-2026-1882,2026-07-18 19:27:56,prod-02,Ergonomic Optical Wireless Mouse,Electronics & Gadgets,1,24.99,12.5,24.99,12.5,12.49,49.98
item-6840,sale-1882,INV-2026-1882,2026-07-18 19:27:56,prod-24,Heavy-Duty Steel Measuring Tape 8m,Hardware & Tools,1,7.99,3.5,7.99,3.5,4.49,56.2
item-6841,sale-1883,INV-2026-1883,2026-07-19 17:21:42,prod-18,High-Visibility Safety Vest,Apparel & Wearables,2,11.99,5.2,23.98,10.4,13.58,56.63
item-6842,sale-1884,INV-2026-1884,2026-07-19 14:35:20,prod-01,Wireless Bluetooth Headset Pro,Electronics & Gadgets,6,89.99,45.0,539.94,270.0,269.94,49.99
item-6843,sale-1885,INV-2026-1885,2026-07-19 14:38:15,prod-02,Ergonomic Optical Wireless Mouse,Electronics & Gadgets,1,24.99,12.5,24.99,12.5,12.49,49.98
item-6844,sale-1886,INV-2026-1886,2026-07-19 13:23:28,prod-11,Sparkling Mineral Water 500ml (Pack 12),Beverages & Drinks,2,12.99,6.0,25.98,12.0,13.98,53.81
item-6845,sale-1887,INV-2026-1887,2026-07-19 13:38:01,prod-12,Natural Cold Pressed Citrus Juice 1L,Beverages & Drinks,2,4.99,2.2,9.98,4.4,5.58,55.91
item-6846,sale-1888,INV-2026-1888,2026-07-20 12:13:54,prod-25,Antibacterial Hand Sanitizer 500ml,Personal Care,1,3.99,1.8,3.99,1.8,2.19,54.89
item-6847,sale-1888,INV-2026-1888,2026-07-20 12:13:54,prod-26,Gentle Moisturizing Hand Soap 1L,Personal Care,2,5.49,2.5,10.98,5.0,5.98,54.46
item-6848,sale-1889,INV-2026-1889,2026-07-20 17:35:36,prod-29,HEPA Air Purifier Desktop Size,Home Appliances,6,84.99,42.0,509.94,252.0,257.94,50.58
item-6849,sale-1889,INV-2026-1889,2026-07-20 17:35:36,prod-13,Organic Extra Virgin Olive Oil 750ml,Packaged Groceries,2,14.99,7.5,29.98,15.0,14.98,49.97
item-6850,sale-1890,INV-2026-1890,2026-07-20 14:09:08,prod-15,Raw Honey Jar 500g,Packaged Groceries,6,9.99,4.8,59.94,28.8,31.14,51.95
item-6851,sale-1891,INV-2026-1891,2026-07-20 13:51:19,prod-03,Mechanical RGB Gaming Keyboard,Electronics & Gadgets,1,74.99,38.0,74.99,38.0,36.99,49.33
item-6852,sale-1891,INV-2026-1891,2026-07-20 13:51:19,prod-21,20V Cordless Power Drill Set,Hardware & Tools,1,109.99,55.0,109.99,55.0,54.99,50.0
item-6853,sale-1891,INV-2026-1891,2026-07-20 13:51:19,prod-10,Organic Green Tea (Box of 50 Bags),Beverages & Drinks,1,7.99,3.8,7.99,3.8,4.19,52.44
item-6854,sale-1892,INV-2026-1892,2026-07-20 10:46:20,prod-10,Organic Green Tea (Box of 50 Bags),Beverages & Drinks,1,7.99,3.8,7.99,3.8,4.19,52.44
item-6855,sale-1892,INV-2026-1892,2026-07-20 10:46:20,prod-25,Antibacterial Hand Sanitizer 500ml,Personal Care,1,3.99,1.8,3.99,1.8,2.19,54.89
item-6856,sale-1892,INV-2026-1892,2026-07-20 10:46:20,prod-01,Wireless Bluetooth Headset Pro,Electronics & Gadgets,1,89.99,45.0,89.99,45.0,44.99,49.99
item-6857,sale-1893,INV-2026-1893,2026-07-20 18:52:58,prod-06,Gel Ink Rollerball Pens (Box of 12),Office Supplies,1,9.99,4.5,9.99,4.5,5.49,54.95
item-6858,sale-1894,INV-2026-1894,2026-07-20 18:24:05,prod-12,Natural Cold Pressed Citrus Juice 1L,Beverages & Drinks,1,4.99,2.2,4.99,2.2,2.79,55.91
item-6859,sale-1895,INV-2026-1895,2026-07-20 15:26:59,prod-26,Gentle Moisturizing Hand Soap 1L,Personal Care,1,5.49,2.5,5.49,2.5,2.99,54.46
item-6860,sale-1895,INV-2026-1895,2026-07-20 15:26:59,prod-14,Wholegrain Oats 1kg,Packaged Groceries,4,4.49,2.1,17.96,8.4,9.56,53.23
item-6861,sale-1895,INV-2026-1895,2026-07-20 15:26:59,prod-10,Organic Green Tea (Box of 50 Bags),Beverages & Drinks,1,7.99,3.8,7.99,3.8,4.19,52.44
item-6862,sale-1896,INV-2026-1896,2026-07-20 18:59:00,prod-09,Arabica Whole Bean Coffee 1kg,Beverages & Drinks,1,21.99,11.0,21.99,11.0,10.99,49.98
item-6863,sale-1897,INV-2026-1897,2026-07-21 17:02:20,prod-18,High-Visibility Safety Vest,Apparel & Wearables,1,11.99,5.2,11.99,5.2,6.79,56.63
item-6864,sale-1898,INV-2026-1898,2026-07-21 12:09:03,prod-26,Gentle Moisturizing Hand Soap 1L,Personal Care,1,5.49,2.5,5.49,2.5,2.99,54.46
item-6865,sale-1899,INV-2026-1899,2026-07-21 18:32:05,prod-15,Raw Honey Jar 500g,Packaged Groceries,1,9.99,4.8,9.99,4.8,5.19,51.95
item-6866,sale-1899,INV-2026-1899,2026-07-21 18:32:05,prod-02,Ergonomic Optical Wireless Mouse,Electronics & Gadgets,3,24.99,12.5,74.97,37.5,37.47,49.98
item-6867,sale-1899,INV-2026-1899,2026-07-21 18:32:05,prod-27,Microfiber Facial Towels (Pack of 4),Personal Care,1,6.99,3.0,6.99,3.0,3.99,57.08
item-6868,sale-1900,INV-2026-1900,2026-07-21 14:05:30,prod-01,Wireless Bluetooth Headset Pro,Electronics & Gadgets,4,89.99,45.0,359.96,180.0,179.96,49.99
item-6869,sale-1900,INV-2026-1900,2026-07-21 14:05:30,prod-14,Wholegrain Oats 1kg,Packaged Groceries,3,4.49,2.1,13.47,6.3,7.17,53.23
item-6870,sale-1900,INV-2026-1900,2026-07-21 14:05:30,prod-24,Heavy-Duty Steel Measuring Tape 8m,Hardware & Tools,2,7.99,3.5,15.98,7.0,8.98,56.2
item-6871,sale-1901,INV-2026-1901,2026-07-21 10:25:32,prod-06,Gel Ink Rollerball Pens (Box of 12),Office Supplies,1,9.99,4.5,9.99,4.5,5.49,54.95
item-6872,sale-1901,INV-2026-1901,2026-07-21 10:25:32,prod-09,Arabica Whole Bean Coffee 1kg,Beverages & Drinks,1,21.99,11.0,21.99,11.0,10.99,49.98
item-6873,sale-1901,INV-2026-1901,2026-07-21 10:25:32,prod-11,Sparkling Mineral Water 500ml (Pack 12),Beverages & Drinks,2,12.99,6.0,25.98,12.0,13.98,53.81
item-6874,sale-1901,INV-2026-1901,2026-07-21 10:25:32,prod-13,Organic Extra Virgin Olive Oil 750ml,Packaged Groceries,1,14.99,7.5,14.99,7.5,7.49,49.97
item-6875,sale-1902,INV-2026-1902,2026-07-21 16:35:12,prod-14,Wholegrain Oats 1kg,Packaged Groceries,2,4.49,2.1,8.98,4.2,4.78,53.23
item-6876,sale-1903,INV-2026-1903,2026-07-21 18:47:33,prod-19,Waterproof Work Gloves (Pair),Apparel & Wearables,1,6.49,2.8,6.49,2.8,3.69,56.86
item-6877,sale-1903,INV-2026-1903,2026-07-21 18:47:33,prod-05,A4 Premium Copy Paper 500 Sheets,Office Supplies,1,6.99,3.2,6.99,3.2,3.79,54.22
item-6878,sale-1903,INV-2026-1903,2026-07-21 18:47:33,prod-15,Raw Honey Jar 500g,Packaged Groceries,1,9.99,4.8,9.99,4.8,5.19,51.95
item-6879,sale-1904,INV-2026-1904,2026-07-21 14:43:59,prod-09,Arabica Whole Bean Coffee 1kg,Beverages & Drinks,4,21.99,11.0,87.96,44.0,43.96,49.98
item-6880,sale-1905,INV-2026-1905,2026-07-21 14:12:20,prod-10,Organic Green Tea (Box of 50 Bags),Beverages & Drinks,4,7.99,3.8,31.96,15.2,16.76,52.44
item-6881,sale-1905,INV-2026-1905,2026-07-21 14:12:20,prod-01,Wireless Bluetooth Headset Pro,Electronics & Gadgets,1,89.99,45.0,89.99,45.0,44.99,49.99
item-6882,sale-1905,INV-2026-1905,2026-07-21 14:12:20,prod-05,A4 Premium Copy Paper 500 Sheets,Office Supplies,2,6.99,3.2,13.98,6.4,7.58,54.22
item-6883,sale-1905,INV-2026-1905,2026-07-21 14:12:20,prod-11,Sparkling Mineral Water 500ml (Pack 12),Beverages & Drinks,1,12.99,6.0,12.99,6.0,6.99,53.81
item-6884,sale-1906,INV-2026-1906,2026-07-21 11:22:39,prod-11,Sparkling Mineral Water 500ml (Pack 12),Beverages & Drinks,1,12.99,6.0,12.99,6.0,6.99,53.81
item-6885,sale-1906,INV-2026-1906,2026-07-21 11:22:39,prod-24,Heavy-Duty Steel Measuring Tape 8m,Hardware & Tools,4,7.99,3.5,31.96,14.0,17.96,56.2
item-6886,sale-1906,INV-2026-1906,2026-07-21 11:22:39,prod-10,Organic Green Tea (Box of 50 Bags),Beverages & Drinks,3,7.99,3.8,23.97,11.4,12.57,52.44
item-6887,sale-1906,INV-2026-1906,2026-07-21 11:22:39,prod-18,High-Visibility Safety Vest,Apparel & Wearables,3,11.99,5.2,35.97,15.6,20.37,56.63
item-6888,sale-1906,INV-2026-1906,2026-07-21 11:22:39,prod-06,Gel Ink Rollerball Pens (Box of 12),Office Supplies,2,9.99,4.5,19.98,9.0,10.98,54.95
item-6889,sale-1907,INV-2026-1907,2026-07-22 09:59:52,prod-02,Ergonomic Optical Wireless Mouse,Electronics & Gadgets,2,24.99,12.5,49.98,25.0,24.98,49.98
item-6890,sale-1907,INV-2026-1907,2026-07-22 09:59:52,prod-10,Organic Green Tea (Box of 50 Bags),Beverages & Drinks,1,7.99,3.8,7.99,3.8,4.19,52.44
item-6891,sale-1907,INV-2026-1907,2026-07-22 09:59:52,prod-09,Arabica Whole Bean Coffee 1kg,Beverages & Drinks,1,21.99,11.0,21.99,11.0,10.99,49.98
item-6892,sale-1908,INV-2026-1908,2026-07-22 10:07:47,prod-25,Antibacterial Hand Sanitizer 500ml,Personal Care,1,3.99,1.8,3.99,1.8,2.19,54.89
item-6893,sale-1908,INV-2026-1908,2026-07-22 10:07:47,prod-11,Sparkling Mineral Water 500ml (Pack 12),Beverages & Drinks,1,12.99,6.0,12.99,6.0,6.99,53.81
item-6894,sale-1909,INV-2026-1909,2026-07-22 13:00:21,prod-09,Arabica Whole Bean Coffee 1kg,Beverages & Drinks,2,21.99,11.0,43.98,22.0,21.98,49.98
item-6895,sale-1910,INV-2026-1910,2026-07-22 09:21:13,prod-21,20V Cordless Power Drill Set,Hardware & Tools,3,109.99,55.0,329.97,165.0,164.97,50.0
item-6896,sale-1910,INV-2026-1910,2026-07-22 09:21:13,prod-10,Organic Green Tea (Box of 50 Bags),Beverages & Drinks,1,7.99,3.8,7.99,3.8,4.19,52.44
item-6897,sale-1911,INV-2026-1911,2026-07-22 13:35:30,prod-25,Antibacterial Hand Sanitizer 500ml,Personal Care,1,3.99,1.8,3.99,1.8,2.19,54.89
item-6898,sale-1911,INV-2026-1911,2026-07-22 13:35:30,prod-05,A4 Premium Copy Paper 500 Sheets,Office Supplies,3,6.99,3.2,20.97,9.6,11.37,54.22
item-6899,sale-1912,INV-2026-1912,2026-07-22 19:33:02,prod-20,Breathable Fleece Jacket (Large),Apparel & Wearables,1,44.99,22.0,44.99,22.0,22.99,51.1
item-6900,sale-1913,INV-2026-1913,2026-07-22 18:17:03,prod-09,Arabica Whole Bean Coffee 1kg,Beverages & Drinks,2,21.99,11.0,43.98,22.0,21.98,49.98
item-6901,sale-1913,INV-2026-1913,2026-07-22 18:17:03,prod-02,Ergonomic Optical Wireless Mouse,Electronics & Gadgets,1,24.99,12.5,24.99,12.5,12.49,49.98
item-6902,sale-1914,INV-2026-1914,2026-07-23 13:42:54,prod-09,Arabica Whole Bean Coffee 1kg,Beverages & Drinks,1,21.99,11.0,21.99,11.0,10.99,49.98
item-6903,sale-1915,INV-2026-1915,2026-07-23 19:24:14,prod-01,Wireless Bluetooth Headset Pro,Electronics & Gadgets,4,89.99,45.0,359.96,180.0,179.96,49.99
item-6904,sale-1915,INV-2026-1915,2026-07-23 19:24:14,prod-13,Organic Extra Virgin Olive Oil 750ml,Packaged Groceries,1,14.99,7.5,14.99,7.5,7.49,49.97
item-6905,sale-1915,INV-2026-1915,2026-07-23 19:24:14,prod-05,A4 Premium Copy Paper 500 Sheets,Office Supplies,4,6.99,3.2,27.96,12.8,15.16,54.22
item-6906,sale-1915,INV-2026-1915,2026-07-23 19:24:14,prod-09,Arabica Whole Bean Coffee 1kg,Beverages & Drinks,1,21.99,11.0,21.99,11.0,10.99,49.98
item-6907,sale-1916,INV-2026-1916,2026-07-23 16:55:38,prod-15,Raw Honey Jar 500g,Packaged Groceries,1,9.99,4.8,9.99,4.8,5.19,51.95
item-6908,sale-1916,INV-2026-1916,2026-07-23 16:55:38,prod-26,Gentle Moisturizing Hand Soap 1L,Personal Care,1,5.49,2.5,5.49,2.5,2.99,54.46
item-6909,sale-1916,INV-2026-1916,2026-07-23 16:55:38,prod-13,Organic Extra Virgin Olive Oil 750ml,Packaged Groceries,3,14.99,7.5,44.97,22.5,22.47,49.97
item-6910,sale-1917,INV-2026-1917,2026-07-23 16:35:59,prod-11,Sparkling Mineral Water 500ml (Pack 12),Beverages & Drinks,2,12.99,6.0,25.98,12.0,13.98,53.81
item-6911,sale-1918,INV-2026-1918,2026-07-23 13:21:31,prod-27,Microfiber Facial Towels (Pack of 4),Personal Care,2,6.99,3.0,13.98,6.0,7.98,57.08
item-6912,sale-1919,INV-2026-1919,2026-07-23 14:22:40,prod-26,Gentle Moisturizing Hand Soap 1L,Personal Care,1,5.49,2.5,5.49,2.5,2.99,54.46
item-6913,sale-1919,INV-2026-1919,2026-07-23 14:22:40,prod-02,Ergonomic Optical Wireless Mouse,Electronics & Gadgets,1,24.99,12.5,24.99,12.5,12.49,49.98
item-6914,sale-1920,INV-2026-1920,2026-07-23 19:16:56,prod-23,Digital Laser Distance Meter 50m,Hardware & Tools,3,36.99,18.0,110.97,54.0,56.97,51.34
item-6915,sale-1921,INV-2026-1921,2026-07-24 13:14:09,prod-10,Organic Green Tea (Box of 50 Bags),Beverages & Drinks,1,7.99,3.8,7.99,3.8,4.19,52.44
item-6916,sale-1921,INV-2026-1921,2026-07-24 13:14:09,prod-27,Microfiber Facial Towels (Pack of 4),Personal Care,1,6.99,3.0,6.99,3.0,3.99,57.08
item-6917,sale-1922,INV-2026-1922,2026-07-24 15:33:43,prod-26,Gentle Moisturizing Hand Soap 1L,Personal Care,1,5.49,2.5,5.49,2.5,2.99,54.46
item-6918,sale-1923,INV-2026-1923,2026-07-24 18:09:27,prod-25,Antibacterial Hand Sanitizer 500ml,Personal Care,3,3.99,1.8,11.97,5.4,6.57,54.89
item-6919,sale-1923,INV-2026-1923,2026-07-24 18:09:27,prod-10,Organic Green Tea (Box of 50 Bags),Beverages & Drinks,1,7.99,3.8,7.99,3.8,4.19,52.44
item-6920,sale-1923,INV-2026-1923,2026-07-24 18:09:27,prod-12,Natural Cold Pressed Citrus Juice 1L,Beverages & Drinks,2,4.99,2.2,9.98,4.4,5.58,55.91
item-6921,sale-1924,INV-2026-1924,2026-07-24 11:13:41,prod-18,High-Visibility Safety Vest,Apparel & Wearables,1,11.99,5.2,11.99,5.2,6.79,56.63
item-6922,sale-1924,INV-2026-1924,2026-07-24 11:13:41,prod-23,Digital Laser Distance Meter 50m,Hardware & Tools,1,36.99,18.0,36.99,18.0,18.99,51.34
item-6923,sale-1924,INV-2026-1924,2026-07-24 11:13:41,prod-25,Antibacterial Hand Sanitizer 500ml,Personal Care,2,3.99,1.8,7.98,3.6,4.38,54.89
item-6924,sale-1924,INV-2026-1924,2026-07-24 11:13:41,prod-10,Organic Green Tea (Box of 50 Bags),Beverages & Drinks,1,7.99,3.8,7.99,3.8,4.19,52.44
item-6925,sale-1925,INV-2026-1925,2026-07-24 13:44:45,prod-10,Organic Green Tea (Box of 50 Bags),Beverages & Drinks,2,7.99,3.8,15.98,7.6,8.38,52.44
item-6926,sale-1925,INV-2026-1925,2026-07-24 13:44:45,prod-18,High-Visibility Safety Vest,Apparel & Wearables,1,11.99,5.2,11.99,5.2,6.79,56.63
item-6927,sale-1925,INV-2026-1925,2026-07-24 13:44:45,prod-06,Gel Ink Rollerball Pens (Box of 12),Office Supplies,1,9.99,4.5,9.99,4.5,5.49,54.95
item-6928,sale-1926,INV-2026-1926,2026-07-24 11:41:59,prod-23,Digital Laser Distance Meter 50m,Hardware & Tools,1,36.99,18.0,36.99,18.0,18.99,51.34
item-6929,sale-1927,INV-2026-1927,2026-07-24 17:46:07,prod-28,Electric Stainless Steel Kettle 1.7L,Home Appliances,2,27.99,14.0,55.98,28.0,27.98,49.98
item-6930,sale-1928,INV-2026-1928,2026-07-24 14:56:26,prod-12,Natural Cold Pressed Citrus Juice 1L,Beverages & Drinks,2,4.99,2.2,9.98,4.4,5.58,55.91
item-6931,sale-1928,INV-2026-1928,2026-07-24 14:56:26,prod-13,Organic Extra Virgin Olive Oil 750ml,Packaged Groceries,1,14.99,7.5,14.99,7.5,7.49,49.97
item-6932,sale-1928,INV-2026-1928,2026-07-24 14:56:26,prod-26,Gentle Moisturizing Hand Soap 1L,Personal Care,1,5.49,2.5,5.49,2.5,2.99,54.46
item-6933,sale-1928,INV-2026-1928,2026-07-24 14:56:26,prod-15,Raw Honey Jar 500g,Packaged Groceries,1,9.99,4.8,9.99,4.8,5.19,51.95
item-6934,sale-1929,INV-2026-1929,2026-07-24 19:59:47,prod-01,Wireless Bluetooth Headset Pro,Electronics & Gadgets,1,89.99,45.0,89.99,45.0,44.99,49.99
item-6935,sale-1930,INV-2026-1930,2026-07-24 11:01:48,prod-07,Heavy-Duty Desktop Stapler,Office Supplies,2,14.49,7.0,28.98,14.0,14.98,51.69
item-6936,sale-1930,INV-2026-1930,2026-07-24 11:01:48,prod-19,Waterproof Work Gloves (Pair),Apparel & Wearables,2,6.49,2.8,12.98,5.6,7.38,56.86
item-6937,sale-1930,INV-2026-1930,2026-07-24 11:01:48,prod-25,Antibacterial Hand Sanitizer 500ml,Personal Care,2,3.99,1.8,7.98,3.6,4.38,54.89
item-6938,sale-1930,INV-2026-1930,2026-07-24 11:01:48,prod-15,Raw Honey Jar 500g,Packaged Groceries,2,9.99,4.8,19.98,9.6,10.38,51.95
item-6939,sale-1930,INV-2026-1930,2026-07-24 11:01:48,prod-05,A4 Premium Copy Paper 500 Sheets,Office Supplies,6,6.99,3.2,41.94,19.2,22.74,54.22
item-6940,sale-1931,INV-2026-1931,2026-07-24 18:14:38,prod-10,Organic Green Tea (Box of 50 Bags),Beverages & Drinks,1,7.99,3.8,7.99,3.8,4.19,52.44
item-6941,sale-1931,INV-2026-1931,2026-07-24 18:14:38,prod-19,Waterproof Work Gloves (Pair),Apparel & Wearables,3,6.49,2.8,19.47,8.4,11.07,56.86
item-6942,sale-1932,INV-2026-1932,2026-07-24 16:08:32,prod-10,Organic Green Tea (Box of 50 Bags),Beverages & Drinks,2,7.99,3.8,15.98,7.6,8.38,52.44
item-6943,sale-1933,INV-2026-1933,2026-07-25 15:31:30,prod-25,Antibacterial Hand Sanitizer 500ml,Personal Care,3,3.99,1.8,11.97,5.4,6.57,54.89
item-6944,sale-1933,INV-2026-1933,2026-07-25 15:31:30,prod-10,Organic Green Tea (Box of 50 Bags),Beverages & Drinks,1,7.99,3.8,7.99,3.8,4.19,52.44
item-6945,sale-1934,INV-2026-1934,2026-07-25 09:59:17,prod-25,Antibacterial Hand Sanitizer 500ml,Personal Care,1,3.99,1.8,3.99,1.8,2.19,54.89
item-6946,sale-1934,INV-2026-1934,2026-07-25 09:59:17,prod-06,Gel Ink Rollerball Pens (Box of 12),Office Supplies,2,9.99,4.5,19.98,9.0,10.98,54.95
item-6947,sale-1934,INV-2026-1934,2026-07-25 09:59:17,prod-12,Natural Cold Pressed Citrus Juice 1L,Beverages & Drinks,1,4.99,2.2,4.99,2.2,2.79,55.91
item-6948,sale-1935,INV-2026-1935,2026-07-25 10:11:59,prod-06,Gel Ink Rollerball Pens (Box of 12),Office Supplies,1,9.99,4.5,9.99,4.5,5.49,54.95
item-6949,sale-1935,INV-2026-1935,2026-07-25 10:11:59,prod-01,Wireless Bluetooth Headset Pro,Electronics & Gadgets,1,89.99,45.0,89.99,45.0,44.99,49.99
item-6950,sale-1936,INV-2026-1936,2026-07-25 14:55:29,prod-19,Waterproof Work Gloves (Pair),Apparel & Wearables,2,6.49,2.8,12.98,5.6,7.38,56.86
item-6951,sale-1936,INV-2026-1936,2026-07-25 14:55:29,prod-12,Natural Cold Pressed Citrus Juice 1L,Beverages & Drinks,4,4.99,2.2,19.96,8.8,11.16,55.91
item-6952,sale-1936,INV-2026-1936,2026-07-25 14:55:29,prod-27,Microfiber Facial Towels (Pack of 4),Personal Care,1,6.99,3.0,6.99,3.0,3.99,57.08
item-6953,sale-1937,INV-2026-1937,2026-07-25 18:47:52,prod-02,Ergonomic Optical Wireless Mouse,Electronics & Gadgets,2,24.99,12.5,49.98,25.0,24.98,49.98
item-6954,sale-1938,INV-2026-1938,2026-07-25 18:38:34,prod-09,Arabica Whole Bean Coffee 1kg,Beverages & Drinks,1,21.99,11.0,21.99,11.0,10.99,49.98
item-6955,sale-1939,INV-2026-1939,2026-07-25 16:29:52,prod-17,100% Cotton Polo Shirt (Medium),Apparel & Wearables,1,19.99,9.0,19.99,9.0,10.99,54.98
item-6956,sale-1939,INV-2026-1939,2026-07-25 16:29:52,prod-05,A4 Premium Copy Paper 500 Sheets,Office Supplies,2,6.99,3.2,13.98,6.4,7.58,54.22
item-6957,sale-1940,INV-2026-1940,2026-07-25 09:35:24,prod-22,Professional Precision Screwdriver Kit,Hardware & Tools,2,17.99,8.5,35.98,17.0,18.98,52.75
item-6958,sale-1940,INV-2026-1940,2026-07-25 09:35:24,prod-26,Gentle Moisturizing Hand Soap 1L,Personal Care,2,5.49,2.5,10.98,5.0,5.98,54.46
item-6959,sale-1940,INV-2026-1940,2026-07-25 09:35:24,prod-24,Heavy-Duty Steel Measuring Tape 8m,Hardware & Tools,2,7.99,3.5,15.98,7.0,8.98,56.2
item-6960,sale-1940,INV-2026-1940,2026-07-25 09:35:24,prod-17,100% Cotton Polo Shirt (Medium),Apparel & Wearables,1,19.99,9.0,19.99,9.0,10.99,54.98
item-6961,sale-1940,INV-2026-1940,2026-07-25 09:35:24,prod-06,Gel Ink Rollerball Pens (Box of 12),Office Supplies,1,9.99,4.5,9.99,4.5,5.49,54.95
item-6962,sale-1941,INV-2026-1941,2026-07-26 16:25:56,prod-14,Wholegrain Oats 1kg,Packaged Groceries,1,4.49,2.1,4.49,2.1,2.39,53.23
item-6963,sale-1942,INV-2026-1942,2026-07-26 15:18:39,prod-06,Gel Ink Rollerball Pens (Box of 12),Office Supplies,2,9.99,4.5,19.98,9.0,10.98,54.95
item-6964,sale-1942,INV-2026-1942,2026-07-26 15:18:39,prod-03,Mechanical RGB Gaming Keyboard,Electronics & Gadgets,1,74.99,38.0,74.99,38.0,36.99,49.33
item-6965,sale-1942,INV-2026-1942,2026-07-26 15:18:39,prod-12,Natural Cold Pressed Citrus Juice 1L,Beverages & Drinks,1,4.99,2.2,4.99,2.2,2.79,55.91
item-6966,sale-1943,INV-2026-1943,2026-07-26 16:53:41,prod-10,Organic Green Tea (Box of 50 Bags),Beverages & Drinks,4,7.99,3.8,31.96,15.2,16.76,52.44
item-6967,sale-1943,INV-2026-1943,2026-07-26 16:53:41,prod-27,Microfiber Facial Towels (Pack of 4),Personal Care,1,6.99,3.0,6.99,3.0,3.99,57.08
item-6968,sale-1944,INV-2026-1944,2026-07-26 18:57:44,prod-22,Professional Precision Screwdriver Kit,Hardware & Tools,1,17.99,8.5,17.99,8.5,9.49,52.75
item-6969,sale-1945,INV-2026-1945,2026-07-26 09:11:29,prod-10,Organic Green Tea (Box of 50 Bags),Beverages & Drinks,1,7.99,3.8,7.99,3.8,4.19,52.44
item-6970,sale-1945,INV-2026-1945,2026-07-26 09:11:29,prod-26,Gentle Moisturizing Hand Soap 1L,Personal Care,1,5.49,2.5,5.49,2.5,2.99,54.46
item-6971,sale-1946,INV-2026-1946,2026-07-26 10:16:20,prod-13,Organic Extra Virgin Olive Oil 750ml,Packaged Groceries,1,14.99,7.5,14.99,7.5,7.49,49.97
item-6972,sale-1946,INV-2026-1946,2026-07-26 10:16:20,prod-03,Mechanical RGB Gaming Keyboard,Electronics & Gadgets,2,74.99,38.0,149.98,76.0,73.98,49.33
item-6973,sale-1946,INV-2026-1946,2026-07-26 10:16:20,prod-28,Electric Stainless Steel Kettle 1.7L,Home Appliances,1,27.99,14.0,27.99,14.0,13.99,49.98
item-6974,sale-1947,INV-2026-1947,2026-07-26 10:05:07,prod-12,Natural Cold Pressed Citrus Juice 1L,Beverages & Drinks,1,4.99,2.2,4.99,2.2,2.79,55.91
item-6975,sale-1947,INV-2026-1947,2026-07-26 10:05:07,prod-02,Ergonomic Optical Wireless Mouse,Electronics & Gadgets,3,24.99,12.5,74.97,37.5,37.47,49.98
item-6976,sale-1948,INV-2026-1948,2026-07-26 15:46:50,prod-06,Gel Ink Rollerball Pens (Box of 12),Office Supplies,1,9.99,4.5,9.99,4.5,5.49,54.95
item-6977,sale-1949,INV-2026-1949,2026-07-26 15:02:49,prod-02,Ergonomic Optical Wireless Mouse,Electronics & Gadgets,1,24.99,12.5,24.99,12.5,12.49,49.98
item-6978,sale-1949,INV-2026-1949,2026-07-26 15:02:49,prod-16,Assorted Roasted Almonds 250g,Packaged Groceries,1,7.49,3.5,7.49,3.5,3.99,53.27
item-6979,sale-1949,INV-2026-1949,2026-07-26 15:02:49,prod-05,A4 Premium Copy Paper 500 Sheets,Office Supplies,3,6.99,3.2,20.97,9.6,11.37,54.22
item-6980,sale-1950,INV-2026-1950,2026-07-26 11:10:55,prod-01,Wireless Bluetooth Headset Pro,Electronics & Gadgets,1,89.99,45.0,89.99,45.0,44.99,49.99
item-6981,sale-1951,INV-2026-1951,2026-07-26 13:46:49,prod-08,Adjustable Mesh Executive Chair,Office Supplies,1,189.99,95.0,189.99,95.0,94.99,50.0
item-6982,sale-1951,INV-2026-1951,2026-07-26 13:46:49,prod-12,Natural Cold Pressed Citrus Juice 1L,Beverages & Drinks,1,4.99,2.2,4.99,2.2,2.79,55.91
item-6983,sale-1951,INV-2026-1951,2026-07-26 13:46:49,prod-01,Wireless Bluetooth Headset Pro,Electronics & Gadgets,1,89.99,45.0,89.99,45.0,44.99,49.99
item-6984,sale-1952,INV-2026-1952,2026-07-26 11:12:00,prod-09,Arabica Whole Bean Coffee 1kg,Beverages & Drinks,1,21.99,11.0,21.99,11.0,10.99,49.98
item-6985,sale-1953,INV-2026-1953,2026-07-26 16:34:51,prod-03,Mechanical RGB Gaming Keyboard,Electronics & Gadgets,2,74.99,38.0,149.98,76.0,73.98,49.33
item-6986,sale-1954,INV-2026-1954,2026-07-26 18:42:30,prod-28,Electric Stainless Steel Kettle 1.7L,Home Appliances,2,27.99,14.0,55.98,28.0,27.98,49.98
item-6987,sale-1954,INV-2026-1954,2026-07-26 18:42:30,prod-26,Gentle Moisturizing Hand Soap 1L,Personal Care,1,5.49,2.5,5.49,2.5,2.99,54.46
item-6988,sale-1954,INV-2026-1954,2026-07-26 18:42:30,prod-17,100% Cotton Polo Shirt (Medium),Apparel & Wearables,1,19.99,9.0,19.99,9.0,10.99,54.98
item-6989,sale-1954,INV-2026-1954,2026-07-26 18:42:30,prod-21,20V Cordless Power Drill Set,Hardware & Tools,2,109.99,55.0,219.98,110.0,109.98,50.0
item-6990,sale-1954,INV-2026-1954,2026-07-26 18:42:30,prod-09,Arabica Whole Bean Coffee 1kg,Beverages & Drinks,1,21.99,11.0,21.99,11.0,10.99,49.98
item-6991,sale-1955,INV-2026-1955,2026-07-26 09:15:56,prod-27,Microfiber Facial Towels (Pack of 4),Personal Care,1,6.99,3.0,6.99,3.0,3.99,57.08
item-6992,sale-1956,INV-2026-1956,2026-07-27 12:03:11,prod-15,Raw Honey Jar 500g,Packaged Groceries,1,9.99,4.8,9.99,4.8,5.19,51.95
item-6993,sale-1956,INV-2026-1956,2026-07-27 12:03:11,prod-07,Heavy-Duty Desktop Stapler,Office Supplies,3,14.49,7.0,43.47,21.0,22.47,51.69
item-6994,sale-1957,INV-2026-1957,2026-07-27 09:42:36,prod-14,Wholegrain Oats 1kg,Packaged Groceries,1,4.49,2.1,4.49,2.1,2.39,53.23
item-6995,sale-1957,INV-2026-1957,2026-07-27 09:42:36,prod-03,Mechanical RGB Gaming Keyboard,Electronics & Gadgets,4,74.99,38.0,299.96,152.0,147.96,49.33
item-6996,sale-1958,INV-2026-1958,2026-07-27 09:06:26,prod-17,100% Cotton Polo Shirt (Medium),Apparel & Wearables,1,19.99,9.0,19.99,9.0,10.99,54.98
item-6997,sale-1959,INV-2026-1959,2026-07-27 18:36:50,prod-27,Microfiber Facial Towels (Pack of 4),Personal Care,1,6.99,3.0,6.99,3.0,3.99,57.08
item-6998,sale-1959,INV-2026-1959,2026-07-27 18:36:50,prod-16,Assorted Roasted Almonds 250g,Packaged Groceries,1,7.49,3.5,7.49,3.5,3.99,53.27
item-6999,sale-1960,INV-2026-1960,2026-07-27 09:05:49,prod-11,Sparkling Mineral Water 500ml (Pack 12),Beverages & Drinks,3,12.99,6.0,38.97,18.0,20.97,53.81
item-7000,sale-1960,INV-2026-1960,2026-07-27 09:05:49,prod-26,Gentle Moisturizing Hand Soap 1L,Personal Care,2,5.49,2.5,10.98,5.0,5.98,54.46
item-7001,sale-1960,INV-2026-1960,2026-07-27 09:05:49,prod-19,Waterproof Work Gloves (Pair),Apparel & Wearables,1,6.49,2.8,6.49,2.8,3.69,56.86
item-7002,sale-1961,INV-2026-1961,2026-07-27 15:53:35,prod-06,Gel Ink Rollerball Pens (Box of 12),Office Supplies,3,9.99,4.5,29.97,13.5,16.47,54.95
item-7003,sale-1962,INV-2026-1962,2026-07-27 13:21:33,prod-19,Waterproof Work Gloves (Pair),Apparel & Wearables,2,6.49,2.8,12.98,5.6,7.38,56.86
item-7004,sale-1962,INV-2026-1962,2026-07-27 13:21:33,prod-09,Arabica Whole Bean Coffee 1kg,Beverages & Drinks,1,21.99,11.0,21.99,11.0,10.99,49.98
item-7005,sale-1962,INV-2026-1962,2026-07-27 13:21:33,prod-06,Gel Ink Rollerball Pens (Box of 12),Office Supplies,1,9.99,4.5,9.99,4.5,5.49,54.95
item-7006,sale-1963,INV-2026-1963,2026-07-27 10:36:46,prod-01,Wireless Bluetooth Headset Pro,Electronics & Gadgets,1,89.99,45.0,89.99,45.0,44.99,49.99
item-7007,sale-1963,INV-2026-1963,2026-07-27 10:36:46,prod-10,Organic Green Tea (Box of 50 Bags),Beverages & Drinks,1,7.99,3.8,7.99,3.8,4.19,52.44
item-7008,sale-1964,INV-2026-1964,2026-07-27 18:59:50,prod-06,Gel Ink Rollerball Pens (Box of 12),Office Supplies,1,9.99,4.5,9.99,4.5,5.49,54.95
item-7009,sale-1964,INV-2026-1964,2026-07-27 18:59:50,prod-05,A4 Premium Copy Paper 500 Sheets,Office Supplies,1,6.99,3.2,6.99,3.2,3.79,54.22
item-7010,sale-1964,INV-2026-1964,2026-07-27 18:59:50,prod-24,Heavy-Duty Steel Measuring Tape 8m,Hardware & Tools,1,7.99,3.5,7.99,3.5,4.49,56.2
item-7011,sale-1964,INV-2026-1964,2026-07-27 18:59:50,prod-12,Natural Cold Pressed Citrus Juice 1L,Beverages & Drinks,2,4.99,2.2,9.98,4.4,5.58,55.91
item-7012,sale-1964,INV-2026-1964,2026-07-27 18:59:50,prod-18,High-Visibility Safety Vest,Apparel & Wearables,3,11.99,5.2,35.97,15.6,20.37,56.63
item-7013,sale-1965,INV-2026-1965,2026-07-27 14:16:33,prod-15,Raw Honey Jar 500g,Packaged Groceries,3,9.99,4.8,29.97,14.4,15.57,51.95
item-7014,sale-1966,INV-2026-1966,2026-07-27 18:36:31,prod-25,Antibacterial Hand Sanitizer 500ml,Personal Care,1,3.99,1.8,3.99,1.8,2.19,54.89
item-7015,sale-1967,INV-2026-1967,2026-07-28 11:56:39,prod-24,Heavy-Duty Steel Measuring Tape 8m,Hardware & Tools,4,7.99,3.5,31.96,14.0,17.96,56.2
item-7016,sale-1967,INV-2026-1967,2026-07-28 11:56:39,prod-27,Microfiber Facial Towels (Pack of 4),Personal Care,1,6.99,3.0,6.99,3.0,3.99,57.08
item-7017,sale-1967,INV-2026-1967,2026-07-28 11:56:39,prod-19,Waterproof Work Gloves (Pair),Apparel & Wearables,1,6.49,2.8,6.49,2.8,3.69,56.86
item-7018,sale-1967,INV-2026-1967,2026-07-28 11:56:39,prod-10,Organic Green Tea (Box of 50 Bags),Beverages & Drinks,2,7.99,3.8,15.98,7.6,8.38,52.44
item-7019,sale-1968,INV-2026-1968,2026-07-28 09:29:40,prod-27,Microfiber Facial Towels (Pack of 4),Personal Care,2,6.99,3.0,13.98,6.0,7.98,57.08
item-7020,sale-1968,INV-2026-1968,2026-07-28 09:29:40,prod-06,Gel Ink Rollerball Pens (Box of 12),Office Supplies,1,9.99,4.5,9.99,4.5,5.49,54.95
item-7021,sale-1968,INV-2026-1968,2026-07-28 09:29:40,prod-25,Antibacterial Hand Sanitizer 500ml,Personal Care,1,3.99,1.8,3.99,1.8,2.19,54.89
item-7022,sale-1969,INV-2026-1969,2026-07-28 15:26:02,prod-09,Arabica Whole Bean Coffee 1kg,Beverages & Drinks,6,21.99,11.0,131.94,66.0,65.94,49.98
item-7023,sale-1970,INV-2026-1970,2026-07-28 12:44:18,prod-22,Professional Precision Screwdriver Kit,Hardware & Tools,1,17.99,8.5,17.99,8.5,9.49,52.75
item-7024,sale-1970,INV-2026-1970,2026-07-28 12:44:18,prod-28,Electric Stainless Steel Kettle 1.7L,Home Appliances,2,27.99,14.0,55.98,28.0,27.98,49.98
item-7025,sale-1971,INV-2026-1971,2026-07-28 17:20:49,prod-26,Gentle Moisturizing Hand Soap 1L,Personal Care,4,5.49,2.5,21.96,10.0,11.96,54.46
item-7026,sale-1971,INV-2026-1971,2026-07-28 17:20:49,prod-05,A4 Premium Copy Paper 500 Sheets,Office Supplies,1,6.99,3.2,6.99,3.2,3.79,54.22
item-7027,sale-1972,INV-2026-1972,2026-07-28 18:39:01,prod-24,Heavy-Duty Steel Measuring Tape 8m,Hardware & Tools,1,7.99,3.5,7.99,3.5,4.49,56.2
item-7028,sale-1973,INV-2026-1973,2026-07-28 19:30:58,prod-12,Natural Cold Pressed Citrus Juice 1L,Beverages & Drinks,1,4.99,2.2,4.99,2.2,2.79,55.91
item-7029,sale-1973,INV-2026-1973,2026-07-28 19:30:58,prod-23,Digital Laser Distance Meter 50m,Hardware & Tools,1,36.99,18.0,36.99,18.0,18.99,51.34
item-7030,sale-1974,INV-2026-1974,2026-07-28 19:29:57,prod-13,Organic Extra Virgin Olive Oil 750ml,Packaged Groceries,1,14.99,7.5,14.99,7.5,7.49,49.97
item-7031,sale-1975,INV-2026-1975,2026-07-28 15:59:47,prod-11,Sparkling Mineral Water 500ml (Pack 12),Beverages & Drinks,1,12.99,6.0,12.99,6.0,6.99,53.81
item-7032,sale-1976,INV-2026-1976,2026-07-29 19:20:35,prod-17,100% Cotton Polo Shirt (Medium),Apparel & Wearables,2,19.99,9.0,39.98,18.0,21.98,54.98
item-7033,sale-1977,INV-2026-1977,2026-07-29 14:04:09,prod-21,20V Cordless Power Drill Set,Hardware & Tools,1,109.99,55.0,109.99,55.0,54.99,50.0
item-7034,sale-1977,INV-2026-1977,2026-07-29 14:04:09,prod-11,Sparkling Mineral Water 500ml (Pack 12),Beverages & Drinks,1,12.99,6.0,12.99,6.0,6.99,53.81
item-7035,sale-1978,INV-2026-1978,2026-07-29 19:34:53,prod-19,Waterproof Work Gloves (Pair),Apparel & Wearables,1,6.49,2.8,6.49,2.8,3.69,56.86
item-7036,sale-1978,INV-2026-1978,2026-07-29 19:34:53,prod-01,Wireless Bluetooth Headset Pro,Electronics & Gadgets,6,89.99,45.0,539.94,270.0,269.94,49.99
item-7037,sale-1979,INV-2026-1979,2026-07-29 10:55:50,prod-14,Wholegrain Oats 1kg,Packaged Groceries,2,4.49,2.1,8.98,4.2,4.78,53.23
item-7038,sale-1979,INV-2026-1979,2026-07-29 10:55:50,prod-26,Gentle Moisturizing Hand Soap 1L,Personal Care,1,5.49,2.5,5.49,2.5,2.99,54.46
item-7039,sale-1980,INV-2026-1980,2026-07-29 13:26:05,prod-26,Gentle Moisturizing Hand Soap 1L,Personal Care,4,5.49,2.5,21.96,10.0,11.96,54.46
item-7040,sale-1980,INV-2026-1980,2026-07-29 13:26:05,prod-13,Organic Extra Virgin Olive Oil 750ml,Packaged Groceries,2,14.99,7.5,29.98,15.0,14.98,49.97
item-7041,sale-1980,INV-2026-1980,2026-07-29 13:26:05,prod-10,Organic Green Tea (Box of 50 Bags),Beverages & Drinks,1,7.99,3.8,7.99,3.8,4.19,52.44
item-7042,sale-1981,INV-2026-1981,2026-07-29 13:13:33,prod-13,Organic Extra Virgin Olive Oil 750ml,Packaged Groceries,1,14.99,7.5,14.99,7.5,7.49,49.97
item-7043,sale-1981,INV-2026-1981,2026-07-29 13:13:33,prod-02,Ergonomic Optical Wireless Mouse,Electronics & Gadgets,3,24.99,12.5,74.97,37.5,37.47,49.98
item-7044,sale-1981,INV-2026-1981,2026-07-29 13:13:33,prod-15,Raw Honey Jar 500g,Packaged Groceries,1,9.99,4.8,9.99,4.8,5.19,51.95
item-7045,sale-1982,INV-2026-1982,2026-07-29 12:58:05,prod-16,Assorted Roasted Almonds 250g,Packaged Groceries,1,7.49,3.5,7.49,3.5,3.99,53.27
item-7046,sale-1982,INV-2026-1982,2026-07-29 12:58:05,prod-02,Ergonomic Optical Wireless Mouse,Electronics & Gadgets,1,24.99,12.5,24.99,12.5,12.49,49.98
item-7047,sale-1982,INV-2026-1982,2026-07-29 12:58:05,prod-28,Electric Stainless Steel Kettle 1.7L,Home Appliances,1,27.99,14.0,27.99,14.0,13.99,49.98
item-7048,sale-1983,INV-2026-1983,2026-07-29 11:12:21,prod-09,Arabica Whole Bean Coffee 1kg,Beverages & Drinks,1,21.99,11.0,21.99,11.0,10.99,49.98
item-7049,sale-1983,INV-2026-1983,2026-07-29 11:12:21,prod-06,Gel Ink Rollerball Pens (Box of 12),Office Supplies,2,9.99,4.5,19.98,9.0,10.98,54.95
item-7050,sale-1983,INV-2026-1983,2026-07-29 11:12:21,prod-05,A4 Premium Copy Paper 500 Sheets,Office Supplies,1,6.99,3.2,6.99,3.2,3.79,54.22
item-7051,sale-1984,INV-2026-1984,2026-07-29 14:09:49,prod-05,A4 Premium Copy Paper 500 Sheets,Office Supplies,1,6.99,3.2,6.99,3.2,3.79,54.22
item-7052,sale-1985,INV-2026-1985,2026-07-29 09:29:24,prod-10,Organic Green Tea (Box of 50 Bags),Beverages & Drinks,3,7.99,3.8,23.97,11.4,12.57,52.44
item-7053,sale-1985,INV-2026-1985,2026-07-29 09:29:24,prod-29,HEPA Air Purifier Desktop Size,Home Appliances,1,84.99,42.0,84.99,42.0,42.99,50.58
item-7054,sale-1985,INV-2026-1985,2026-07-29 09:29:24,prod-13,Organic Extra Virgin Olive Oil 750ml,Packaged Groceries,2,14.99,7.5,29.98,15.0,14.98,49.97
item-7055,sale-1985,INV-2026-1985,2026-07-29 09:29:24,prod-05,A4 Premium Copy Paper 500 Sheets,Office Supplies,6,6.99,3.2,41.94,19.2,22.74,54.22
item-7056,sale-1986,INV-2026-1986,2026-07-29 09:43:54,prod-03,Mechanical RGB Gaming Keyboard,Electronics & Gadgets,2,74.99,38.0,149.98,76.0,73.98,49.33
item-7057,sale-1987,INV-2026-1987,2026-07-30 09:06:33,prod-06,Gel Ink Rollerball Pens (Box of 12),Office Supplies,1,9.99,4.5,9.99,4.5,5.49,54.95
item-7058,sale-1988,INV-2026-1988,2026-07-30 13:40:57,prod-24,Heavy-Duty Steel Measuring Tape 8m,Hardware & Tools,1,7.99,3.5,7.99,3.5,4.49,56.2
item-7059,sale-1989,INV-2026-1989,2026-07-30 17:20:49,prod-17,100% Cotton Polo Shirt (Medium),Apparel & Wearables,1,19.99,9.0,19.99,9.0,10.99,54.98
item-7060,sale-1989,INV-2026-1989,2026-07-30 17:20:49,prod-12,Natural Cold Pressed Citrus Juice 1L,Beverages & Drinks,2,4.99,2.2,9.98,4.4,5.58,55.91
item-7061,sale-1990,INV-2026-1990,2026-07-30 13:07:00,prod-24,Heavy-Duty Steel Measuring Tape 8m,Hardware & Tools,3,7.99,3.5,23.97,10.5,13.47,56.2
item-7062,sale-1991,INV-2026-1991,2026-07-30 17:22:35,prod-15,Raw Honey Jar 500g,Packaged Groceries,1,9.99,4.8,9.99,4.8,5.19,51.95
item-7063,sale-1991,INV-2026-1991,2026-07-30 17:22:35,prod-13,Organic Extra Virgin Olive Oil 750ml,Packaged Groceries,3,14.99,7.5,44.97,22.5,22.47,49.97
item-7064,sale-1992,INV-2026-1992,2026-07-30 11:04:19,prod-10,Organic Green Tea (Box of 50 Bags),Beverages & Drinks,1,7.99,3.8,7.99,3.8,4.19,52.44
item-7065,sale-1992,INV-2026-1992,2026-07-30 11:04:19,prod-18,High-Visibility Safety Vest,Apparel & Wearables,1,11.99,5.2,11.99,5.2,6.79,56.63
item-7066,sale-1992,INV-2026-1992,2026-07-30 11:04:19,prod-27,Microfiber Facial Towels (Pack of 4),Personal Care,1,6.99,3.0,6.99,3.0,3.99,57.08
item-7067,sale-1992,INV-2026-1992,2026-07-30 11:04:19,prod-28,Electric Stainless Steel Kettle 1.7L,Home Appliances,4,27.99,14.0,111.96,56.0,55.96,49.98
item-7068,sale-1993,INV-2026-1993,2026-07-30 11:01:30,prod-16,Assorted Roasted Almonds 250g,Packaged Groceries,1,7.49,3.5,7.49,3.5,3.99,53.27
item-7069,sale-1994,INV-2026-1994,2026-07-30 10:27:25,prod-11,Sparkling Mineral Water 500ml (Pack 12),Beverages & Drinks,6,12.99,6.0,77.94,36.0,41.94,53.81
item-7070,sale-1995,INV-2026-1995,2026-07-30 16:39:22,prod-16,Assorted Roasted Almonds 250g,Packaged Groceries,1,7.49,3.5,7.49,3.5,3.99,53.27
item-7071,sale-1996,INV-2026-1996,2026-07-31 19:51:34,prod-07,Heavy-Duty Desktop Stapler,Office Supplies,1,14.49,7.0,14.49,7.0,7.49,51.69
item-7072,sale-1996,INV-2026-1996,2026-07-31 19:51:34,prod-09,Arabica Whole Bean Coffee 1kg,Beverages & Drinks,1,21.99,11.0,21.99,11.0,10.99,49.98
item-7073,sale-1997,INV-2026-1997,2026-07-31 10:52:51,prod-27,Microfiber Facial Towels (Pack of 4),Personal Care,2,6.99,3.0,13.98,6.0,7.98,57.08
item-7074,sale-1997,INV-2026-1997,2026-07-31 10:52:51,prod-10,Organic Green Tea (Box of 50 Bags),Beverages & Drinks,4,7.99,3.8,31.96,15.2,16.76,52.44
item-7075,sale-1997,INV-2026-1997,2026-07-31 10:52:51,prod-16,Assorted Roasted Almonds 250g,Packaged Groceries,1,7.49,3.5,7.49,3.5,3.99,53.27
item-7076,sale-1997,INV-2026-1997,2026-07-31 10:52:51,prod-26,Gentle Moisturizing Hand Soap 1L,Personal Care,1,5.49,2.5,5.49,2.5,2.99,54.46
item-7077,sale-1997,INV-2026-1997,2026-07-31 10:52:51,prod-01,Wireless Bluetooth Headset Pro,Electronics & Gadgets,4,89.99,45.0,359.96,180.0,179.96,49.99
item-7078,sale-1998,INV-2026-1998,2026-07-31 19:41:45,prod-01,Wireless Bluetooth Headset Pro,Electronics & Gadgets,1,89.99,45.0,89.99,45.0,44.99,49.99
item-7079,sale-1998,INV-2026-1998,2026-07-31 19:41:45,prod-07,Heavy-Duty Desktop Stapler,Office Supplies,2,14.49,7.0,28.98,14.0,14.98,51.69
item-7080,sale-1999,INV-2026-1999,2026-07-31 11:55:57,prod-30,Compact Digital Microwave Oven 20L,Home Appliances,1,114.99,58.0,114.99,58.0,56.99,49.56
item-7081,sale-1999,INV-2026-1999,2026-07-31 11:55:57,prod-09,Arabica Whole Bean Coffee 1kg,Beverages & Drinks,1,21.99,11.0,21.99,11.0,10.99,49.98
item-7082,sale-1999,INV-2026-1999,2026-07-31 11:55:57,prod-15,Raw Honey Jar 500g,Packaged Groceries,1,9.99,4.8,9.99,4.8,5.19,51.95
item-7083,sale-2000,INV-2026-2000,2026-07-31 19:21:50,prod-25,Antibacterial Hand Sanitizer 500ml,Personal Care,2,3.99,1.8,7.98,3.6,4.38,54.89
item-7084,sale-2000,INV-2026-2000,2026-07-31 19:21:50,prod-14,Wholegrain Oats 1kg,Packaged Groceries,1,4.49,2.1,4.49,2.1,2.39,53.23
item-7085,sale-2000,INV-2026-2000,2026-07-31 19:21:50,prod-17,100% Cotton Polo Shirt (Medium),Apparel & Wearables,6,19.99,9.0,119.94,54.0,65.94,54.98
item-7086,sale-2000,INV-2026-2000,2026-07-31 19:21:50,prod-06,Gel Ink Rollerball Pens (Box of 12),Office Supplies,2,9.99,4.5,19.98,9.0,10.98,54.95
item-7087,sale-2000,INV-2026-2000,2026-07-31 19:21:50,prod-15,Raw Honey Jar 500g,Packaged Groceries,1,9.99,4.8,9.99,4.8,5.19,51.95
item-7088,sale-2001,INV-2026-2001,2026-07-31 10:30:07,prod-05,A4 Premium Copy Paper 500 Sheets,Office Supplies,1,6.99,3.2,6.99,3.2,3.79,54.22
item-7089,sale-2001,INV-2026-2001,2026-07-31 10:30:07,prod-11,Sparkling Mineral Water 500ml (Pack 12),Beverages & Drinks,2,12.99,6.0,25.98,12.0,13.98,53.81
item-7090,sale-2001,INV-2026-2001,2026-07-31 10:30:07,prod-10,Organic Green Tea (Box of 50 Bags),Beverages & Drinks,1,7.99,3.8,7.99,3.8,4.19,52.44
item-7091,sale-2002,INV-2026-2002,2026-07-31 14:38:36,prod-16,Assorted Roasted Almonds 250g,Packaged Groceries,1,7.49,3.5,7.49,3.5,3.99,53.27
item-7092,sale-2002,INV-2026-2002,2026-07-31 14:38:36,prod-10,Organic Green Tea (Box of 50 Bags),Beverages & Drinks,1,7.99,3.8,7.99,3.8,4.19,52.44
item-7093,sale-2002,INV-2026-2002,2026-07-31 14:38:36,prod-25,Antibacterial Hand Sanitizer 500ml,Personal Care,1,3.99,1.8,3.99,1.8,2.19,54.89
item-7094,sale-2003,INV-2026-2003,2026-07-31 10:20:35,prod-01,Wireless Bluetooth Headset Pro,Electronics & Gadgets,2,89.99,45.0,179.98,90.0,89.98,49.99
item-7095,sale-2004,INV-2026-2004,2026-07-31 15:37:26,prod-12,Natural Cold Pressed Citrus Juice 1L,Beverages & Drinks,1,4.99,2.2,4.99,2.2,2.79,55.91
item-7096,sale-2004,INV-2026-2004,2026-07-31 15:37:26,prod-28,Electric Stainless Steel Kettle 1.7L,Home Appliances,3,27.99,14.0,83.97,42.0,41.97,49.98
item-7097,sale-2005,INV-2026-2005,2026-07-31 16:24:04,prod-16,Assorted Roasted Almonds 250g,Packaged Groceries,3,7.49,3.5,22.47,10.5,11.97,53.27
item-7098,sale-2006,INV-2026-2006,2026-07-31 15:36:50,prod-22,Professional Precision Screwdriver Kit,Hardware & Tools,1,17.99,8.5,17.99,8.5,9.49,52.75
item-7099,sale-2006,INV-2026-2006,2026-07-31 15:36:50,prod-11,Sparkling Mineral Water 500ml (Pack 12),Beverages & Drinks,1,12.99,6.0,12.99,6.0,6.99,53.81
item-7100,sale-2007,INV-2026-2007,2026-07-31 19:04:47,prod-26,Gentle Moisturizing Hand Soap 1L,Personal Care,1,5.49,2.5,5.49,2.5,2.99,54.46
item-7101,sale-2008,INV-2026-2008,2026-07-31 18:29:20,prod-27,Microfiber Facial Towels (Pack of 4),Personal Care,1,6.99,3.0,6.99,3.0,3.99,57.08
item-7102,sale-2008,INV-2026-2008,2026-07-31 18:29:20,prod-07,Heavy-Duty Desktop Stapler,Office Supplies,1,14.49,7.0,14.49,7.0,7.49,51.69
item-7103,sale-2008,INV-2026-2008,2026-07-31 18:29:20,prod-10,Organic Green Tea (Box of 50 Bags),Beverages & Drinks,1,7.99,3.8,7.99,3.8,4.19,52.44
item-7104,sale-2008,INV-2026-2008,2026-07-31 18:29:20,prod-26,Gentle Moisturizing Hand Soap 1L,Personal Care,2,5.49,2.5,10.98,5.0,5.98,54.46
item-7105,sale-2008,INV-2026-2008,2026-07-31 18:29:20,prod-28,Electric Stainless Steel Kettle 1.7L,Home Appliances,1,27.99,14.0,27.99,14.0,13.99,49.98
item-7106,sale-2009,INV-2026-2009,2026-08-01 15:04:38,prod-02,Ergonomic Optical Wireless Mouse,Electronics & Gadgets,1,24.99,12.5,24.99,12.5,12.49,49.98
item-7107,sale-2009,INV-2026-2009,2026-08-01 15:04:38,prod-11,Sparkling Mineral Water 500ml (Pack 12),Beverages & Drinks,1,12.99,6.0,12.99,6.0,6.99,53.81
item-7108,sale-2009,INV-2026-2009,2026-08-01 15:04:38,prod-10,Organic Green Tea (Box of 50 Bags),Beverages & Drinks,1,7.99,3.8,7.99,3.8,4.19,52.44
item-7109,sale-2010,INV-2026-2010,2026-08-01 15:20:31,prod-09,Arabica Whole Bean Coffee 1kg,Beverages & Drinks,6,21.99,11.0,131.94,66.0,65.94,49.98
item-7110,sale-2011,INV-2026-2011,2026-08-01 11:56:37,prod-12,Natural Cold Pressed Citrus Juice 1L,Beverages & Drinks,6,4.99,2.2,29.94,13.2,16.74,55.91
item-7111,sale-2011,INV-2026-2011,2026-08-01 11:56:37,prod-16,Assorted Roasted Almonds 250g,Packaged Groceries,1,7.49,3.5,7.49,3.5,3.99,53.27
item-7112,sale-2012,INV-2026-2012,2026-08-01 19:09:28,prod-22,Professional Precision Screwdriver Kit,Hardware & Tools,1,17.99,8.5,17.99,8.5,9.49,52.75
item-7113,sale-2012,INV-2026-2012,2026-08-01 19:09:28,prod-17,100% Cotton Polo Shirt (Medium),Apparel & Wearables,2,19.99,9.0,39.98,18.0,21.98,54.98
item-7114,sale-2013,INV-2026-2013,2026-08-01 12:13:43,prod-17,100% Cotton Polo Shirt (Medium),Apparel & Wearables,2,19.99,9.0,39.98,18.0,21.98,54.98
item-7115,sale-2014,INV-2026-2014,2026-08-01 19:19:58,prod-25,Antibacterial Hand Sanitizer 500ml,Personal Care,1,3.99,1.8,3.99,1.8,2.19,54.89
item-7116,sale-2015,INV-2026-2015,2026-08-01 18:00:39,prod-13,Organic Extra Virgin Olive Oil 750ml,Packaged Groceries,4,14.99,7.5,59.96,30.0,29.96,49.97
item-7117,sale-2015,INV-2026-2015,2026-08-01 18:00:39,prod-06,Gel Ink Rollerball Pens (Box of 12),Office Supplies,1,9.99,4.5,9.99,4.5,5.49,54.95
item-7118,sale-2015,INV-2026-2015,2026-08-01 18:00:39,prod-05,A4 Premium Copy Paper 500 Sheets,Office Supplies,1,6.99,3.2,6.99,3.2,3.79,54.22
item-7119,sale-2016,INV-2026-2016,2026-08-01 09:23:57,prod-18,High-Visibility Safety Vest,Apparel & Wearables,1,11.99,5.2,11.99,5.2,6.79,56.63
item-7120,sale-2017,INV-2026-2017,2026-08-01 14:07:55,prod-09,Arabica Whole Bean Coffee 1kg,Beverages & Drinks,1,21.99,11.0,21.99,11.0,10.99,49.98
item-7121,sale-2018,INV-2026-2018,2026-08-02 18:25:40,prod-06,Gel Ink Rollerball Pens (Box of 12),Office Supplies,6,9.99,4.5,59.94,27.0,32.94,54.95
item-7122,sale-2018,INV-2026-2018,2026-08-02 18:25:40,prod-10,Organic Green Tea (Box of 50 Bags),Beverages & Drinks,4,7.99,3.8,31.96,15.2,16.76,52.44
item-7123,sale-2018,INV-2026-2018,2026-08-02 18:25:40,prod-11,Sparkling Mineral Water 500ml (Pack 12),Beverages & Drinks,2,12.99,6.0,25.98,12.0,13.98,53.81
item-7124,sale-2019,INV-2026-2019,2026-08-02 17:13:42,prod-02,Ergonomic Optical Wireless Mouse,Electronics & Gadgets,1,24.99,12.5,24.99,12.5,12.49,49.98
item-7125,sale-2020,INV-2026-2020,2026-08-02 14:53:26,prod-14,Wholegrain Oats 1kg,Packaged Groceries,2,4.49,2.1,8.98,4.2,4.78,53.23
item-7126,sale-2021,INV-2026-2021,2026-08-02 10:41:01,prod-25,Antibacterial Hand Sanitizer 500ml,Personal Care,1,3.99,1.8,3.99,1.8,2.19,54.89
item-7127,sale-2021,INV-2026-2021,2026-08-02 10:41:01,prod-10,Organic Green Tea (Box of 50 Bags),Beverages & Drinks,1,7.99,3.8,7.99,3.8,4.19,52.44
item-7128,sale-2021,INV-2026-2021,2026-08-02 10:41:01,prod-20,Breathable Fleece Jacket (Large),Apparel & Wearables,2,44.99,22.0,89.98,44.0,45.98,51.1
item-7129,sale-2022,INV-2026-2022,2026-08-02 11:05:08,prod-11,Sparkling Mineral Water 500ml (Pack 12),Beverages & Drinks,1,12.99,6.0,12.99,6.0,6.99,53.81
item-7130,sale-2023,INV-2026-2023,2026-08-02 18:59:27,prod-24,Heavy-Duty Steel Measuring Tape 8m,Hardware & Tools,2,7.99,3.5,15.98,7.0,8.98,56.2
item-7131,sale-2023,INV-2026-2023,2026-08-02 18:59:27,prod-09,Arabica Whole Bean Coffee 1kg,Beverages & Drinks,1,21.99,11.0,21.99,11.0,10.99,49.98
item-7132,sale-2024,INV-2026-2024,2026-08-02 16:24:22,prod-22,Professional Precision Screwdriver Kit,Hardware & Tools,6,17.99,8.5,107.94,51.0,56.94,52.75
item-7133,sale-2024,INV-2026-2024,2026-08-02 16:24:22,prod-21,20V Cordless Power Drill Set,Hardware & Tools,1,109.99,55.0,109.99,55.0,54.99,50.0
item-7134,sale-2025,INV-2026-2025,2026-08-02 16:54:46,prod-17,100% Cotton Polo Shirt (Medium),Apparel & Wearables,1,19.99,9.0,19.99,9.0,10.99,54.98
item-7135,sale-2025,INV-2026-2025,2026-08-02 16:54:46,prod-26,Gentle Moisturizing Hand Soap 1L,Personal Care,2,5.49,2.5,10.98,5.0,5.98,54.46
item-7136,sale-2026,INV-2026-2026,2026-08-02 17:36:23,prod-09,Arabica Whole Bean Coffee 1kg,Beverages & Drinks,1,21.99,11.0,21.99,11.0,10.99,49.98
item-7137,sale-2026,INV-2026-2026,2026-08-02 17:36:23,prod-13,Organic Extra Virgin Olive Oil 750ml,Packaged Groceries,1,14.99,7.5,14.99,7.5,7.49,49.97
item-7138,sale-2027,INV-2026-2027,2026-08-02 14:07:37,prod-16,Assorted Roasted Almonds 250g,Packaged Groceries,1,7.49,3.5,7.49,3.5,3.99,53.27
item-7139,sale-2027,INV-2026-2027,2026-08-02 14:07:37,prod-18,High-Visibility Safety Vest,Apparel & Wearables,1,11.99,5.2,11.99,5.2,6.79,56.63
item-7140,sale-2027,INV-2026-2027,2026-08-02 14:07:37,prod-14,Wholegrain Oats 1kg,Packaged Groceries,1,4.49,2.1,4.49,2.1,2.39,53.23
item-7141,sale-2027,INV-2026-2027,2026-08-02 14:07:37,prod-02,Ergonomic Optical Wireless Mouse,Electronics & Gadgets,1,24.99,12.5,24.99,12.5,12.49,49.98
item-7142,sale-2028,INV-2026-2028,2026-08-03 17:54:48,prod-09,Arabica Whole Bean Coffee 1kg,Beverages & Drinks,1,21.99,11.0,21.99,11.0,10.99,49.98
item-7143,sale-2028,INV-2026-2028,2026-08-03 17:54:48,prod-07,Heavy-Duty Desktop Stapler,Office Supplies,1,14.49,7.0,14.49,7.0,7.49,51.69
item-7144,sale-2029,INV-2026-2029,2026-08-03 18:05:15,prod-26,Gentle Moisturizing Hand Soap 1L,Personal Care,2,5.49,2.5,10.98,5.0,5.98,54.46
item-7145,sale-2029,INV-2026-2029,2026-08-03 18:05:15,prod-21,20V Cordless Power Drill Set,Hardware & Tools,2,109.99,55.0,219.98,110.0,109.98,50.0
item-7146,sale-2029,INV-2026-2029,2026-08-03 18:05:15,prod-03,Mechanical RGB Gaming Keyboard,Electronics & Gadgets,1,74.99,38.0,74.99,38.0,36.99,49.33
item-7147,sale-2029,INV-2026-2029,2026-08-03 18:05:15,prod-24,Heavy-Duty Steel Measuring Tape 8m,Hardware & Tools,2,7.99,3.5,15.98,7.0,8.98,56.2
item-7148,sale-2030,INV-2026-2030,2026-08-03 17:51:37,prod-16,Assorted Roasted Almonds 250g,Packaged Groceries,1,7.49,3.5,7.49,3.5,3.99,53.27
item-7149,sale-2030,INV-2026-2030,2026-08-03 17:51:37,prod-19,Waterproof Work Gloves (Pair),Apparel & Wearables,1,6.49,2.8,6.49,2.8,3.69,56.86
item-7150,sale-2030,INV-2026-2030,2026-08-03 17:51:37,prod-13,Organic Extra Virgin Olive Oil 750ml,Packaged Groceries,2,14.99,7.5,29.98,15.0,14.98,49.97
item-7151,sale-2031,INV-2026-2031,2026-08-03 09:30:29,prod-12,Natural Cold Pressed Citrus Juice 1L,Beverages & Drinks,1,4.99,2.2,4.99,2.2,2.79,55.91
item-7152,sale-2032,INV-2026-2032,2026-08-03 15:22:51,prod-05,A4 Premium Copy Paper 500 Sheets,Office Supplies,2,6.99,3.2,13.98,6.4,7.58,54.22
item-7153,sale-2032,INV-2026-2032,2026-08-03 15:22:51,prod-20,Breathable Fleece Jacket (Large),Apparel & Wearables,1,44.99,22.0,44.99,22.0,22.99,51.1
item-7154,sale-2033,INV-2026-2033,2026-08-03 18:47:19,prod-05,A4 Premium Copy Paper 500 Sheets,Office Supplies,3,6.99,3.2,20.97,9.6,11.37,54.22
item-7155,sale-2034,INV-2026-2034,2026-08-04 16:37:10,prod-19,Waterproof Work Gloves (Pair),Apparel & Wearables,3,6.49,2.8,19.47,8.4,11.07,56.86
item-7156,sale-2035,INV-2026-2035,2026-08-04 18:01:18,prod-18,High-Visibility Safety Vest,Apparel & Wearables,1,11.99,5.2,11.99,5.2,6.79,56.63
item-7157,sale-2035,INV-2026-2035,2026-08-04 18:01:18,prod-02,Ergonomic Optical Wireless Mouse,Electronics & Gadgets,1,24.99,12.5,24.99,12.5,12.49,49.98
item-7158,sale-2035,INV-2026-2035,2026-08-04 18:01:18,prod-04,4K Ultra-HD Monitor 27-inch,Electronics & Gadgets,1,299.99,180.0,299.99,180.0,119.99,40.0
item-7159,sale-2036,INV-2026-2036,2026-08-04 13:16:08,prod-11,Sparkling Mineral Water 500ml (Pack 12),Beverages & Drinks,4,12.99,6.0,51.96,24.0,27.96,53.81
item-7160,sale-2037,INV-2026-2037,2026-08-05 10:38:11,prod-25,Antibacterial Hand Sanitizer 500ml,Personal Care,1,3.99,1.8,3.99,1.8,2.19,54.89
item-7161,sale-2037,INV-2026-2037,2026-08-05 10:38:11,prod-22,Professional Precision Screwdriver Kit,Hardware & Tools,2,17.99,8.5,35.98,17.0,18.98,52.75
item-7162,sale-2038,INV-2026-2038,2026-08-05 14:51:11,prod-19,Waterproof Work Gloves (Pair),Apparel & Wearables,1,6.49,2.8,6.49,2.8,3.69,56.86
item-7163,sale-2039,INV-2026-2039,2026-08-05 17:55:02,prod-08,Adjustable Mesh Executive Chair,Office Supplies,2,189.99,95.0,379.98,190.0,189.98,50.0
item-7164,sale-2039,INV-2026-2039,2026-08-05 17:55:02,prod-09,Arabica Whole Bean Coffee 1kg,Beverages & Drinks,3,21.99,11.0,65.97,33.0,32.97,49.98
item-7165,sale-2039,INV-2026-2039,2026-08-05 17:55:02,prod-27,Microfiber Facial Towels (Pack of 4),Personal Care,6,6.99,3.0,41.94,18.0,23.94,57.08
item-7166,sale-2039,INV-2026-2039,2026-08-05 17:55:02,prod-01,Wireless Bluetooth Headset Pro,Electronics & Gadgets,6,89.99,45.0,539.94,270.0,269.94,49.99
item-7167,sale-2039,INV-2026-2039,2026-08-05 17:55:02,prod-21,20V Cordless Power Drill Set,Hardware & Tools,1,109.99,55.0,109.99,55.0,54.99,50.0
item-7168,sale-2040,INV-2026-2040,2026-08-05 11:53:31,prod-19,Waterproof Work Gloves (Pair),Apparel & Wearables,6,6.49,2.8,38.94,16.8,22.14,56.86
item-7169,sale-2040,INV-2026-2040,2026-08-05 11:53:31,prod-05,A4 Premium Copy Paper 500 Sheets,Office Supplies,3,6.99,3.2,20.97,9.6,11.37,54.22
item-7170,sale-2040,INV-2026-2040,2026-08-05 11:53:31,prod-20,Breathable Fleece Jacket (Large),Apparel & Wearables,1,44.99,22.0,44.99,22.0,22.99,51.1
item-7171,sale-2041,INV-2026-2041,2026-08-05 16:46:40,prod-10,Organic Green Tea (Box of 50 Bags),Beverages & Drinks,3,7.99,3.8,23.97,11.4,12.57,52.44
item-7172,sale-2042,INV-2026-2042,2026-08-05 13:48:52,prod-13,Organic Extra Virgin Olive Oil 750ml,Packaged Groceries,1,14.99,7.5,14.99,7.5,7.49,49.97
item-7173,sale-2042,INV-2026-2042,2026-08-05 13:48:52,prod-02,Ergonomic Optical Wireless Mouse,Electronics & Gadgets,4,24.99,12.5,99.96,50.0,49.96,49.98
item-7174,sale-2042,INV-2026-2042,2026-08-05 13:48:52,prod-12,Natural Cold Pressed Citrus Juice 1L,Beverages & Drinks,2,4.99,2.2,9.98,4.4,5.58,55.91
item-7175,sale-2043,INV-2026-2043,2026-08-05 13:30:47,prod-15,Raw Honey Jar 500g,Packaged Groceries,1,9.99,4.8,9.99,4.8,5.19,51.95
item-7176,sale-2044,INV-2026-2044,2026-08-05 15:30:16,prod-10,Organic Green Tea (Box of 50 Bags),Beverages & Drinks,1,7.99,3.8,7.99,3.8,4.19,52.44
item-7177,sale-2044,INV-2026-2044,2026-08-05 15:30:16,prod-13,Organic Extra Virgin Olive Oil 750ml,Packaged Groceries,1,14.99,7.5,14.99,7.5,7.49,49.97
item-7178,sale-2044,INV-2026-2044,2026-08-05 15:30:16,prod-20,Breathable Fleece Jacket (Large),Apparel & Wearables,1,44.99,22.0,44.99,22.0,22.99,51.1
item-7179,sale-2044,INV-2026-2044,2026-08-05 15:30:16,prod-19,Waterproof Work Gloves (Pair),Apparel & Wearables,2,6.49,2.8,12.98,5.6,7.38,56.86
item-7180,sale-2044,INV-2026-2044,2026-08-05 15:30:16,prod-24,Heavy-Duty Steel Measuring Tape 8m,Hardware & Tools,1,7.99,3.5,7.99,3.5,4.49,56.2
item-7181,sale-2045,INV-2026-2045,2026-08-05 16:24:43,prod-26,Gentle Moisturizing Hand Soap 1L,Personal Care,1,5.49,2.5,5.49,2.5,2.99,54.46
item-7182,sale-2045,INV-2026-2045,2026-08-05 16:24:43,prod-12,Natural Cold Pressed Citrus Juice 1L,Beverages & Drinks,1,4.99,2.2,4.99,2.2,2.79,55.91
item-7183,sale-2046,INV-2026-2046,2026-08-05 17:40:22,prod-25,Antibacterial Hand Sanitizer 500ml,Personal Care,1,3.99,1.8,3.99,1.8,2.19,54.89
item-7184,sale-2046,INV-2026-2046,2026-08-05 17:40:22,prod-07,Heavy-Duty Desktop Stapler,Office Supplies,3,14.49,7.0,43.47,21.0,22.47,51.69
item-7185,sale-2047,INV-2026-2047,2026-08-05 13:21:17,prod-07,Heavy-Duty Desktop Stapler,Office Supplies,1,14.49,7.0,14.49,7.0,7.49,51.69
item-7186,sale-2047,INV-2026-2047,2026-08-05 13:21:17,prod-15,Raw Honey Jar 500g,Packaged Groceries,3,9.99,4.8,29.97,14.4,15.57,51.95
item-7187,sale-2047,INV-2026-2047,2026-08-05 13:21:17,prod-06,Gel Ink Rollerball Pens (Box of 12),Office Supplies,3,9.99,4.5,29.97,13.5,16.47,54.95
item-7188,sale-2048,INV-2026-2048,2026-08-05 15:29:49,prod-02,Ergonomic Optical Wireless Mouse,Electronics & Gadgets,1,24.99,12.5,24.99,12.5,12.49,49.98
item-7189,sale-2048,INV-2026-2048,2026-08-05 15:29:49,prod-25,Antibacterial Hand Sanitizer 500ml,Personal Care,1,3.99,1.8,3.99,1.8,2.19,54.89
item-7190,sale-2048,INV-2026-2048,2026-08-05 15:29:49,prod-12,Natural Cold Pressed Citrus Juice 1L,Beverages & Drinks,1,4.99,2.2,4.99,2.2,2.79,55.91
item-7191,sale-2049,INV-2026-2049,2026-08-05 17:21:43,prod-17,100% Cotton Polo Shirt (Medium),Apparel & Wearables,1,19.99,9.0,19.99,9.0,10.99,54.98
item-7192,sale-2049,INV-2026-2049,2026-08-05 17:21:43,prod-06,Gel Ink Rollerball Pens (Box of 12),Office Supplies,1,9.99,4.5,9.99,4.5,5.49,54.95
item-7193,sale-2049,INV-2026-2049,2026-08-05 17:21:43,prod-05,A4 Premium Copy Paper 500 Sheets,Office Supplies,3,6.99,3.2,20.97,9.6,11.37,54.22
item-7194,sale-2050,INV-2026-2050,2026-08-05 19:00:53,prod-02,Ergonomic Optical Wireless Mouse,Electronics & Gadgets,1,24.99,12.5,24.99,12.5,12.49,49.98
item-7195,sale-2051,INV-2026-2051,2026-08-06 19:28:22,prod-17,100% Cotton Polo Shirt (Medium),Apparel & Wearables,1,19.99,9.0,19.99,9.0,10.99,54.98
item-7196,sale-2052,INV-2026-2052,2026-08-06 09:39:05,prod-22,Professional Precision Screwdriver Kit,Hardware & Tools,2,17.99,8.5,35.98,17.0,18.98,52.75
item-7197,sale-2053,INV-2026-2053,2026-08-06 19:07:45,prod-23,Digital Laser Distance Meter 50m,Hardware & Tools,1,36.99,18.0,36.99,18.0,18.99,51.34
item-7198,sale-2053,INV-2026-2053,2026-08-06 19:07:45,prod-19,Waterproof Work Gloves (Pair),Apparel & Wearables,1,6.49,2.8,6.49,2.8,3.69,56.86
item-7199,sale-2054,INV-2026-2054,2026-08-06 19:48:57,prod-05,A4 Premium Copy Paper 500 Sheets,Office Supplies,2,6.99,3.2,13.98,6.4,7.58,54.22
item-7200,sale-2055,INV-2026-2055,2026-08-06 11:16:18,prod-28,Electric Stainless Steel Kettle 1.7L,Home Appliances,1,27.99,14.0,27.99,14.0,13.99,49.98
item-7201,sale-2055,INV-2026-2055,2026-08-06 11:16:18,prod-18,High-Visibility Safety Vest,Apparel & Wearables,2,11.99,5.2,23.98,10.4,13.58,56.63
item-7202,sale-2055,INV-2026-2055,2026-08-06 11:16:18,prod-06,Gel Ink Rollerball Pens (Box of 12),Office Supplies,1,9.99,4.5,9.99,4.5,5.49,54.95
item-7203,sale-2056,INV-2026-2056,2026-08-06 13:49:27,prod-24,Heavy-Duty Steel Measuring Tape 8m,Hardware & Tools,3,7.99,3.5,23.97,10.5,13.47,56.2
item-7204,sale-2056,INV-2026-2056,2026-08-06 13:49:27,prod-21,20V Cordless Power Drill Set,Hardware & Tools,1,109.99,55.0,109.99,55.0,54.99,50.0
item-7205,sale-2057,INV-2026-2057,2026-08-06 10:17:49,prod-25,Antibacterial Hand Sanitizer 500ml,Personal Care,1,3.99,1.8,3.99,1.8,2.19,54.89
item-7206,sale-2057,INV-2026-2057,2026-08-06 10:17:49,prod-09,Arabica Whole Bean Coffee 1kg,Beverages & Drinks,4,21.99,11.0,87.96,44.0,43.96,49.98
item-7207,sale-2057,INV-2026-2057,2026-08-06 10:17:49,prod-19,Waterproof Work Gloves (Pair),Apparel & Wearables,1,6.49,2.8,6.49,2.8,3.69,56.86
item-7208,sale-2058,INV-2026-2058,2026-08-06 13:52:16,prod-05,A4 Premium Copy Paper 500 Sheets,Office Supplies,1,6.99,3.2,6.99,3.2,3.79,54.22
item-7209,sale-2058,INV-2026-2058,2026-08-06 13:52:16,prod-22,Professional Precision Screwdriver Kit,Hardware & Tools,1,17.99,8.5,17.99,8.5,9.49,52.75
item-7210,sale-2059,INV-2026-2059,2026-08-07 12:39:25,prod-26,Gentle Moisturizing Hand Soap 1L,Personal Care,1,5.49,2.5,5.49,2.5,2.99,54.46
item-7211,sale-2059,INV-2026-2059,2026-08-07 12:39:25,prod-06,Gel Ink Rollerball Pens (Box of 12),Office Supplies,2,9.99,4.5,19.98,9.0,10.98,54.95
item-7212,sale-2060,INV-2026-2060,2026-08-07 15:13:39,prod-26,Gentle Moisturizing Hand Soap 1L,Personal Care,2,5.49,2.5,10.98,5.0,5.98,54.46
item-7213,sale-2060,INV-2026-2060,2026-08-07 15:13:39,prod-05,A4 Premium Copy Paper 500 Sheets,Office Supplies,1,6.99,3.2,6.99,3.2,3.79,54.22
item-7214,sale-2061,INV-2026-2061,2026-08-07 10:02:04,prod-20,Breathable Fleece Jacket (Large),Apparel & Wearables,1,44.99,22.0,44.99,22.0,22.99,51.1
item-7215,sale-2062,INV-2026-2062,2026-08-07 09:57:31,prod-09,Arabica Whole Bean Coffee 1kg,Beverages & Drinks,6,21.99,11.0,131.94,66.0,65.94,49.98
item-7216,sale-2062,INV-2026-2062,2026-08-07 09:57:31,prod-12,Natural Cold Pressed Citrus Juice 1L,Beverages & Drinks,1,4.99,2.2,4.99,2.2,2.79,55.91
item-7217,sale-2062,INV-2026-2062,2026-08-07 09:57:31,prod-11,Sparkling Mineral Water 500ml (Pack 12),Beverages & Drinks,1,12.99,6.0,12.99,6.0,6.99,53.81
item-7218,sale-2063,INV-2026-2063,2026-08-07 19:24:17,prod-16,Assorted Roasted Almonds 250g,Packaged Groceries,1,7.49,3.5,7.49,3.5,3.99,53.27
item-7219,sale-2064,INV-2026-2064,2026-08-07 17:45:49,prod-08,Adjustable Mesh Executive Chair,Office Supplies,3,189.99,95.0,569.97,285.0,284.97,50.0
item-7220,sale-2064,INV-2026-2064,2026-08-07 17:45:49,prod-26,Gentle Moisturizing Hand Soap 1L,Personal Care,1,5.49,2.5,5.49,2.5,2.99,54.46
item-7221,sale-2064,INV-2026-2064,2026-08-07 17:45:49,prod-03,Mechanical RGB Gaming Keyboard,Electronics & Gadgets,4,74.99,38.0,299.96,152.0,147.96,49.33
item-7222,sale-2064,INV-2026-2064,2026-08-07 17:45:49,prod-19,Waterproof Work Gloves (Pair),Apparel & Wearables,1,6.49,2.8,6.49,2.8,3.69,56.86
item-7223,sale-2065,INV-2026-2065,2026-08-07 10:34:14,prod-19,Waterproof Work Gloves (Pair),Apparel & Wearables,1,6.49,2.8,6.49,2.8,3.69,56.86
item-7224,sale-2065,INV-2026-2065,2026-08-07 10:34:14,prod-09,Arabica Whole Bean Coffee 1kg,Beverages & Drinks,1,21.99,11.0,21.99,11.0,10.99,49.98
item-7225,sale-2065,INV-2026-2065,2026-08-07 10:34:14,prod-06,Gel Ink Rollerball Pens (Box of 12),Office Supplies,1,9.99,4.5,9.99,4.5,5.49,54.95
item-7226,sale-2065,INV-2026-2065,2026-08-07 10:34:14,prod-02,Ergonomic Optical Wireless Mouse,Electronics & Gadgets,2,24.99,12.5,49.98,25.0,24.98,49.98
item-7227,sale-2066,INV-2026-2066,2026-08-07 17:59:22,prod-05,A4 Premium Copy Paper 500 Sheets,Office Supplies,2,6.99,3.2,13.98,6.4,7.58,54.22
item-7228,sale-2067,INV-2026-2067,2026-08-07 19:05:23,prod-03,Mechanical RGB Gaming Keyboard,Electronics & Gadgets,1,74.99,38.0,74.99,38.0,36.99,49.33
item-7229,sale-2068,INV-2026-2068,2026-08-07 13:41:12,prod-25,Antibacterial Hand Sanitizer 500ml,Personal Care,2,3.99,1.8,7.98,3.6,4.38,54.89
item-7230,sale-2068,INV-2026-2068,2026-08-07 13:41:12,prod-10,Organic Green Tea (Box of 50 Bags),Beverages & Drinks,2,7.99,3.8,15.98,7.6,8.38,52.44
item-7231,sale-2068,INV-2026-2068,2026-08-07 13:41:12,prod-19,Waterproof Work Gloves (Pair),Apparel & Wearables,2,6.49,2.8,12.98,5.6,7.38,56.86
item-7232,sale-2068,INV-2026-2068,2026-08-07 13:41:12,prod-15,Raw Honey Jar 500g,Packaged Groceries,1,9.99,4.8,9.99,4.8,5.19,51.95
item-7233,sale-2069,INV-2026-2069,2026-08-07 13:44:24,prod-13,Organic Extra Virgin Olive Oil 750ml,Packaged Groceries,3,14.99,7.5,44.97,22.5,22.47,49.97
item-7234,sale-2070,INV-2026-2070,2026-08-07 19:28:47,prod-25,Antibacterial Hand Sanitizer 500ml,Personal Care,1,3.99,1.8,3.99,1.8,2.19,54.89
item-7235,sale-2070,INV-2026-2070,2026-08-07 19:28:47,prod-29,HEPA Air Purifier Desktop Size,Home Appliances,2,84.99,42.0,169.98,84.0,85.98,50.58
item-7236,sale-2071,INV-2026-2071,2026-08-07 18:15:31,prod-28,Electric Stainless Steel Kettle 1.7L,Home Appliances,2,27.99,14.0,55.98,28.0,27.98,49.98
item-7237,sale-2071,INV-2026-2071,2026-08-07 18:15:31,prod-29,HEPA Air Purifier Desktop Size,Home Appliances,1,84.99,42.0,84.99,42.0,42.99,50.58
item-7238,sale-2072,INV-2026-2072,2026-08-07 16:34:53,prod-04,4K Ultra-HD Monitor 27-inch,Electronics & Gadgets,1,299.99,180.0,299.99,180.0,119.99,40.0
item-7239,sale-2072,INV-2026-2072,2026-08-07 16:34:53,prod-24,Heavy-Duty Steel Measuring Tape 8m,Hardware & Tools,2,7.99,3.5,15.98,7.0,8.98,56.2
item-7240,sale-2072,INV-2026-2072,2026-08-07 16:34:53,prod-26,Gentle Moisturizing Hand Soap 1L,Personal Care,1,5.49,2.5,5.49,2.5,2.99,54.46
item-7241,sale-2073,INV-2026-2073,2026-08-07 14:50:46,prod-09,Arabica Whole Bean Coffee 1kg,Beverages & Drinks,4,21.99,11.0,87.96,44.0,43.96,49.98
item-7242,sale-2073,INV-2026-2073,2026-08-07 14:50:46,prod-24,Heavy-Duty Steel Measuring Tape 8m,Hardware & Tools,4,7.99,3.5,31.96,14.0,17.96,56.2
item-7243,sale-2074,INV-2026-2074,2026-08-07 19:33:29,prod-26,Gentle Moisturizing Hand Soap 1L,Personal Care,2,5.49,2.5,10.98,5.0,5.98,54.46
item-7244,sale-2075,INV-2026-2075,2026-08-07 12:59:04,prod-02,Ergonomic Optical Wireless Mouse,Electronics & Gadgets,1,24.99,12.5,24.99,12.5,12.49,49.98
item-7245,sale-2076,INV-2026-2076,2026-08-08 16:58:58,prod-07,Heavy-Duty Desktop Stapler,Office Supplies,1,14.49,7.0,14.49,7.0,7.49,51.69
item-7246,sale-2076,INV-2026-2076,2026-08-08 16:58:58,prod-22,Professional Precision Screwdriver Kit,Hardware & Tools,2,17.99,8.5,35.98,17.0,18.98,52.75
item-7247,sale-2076,INV-2026-2076,2026-08-08 16:58:58,prod-01,Wireless Bluetooth Headset Pro,Electronics & Gadgets,1,89.99,45.0,89.99,45.0,44.99,49.99
item-7248,sale-2077,INV-2026-2077,2026-08-08 19:03:57,prod-07,Heavy-Duty Desktop Stapler,Office Supplies,1,14.49,7.0,14.49,7.0,7.49,51.69
item-7249,sale-2077,INV-2026-2077,2026-08-08 19:03:57,prod-19,Waterproof Work Gloves (Pair),Apparel & Wearables,1,6.49,2.8,6.49,2.8,3.69,56.86
item-7250,sale-2077,INV-2026-2077,2026-08-08 19:03:57,prod-11,Sparkling Mineral Water 500ml (Pack 12),Beverages & Drinks,1,12.99,6.0,12.99,6.0,6.99,53.81
item-7251,sale-2078,INV-2026-2078,2026-08-08 11:53:37,prod-08,Adjustable Mesh Executive Chair,Office Supplies,1,189.99,95.0,189.99,95.0,94.99,50.0
item-7252,sale-2078,INV-2026-2078,2026-08-08 11:53:37,prod-25,Antibacterial Hand Sanitizer 500ml,Personal Care,2,3.99,1.8,7.98,3.6,4.38,54.89
item-7253,sale-2078,INV-2026-2078,2026-08-08 11:53:37,prod-30,Compact Digital Microwave Oven 20L,Home Appliances,4,114.99,58.0,459.96,232.0,227.96,49.56
item-7254,sale-2078,INV-2026-2078,2026-08-08 11:53:37,prod-06,Gel Ink Rollerball Pens (Box of 12),Office Supplies,3,9.99,4.5,29.97,13.5,16.47,54.95
item-7255,sale-2079,INV-2026-2079,2026-08-08 18:51:39,prod-25,Antibacterial Hand Sanitizer 500ml,Personal Care,6,3.99,1.8,23.94,10.8,13.14,54.89
item-7256,sale-2079,INV-2026-2079,2026-08-08 18:51:39,prod-05,A4 Premium Copy Paper 500 Sheets,Office Supplies,4,6.99,3.2,27.96,12.8,15.16,54.22
item-7257,sale-2080,INV-2026-2080,2026-08-08 19:25:20,prod-09,Arabica Whole Bean Coffee 1kg,Beverages & Drinks,1,21.99,11.0,21.99,11.0,10.99,49.98
item-7258,sale-2081,INV-2026-2081,2026-08-08 14:53:50,prod-25,Antibacterial Hand Sanitizer 500ml,Personal Care,1,3.99,1.8,3.99,1.8,2.19,54.89
item-7259,sale-2082,INV-2026-2082,2026-08-08 10:07:17,prod-10,Organic Green Tea (Box of 50 Bags),Beverages & Drinks,6,7.99,3.8,47.94,22.8,25.14,52.44
item-7260,sale-2083,INV-2026-2083,2026-08-08 17:10:28,prod-12,Natural Cold Pressed Citrus Juice 1L,Beverages & Drinks,6,4.99,2.2,29.94,13.2,16.74,55.91
item-7261,sale-2083,INV-2026-2083,2026-08-08 17:10:28,prod-05,A4 Premium Copy Paper 500 Sheets,Office Supplies,3,6.99,3.2,20.97,9.6,11.37,54.22
item-7262,sale-2084,INV-2026-2084,2026-08-08 19:39:24,prod-02,Ergonomic Optical Wireless Mouse,Electronics & Gadgets,1,24.99,12.5,24.99,12.5,12.49,49.98
item-7263,sale-2085,INV-2026-2085,2026-08-08 09:11:59,prod-17,100% Cotton Polo Shirt (Medium),Apparel & Wearables,4,19.99,9.0,79.96,36.0,43.96,54.98
item-7264,sale-2086,INV-2026-2086,2026-08-08 15:44:51,prod-25,Antibacterial Hand Sanitizer 500ml,Personal Care,2,3.99,1.8,7.98,3.6,4.38,54.89
item-7265,sale-2086,INV-2026-2086,2026-08-08 15:44:51,prod-12,Natural Cold Pressed Citrus Juice 1L,Beverages & Drinks,2,4.99,2.2,9.98,4.4,5.58,55.91
item-7266,sale-2087,INV-2026-2087,2026-08-08 19:17:33,prod-10,Organic Green Tea (Box of 50 Bags),Beverages & Drinks,2,7.99,3.8,15.98,7.6,8.38,52.44
item-7267,sale-2088,INV-2026-2088,2026-08-08 09:38:11,prod-10,Organic Green Tea (Box of 50 Bags),Beverages & Drinks,1,7.99,3.8,7.99,3.8,4.19,52.44
item-7268,sale-2089,INV-2026-2089,2026-08-08 13:22:26,prod-13,Organic Extra Virgin Olive Oil 750ml,Packaged Groceries,1,14.99,7.5,14.99,7.5,7.49,49.97
item-7269,sale-2089,INV-2026-2089,2026-08-08 13:22:26,prod-25,Antibacterial Hand Sanitizer 500ml,Personal Care,2,3.99,1.8,7.98,3.6,4.38,54.89
item-7270,sale-2089,INV-2026-2089,2026-08-08 13:22:26,prod-12,Natural Cold Pressed Citrus Juice 1L,Beverages & Drinks,2,4.99,2.2,9.98,4.4,5.58,55.91
item-7271,sale-2089,INV-2026-2089,2026-08-08 13:22:26,prod-17,100% Cotton Polo Shirt (Medium),Apparel & Wearables,1,19.99,9.0,19.99,9.0,10.99,54.98
item-7272,sale-2089,INV-2026-2089,2026-08-08 13:22:26,prod-26,Gentle Moisturizing Hand Soap 1L,Personal Care,1,5.49,2.5,5.49,2.5,2.99,54.46
item-7273,sale-2090,INV-2026-2090,2026-08-09 17:06:39,prod-01,Wireless Bluetooth Headset Pro,Electronics & Gadgets,3,89.99,45.0,269.97,135.0,134.97,49.99
item-7274,sale-2091,INV-2026-2091,2026-08-09 16:49:40,prod-06,Gel Ink Rollerball Pens (Box of 12),Office Supplies,2,9.99,4.5,19.98,9.0,10.98,54.95
item-7275,sale-2092,INV-2026-2092,2026-08-09 11:43:54,prod-14,Wholegrain Oats 1kg,Packaged Groceries,1,4.49,2.1,4.49,2.1,2.39,53.23
item-7276,sale-2093,INV-2026-2093,2026-08-09 19:59:02,prod-25,Antibacterial Hand Sanitizer 500ml,Personal Care,1,3.99,1.8,3.99,1.8,2.19,54.89
item-7277,sale-2093,INV-2026-2093,2026-08-09 19:59:02,prod-26,Gentle Moisturizing Hand Soap 1L,Personal Care,1,5.49,2.5,5.49,2.5,2.99,54.46
item-7278,sale-2093,INV-2026-2093,2026-08-09 19:59:02,prod-11,Sparkling Mineral Water 500ml (Pack 12),Beverages & Drinks,1,12.99,6.0,12.99,6.0,6.99,53.81
item-7279,sale-2093,INV-2026-2093,2026-08-09 19:59:02,prod-24,Heavy-Duty Steel Measuring Tape 8m,Hardware & Tools,1,7.99,3.5,7.99,3.5,4.49,56.2
item-7280,sale-2094,INV-2026-2094,2026-08-09 13:21:39,prod-14,Wholegrain Oats 1kg,Packaged Groceries,1,4.49,2.1,4.49,2.1,2.39,53.23
item-7281,sale-2094,INV-2026-2094,2026-08-09 13:21:39,prod-01,Wireless Bluetooth Headset Pro,Electronics & Gadgets,2,89.99,45.0,179.98,90.0,89.98,49.99
item-7282,sale-2095,INV-2026-2095,2026-08-09 09:59:34,prod-22,Professional Precision Screwdriver Kit,Hardware & Tools,2,17.99,8.5,35.98,17.0,18.98,52.75
item-7283,sale-2095,INV-2026-2095,2026-08-09 09:59:34,prod-07,Heavy-Duty Desktop Stapler,Office Supplies,1,14.49,7.0,14.49,7.0,7.49,51.69
item-7284,sale-2096,INV-2026-2096,2026-08-09 10:04:57,prod-07,Heavy-Duty Desktop Stapler,Office Supplies,2,14.49,7.0,28.98,14.0,14.98,51.69
item-7285,sale-2097,INV-2026-2097,2026-08-09 15:12:47,prod-12,Natural Cold Pressed Citrus Juice 1L,Beverages & Drinks,2,4.99,2.2,9.98,4.4,5.58,55.91
item-7286,sale-2097,INV-2026-2097,2026-08-09 15:12:47,prod-07,Heavy-Duty Desktop Stapler,Office Supplies,1,14.49,7.0,14.49,7.0,7.49,51.69
item-7287,sale-2097,INV-2026-2097,2026-08-09 15:12:47,prod-26,Gentle Moisturizing Hand Soap 1L,Personal Care,1,5.49,2.5,5.49,2.5,2.99,54.46
item-7288,sale-2098,INV-2026-2098,2026-08-09 14:14:06,prod-18,High-Visibility Safety Vest,Apparel & Wearables,1,11.99,5.2,11.99,5.2,6.79,56.63
item-7289,sale-2099,INV-2026-2099,2026-08-09 12:04:30,prod-13,Organic Extra Virgin Olive Oil 750ml,Packaged Groceries,2,14.99,7.5,29.98,15.0,14.98,49.97
item-7290,sale-2099,INV-2026-2099,2026-08-09 12:04:30,prod-16,Assorted Roasted Almonds 250g,Packaged Groceries,1,7.49,3.5,7.49,3.5,3.99,53.27
item-7291,sale-2099,INV-2026-2099,2026-08-09 12:04:30,prod-26,Gentle Moisturizing Hand Soap 1L,Personal Care,1,5.49,2.5,5.49,2.5,2.99,54.46
item-7292,sale-2099,INV-2026-2099,2026-08-09 12:04:30,prod-25,Antibacterial Hand Sanitizer 500ml,Personal Care,1,3.99,1.8,3.99,1.8,2.19,54.89
item-7293,sale-2099,INV-2026-2099,2026-08-09 12:04:30,prod-10,Organic Green Tea (Box of 50 Bags),Beverages & Drinks,1,7.99,3.8,7.99,3.8,4.19,52.44
item-7294,sale-2100,INV-2026-2100,2026-08-09 18:29:11,prod-26,Gentle Moisturizing Hand Soap 1L,Personal Care,1,5.49,2.5,5.49,2.5,2.99,54.46
item-7295,sale-2101,INV-2026-2101,2026-08-09 19:22:17,prod-15,Raw Honey Jar 500g,Packaged Groceries,1,9.99,4.8,9.99,4.8,5.19,51.95
item-7296,sale-2101,INV-2026-2101,2026-08-09 19:22:17,prod-18,High-Visibility Safety Vest,Apparel & Wearables,2,11.99,5.2,23.98,10.4,13.58,56.63
item-7297,sale-2101,INV-2026-2101,2026-08-09 19:22:17,prod-05,A4 Premium Copy Paper 500 Sheets,Office Supplies,1,6.99,3.2,6.99,3.2,3.79,54.22
item-7298,sale-2101,INV-2026-2101,2026-08-09 19:22:17,prod-11,Sparkling Mineral Water 500ml (Pack 12),Beverages & Drinks,2,12.99,6.0,25.98,12.0,13.98,53.81
item-7299,sale-2102,INV-2026-2102,2026-08-09 09:17:08,prod-05,A4 Premium Copy Paper 500 Sheets,Office Supplies,1,6.99,3.2,6.99,3.2,3.79,54.22
item-7300,sale-2103,INV-2026-2103,2026-08-10 14:14:56,prod-14,Wholegrain Oats 1kg,Packaged Groceries,6,4.49,2.1,26.94,12.6,14.34,53.23
item-7301,sale-2103,INV-2026-2103,2026-08-10 14:14:56,prod-03,Mechanical RGB Gaming Keyboard,Electronics & Gadgets,2,74.99,38.0,149.98,76.0,73.98,49.33
item-7302,sale-2104,INV-2026-2104,2026-08-10 18:35:54,prod-17,100% Cotton Polo Shirt (Medium),Apparel & Wearables,1,19.99,9.0,19.99,9.0,10.99,54.98
item-7303,sale-2105,INV-2026-2105,2026-08-10 12:37:30,prod-05,A4 Premium Copy Paper 500 Sheets,Office Supplies,2,6.99,3.2,13.98,6.4,7.58,54.22
item-7304,sale-2105,INV-2026-2105,2026-08-10 12:37:30,prod-19,Waterproof Work Gloves (Pair),Apparel & Wearables,2,6.49,2.8,12.98,5.6,7.38,56.86
item-7305,sale-2105,INV-2026-2105,2026-08-10 12:37:30,prod-07,Heavy-Duty Desktop Stapler,Office Supplies,3,14.49,7.0,43.47,21.0,22.47,51.69
item-7306,sale-2105,INV-2026-2105,2026-08-10 12:37:30,prod-22,Professional Precision Screwdriver Kit,Hardware & Tools,1,17.99,8.5,17.99,8.5,9.49,52.75
item-7307,sale-2105,INV-2026-2105,2026-08-10 12:37:30,prod-24,Heavy-Duty Steel Measuring Tape 8m,Hardware & Tools,1,7.99,3.5,7.99,3.5,4.49,56.2
item-7308,sale-2106,INV-2026-2106,2026-08-10 12:15:20,prod-29,HEPA Air Purifier Desktop Size,Home Appliances,1,84.99,42.0,84.99,42.0,42.99,50.58
item-7309,sale-2107,INV-2026-2107,2026-08-10 18:57:00,prod-20,Breathable Fleece Jacket (Large),Apparel & Wearables,1,44.99,22.0,44.99,22.0,22.99,51.1
item-7310,sale-2107,INV-2026-2107,2026-08-10 18:57:00,prod-06,Gel Ink Rollerball Pens (Box of 12),Office Supplies,1,9.99,4.5,9.99,4.5,5.49,54.95
item-7311,sale-2107,INV-2026-2107,2026-08-10 18:57:00,prod-07,Heavy-Duty Desktop Stapler,Office Supplies,1,14.49,7.0,14.49,7.0,7.49,51.69
item-7312,sale-2108,INV-2026-2108,2026-08-10 17:02:27,prod-26,Gentle Moisturizing Hand Soap 1L,Personal Care,4,5.49,2.5,21.96,10.0,11.96,54.46
item-7313,sale-2109,INV-2026-2109,2026-08-10 12:05:35,prod-10,Organic Green Tea (Box of 50 Bags),Beverages & Drinks,1,7.99,3.8,7.99,3.8,4.19,52.44
item-7314,sale-2110,INV-2026-2110,2026-08-10 11:22:18,prod-25,Antibacterial Hand Sanitizer 500ml,Personal Care,1,3.99,1.8,3.99,1.8,2.19,54.89
item-7315,sale-2110,INV-2026-2110,2026-08-10 11:22:18,prod-05,A4 Premium Copy Paper 500 Sheets,Office Supplies,2,6.99,3.2,13.98,6.4,7.58,54.22
item-7316,sale-2111,INV-2026-2111,2026-08-10 13:10:45,prod-01,Wireless Bluetooth Headset Pro,Electronics & Gadgets,1,89.99,45.0,89.99,45.0,44.99,49.99
item-7317,sale-2111,INV-2026-2111,2026-08-10 13:10:45,prod-18,High-Visibility Safety Vest,Apparel & Wearables,1,11.99,5.2,11.99,5.2,6.79,56.63
item-7318,sale-2112,INV-2026-2112,2026-08-11 16:29:49,prod-25,Antibacterial Hand Sanitizer 500ml,Personal Care,1,3.99,1.8,3.99,1.8,2.19,54.89
item-7319,sale-2112,INV-2026-2112,2026-08-11 16:29:49,prod-11,Sparkling Mineral Water 500ml (Pack 12),Beverages & Drinks,2,12.99,6.0,25.98,12.0,13.98,53.81
item-7320,sale-2112,INV-2026-2112,2026-08-11 16:29:49,prod-27,Microfiber Facial Towels (Pack of 4),Personal Care,1,6.99,3.0,6.99,3.0,3.99,57.08
item-7321,sale-2113,INV-2026-2113,2026-08-11 14:40:29,prod-26,Gentle Moisturizing Hand Soap 1L,Personal Care,2,5.49,2.5,10.98,5.0,5.98,54.46
item-7322,sale-2113,INV-2026-2113,2026-08-11 14:40:29,prod-03,Mechanical RGB Gaming Keyboard,Electronics & Gadgets,1,74.99,38.0,74.99,38.0,36.99,49.33
item-7323,sale-2113,INV-2026-2113,2026-08-11 14:40:29,prod-27,Microfiber Facial Towels (Pack of 4),Personal Care,2,6.99,3.0,13.98,6.0,7.98,57.08
item-7324,sale-2113,INV-2026-2113,2026-08-11 14:40:29,prod-25,Antibacterial Hand Sanitizer 500ml,Personal Care,3,3.99,1.8,11.97,5.4,6.57,54.89
item-7325,sale-2114,INV-2026-2114,2026-08-11 14:33:02,prod-27,Microfiber Facial Towels (Pack of 4),Personal Care,1,6.99,3.0,6.99,3.0,3.99,57.08
item-7326,sale-2115,INV-2026-2115,2026-08-11 18:34:36,prod-15,Raw Honey Jar 500g,Packaged Groceries,1,9.99,4.8,9.99,4.8,5.19,51.95
item-7327,sale-2116,INV-2026-2116,2026-08-11 14:47:59,prod-01,Wireless Bluetooth Headset Pro,Electronics & Gadgets,1,89.99,45.0,89.99,45.0,44.99,49.99
item-7328,sale-2116,INV-2026-2116,2026-08-11 14:47:59,prod-27,Microfiber Facial Towels (Pack of 4),Personal Care,1,6.99,3.0,6.99,3.0,3.99,57.08
item-7329,sale-2117,INV-2026-2117,2026-08-11 10:24:23,prod-16,Assorted Roasted Almonds 250g,Packaged Groceries,4,7.49,3.5,29.96,14.0,15.96,53.27
item-7330,sale-2118,INV-2026-2118,2026-08-11 19:35:45,prod-25,Antibacterial Hand Sanitizer 500ml,Personal Care,1,3.99,1.8,3.99,1.8,2.19,54.89
item-7331,sale-2118,INV-2026-2118,2026-08-11 19:35:45,prod-01,Wireless Bluetooth Headset Pro,Electronics & Gadgets,1,89.99,45.0,89.99,45.0,44.99,49.99
item-7332,sale-2119,INV-2026-2119,2026-08-11 14:15:34,prod-02,Ergonomic Optical Wireless Mouse,Electronics & Gadgets,1,24.99,12.5,24.99,12.5,12.49,49.98
item-7333,sale-2119,INV-2026-2119,2026-08-11 14:15:34,prod-20,Breathable Fleece Jacket (Large),Apparel & Wearables,2,44.99,22.0,89.98,44.0,45.98,51.1
item-7334,sale-2120,INV-2026-2120,2026-08-11 12:48:47,prod-05,A4 Premium Copy Paper 500 Sheets,Office Supplies,1,6.99,3.2,6.99,3.2,3.79,54.22
item-7335,sale-2120,INV-2026-2120,2026-08-11 12:48:47,prod-19,Waterproof Work Gloves (Pair),Apparel & Wearables,3,6.49,2.8,19.47,8.4,11.07,56.86
item-7336,sale-2121,INV-2026-2121,2026-08-11 17:43:27,prod-05,A4 Premium Copy Paper 500 Sheets,Office Supplies,1,6.99,3.2,6.99,3.2,3.79,54.22
item-7337,sale-2121,INV-2026-2121,2026-08-11 17:43:27,prod-28,Electric Stainless Steel Kettle 1.7L,Home Appliances,1,27.99,14.0,27.99,14.0,13.99,49.98
item-7338,sale-2122,INV-2026-2122,2026-08-12 16:32:33,prod-25,Antibacterial Hand Sanitizer 500ml,Personal Care,1,3.99,1.8,3.99,1.8,2.19,54.89
item-7339,sale-2122,INV-2026-2122,2026-08-12 16:32:33,prod-28,Electric Stainless Steel Kettle 1.7L,Home Appliances,2,27.99,14.0,55.98,28.0,27.98,49.98
item-7340,sale-2122,INV-2026-2122,2026-08-12 16:32:33,prod-14,Wholegrain Oats 1kg,Packaged Groceries,1,4.49,2.1,4.49,2.1,2.39,53.23
item-7341,sale-2123,INV-2026-2123,2026-08-12 17:57:18,prod-15,Raw Honey Jar 500g,Packaged Groceries,1,9.99,4.8,9.99,4.8,5.19,51.95
item-7342,sale-2123,INV-2026-2123,2026-08-12 17:57:18,prod-03,Mechanical RGB Gaming Keyboard,Electronics & Gadgets,3,74.99,38.0,224.97,114.0,110.97,49.33
item-7343,sale-2124,INV-2026-2124,2026-08-12 16:05:05,prod-03,Mechanical RGB Gaming Keyboard,Electronics & Gadgets,1,74.99,38.0,74.99,38.0,36.99,49.33
item-7344,sale-2124,INV-2026-2124,2026-08-12 16:05:05,prod-08,Adjustable Mesh Executive Chair,Office Supplies,2,189.99,95.0,379.98,190.0,189.98,50.0
item-7345,sale-2124,INV-2026-2124,2026-08-12 16:05:05,prod-26,Gentle Moisturizing Hand Soap 1L,Personal Care,1,5.49,2.5,5.49,2.5,2.99,54.46
item-7346,sale-2125,INV-2026-2125,2026-08-12 10:06:10,prod-10,Organic Green Tea (Box of 50 Bags),Beverages & Drinks,1,7.99,3.8,7.99,3.8,4.19,52.44
item-7347,sale-2125,INV-2026-2125,2026-08-12 10:06:10,prod-25,Antibacterial Hand Sanitizer 500ml,Personal Care,2,3.99,1.8,7.98,3.6,4.38,54.89
item-7348,sale-2126,INV-2026-2126,2026-08-12 12:33:40,prod-22,Professional Precision Screwdriver Kit,Hardware & Tools,3,17.99,8.5,53.97,25.5,28.47,52.75
item-7349,sale-2127,INV-2026-2127,2026-08-12 16:22:26,prod-26,Gentle Moisturizing Hand Soap 1L,Personal Care,1,5.49,2.5,5.49,2.5,2.99,54.46
item-7350,sale-2128,INV-2026-2128,2026-08-13 10:01:55,prod-12,Natural Cold Pressed Citrus Juice 1L,Beverages & Drinks,1,4.99,2.2,4.99,2.2,2.79,55.91
item-7351,sale-2129,INV-2026-2129,2026-08-13 14:41:41,prod-24,Heavy-Duty Steel Measuring Tape 8m,Hardware & Tools,2,7.99,3.5,15.98,7.0,8.98,56.2
item-7352,sale-2129,INV-2026-2129,2026-08-13 14:41:41,prod-03,Mechanical RGB Gaming Keyboard,Electronics & Gadgets,4,74.99,38.0,299.96,152.0,147.96,49.33
item-7353,sale-2129,INV-2026-2129,2026-08-13 14:41:41,prod-14,Wholegrain Oats 1kg,Packaged Groceries,1,4.49,2.1,4.49,2.1,2.39,53.23
item-7354,sale-2130,INV-2026-2130,2026-08-13 17:53:35,prod-15,Raw Honey Jar 500g,Packaged Groceries,1,9.99,4.8,9.99,4.8,5.19,51.95
item-7355,sale-2130,INV-2026-2130,2026-08-13 17:53:35,prod-11,Sparkling Mineral Water 500ml (Pack 12),Beverages & Drinks,1,12.99,6.0,12.99,6.0,6.99,53.81
item-7356,sale-2130,INV-2026-2130,2026-08-13 17:53:35,prod-25,Antibacterial Hand Sanitizer 500ml,Personal Care,3,3.99,1.8,11.97,5.4,6.57,54.89
item-7357,sale-2130,INV-2026-2130,2026-08-13 17:53:35,prod-14,Wholegrain Oats 1kg,Packaged Groceries,3,4.49,2.1,13.47,6.3,7.17,53.23
item-7358,sale-2131,INV-2026-2131,2026-08-13 13:10:50,prod-10,Organic Green Tea (Box of 50 Bags),Beverages & Drinks,1,7.99,3.8,7.99,3.8,4.19,52.44
item-7359,sale-2131,INV-2026-2131,2026-08-13 13:10:50,prod-14,Wholegrain Oats 1kg,Packaged Groceries,1,4.49,2.1,4.49,2.1,2.39,53.23
item-7360,sale-2132,INV-2026-2132,2026-08-13 09:09:22,prod-13,Organic Extra Virgin Olive Oil 750ml,Packaged Groceries,1,14.99,7.5,14.99,7.5,7.49,49.97
item-7361,sale-2132,INV-2026-2132,2026-08-13 09:09:22,prod-10,Organic Green Tea (Box of 50 Bags),Beverages & Drinks,4,7.99,3.8,31.96,15.2,16.76,52.44
item-7362,sale-2132,INV-2026-2132,2026-08-13 09:09:22,prod-03,Mechanical RGB Gaming Keyboard,Electronics & Gadgets,1,74.99,38.0,74.99,38.0,36.99,49.33
item-7363,sale-2133,INV-2026-2133,2026-08-13 17:18:11,prod-13,Organic Extra Virgin Olive Oil 750ml,Packaged Groceries,1,14.99,7.5,14.99,7.5,7.49,49.97
item-7364,sale-2134,INV-2026-2134,2026-08-13 10:02:20,prod-09,Arabica Whole Bean Coffee 1kg,Beverages & Drinks,1,21.99,11.0,21.99,11.0,10.99,49.98
item-7365,sale-2135,INV-2026-2135,2026-08-13 12:35:45,prod-10,Organic Green Tea (Box of 50 Bags),Beverages & Drinks,4,7.99,3.8,31.96,15.2,16.76,52.44
item-7366,sale-2135,INV-2026-2135,2026-08-13 12:35:45,prod-12,Natural Cold Pressed Citrus Juice 1L,Beverages & Drinks,1,4.99,2.2,4.99,2.2,2.79,55.91
item-7367,sale-2136,INV-2026-2136,2026-08-13 16:34:10,prod-07,Heavy-Duty Desktop Stapler,Office Supplies,1,14.49,7.0,14.49,7.0,7.49,51.69
item-7368,sale-2137,INV-2026-2137,2026-08-13 16:49:09,prod-06,Gel Ink Rollerball Pens (Box of 12),Office Supplies,1,9.99,4.5,9.99,4.5,5.49,54.95
item-7369,sale-2137,INV-2026-2137,2026-08-13 16:49:09,prod-21,20V Cordless Power Drill Set,Hardware & Tools,2,109.99,55.0,219.98,110.0,109.98,50.0
item-7370,sale-2137,INV-2026-2137,2026-08-13 16:49:09,prod-01,Wireless Bluetooth Headset Pro,Electronics & Gadgets,1,89.99,45.0,89.99,45.0,44.99,49.99
item-7371,sale-2138,INV-2026-2138,2026-08-13 17:32:21,prod-06,Gel Ink Rollerball Pens (Box of 12),Office Supplies,1,9.99,4.5,9.99,4.5,5.49,54.95
item-7372,sale-2138,INV-2026-2138,2026-08-13 17:32:21,prod-23,Digital Laser Distance Meter 50m,Hardware & Tools,3,36.99,18.0,110.97,54.0,56.97,51.34
item-7373,sale-2139,INV-2026-2139,2026-08-14 18:42:09,prod-22,Professional Precision Screwdriver Kit,Hardware & Tools,1,17.99,8.5,17.99,8.5,9.49,52.75
item-7374,sale-2140,INV-2026-2140,2026-08-14 10:46:30,prod-05,A4 Premium Copy Paper 500 Sheets,Office Supplies,4,6.99,3.2,27.96,12.8,15.16,54.22
item-7375,sale-2140,INV-2026-2140,2026-08-14 10:46:30,prod-14,Wholegrain Oats 1kg,Packaged Groceries,6,4.49,2.1,26.94,12.6,14.34,53.23
item-7376,sale-2140,INV-2026-2140,2026-08-14 10:46:30,prod-03,Mechanical RGB Gaming Keyboard,Electronics & Gadgets,1,74.99,38.0,74.99,38.0,36.99,49.33
item-7377,sale-2140,INV-2026-2140,2026-08-14 10:46:30,prod-07,Heavy-Duty Desktop Stapler,Office Supplies,4,14.49,7.0,57.96,28.0,29.96,51.69
item-7378,sale-2141,INV-2026-2141,2026-08-14 09:25:39,prod-09,Arabica Whole Bean Coffee 1kg,Beverages & Drinks,2,21.99,11.0,43.98,22.0,21.98,49.98
item-7379,sale-2141,INV-2026-2141,2026-08-14 09:25:39,prod-21,20V Cordless Power Drill Set,Hardware & Tools,6,109.99,55.0,659.94,330.0,329.94,50.0
item-7380,sale-2142,INV-2026-2142,2026-08-14 09:38:41,prod-19,Waterproof Work Gloves (Pair),Apparel & Wearables,1,6.49,2.8,6.49,2.8,3.69,56.86
item-7381,sale-2143,INV-2026-2143,2026-08-14 13:12:01,prod-01,Wireless Bluetooth Headset Pro,Electronics & Gadgets,6,89.99,45.0,539.94,270.0,269.94,49.99
item-7382,sale-2144,INV-2026-2144,2026-08-14 10:32:25,prod-25,Antibacterial Hand Sanitizer 500ml,Personal Care,1,3.99,1.8,3.99,1.8,2.19,54.89
item-7383,sale-2144,INV-2026-2144,2026-08-14 10:32:25,prod-14,Wholegrain Oats 1kg,Packaged Groceries,1,4.49,2.1,4.49,2.1,2.39,53.23
item-7384,sale-2144,INV-2026-2144,2026-08-14 10:32:25,prod-09,Arabica Whole Bean Coffee 1kg,Beverages & Drinks,1,21.99,11.0,21.99,11.0,10.99,49.98
item-7385,sale-2145,INV-2026-2145,2026-08-14 09:58:42,prod-15,Raw Honey Jar 500g,Packaged Groceries,1,9.99,4.8,9.99,4.8,5.19,51.95
item-7386,sale-2145,INV-2026-2145,2026-08-14 09:58:42,prod-02,Ergonomic Optical Wireless Mouse,Electronics & Gadgets,1,24.99,12.5,24.99,12.5,12.49,49.98
item-7387,sale-2145,INV-2026-2145,2026-08-14 09:58:42,prod-01,Wireless Bluetooth Headset Pro,Electronics & Gadgets,4,89.99,45.0,359.96,180.0,179.96,49.99
item-7388,sale-2146,INV-2026-2146,2026-08-14 14:00:18,prod-25,Antibacterial Hand Sanitizer 500ml,Personal Care,1,3.99,1.8,3.99,1.8,2.19,54.89
item-7389,sale-2146,INV-2026-2146,2026-08-14 14:00:18,prod-13,Organic Extra Virgin Olive Oil 750ml,Packaged Groceries,1,14.99,7.5,14.99,7.5,7.49,49.97
item-7390,sale-2147,INV-2026-2147,2026-08-14 10:13:46,prod-24,Heavy-Duty Steel Measuring Tape 8m,Hardware & Tools,1,7.99,3.5,7.99,3.5,4.49,56.2
item-7391,sale-2147,INV-2026-2147,2026-08-14 10:13:46,prod-05,A4 Premium Copy Paper 500 Sheets,Office Supplies,2,6.99,3.2,13.98,6.4,7.58,54.22
item-7392,sale-2147,INV-2026-2147,2026-08-14 10:13:46,prod-14,Wholegrain Oats 1kg,Packaged Groceries,4,4.49,2.1,17.96,8.4,9.56,53.23
item-7393,sale-2148,INV-2026-2148,2026-08-14 13:10:51,prod-15,Raw Honey Jar 500g,Packaged Groceries,1,9.99,4.8,9.99,4.8,5.19,51.95
item-7394,sale-2148,INV-2026-2148,2026-08-14 13:10:51,prod-02,Ergonomic Optical Wireless Mouse,Electronics & Gadgets,1,24.99,12.5,24.99,12.5,12.49,49.98
item-7395,sale-2149,INV-2026-2149,2026-08-14 18:38:05,prod-23,Digital Laser Distance Meter 50m,Hardware & Tools,2,36.99,18.0,73.98,36.0,37.98,51.34
item-7396,sale-2150,INV-2026-2150,2026-08-14 17:21:04,prod-25,Antibacterial Hand Sanitizer 500ml,Personal Care,1,3.99,1.8,3.99,1.8,2.19,54.89
item-7397,sale-2151,INV-2026-2151,2026-08-14 15:40:58,prod-07,Heavy-Duty Desktop Stapler,Office Supplies,1,14.49,7.0,14.49,7.0,7.49,51.69
item-7398,sale-2152,INV-2026-2152,2026-08-14 18:48:58,prod-14,Wholegrain Oats 1kg,Packaged Groceries,1,4.49,2.1,4.49,2.1,2.39,53.23
item-7399,sale-2153,INV-2026-2153,2026-08-14 16:02:52,prod-02,Ergonomic Optical Wireless Mouse,Electronics & Gadgets,1,24.99,12.5,24.99,12.5,12.49,49.98
item-7400,sale-2153,INV-2026-2153,2026-08-14 16:02:52,prod-05,A4 Premium Copy Paper 500 Sheets,Office Supplies,1,6.99,3.2,6.99,3.2,3.79,54.22
item-7401,sale-2153,INV-2026-2153,2026-08-14 16:02:52,prod-18,High-Visibility Safety Vest,Apparel & Wearables,1,11.99,5.2,11.99,5.2,6.79,56.63
item-7402,sale-2153,INV-2026-2153,2026-08-14 16:02:52,prod-25,Antibacterial Hand Sanitizer 500ml,Personal Care,1,3.99,1.8,3.99,1.8,2.19,54.89
item-7403,sale-2153,INV-2026-2153,2026-08-14 16:02:52,prod-15,Raw Honey Jar 500g,Packaged Groceries,1,9.99,4.8,9.99,4.8,5.19,51.95
item-7404,sale-2154,INV-2026-2154,2026-08-15 16:14:01,prod-06,Gel Ink Rollerball Pens (Box of 12),Office Supplies,6,9.99,4.5,59.94,27.0,32.94,54.95
item-7405,sale-2154,INV-2026-2154,2026-08-15 16:14:01,prod-04,4K Ultra-HD Monitor 27-inch,Electronics & Gadgets,1,299.99,180.0,299.99,180.0,119.99,40.0
item-7406,sale-2155,INV-2026-2155,2026-08-15 19:53:40,prod-25,Antibacterial Hand Sanitizer 500ml,Personal Care,1,3.99,1.8,3.99,1.8,2.19,54.89
item-7407,sale-2155,INV-2026-2155,2026-08-15 19:53:40,prod-09,Arabica Whole Bean Coffee 1kg,Beverages & Drinks,2,21.99,11.0,43.98,22.0,21.98,49.98
item-7408,sale-2155,INV-2026-2155,2026-08-15 19:53:40,prod-05,A4 Premium Copy Paper 500 Sheets,Office Supplies,2,6.99,3.2,13.98,6.4,7.58,54.22
item-7409,sale-2156,INV-2026-2156,2026-08-15 16:58:44,prod-27,Microfiber Facial Towels (Pack of 4),Personal Care,1,6.99,3.0,6.99,3.0,3.99,57.08
item-7410,sale-2156,INV-2026-2156,2026-08-15 16:58:44,prod-20,Breathable Fleece Jacket (Large),Apparel & Wearables,3,44.99,22.0,134.97,66.0,68.97,51.1
item-7411,sale-2156,INV-2026-2156,2026-08-15 16:58:44,prod-05,A4 Premium Copy Paper 500 Sheets,Office Supplies,1,6.99,3.2,6.99,3.2,3.79,54.22
item-7412,sale-2157,INV-2026-2157,2026-08-15 16:04:38,prod-21,20V Cordless Power Drill Set,Hardware & Tools,1,109.99,55.0,109.99,55.0,54.99,50.0
item-7413,sale-2158,INV-2026-2158,2026-08-15 13:40:43,prod-19,Waterproof Work Gloves (Pair),Apparel & Wearables,1,6.49,2.8,6.49,2.8,3.69,56.86
item-7414,sale-2158,INV-2026-2158,2026-08-15 13:40:43,prod-03,Mechanical RGB Gaming Keyboard,Electronics & Gadgets,1,74.99,38.0,74.99,38.0,36.99,49.33
item-7415,sale-2158,INV-2026-2158,2026-08-15 13:40:43,prod-27,Microfiber Facial Towels (Pack of 4),Personal Care,1,6.99,3.0,6.99,3.0,3.99,57.08
item-7416,sale-2158,INV-2026-2158,2026-08-15 13:40:43,prod-07,Heavy-Duty Desktop Stapler,Office Supplies,1,14.49,7.0,14.49,7.0,7.49,51.69
item-7417,sale-2159,INV-2026-2159,2026-08-15 18:01:54,prod-11,Sparkling Mineral Water 500ml (Pack 12),Beverages & Drinks,1,12.99,6.0,12.99,6.0,6.99,53.81
item-7418,sale-2160,INV-2026-2160,2026-08-15 16:56:44,prod-25,Antibacterial Hand Sanitizer 500ml,Personal Care,1,3.99,1.8,3.99,1.8,2.19,54.89
item-7419,sale-2160,INV-2026-2160,2026-08-15 16:56:44,prod-05,A4 Premium Copy Paper 500 Sheets,Office Supplies,1,6.99,3.2,6.99,3.2,3.79,54.22
item-7420,sale-2160,INV-2026-2160,2026-08-15 16:56:44,prod-10,Organic Green Tea (Box of 50 Bags),Beverages & Drinks,2,7.99,3.8,15.98,7.6,8.38,52.44
item-7421,sale-2161,INV-2026-2161,2026-08-15 15:40:58,prod-06,Gel Ink Rollerball Pens (Box of 12),Office Supplies,2,9.99,4.5,19.98,9.0,10.98,54.95
item-7422,sale-2161,INV-2026-2161,2026-08-15 15:40:58,prod-10,Organic Green Tea (Box of 50 Bags),Beverages & Drinks,1,7.99,3.8,7.99,3.8,4.19,52.44
item-7423,sale-2161,INV-2026-2161,2026-08-15 15:40:58,prod-03,Mechanical RGB Gaming Keyboard,Electronics & Gadgets,6,74.99,38.0,449.94,228.0,221.94,49.33
item-7424,sale-2162,INV-2026-2162,2026-08-15 19:59:04,prod-11,Sparkling Mineral Water 500ml (Pack 12),Beverages & Drinks,1,12.99,6.0,12.99,6.0,6.99,53.81
item-7425,sale-2162,INV-2026-2162,2026-08-15 19:59:04,prod-16,Assorted Roasted Almonds 250g,Packaged Groceries,1,7.49,3.5,7.49,3.5,3.99,53.27
item-7426,sale-2162,INV-2026-2162,2026-08-15 19:59:04,prod-26,Gentle Moisturizing Hand Soap 1L,Personal Care,1,5.49,2.5,5.49,2.5,2.99,54.46
item-7427,sale-2163,INV-2026-2163,2026-08-15 18:48:10,prod-19,Waterproof Work Gloves (Pair),Apparel & Wearables,3,6.49,2.8,19.47,8.4,11.07,56.86
item-7428,sale-2163,INV-2026-2163,2026-08-15 18:48:10,prod-26,Gentle Moisturizing Hand Soap 1L,Personal Care,1,5.49,2.5,5.49,2.5,2.99,54.46
item-7429,sale-2163,INV-2026-2163,2026-08-15 18:48:10,prod-25,Antibacterial Hand Sanitizer 500ml,Personal Care,1,3.99,1.8,3.99,1.8,2.19,54.89
item-7430,sale-2164,INV-2026-2164,2026-08-15 19:51:19,prod-24,Heavy-Duty Steel Measuring Tape 8m,Hardware & Tools,2,7.99,3.5,15.98,7.0,8.98,56.2
item-7431,sale-2164,INV-2026-2164,2026-08-15 19:51:19,prod-17,100% Cotton Polo Shirt (Medium),Apparel & Wearables,2,19.99,9.0,39.98,18.0,21.98,54.98
item-7432,sale-2164,INV-2026-2164,2026-08-15 19:51:19,prod-05,A4 Premium Copy Paper 500 Sheets,Office Supplies,1,6.99,3.2,6.99,3.2,3.79,54.22
item-7433,sale-2165,INV-2026-2165,2026-08-15 18:22:52,prod-05,A4 Premium Copy Paper 500 Sheets,Office Supplies,1,6.99,3.2,6.99,3.2,3.79,54.22
item-7434,sale-2165,INV-2026-2165,2026-08-15 18:22:52,prod-10,Organic Green Tea (Box of 50 Bags),Beverages & Drinks,1,7.99,3.8,7.99,3.8,4.19,52.44
item-7435,sale-2166,INV-2026-2166,2026-08-15 16:26:21,prod-18,High-Visibility Safety Vest,Apparel & Wearables,3,11.99,5.2,35.97,15.6,20.37,56.63
item-7436,sale-2166,INV-2026-2166,2026-08-15 16:26:21,prod-19,Waterproof Work Gloves (Pair),Apparel & Wearables,1,6.49,2.8,6.49,2.8,3.69,56.86
item-7437,sale-2167,INV-2026-2167,2026-08-16 17:14:53,prod-03,Mechanical RGB Gaming Keyboard,Electronics & Gadgets,1,74.99,38.0,74.99,38.0,36.99,49.33
item-7438,sale-2167,INV-2026-2167,2026-08-16 17:14:53,prod-09,Arabica Whole Bean Coffee 1kg,Beverages & Drinks,1,21.99,11.0,21.99,11.0,10.99,49.98
item-7439,sale-2167,INV-2026-2167,2026-08-16 17:14:53,prod-19,Waterproof Work Gloves (Pair),Apparel & Wearables,1,6.49,2.8,6.49,2.8,3.69,56.86
item-7440,sale-2167,INV-2026-2167,2026-08-16 17:14:53,prod-10,Organic Green Tea (Box of 50 Bags),Beverages & Drinks,2,7.99,3.8,15.98,7.6,8.38,52.44
item-7441,sale-2167,INV-2026-2167,2026-08-16 17:14:53,prod-27,Microfiber Facial Towels (Pack of 4),Personal Care,1,6.99,3.0,6.99,3.0,3.99,57.08
item-7442,sale-2168,INV-2026-2168,2026-08-16 17:54:34,prod-25,Antibacterial Hand Sanitizer 500ml,Personal Care,1,3.99,1.8,3.99,1.8,2.19,54.89
item-7443,sale-2169,INV-2026-2169,2026-08-16 10:07:52,prod-16,Assorted Roasted Almonds 250g,Packaged Groceries,1,7.49,3.5,7.49,3.5,3.99,53.27
item-7444,sale-2169,INV-2026-2169,2026-08-16 10:07:52,prod-24,Heavy-Duty Steel Measuring Tape 8m,Hardware & Tools,1,7.99,3.5,7.99,3.5,4.49,56.2
item-7445,sale-2169,INV-2026-2169,2026-08-16 10:07:52,prod-22,Professional Precision Screwdriver Kit,Hardware & Tools,3,17.99,8.5,53.97,25.5,28.47,52.75
item-7446,sale-2170,INV-2026-2170,2026-08-16 14:08:52,prod-28,Electric Stainless Steel Kettle 1.7L,Home Appliances,1,27.99,14.0,27.99,14.0,13.99,49.98
item-7447,sale-2170,INV-2026-2170,2026-08-16 14:08:52,prod-13,Organic Extra Virgin Olive Oil 750ml,Packaged Groceries,1,14.99,7.5,14.99,7.5,7.49,49.97
item-7448,sale-2171,INV-2026-2171,2026-08-16 14:11:45,prod-09,Arabica Whole Bean Coffee 1kg,Beverages & Drinks,2,21.99,11.0,43.98,22.0,21.98,49.98
item-7449,sale-2171,INV-2026-2171,2026-08-16 14:11:45,prod-26,Gentle Moisturizing Hand Soap 1L,Personal Care,1,5.49,2.5,5.49,2.5,2.99,54.46
item-7450,sale-2171,INV-2026-2171,2026-08-16 14:11:45,prod-10,Organic Green Tea (Box of 50 Bags),Beverages & Drinks,2,7.99,3.8,15.98,7.6,8.38,52.44
item-7451,sale-2171,INV-2026-2171,2026-08-16 14:11:45,prod-02,Ergonomic Optical Wireless Mouse,Electronics & Gadgets,1,24.99,12.5,24.99,12.5,12.49,49.98
item-7452,sale-2172,INV-2026-2172,2026-08-16 11:44:14,prod-24,Heavy-Duty Steel Measuring Tape 8m,Hardware & Tools,1,7.99,3.5,7.99,3.5,4.49,56.2
item-7453,sale-2172,INV-2026-2172,2026-08-16 11:44:14,prod-11,Sparkling Mineral Water 500ml (Pack 12),Beverages & Drinks,1,12.99,6.0,12.99,6.0,6.99,53.81
item-7454,sale-2173,INV-2026-2173,2026-08-16 15:44:48,prod-15,Raw Honey Jar 500g,Packaged Groceries,2,9.99,4.8,19.98,9.6,10.38,51.95
item-7455,sale-2174,INV-2026-2174,2026-08-16 15:02:12,prod-15,Raw Honey Jar 500g,Packaged Groceries,2,9.99,4.8,19.98,9.6,10.38,51.95
item-7456,sale-2175,INV-2026-2175,2026-08-16 16:07:58,prod-09,Arabica Whole Bean Coffee 1kg,Beverages & Drinks,4,21.99,11.0,87.96,44.0,43.96,49.98
item-7457,sale-2176,INV-2026-2176,2026-08-16 10:50:07,prod-16,Assorted Roasted Almonds 250g,Packaged Groceries,2,7.49,3.5,14.98,7.0,7.98,53.27
item-7458,sale-2176,INV-2026-2176,2026-08-16 10:50:07,prod-19,Waterproof Work Gloves (Pair),Apparel & Wearables,1,6.49,2.8,6.49,2.8,3.69,56.86
item-7459,sale-2176,INV-2026-2176,2026-08-16 10:50:07,prod-01,Wireless Bluetooth Headset Pro,Electronics & Gadgets,1,89.99,45.0,89.99,45.0,44.99,49.99
item-7460,sale-2177,INV-2026-2177,2026-08-16 11:42:22,prod-03,Mechanical RGB Gaming Keyboard,Electronics & Gadgets,1,74.99,38.0,74.99,38.0,36.99,49.33
item-7461,sale-2178,INV-2026-2178,2026-08-17 14:22:10,prod-11,Sparkling Mineral Water 500ml (Pack 12),Beverages & Drinks,2,12.99,6.0,25.98,12.0,13.98,53.81
item-7462,sale-2178,INV-2026-2178,2026-08-17 14:22:10,prod-13,Organic Extra Virgin Olive Oil 750ml,Packaged Groceries,1,14.99,7.5,14.99,7.5,7.49,49.97
item-7463,sale-2178,INV-2026-2178,2026-08-17 14:22:10,prod-02,Ergonomic Optical Wireless Mouse,Electronics & Gadgets,1,24.99,12.5,24.99,12.5,12.49,49.98
item-7464,sale-2178,INV-2026-2178,2026-08-17 14:22:10,prod-01,Wireless Bluetooth Headset Pro,Electronics & Gadgets,1,89.99,45.0,89.99,45.0,44.99,49.99
item-7465,sale-2179,INV-2026-2179,2026-08-17 18:04:06,prod-05,A4 Premium Copy Paper 500 Sheets,Office Supplies,1,6.99,3.2,6.99,3.2,3.79,54.22
item-7466,sale-2179,INV-2026-2179,2026-08-17 18:04:06,prod-06,Gel Ink Rollerball Pens (Box of 12),Office Supplies,1,9.99,4.5,9.99,4.5,5.49,54.95
item-7467,sale-2179,INV-2026-2179,2026-08-17 18:04:06,prod-13,Organic Extra Virgin Olive Oil 750ml,Packaged Groceries,2,14.99,7.5,29.98,15.0,14.98,49.97
item-7468,sale-2180,INV-2026-2180,2026-08-17 12:18:10,prod-25,Antibacterial Hand Sanitizer 500ml,Personal Care,1,3.99,1.8,3.99,1.8,2.19,54.89
item-7469,sale-2180,INV-2026-2180,2026-08-17 12:18:10,prod-12,Natural Cold Pressed Citrus Juice 1L,Beverages & Drinks,1,4.99,2.2,4.99,2.2,2.79,55.91
item-7470,sale-2181,INV-2026-2181,2026-08-17 10:59:13,prod-17,100% Cotton Polo Shirt (Medium),Apparel & Wearables,4,19.99,9.0,79.96,36.0,43.96,54.98
item-7471,sale-2181,INV-2026-2181,2026-08-17 10:59:13,prod-21,20V Cordless Power Drill Set,Hardware & Tools,4,109.99,55.0,439.96,220.0,219.96,50.0
item-7472,sale-2181,INV-2026-2181,2026-08-17 10:59:13,prod-01,Wireless Bluetooth Headset Pro,Electronics & Gadgets,1,89.99,45.0,89.99,45.0,44.99,49.99
item-7473,sale-2181,INV-2026-2181,2026-08-17 10:59:13,prod-14,Wholegrain Oats 1kg,Packaged Groceries,1,4.49,2.1,4.49,2.1,2.39,53.23
item-7474,sale-2181,INV-2026-2181,2026-08-17 10:59:13,prod-16,Assorted Roasted Almonds 250g,Packaged Groceries,4,7.49,3.5,29.96,14.0,15.96,53.27
item-7475,sale-2182,INV-2026-2182,2026-08-17 18:11:28,prod-02,Ergonomic Optical Wireless Mouse,Electronics & Gadgets,1,24.99,12.5,24.99,12.5,12.49,49.98
item-7476,sale-2182,INV-2026-2182,2026-08-17 18:11:28,prod-13,Organic Extra Virgin Olive Oil 750ml,Packaged Groceries,1,14.99,7.5,14.99,7.5,7.49,49.97
item-7477,sale-2183,INV-2026-2183,2026-08-17 15:27:13,prod-17,100% Cotton Polo Shirt (Medium),Apparel & Wearables,1,19.99,9.0,19.99,9.0,10.99,54.98
item-7478,sale-2183,INV-2026-2183,2026-08-17 15:27:13,prod-10,Organic Green Tea (Box of 50 Bags),Beverages & Drinks,1,7.99,3.8,7.99,3.8,4.19,52.44
item-7479,sale-2184,INV-2026-2184,2026-08-17 14:07:29,prod-19,Waterproof Work Gloves (Pair),Apparel & Wearables,3,6.49,2.8,19.47,8.4,11.07,56.86
item-7480,sale-2184,INV-2026-2184,2026-08-17 14:07:29,prod-10,Organic Green Tea (Box of 50 Bags),Beverages & Drinks,1,7.99,3.8,7.99,3.8,4.19,52.44
item-7481,sale-2184,INV-2026-2184,2026-08-17 14:07:29,prod-27,Microfiber Facial Towels (Pack of 4),Personal Care,1,6.99,3.0,6.99,3.0,3.99,57.08
item-7482,sale-2185,INV-2026-2185,2026-08-17 13:35:46,prod-25,Antibacterial Hand Sanitizer 500ml,Personal Care,2,3.99,1.8,7.98,3.6,4.38,54.89
item-7483,sale-2185,INV-2026-2185,2026-08-17 13:35:46,prod-28,Electric Stainless Steel Kettle 1.7L,Home Appliances,1,27.99,14.0,27.99,14.0,13.99,49.98
item-7484,sale-2185,INV-2026-2185,2026-08-17 13:35:46,prod-26,Gentle Moisturizing Hand Soap 1L,Personal Care,1,5.49,2.5,5.49,2.5,2.99,54.46
item-7485,sale-2186,INV-2026-2186,2026-08-17 13:29:38,prod-13,Organic Extra Virgin Olive Oil 750ml,Packaged Groceries,2,14.99,7.5,29.98,15.0,14.98,49.97
item-7486,sale-2187,INV-2026-2187,2026-08-17 15:18:54,prod-23,Digital Laser Distance Meter 50m,Hardware & Tools,1,36.99,18.0,36.99,18.0,18.99,51.34
item-7487,sale-2187,INV-2026-2187,2026-08-17 15:18:54,prod-09,Arabica Whole Bean Coffee 1kg,Beverages & Drinks,1,21.99,11.0,21.99,11.0,10.99,49.98
item-7488,sale-2188,INV-2026-2188,2026-08-17 16:43:23,prod-23,Digital Laser Distance Meter 50m,Hardware & Tools,6,36.99,18.0,221.94,108.0,113.94,51.34
item-7489,sale-2188,INV-2026-2188,2026-08-17 16:43:23,prod-21,20V Cordless Power Drill Set,Hardware & Tools,1,109.99,55.0,109.99,55.0,54.99,50.0
item-7490,sale-2189,INV-2026-2189,2026-08-17 15:28:33,prod-10,Organic Green Tea (Box of 50 Bags),Beverages & Drinks,3,7.99,3.8,23.97,11.4,12.57,52.44
item-7491,sale-2189,INV-2026-2189,2026-08-17 15:28:33,prod-12,Natural Cold Pressed Citrus Juice 1L,Beverages & Drinks,2,4.99,2.2,9.98,4.4,5.58,55.91
item-7492,sale-2190,INV-2026-2190,2026-08-18 15:44:37,prod-02,Ergonomic Optical Wireless Mouse,Electronics & Gadgets,1,24.99,12.5,24.99,12.5,12.49,49.98
item-7493,sale-2190,INV-2026-2190,2026-08-18 15:44:37,prod-26,Gentle Moisturizing Hand Soap 1L,Personal Care,1,5.49,2.5,5.49,2.5,2.99,54.46
item-7494,sale-2190,INV-2026-2190,2026-08-18 15:44:37,prod-10,Organic Green Tea (Box of 50 Bags),Beverages & Drinks,4,7.99,3.8,31.96,15.2,16.76,52.44
item-7495,sale-2191,INV-2026-2191,2026-08-18 12:21:12,prod-10,Organic Green Tea (Box of 50 Bags),Beverages & Drinks,3,7.99,3.8,23.97,11.4,12.57,52.44
item-7496,sale-2192,INV-2026-2192,2026-08-18 15:46:31,prod-06,Gel Ink Rollerball Pens (Box of 12),Office Supplies,1,9.99,4.5,9.99,4.5,5.49,54.95
item-7497,sale-2193,INV-2026-2193,2026-08-18 19:25:22,prod-26,Gentle Moisturizing Hand Soap 1L,Personal Care,2,5.49,2.5,10.98,5.0,5.98,54.46
item-7498,sale-2194,INV-2026-2194,2026-08-18 17:17:09,prod-29,HEPA Air Purifier Desktop Size,Home Appliances,1,84.99,42.0,84.99,42.0,42.99,50.58
item-7499,sale-2194,INV-2026-2194,2026-08-18 17:17:09,prod-13,Organic Extra Virgin Olive Oil 750ml,Packaged Groceries,1,14.99,7.5,14.99,7.5,7.49,49.97
item-7500,sale-2195,INV-2026-2195,2026-08-18 16:14:40,prod-05,A4 Premium Copy Paper 500 Sheets,Office Supplies,2,6.99,3.2,13.98,6.4,7.58,54.22
item-7501,sale-2195,INV-2026-2195,2026-08-18 16:14:40,prod-27,Microfiber Facial Towels (Pack of 4),Personal Care,1,6.99,3.0,6.99,3.0,3.99,57.08
item-7502,sale-2196,INV-2026-2196,2026-08-18 10:31:43,prod-22,Professional Precision Screwdriver Kit,Hardware & Tools,3,17.99,8.5,53.97,25.5,28.47,52.75
item-7503,sale-2196,INV-2026-2196,2026-08-18 10:31:43,prod-27,Microfiber Facial Towels (Pack of 4),Personal Care,1,6.99,3.0,6.99,3.0,3.99,57.08
item-7504,sale-2197,INV-2026-2197,2026-08-18 14:09:19,prod-16,Assorted Roasted Almonds 250g,Packaged Groceries,1,7.49,3.5,7.49,3.5,3.99,53.27
item-7505,sale-2197,INV-2026-2197,2026-08-18 14:09:19,prod-15,Raw Honey Jar 500g,Packaged Groceries,1,9.99,4.8,9.99,4.8,5.19,51.95
item-7506,sale-2197,INV-2026-2197,2026-08-18 14:09:19,prod-04,4K Ultra-HD Monitor 27-inch,Electronics & Gadgets,1,299.99,180.0,299.99,180.0,119.99,40.0
item-7507,sale-2198,INV-2026-2198,2026-08-18 17:49:31,prod-22,Professional Precision Screwdriver Kit,Hardware & Tools,1,17.99,8.5,17.99,8.5,9.49,52.75
item-7508,sale-2199,INV-2026-2199,2026-08-19 16:32:16,prod-15,Raw Honey Jar 500g,Packaged Groceries,1,9.99,4.8,9.99,4.8,5.19,51.95
item-7509,sale-2199,INV-2026-2199,2026-08-19 16:32:16,prod-28,Electric Stainless Steel Kettle 1.7L,Home Appliances,1,27.99,14.0,27.99,14.0,13.99,49.98
item-7510,sale-2200,INV-2026-2200,2026-08-19 09:27:56,prod-25,Antibacterial Hand Sanitizer 500ml,Personal Care,1,3.99,1.8,3.99,1.8,2.19,54.89
item-7511,sale-2200,INV-2026-2200,2026-08-19 09:27:56,prod-30,Compact Digital Microwave Oven 20L,Home Appliances,1,114.99,58.0,114.99,58.0,56.99,49.56
item-7512,sale-2201,INV-2026-2201,2026-08-19 15:28:29,prod-06,Gel Ink Rollerball Pens (Box of 12),Office Supplies,1,9.99,4.5,9.99,4.5,5.49,54.95
item-7513,sale-2201,INV-2026-2201,2026-08-19 15:28:29,prod-18,High-Visibility Safety Vest,Apparel & Wearables,1,11.99,5.2,11.99,5.2,6.79,56.63
item-7514,sale-2201,INV-2026-2201,2026-08-19 15:28:29,prod-11,Sparkling Mineral Water 500ml (Pack 12),Beverages & Drinks,2,12.99,6.0,25.98,12.0,13.98,53.81
item-7515,sale-2201,INV-2026-2201,2026-08-19 15:28:29,prod-01,Wireless Bluetooth Headset Pro,Electronics & Gadgets,4,89.99,45.0,359.96,180.0,179.96,49.99
item-7516,sale-2202,INV-2026-2202,2026-08-19 13:56:45,prod-25,Antibacterial Hand Sanitizer 500ml,Personal Care,1,3.99,1.8,3.99,1.8,2.19,54.89
item-7517,sale-2203,INV-2026-2203,2026-08-19 15:31:48,prod-02,Ergonomic Optical Wireless Mouse,Electronics & Gadgets,2,24.99,12.5,49.98,25.0,24.98,49.98
item-7518,sale-2203,INV-2026-2203,2026-08-19 15:31:48,prod-27,Microfiber Facial Towels (Pack of 4),Personal Care,2,6.99,3.0,13.98,6.0,7.98,57.08
item-7519,sale-2204,INV-2026-2204,2026-08-19 19:34:36,prod-19,Waterproof Work Gloves (Pair),Apparel & Wearables,4,6.49,2.8,25.96,11.2,14.76,56.86
item-7520,sale-2204,INV-2026-2204,2026-08-19 19:34:36,prod-28,Electric Stainless Steel Kettle 1.7L,Home Appliances,1,27.99,14.0,27.99,14.0,13.99,49.98
item-7521,sale-2204,INV-2026-2204,2026-08-19 19:34:36,prod-22,Professional Precision Screwdriver Kit,Hardware & Tools,1,17.99,8.5,17.99,8.5,9.49,52.75
item-7522,sale-2205,INV-2026-2205,2026-08-19 15:16:31,prod-05,A4 Premium Copy Paper 500 Sheets,Office Supplies,1,6.99,3.2,6.99,3.2,3.79,54.22
item-7523,sale-2205,INV-2026-2205,2026-08-19 15:16:31,prod-17,100% Cotton Polo Shirt (Medium),Apparel & Wearables,2,19.99,9.0,39.98,18.0,21.98,54.98
item-7524,sale-2206,INV-2026-2206,2026-08-19 13:20:03,prod-06,Gel Ink Rollerball Pens (Box of 12),Office Supplies,1,9.99,4.5,9.99,4.5,5.49,54.95
item-7525,sale-2207,INV-2026-2207,2026-08-19 14:51:47,prod-11,Sparkling Mineral Water 500ml (Pack 12),Beverages & Drinks,1,12.99,6.0,12.99,6.0,6.99,53.81
item-7526,sale-2207,INV-2026-2207,2026-08-19 14:51:47,prod-12,Natural Cold Pressed Citrus Juice 1L,Beverages & Drinks,1,4.99,2.2,4.99,2.2,2.79,55.91
item-7527,sale-2207,INV-2026-2207,2026-08-19 14:51:47,prod-22,Professional Precision Screwdriver Kit,Hardware & Tools,1,17.99,8.5,17.99,8.5,9.49,52.75
item-7528,sale-2207,INV-2026-2207,2026-08-19 14:51:47,prod-17,100% Cotton Polo Shirt (Medium),Apparel & Wearables,4,19.99,9.0,79.96,36.0,43.96,54.98
item-7529,sale-2208,INV-2026-2208,2026-08-19 15:22:22,prod-11,Sparkling Mineral Water 500ml (Pack 12),Beverages & Drinks,1,12.99,6.0,12.99,6.0,6.99,53.81
item-7530,sale-2209,INV-2026-2209,2026-08-20 19:19:37,prod-02,Ergonomic Optical Wireless Mouse,Electronics & Gadgets,1,24.99,12.5,24.99,12.5,12.49,49.98
item-7531,sale-2210,INV-2026-2210,2026-08-20 10:21:10,prod-03,Mechanical RGB Gaming Keyboard,Electronics & Gadgets,2,74.99,38.0,149.98,76.0,73.98,49.33
item-7532,sale-2211,INV-2026-2211,2026-08-20 15:36:32,prod-26,Gentle Moisturizing Hand Soap 1L,Personal Care,1,5.49,2.5,5.49,2.5,2.99,54.46
item-7533,sale-2211,INV-2026-2211,2026-08-20 15:36:32,prod-25,Antibacterial Hand Sanitizer 500ml,Personal Care,2,3.99,1.8,7.98,3.6,4.38,54.89
item-7534,sale-2211,INV-2026-2211,2026-08-20 15:36:32,prod-20,Breathable Fleece Jacket (Large),Apparel & Wearables,3,44.99,22.0,134.97,66.0,68.97,51.1
item-7535,sale-2212,INV-2026-2212,2026-08-20 18:01:20,prod-14,Wholegrain Oats 1kg,Packaged Groceries,2,4.49,2.1,8.98,4.2,4.78,53.23
item-7536,sale-2212,INV-2026-2212,2026-08-20 18:01:20,prod-07,Heavy-Duty Desktop Stapler,Office Supplies,6,14.49,7.0,86.94,42.0,44.94,51.69
item-7537,sale-2212,INV-2026-2212,2026-08-20 18:01:20,prod-25,Antibacterial Hand Sanitizer 500ml,Personal Care,1,3.99,1.8,3.99,1.8,2.19,54.89
item-7538,sale-2213,INV-2026-2213,2026-08-20 16:06:44,prod-06,Gel Ink Rollerball Pens (Box of 12),Office Supplies,2,9.99,4.5,19.98,9.0,10.98,54.95
item-7539,sale-2214,INV-2026-2214,2026-08-20 19:21:10,prod-02,Ergonomic Optical Wireless Mouse,Electronics & Gadgets,6,24.99,12.5,149.94,75.0,74.94,49.98
item-7540,sale-2215,INV-2026-2215,2026-08-20 19:54:50,prod-25,Antibacterial Hand Sanitizer 500ml,Personal Care,1,3.99,1.8,3.99,1.8,2.19,54.89
item-7541,sale-2216,INV-2026-2216,2026-08-20 13:03:19,prod-15,Raw Honey Jar 500g,Packaged Groceries,1,9.99,4.8,9.99,4.8,5.19,51.95
item-7542,sale-2216,INV-2026-2216,2026-08-20 13:03:19,prod-26,Gentle Moisturizing Hand Soap 1L,Personal Care,1,5.49,2.5,5.49,2.5,2.99,54.46
item-7543,sale-2216,INV-2026-2216,2026-08-20 13:03:19,prod-27,Microfiber Facial Towels (Pack of 4),Personal Care,1,6.99,3.0,6.99,3.0,3.99,57.08
item-7544,sale-2217,INV-2026-2217,2026-08-20 10:45:54,prod-26,Gentle Moisturizing Hand Soap 1L,Personal Care,2,5.49,2.5,10.98,5.0,5.98,54.46
item-7545,sale-2217,INV-2026-2217,2026-08-20 10:45:54,prod-13,Organic Extra Virgin Olive Oil 750ml,Packaged Groceries,1,14.99,7.5,14.99,7.5,7.49,49.97
item-7546,sale-2218,INV-2026-2218,2026-08-20 18:51:33,prod-28,Electric Stainless Steel Kettle 1.7L,Home Appliances,1,27.99,14.0,27.99,14.0,13.99,49.98
item-7547,sale-2218,INV-2026-2218,2026-08-20 18:51:33,prod-08,Adjustable Mesh Executive Chair,Office Supplies,1,189.99,95.0,189.99,95.0,94.99,50.0
item-7548,sale-2218,INV-2026-2218,2026-08-20 18:51:33,prod-14,Wholegrain Oats 1kg,Packaged Groceries,1,4.49,2.1,4.49,2.1,2.39,53.23
item-7549,sale-2219,INV-2026-2219,2026-08-20 19:52:19,prod-12,Natural Cold Pressed Citrus Juice 1L,Beverages & Drinks,1,4.99,2.2,4.99,2.2,2.79,55.91
item-7550,sale-2220,INV-2026-2220,2026-08-21 14:12:26,prod-17,100% Cotton Polo Shirt (Medium),Apparel & Wearables,2,19.99,9.0,39.98,18.0,21.98,54.98
item-7551,sale-2220,INV-2026-2220,2026-08-21 14:12:26,prod-01,Wireless Bluetooth Headset Pro,Electronics & Gadgets,2,89.99,45.0,179.98,90.0,89.98,49.99
item-7552,sale-2221,INV-2026-2221,2026-08-21 17:11:56,prod-02,Ergonomic Optical Wireless Mouse,Electronics & Gadgets,2,24.99,12.5,49.98,25.0,24.98,49.98
item-7553,sale-2222,INV-2026-2222,2026-08-21 18:31:13,prod-07,Heavy-Duty Desktop Stapler,Office Supplies,1,14.49,7.0,14.49,7.0,7.49,51.69
item-7554,sale-2222,INV-2026-2222,2026-08-21 18:31:13,prod-09,Arabica Whole Bean Coffee 1kg,Beverages & Drinks,1,21.99,11.0,21.99,11.0,10.99,49.98
item-7555,sale-2222,INV-2026-2222,2026-08-21 18:31:13,prod-06,Gel Ink Rollerball Pens (Box of 12),Office Supplies,2,9.99,4.5,19.98,9.0,10.98,54.95
item-7556,sale-2222,INV-2026-2222,2026-08-21 18:31:13,prod-16,Assorted Roasted Almonds 250g,Packaged Groceries,1,7.49,3.5,7.49,3.5,3.99,53.27
item-7557,sale-2223,INV-2026-2223,2026-08-21 19:34:51,prod-12,Natural Cold Pressed Citrus Juice 1L,Beverages & Drinks,1,4.99,2.2,4.99,2.2,2.79,55.91
item-7558,sale-2224,INV-2026-2224,2026-08-21 19:03:33,prod-02,Ergonomic Optical Wireless Mouse,Electronics & Gadgets,3,24.99,12.5,74.97,37.5,37.47,49.98
item-7559,sale-2225,INV-2026-2225,2026-08-21 19:48:19,prod-21,20V Cordless Power Drill Set,Hardware & Tools,4,109.99,55.0,439.96,220.0,219.96,50.0
item-7560,sale-2226,INV-2026-2226,2026-08-21 10:40:13,prod-10,Organic Green Tea (Box of 50 Bags),Beverages & Drinks,1,7.99,3.8,7.99,3.8,4.19,52.44
item-7561,sale-2227,INV-2026-2227,2026-08-21 13:43:38,prod-27,Microfiber Facial Towels (Pack of 4),Personal Care,1,6.99,3.0,6.99,3.0,3.99,57.08
item-7562,sale-2227,INV-2026-2227,2026-08-21 13:43:38,prod-23,Digital Laser Distance Meter 50m,Hardware & Tools,1,36.99,18.0,36.99,18.0,18.99,51.34
item-7563,sale-2227,INV-2026-2227,2026-08-21 13:43:38,prod-03,Mechanical RGB Gaming Keyboard,Electronics & Gadgets,1,74.99,38.0,74.99,38.0,36.99,49.33
item-7564,sale-2227,INV-2026-2227,2026-08-21 13:43:38,prod-19,Waterproof Work Gloves (Pair),Apparel & Wearables,1,6.49,2.8,6.49,2.8,3.69,56.86
item-7565,sale-2228,INV-2026-2228,2026-08-21 09:15:51,prod-13,Organic Extra Virgin Olive Oil 750ml,Packaged Groceries,3,14.99,7.5,44.97,22.5,22.47,49.97
item-7566,sale-2228,INV-2026-2228,2026-08-21 09:15:51,prod-09,Arabica Whole Bean Coffee 1kg,Beverages & Drinks,2,21.99,11.0,43.98,22.0,21.98,49.98
item-7567,sale-2228,INV-2026-2228,2026-08-21 09:15:51,prod-11,Sparkling Mineral Water 500ml (Pack 12),Beverages & Drinks,1,12.99,6.0,12.99,6.0,6.99,53.81
item-7568,sale-2229,INV-2026-2229,2026-08-21 15:27:41,prod-07,Heavy-Duty Desktop Stapler,Office Supplies,4,14.49,7.0,57.96,28.0,29.96,51.69
item-7569,sale-2230,INV-2026-2230,2026-08-21 09:16:50,prod-15,Raw Honey Jar 500g,Packaged Groceries,1,9.99,4.8,9.99,4.8,5.19,51.95
item-7570,sale-2230,INV-2026-2230,2026-08-21 09:16:50,prod-17,100% Cotton Polo Shirt (Medium),Apparel & Wearables,2,19.99,9.0,39.98,18.0,21.98,54.98
item-7571,sale-2231,INV-2026-2231,2026-08-22 09:46:31,prod-15,Raw Honey Jar 500g,Packaged Groceries,4,9.99,4.8,39.96,19.2,20.76,51.95
item-7572,sale-2232,INV-2026-2232,2026-08-22 13:55:04,prod-26,Gentle Moisturizing Hand Soap 1L,Personal Care,2,5.49,2.5,10.98,5.0,5.98,54.46
item-7573,sale-2233,INV-2026-2233,2026-08-22 10:25:53,prod-01,Wireless Bluetooth Headset Pro,Electronics & Gadgets,1,89.99,45.0,89.99,45.0,44.99,49.99
item-7574,sale-2234,INV-2026-2234,2026-08-22 17:59:07,prod-06,Gel Ink Rollerball Pens (Box of 12),Office Supplies,2,9.99,4.5,19.98,9.0,10.98,54.95
item-7575,sale-2234,INV-2026-2234,2026-08-22 17:59:07,prod-10,Organic Green Tea (Box of 50 Bags),Beverages & Drinks,1,7.99,3.8,7.99,3.8,4.19,52.44
item-7576,sale-2234,INV-2026-2234,2026-08-22 17:59:07,prod-14,Wholegrain Oats 1kg,Packaged Groceries,1,4.49,2.1,4.49,2.1,2.39,53.23
item-7577,sale-2235,INV-2026-2235,2026-08-22 17:16:31,prod-15,Raw Honey Jar 500g,Packaged Groceries,1,9.99,4.8,9.99,4.8,5.19,51.95
item-7578,sale-2235,INV-2026-2235,2026-08-22 17:16:31,prod-25,Antibacterial Hand Sanitizer 500ml,Personal Care,2,3.99,1.8,7.98,3.6,4.38,54.89
item-7579,sale-2236,INV-2026-2236,2026-08-22 14:21:53,prod-16,Assorted Roasted Almonds 250g,Packaged Groceries,1,7.49,3.5,7.49,3.5,3.99,53.27
item-7580,sale-2236,INV-2026-2236,2026-08-22 14:21:53,prod-21,20V Cordless Power Drill Set,Hardware & Tools,1,109.99,55.0,109.99,55.0,54.99,50.0
item-7581,sale-2237,INV-2026-2237,2026-08-22 12:09:06,prod-15,Raw Honey Jar 500g,Packaged Groceries,1,9.99,4.8,9.99,4.8,5.19,51.95
item-7582,sale-2237,INV-2026-2237,2026-08-22 12:09:06,prod-19,Waterproof Work Gloves (Pair),Apparel & Wearables,3,6.49,2.8,19.47,8.4,11.07,56.86
item-7583,sale-2238,INV-2026-2238,2026-08-22 18:03:31,prod-03,Mechanical RGB Gaming Keyboard,Electronics & Gadgets,2,74.99,38.0,149.98,76.0,73.98,49.33
item-7584,sale-2238,INV-2026-2238,2026-08-22 18:03:31,prod-12,Natural Cold Pressed Citrus Juice 1L,Beverages & Drinks,2,4.99,2.2,9.98,4.4,5.58,55.91
item-7585,sale-2239,INV-2026-2239,2026-08-22 15:30:43,prod-26,Gentle Moisturizing Hand Soap 1L,Personal Care,1,5.49,2.5,5.49,2.5,2.99,54.46
item-7586,sale-2239,INV-2026-2239,2026-08-22 15:30:43,prod-08,Adjustable Mesh Executive Chair,Office Supplies,3,189.99,95.0,569.97,285.0,284.97,50.0
item-7587,sale-2240,INV-2026-2240,2026-08-22 14:52:19,prod-20,Breathable Fleece Jacket (Large),Apparel & Wearables,1,44.99,22.0,44.99,22.0,22.99,51.1
item-7588,sale-2240,INV-2026-2240,2026-08-22 14:52:19,prod-25,Antibacterial Hand Sanitizer 500ml,Personal Care,1,3.99,1.8,3.99,1.8,2.19,54.89
item-7589,sale-2240,INV-2026-2240,2026-08-22 14:52:19,prod-03,Mechanical RGB Gaming Keyboard,Electronics & Gadgets,1,74.99,38.0,74.99,38.0,36.99,49.33
item-7590,sale-2240,INV-2026-2240,2026-08-22 14:52:19,prod-26,Gentle Moisturizing Hand Soap 1L,Personal Care,1,5.49,2.5,5.49,2.5,2.99,54.46
item-7591,sale-2241,INV-2026-2241,2026-08-23 19:51:03,prod-09,Arabica Whole Bean Coffee 1kg,Beverages & Drinks,1,21.99,11.0,21.99,11.0,10.99,49.98
item-7592,sale-2242,INV-2026-2242,2026-08-23 15:19:40,prod-16,Assorted Roasted Almonds 250g,Packaged Groceries,1,7.49,3.5,7.49,3.5,3.99,53.27
item-7593,sale-2243,INV-2026-2243,2026-08-23 12:54:28,prod-23,Digital Laser Distance Meter 50m,Hardware & Tools,3,36.99,18.0,110.97,54.0,56.97,51.34
item-7594,sale-2244,INV-2026-2244,2026-08-23 13:19:05,prod-10,Organic Green Tea (Box of 50 Bags),Beverages & Drinks,1,7.99,3.8,7.99,3.8,4.19,52.44
item-7595,sale-2244,INV-2026-2244,2026-08-23 13:19:05,prod-23,Digital Laser Distance Meter 50m,Hardware & Tools,1,36.99,18.0,36.99,18.0,18.99,51.34
item-7596,sale-2244,INV-2026-2244,2026-08-23 13:19:05,prod-05,A4 Premium Copy Paper 500 Sheets,Office Supplies,2,6.99,3.2,13.98,6.4,7.58,54.22
item-7597,sale-2245,INV-2026-2245,2026-08-23 11:58:28,prod-02,Ergonomic Optical Wireless Mouse,Electronics & Gadgets,1,24.99,12.5,24.99,12.5,12.49,49.98
item-7598,sale-2246,INV-2026-2246,2026-08-23 13:55:05,prod-18,High-Visibility Safety Vest,Apparel & Wearables,1,11.99,5.2,11.99,5.2,6.79,56.63
item-7599,sale-2246,INV-2026-2246,2026-08-23 13:55:05,prod-07,Heavy-Duty Desktop Stapler,Office Supplies,2,14.49,7.0,28.98,14.0,14.98,51.69
item-7600,sale-2246,INV-2026-2246,2026-08-23 13:55:05,prod-16,Assorted Roasted Almonds 250g,Packaged Groceries,1,7.49,3.5,7.49,3.5,3.99,53.27
item-7601,sale-2247,INV-2026-2247,2026-08-23 14:45:27,prod-09,Arabica Whole Bean Coffee 1kg,Beverages & Drinks,1,21.99,11.0,21.99,11.0,10.99,49.98
item-7602,sale-2247,INV-2026-2247,2026-08-23 14:45:27,prod-21,20V Cordless Power Drill Set,Hardware & Tools,1,109.99,55.0,109.99,55.0,54.99,50.0
item-7603,sale-2247,INV-2026-2247,2026-08-23 14:45:27,prod-01,Wireless Bluetooth Headset Pro,Electronics & Gadgets,1,89.99,45.0,89.99,45.0,44.99,49.99
item-7604,sale-2248,INV-2026-2248,2026-08-23 17:04:22,prod-25,Antibacterial Hand Sanitizer 500ml,Personal Care,1,3.99,1.8,3.99,1.8,2.19,54.89
item-7605,sale-2249,INV-2026-2249,2026-08-23 16:44:01,prod-25,Antibacterial Hand Sanitizer 500ml,Personal Care,2,3.99,1.8,7.98,3.6,4.38,54.89
item-7606,sale-2249,INV-2026-2249,2026-08-23 16:44:01,prod-16,Assorted Roasted Almonds 250g,Packaged Groceries,2,7.49,3.5,14.98,7.0,7.98,53.27
item-7607,sale-2250,INV-2026-2250,2026-08-23 19:08:00,prod-25,Antibacterial Hand Sanitizer 500ml,Personal Care,1,3.99,1.8,3.99,1.8,2.19,54.89
item-7608,sale-2251,INV-2026-2251,2026-08-23 10:07:10,prod-23,Digital Laser Distance Meter 50m,Hardware & Tools,1,36.99,18.0,36.99,18.0,18.99,51.34
item-7609,sale-2251,INV-2026-2251,2026-08-23 10:07:10,prod-11,Sparkling Mineral Water 500ml (Pack 12),Beverages & Drinks,1,12.99,6.0,12.99,6.0,6.99,53.81
item-7610,sale-2252,INV-2026-2252,2026-08-24 19:26:50,prod-03,Mechanical RGB Gaming Keyboard,Electronics & Gadgets,3,74.99,38.0,224.97,114.0,110.97,49.33
item-7611,sale-2252,INV-2026-2252,2026-08-24 19:26:50,prod-07,Heavy-Duty Desktop Stapler,Office Supplies,1,14.49,7.0,14.49,7.0,7.49,51.69
item-7612,sale-2252,INV-2026-2252,2026-08-24 19:26:50,prod-21,20V Cordless Power Drill Set,Hardware & Tools,1,109.99,55.0,109.99,55.0,54.99,50.0
item-7613,sale-2252,INV-2026-2252,2026-08-24 19:26:50,prod-25,Antibacterial Hand Sanitizer 500ml,Personal Care,1,3.99,1.8,3.99,1.8,2.19,54.89
item-7614,sale-2253,INV-2026-2253,2026-08-24 11:16:11,prod-09,Arabica Whole Bean Coffee 1kg,Beverages & Drinks,2,21.99,11.0,43.98,22.0,21.98,49.98
item-7615,sale-2254,INV-2026-2254,2026-08-24 15:23:11,prod-25,Antibacterial Hand Sanitizer 500ml,Personal Care,1,3.99,1.8,3.99,1.8,2.19,54.89
item-7616,sale-2255,INV-2026-2255,2026-08-24 09:59:35,prod-03,Mechanical RGB Gaming Keyboard,Electronics & Gadgets,1,74.99,38.0,74.99,38.0,36.99,49.33
item-7617,sale-2255,INV-2026-2255,2026-08-24 09:59:35,prod-10,Organic Green Tea (Box of 50 Bags),Beverages & Drinks,4,7.99,3.8,31.96,15.2,16.76,52.44
item-7618,sale-2256,INV-2026-2256,2026-08-24 16:12:16,prod-13,Organic Extra Virgin Olive Oil 750ml,Packaged Groceries,1,14.99,7.5,14.99,7.5,7.49,49.97
item-7619,sale-2256,INV-2026-2256,2026-08-24 16:12:16,prod-06,Gel Ink Rollerball Pens (Box of 12),Office Supplies,1,9.99,4.5,9.99,4.5,5.49,54.95
item-7620,sale-2256,INV-2026-2256,2026-08-24 16:12:16,prod-27,Microfiber Facial Towels (Pack of 4),Personal Care,1,6.99,3.0,6.99,3.0,3.99,57.08
item-7621,sale-2257,INV-2026-2257,2026-08-24 15:38:16,prod-01,Wireless Bluetooth Headset Pro,Electronics & Gadgets,1,89.99,45.0,89.99,45.0,44.99,49.99
item-7622,sale-2257,INV-2026-2257,2026-08-24 15:38:16,prod-07,Heavy-Duty Desktop Stapler,Office Supplies,1,14.49,7.0,14.49,7.0,7.49,51.69
item-7623,sale-2257,INV-2026-2257,2026-08-24 15:38:16,prod-27,Microfiber Facial Towels (Pack of 4),Personal Care,3,6.99,3.0,20.97,9.0,11.97,57.08
item-7624,sale-2257,INV-2026-2257,2026-08-24 15:38:16,prod-05,A4 Premium Copy Paper 500 Sheets,Office Supplies,1,6.99,3.2,6.99,3.2,3.79,54.22
item-7625,sale-2258,INV-2026-2258,2026-08-24 10:00:45,prod-20,Breathable Fleece Jacket (Large),Apparel & Wearables,1,44.99,22.0,44.99,22.0,22.99,51.1
item-7626,sale-2258,INV-2026-2258,2026-08-24 10:00:45,prod-02,Ergonomic Optical Wireless Mouse,Electronics & Gadgets,1,24.99,12.5,24.99,12.5,12.49,49.98
item-7627,sale-2258,INV-2026-2258,2026-08-24 10:00:45,prod-30,Compact Digital Microwave Oven 20L,Home Appliances,1,114.99,58.0,114.99,58.0,56.99,49.56
item-7628,sale-2258,INV-2026-2258,2026-08-24 10:00:45,prod-11,Sparkling Mineral Water 500ml (Pack 12),Beverages & Drinks,1,12.99,6.0,12.99,6.0,6.99,53.81
item-7629,sale-2258,INV-2026-2258,2026-08-24 10:00:45,prod-09,Arabica Whole Bean Coffee 1kg,Beverages & Drinks,1,21.99,11.0,21.99,11.0,10.99,49.98
item-7630,sale-2259,INV-2026-2259,2026-08-24 16:07:14,prod-16,Assorted Roasted Almonds 250g,Packaged Groceries,1,7.49,3.5,7.49,3.5,3.99,53.27
item-7631,sale-2259,INV-2026-2259,2026-08-24 16:07:14,prod-30,Compact Digital Microwave Oven 20L,Home Appliances,1,114.99,58.0,114.99,58.0,56.99,49.56
item-7632,sale-2259,INV-2026-2259,2026-08-24 16:07:14,prod-09,Arabica Whole Bean Coffee 1kg,Beverages & Drinks,1,21.99,11.0,21.99,11.0,10.99,49.98
item-7633,sale-2260,INV-2026-2260,2026-08-24 16:24:08,prod-25,Antibacterial Hand Sanitizer 500ml,Personal Care,3,3.99,1.8,11.97,5.4,6.57,54.89
item-7634,sale-2261,INV-2026-2261,2026-08-24 13:46:43,prod-07,Heavy-Duty Desktop Stapler,Office Supplies,1,14.49,7.0,14.49,7.0,7.49,51.69
item-7635,sale-2261,INV-2026-2261,2026-08-24 13:46:43,prod-26,Gentle Moisturizing Hand Soap 1L,Personal Care,1,5.49,2.5,5.49,2.5,2.99,54.46
item-7636,sale-2261,INV-2026-2261,2026-08-24 13:46:43,prod-10,Organic Green Tea (Box of 50 Bags),Beverages & Drinks,1,7.99,3.8,7.99,3.8,4.19,52.44
item-7637,sale-2261,INV-2026-2261,2026-08-24 13:46:43,prod-04,4K Ultra-HD Monitor 27-inch,Electronics & Gadgets,2,299.99,180.0,599.98,360.0,239.98,40.0
item-7638,sale-2261,INV-2026-2261,2026-08-24 13:46:43,prod-18,High-Visibility Safety Vest,Apparel & Wearables,1,11.99,5.2,11.99,5.2,6.79,56.63
item-7639,sale-2262,INV-2026-2262,2026-08-24 09:18:16,prod-02,Ergonomic Optical Wireless Mouse,Electronics & Gadgets,2,24.99,12.5,49.98,25.0,24.98,49.98
item-7640,sale-2262,INV-2026-2262,2026-08-24 09:18:16,prod-10,Organic Green Tea (Box of 50 Bags),Beverages & Drinks,3,7.99,3.8,23.97,11.4,12.57,52.44
item-7641,sale-2262,INV-2026-2262,2026-08-24 09:18:16,prod-13,Organic Extra Virgin Olive Oil 750ml,Packaged Groceries,4,14.99,7.5,59.96,30.0,29.96,49.97
item-7642,sale-2262,INV-2026-2262,2026-08-24 09:18:16,prod-14,Wholegrain Oats 1kg,Packaged Groceries,2,4.49,2.1,8.98,4.2,4.78,53.23
item-7643,sale-2262,INV-2026-2262,2026-08-24 09:18:16,prod-09,Arabica Whole Bean Coffee 1kg,Beverages & Drinks,3,21.99,11.0,65.97,33.0,32.97,49.98
item-7644,sale-2263,INV-2026-2263,2026-08-24 19:41:29,prod-25,Antibacterial Hand Sanitizer 500ml,Personal Care,1,3.99,1.8,3.99,1.8,2.19,54.89
item-7645,sale-2263,INV-2026-2263,2026-08-24 19:41:29,prod-09,Arabica Whole Bean Coffee 1kg,Beverages & Drinks,1,21.99,11.0,21.99,11.0,10.99,49.98
item-7646,sale-2264,INV-2026-2264,2026-08-24 15:43:13,prod-09,Arabica Whole Bean Coffee 1kg,Beverages & Drinks,1,21.99,11.0,21.99,11.0,10.99,49.98
item-7647,sale-2264,INV-2026-2264,2026-08-24 15:43:13,prod-27,Microfiber Facial Towels (Pack of 4),Personal Care,1,6.99,3.0,6.99,3.0,3.99,57.08
item-7648,sale-2265,INV-2026-2265,2026-08-24 13:04:06,prod-02,Ergonomic Optical Wireless Mouse,Electronics & Gadgets,1,24.99,12.5,24.99,12.5,12.49,49.98
item-7649,sale-2265,INV-2026-2265,2026-08-24 13:04:06,prod-04,4K Ultra-HD Monitor 27-inch,Electronics & Gadgets,1,299.99,180.0,299.99,180.0,119.99,40.0
item-7650,sale-2266,INV-2026-2266,2026-08-25 16:58:22,prod-25,Antibacterial Hand Sanitizer 500ml,Personal Care,1,3.99,1.8,3.99,1.8,2.19,54.89
item-7651,sale-2266,INV-2026-2266,2026-08-25 16:58:22,prod-23,Digital Laser Distance Meter 50m,Hardware & Tools,1,36.99,18.0,36.99,18.0,18.99,51.34
item-7652,sale-2267,INV-2026-2267,2026-08-25 09:00:16,prod-24,Heavy-Duty Steel Measuring Tape 8m,Hardware & Tools,1,7.99,3.5,7.99,3.5,4.49,56.2
item-7653,sale-2268,INV-2026-2268,2026-08-25 19:23:08,prod-25,Antibacterial Hand Sanitizer 500ml,Personal Care,1,3.99,1.8,3.99,1.8,2.19,54.89
item-7654,sale-2269,INV-2026-2269,2026-08-25 13:10:32,prod-07,Heavy-Duty Desktop Stapler,Office Supplies,4,14.49,7.0,57.96,28.0,29.96,51.69
item-7655,sale-2270,INV-2026-2270,2026-08-25 14:45:33,prod-21,20V Cordless Power Drill Set,Hardware & Tools,6,109.99,55.0,659.94,330.0,329.94,50.0
item-7656,sale-2270,INV-2026-2270,2026-08-25 14:45:33,prod-13,Organic Extra Virgin Olive Oil 750ml,Packaged Groceries,4,14.99,7.5,59.96,30.0,29.96,49.97
item-7657,sale-2270,INV-2026-2270,2026-08-25 14:45:33,prod-14,Wholegrain Oats 1kg,Packaged Groceries,1,4.49,2.1,4.49,2.1,2.39,53.23
item-7658,sale-2271,INV-2026-2271,2026-08-25 11:31:55,prod-06,Gel Ink Rollerball Pens (Box of 12),Office Supplies,4,9.99,4.5,39.96,18.0,21.96,54.95
item-7659,sale-2271,INV-2026-2271,2026-08-25 11:31:55,prod-19,Waterproof Work Gloves (Pair),Apparel & Wearables,1,6.49,2.8,6.49,2.8,3.69,56.86
item-7660,sale-2271,INV-2026-2271,2026-08-25 11:31:55,prod-12,Natural Cold Pressed Citrus Juice 1L,Beverages & Drinks,1,4.99,2.2,4.99,2.2,2.79,55.91
item-7661,sale-2272,INV-2026-2272,2026-08-25 13:57:56,prod-26,Gentle Moisturizing Hand Soap 1L,Personal Care,1,5.49,2.5,5.49,2.5,2.99,54.46
item-7662,sale-2272,INV-2026-2272,2026-08-25 13:57:56,prod-05,A4 Premium Copy Paper 500 Sheets,Office Supplies,4,6.99,3.2,27.96,12.8,15.16,54.22
item-7663,sale-2272,INV-2026-2272,2026-08-25 13:57:56,prod-10,Organic Green Tea (Box of 50 Bags),Beverages & Drinks,3,7.99,3.8,23.97,11.4,12.57,52.44
item-7664,sale-2272,INV-2026-2272,2026-08-25 13:57:56,prod-18,High-Visibility Safety Vest,Apparel & Wearables,1,11.99,5.2,11.99,5.2,6.79,56.63
item-7665,sale-2273,INV-2026-2273,2026-08-25 15:57:10,prod-03,Mechanical RGB Gaming Keyboard,Electronics & Gadgets,3,74.99,38.0,224.97,114.0,110.97,49.33
item-7666,sale-2274,INV-2026-2274,2026-08-25 19:40:51,prod-12,Natural Cold Pressed Citrus Juice 1L,Beverages & Drinks,1,4.99,2.2,4.99,2.2,2.79,55.91
item-7667,sale-2275,INV-2026-2275,2026-08-25 11:02:30,prod-02,Ergonomic Optical Wireless Mouse,Electronics & Gadgets,4,24.99,12.5,99.96,50.0,49.96,49.98
item-7668,sale-2275,INV-2026-2275,2026-08-25 11:02:30,prod-06,Gel Ink Rollerball Pens (Box of 12),Office Supplies,3,9.99,4.5,29.97,13.5,16.47,54.95
item-7669,sale-2276,INV-2026-2276,2026-08-25 16:02:28,prod-01,Wireless Bluetooth Headset Pro,Electronics & Gadgets,1,89.99,45.0,89.99,45.0,44.99,49.99
item-7670,sale-2276,INV-2026-2276,2026-08-25 16:02:28,prod-10,Organic Green Tea (Box of 50 Bags),Beverages & Drinks,3,7.99,3.8,23.97,11.4,12.57,52.44
item-7671,sale-2276,INV-2026-2276,2026-08-25 16:02:28,prod-18,High-Visibility Safety Vest,Apparel & Wearables,2,11.99,5.2,23.98,10.4,13.58,56.63
item-7672,sale-2277,INV-2026-2277,2026-08-26 16:07:54,prod-05,A4 Premium Copy Paper 500 Sheets,Office Supplies,1,6.99,3.2,6.99,3.2,3.79,54.22
item-7673,sale-2278,INV-2026-2278,2026-08-26 12:55:18,prod-14,Wholegrain Oats 1kg,Packaged Groceries,3,4.49,2.1,13.47,6.3,7.17,53.23
item-7674,sale-2278,INV-2026-2278,2026-08-26 12:55:18,prod-03,Mechanical RGB Gaming Keyboard,Electronics & Gadgets,1,74.99,38.0,74.99,38.0,36.99,49.33
item-7675,sale-2278,INV-2026-2278,2026-08-26 12:55:18,prod-18,High-Visibility Safety Vest,Apparel & Wearables,1,11.99,5.2,11.99,5.2,6.79,56.63
item-7676,sale-2278,INV-2026-2278,2026-08-26 12:55:18,prod-10,Organic Green Tea (Box of 50 Bags),Beverages & Drinks,1,7.99,3.8,7.99,3.8,4.19,52.44
item-7677,sale-2279,INV-2026-2279,2026-08-26 18:57:42,prod-08,Adjustable Mesh Executive Chair,Office Supplies,1,189.99,95.0,189.99,95.0,94.99,50.0
item-7678,sale-2279,INV-2026-2279,2026-08-26 18:57:42,prod-24,Heavy-Duty Steel Measuring Tape 8m,Hardware & Tools,1,7.99,3.5,7.99,3.5,4.49,56.2
item-7679,sale-2279,INV-2026-2279,2026-08-26 18:57:42,prod-06,Gel Ink Rollerball Pens (Box of 12),Office Supplies,4,9.99,4.5,39.96,18.0,21.96,54.95
item-7680,sale-2280,INV-2026-2280,2026-08-26 18:11:26,prod-06,Gel Ink Rollerball Pens (Box of 12),Office Supplies,1,9.99,4.5,9.99,4.5,5.49,54.95
item-7681,sale-2280,INV-2026-2280,2026-08-26 18:11:26,prod-10,Organic Green Tea (Box of 50 Bags),Beverages & Drinks,3,7.99,3.8,23.97,11.4,12.57,52.44
item-7682,sale-2280,INV-2026-2280,2026-08-26 18:11:26,prod-05,A4 Premium Copy Paper 500 Sheets,Office Supplies,4,6.99,3.2,27.96,12.8,15.16,54.22
item-7683,sale-2280,INV-2026-2280,2026-08-26 18:11:26,prod-14,Wholegrain Oats 1kg,Packaged Groceries,1,4.49,2.1,4.49,2.1,2.39,53.23
item-7684,sale-2281,INV-2026-2281,2026-08-26 14:01:18,prod-26,Gentle Moisturizing Hand Soap 1L,Personal Care,1,5.49,2.5,5.49,2.5,2.99,54.46
item-7685,sale-2281,INV-2026-2281,2026-08-26 14:01:18,prod-25,Antibacterial Hand Sanitizer 500ml,Personal Care,1,3.99,1.8,3.99,1.8,2.19,54.89
item-7686,sale-2282,INV-2026-2282,2026-08-27 18:59:06,prod-06,Gel Ink Rollerball Pens (Box of 12),Office Supplies,2,9.99,4.5,19.98,9.0,10.98,54.95
item-7687,sale-2282,INV-2026-2282,2026-08-27 18:59:06,prod-01,Wireless Bluetooth Headset Pro,Electronics & Gadgets,1,89.99,45.0,89.99,45.0,44.99,49.99
item-7688,sale-2283,INV-2026-2283,2026-08-27 19:30:29,prod-06,Gel Ink Rollerball Pens (Box of 12),Office Supplies,2,9.99,4.5,19.98,9.0,10.98,54.95
item-7689,sale-2284,INV-2026-2284,2026-08-27 14:02:41,prod-13,Organic Extra Virgin Olive Oil 750ml,Packaged Groceries,1,14.99,7.5,14.99,7.5,7.49,49.97
item-7690,sale-2284,INV-2026-2284,2026-08-27 14:02:41,prod-12,Natural Cold Pressed Citrus Juice 1L,Beverages & Drinks,1,4.99,2.2,4.99,2.2,2.79,55.91
item-7691,sale-2284,INV-2026-2284,2026-08-27 14:02:41,prod-28,Electric Stainless Steel Kettle 1.7L,Home Appliances,1,27.99,14.0,27.99,14.0,13.99,49.98
item-7692,sale-2285,INV-2026-2285,2026-08-27 18:08:13,prod-11,Sparkling Mineral Water 500ml (Pack 12),Beverages & Drinks,3,12.99,6.0,38.97,18.0,20.97,53.81
item-7693,sale-2286,INV-2026-2286,2026-08-27 09:47:04,prod-11,Sparkling Mineral Water 500ml (Pack 12),Beverages & Drinks,1,12.99,6.0,12.99,6.0,6.99,53.81
item-7694,sale-2286,INV-2026-2286,2026-08-27 09:47:04,prod-27,Microfiber Facial Towels (Pack of 4),Personal Care,1,6.99,3.0,6.99,3.0,3.99,57.08
item-7695,sale-2287,INV-2026-2287,2026-08-27 13:11:15,prod-18,High-Visibility Safety Vest,Apparel & Wearables,1,11.99,5.2,11.99,5.2,6.79,56.63
item-7696,sale-2287,INV-2026-2287,2026-08-27 13:11:15,prod-01,Wireless Bluetooth Headset Pro,Electronics & Gadgets,2,89.99,45.0,179.98,90.0,89.98,49.99
item-7697,sale-2288,INV-2026-2288,2026-08-27 12:10:24,prod-19,Waterproof Work Gloves (Pair),Apparel & Wearables,1,6.49,2.8,6.49,2.8,3.69,56.86
item-7698,sale-2288,INV-2026-2288,2026-08-27 12:10:24,prod-09,Arabica Whole Bean Coffee 1kg,Beverages & Drinks,1,21.99,11.0,21.99,11.0,10.99,49.98
item-7699,sale-2289,INV-2026-2289,2026-08-27 16:51:27,prod-27,Microfiber Facial Towels (Pack of 4),Personal Care,1,6.99,3.0,6.99,3.0,3.99,57.08
item-7700,sale-2290,INV-2026-2290,2026-08-27 19:06:53,prod-24,Heavy-Duty Steel Measuring Tape 8m,Hardware & Tools,1,7.99,3.5,7.99,3.5,4.49,56.2
item-7701,sale-2291,INV-2026-2291,2026-08-27 15:30:17,prod-25,Antibacterial Hand Sanitizer 500ml,Personal Care,3,3.99,1.8,11.97,5.4,6.57,54.89
item-7702,sale-2292,INV-2026-2292,2026-08-28 14:39:11,prod-24,Heavy-Duty Steel Measuring Tape 8m,Hardware & Tools,1,7.99,3.5,7.99,3.5,4.49,56.2
item-7703,sale-2292,INV-2026-2292,2026-08-28 14:39:11,prod-05,A4 Premium Copy Paper 500 Sheets,Office Supplies,3,6.99,3.2,20.97,9.6,11.37,54.22
item-7704,sale-2293,INV-2026-2293,2026-08-28 14:29:43,prod-24,Heavy-Duty Steel Measuring Tape 8m,Hardware & Tools,1,7.99,3.5,7.99,3.5,4.49,56.2
item-7705,sale-2294,INV-2026-2294,2026-08-28 17:40:41,prod-01,Wireless Bluetooth Headset Pro,Electronics & Gadgets,1,89.99,45.0,89.99,45.0,44.99,49.99
item-7706,sale-2294,INV-2026-2294,2026-08-28 17:40:41,prod-25,Antibacterial Hand Sanitizer 500ml,Personal Care,1,3.99,1.8,3.99,1.8,2.19,54.89
item-7707,sale-2295,INV-2026-2295,2026-08-28 16:19:09,prod-21,20V Cordless Power Drill Set,Hardware & Tools,1,109.99,55.0,109.99,55.0,54.99,50.0
item-7708,sale-2295,INV-2026-2295,2026-08-28 16:19:09,prod-27,Microfiber Facial Towels (Pack of 4),Personal Care,1,6.99,3.0,6.99,3.0,3.99,57.08
item-7709,sale-2296,INV-2026-2296,2026-08-28 17:27:18,prod-19,Waterproof Work Gloves (Pair),Apparel & Wearables,1,6.49,2.8,6.49,2.8,3.69,56.86
item-7710,sale-2296,INV-2026-2296,2026-08-28 17:27:18,prod-09,Arabica Whole Bean Coffee 1kg,Beverages & Drinks,2,21.99,11.0,43.98,22.0,21.98,49.98
item-7711,sale-2296,INV-2026-2296,2026-08-28 17:27:18,prod-05,A4 Premium Copy Paper 500 Sheets,Office Supplies,1,6.99,3.2,6.99,3.2,3.79,54.22
item-7712,sale-2296,INV-2026-2296,2026-08-28 17:27:18,prod-25,Antibacterial Hand Sanitizer 500ml,Personal Care,1,3.99,1.8,3.99,1.8,2.19,54.89
item-7713,sale-2297,INV-2026-2297,2026-08-28 17:06:32,prod-02,Ergonomic Optical Wireless Mouse,Electronics & Gadgets,1,24.99,12.5,24.99,12.5,12.49,49.98
item-7714,sale-2297,INV-2026-2297,2026-08-28 17:06:32,prod-12,Natural Cold Pressed Citrus Juice 1L,Beverages & Drinks,1,4.99,2.2,4.99,2.2,2.79,55.91
item-7715,sale-2298,INV-2026-2298,2026-08-28 18:52:16,prod-25,Antibacterial Hand Sanitizer 500ml,Personal Care,1,3.99,1.8,3.99,1.8,2.19,54.89
item-7716,sale-2298,INV-2026-2298,2026-08-28 18:52:16,prod-24,Heavy-Duty Steel Measuring Tape 8m,Hardware & Tools,1,7.99,3.5,7.99,3.5,4.49,56.2
item-7717,sale-2298,INV-2026-2298,2026-08-28 18:52:16,prod-01,Wireless Bluetooth Headset Pro,Electronics & Gadgets,4,89.99,45.0,359.96,180.0,179.96,49.99
item-7718,sale-2299,INV-2026-2299,2026-08-28 09:07:47,prod-25,Antibacterial Hand Sanitizer 500ml,Personal Care,1,3.99,1.8,3.99,1.8,2.19,54.89
item-7719,sale-2299,INV-2026-2299,2026-08-28 09:07:47,prod-09,Arabica Whole Bean Coffee 1kg,Beverages & Drinks,1,21.99,11.0,21.99,11.0,10.99,49.98
item-7720,sale-2299,INV-2026-2299,2026-08-28 09:07:47,prod-12,Natural Cold Pressed Citrus Juice 1L,Beverages & Drinks,1,4.99,2.2,4.99,2.2,2.79,55.91
item-7721,sale-2300,INV-2026-2300,2026-08-28 09:05:26,prod-07,Heavy-Duty Desktop Stapler,Office Supplies,2,14.49,7.0,28.98,14.0,14.98,51.69
item-7722,sale-2300,INV-2026-2300,2026-08-28 09:05:26,prod-03,Mechanical RGB Gaming Keyboard,Electronics & Gadgets,3,74.99,38.0,224.97,114.0,110.97,49.33
item-7723,sale-2300,INV-2026-2300,2026-08-28 09:05:26,prod-27,Microfiber Facial Towels (Pack of 4),Personal Care,1,6.99,3.0,6.99,3.0,3.99,57.08
item-7724,sale-2300,INV-2026-2300,2026-08-28 09:05:26,prod-17,100% Cotton Polo Shirt (Medium),Apparel & Wearables,2,19.99,9.0,39.98,18.0,21.98,54.98
item-7725,sale-2301,INV-2026-2301,2026-08-28 16:48:42,prod-06,Gel Ink Rollerball Pens (Box of 12),Office Supplies,3,9.99,4.5,29.97,13.5,16.47,54.95
item-7726,sale-2302,INV-2026-2302,2026-08-28 11:13:11,prod-10,Organic Green Tea (Box of 50 Bags),Beverages & Drinks,1,7.99,3.8,7.99,3.8,4.19,52.44
item-7727,sale-2302,INV-2026-2302,2026-08-28 11:13:11,prod-11,Sparkling Mineral Water 500ml (Pack 12),Beverages & Drinks,1,12.99,6.0,12.99,6.0,6.99,53.81
item-7728,sale-2302,INV-2026-2302,2026-08-28 11:13:11,prod-15,Raw Honey Jar 500g,Packaged Groceries,1,9.99,4.8,9.99,4.8,5.19,51.95
item-7729,sale-2303,INV-2026-2303,2026-08-28 10:27:34,prod-25,Antibacterial Hand Sanitizer 500ml,Personal Care,1,3.99,1.8,3.99,1.8,2.19,54.89
item-7730,sale-2304,INV-2026-2304,2026-08-28 19:30:29,prod-14,Wholegrain Oats 1kg,Packaged Groceries,3,4.49,2.1,13.47,6.3,7.17,53.23
item-7731,sale-2305,INV-2026-2305,2026-08-29 13:39:52,prod-02,Ergonomic Optical Wireless Mouse,Electronics & Gadgets,1,24.99,12.5,24.99,12.5,12.49,49.98
item-7732,sale-2306,INV-2026-2306,2026-08-29 10:08:08,prod-15,Raw Honey Jar 500g,Packaged Groceries,2,9.99,4.8,19.98,9.6,10.38,51.95
item-7733,sale-2306,INV-2026-2306,2026-08-29 10:08:08,prod-25,Antibacterial Hand Sanitizer 500ml,Personal Care,2,3.99,1.8,7.98,3.6,4.38,54.89
item-7734,sale-2306,INV-2026-2306,2026-08-29 10:08:08,prod-27,Microfiber Facial Towels (Pack of 4),Personal Care,1,6.99,3.0,6.99,3.0,3.99,57.08
item-7735,sale-2307,INV-2026-2307,2026-08-29 12:54:01,prod-29,HEPA Air Purifier Desktop Size,Home Appliances,1,84.99,42.0,84.99,42.0,42.99,50.58
item-7736,sale-2308,INV-2026-2308,2026-08-29 15:53:40,prod-19,Waterproof Work Gloves (Pair),Apparel & Wearables,1,6.49,2.8,6.49,2.8,3.69,56.86
item-7737,sale-2309,INV-2026-2309,2026-08-29 16:09:30,prod-17,100% Cotton Polo Shirt (Medium),Apparel & Wearables,3,19.99,9.0,59.97,27.0,32.97,54.98
item-7738,sale-2309,INV-2026-2309,2026-08-29 16:09:30,prod-12,Natural Cold Pressed Citrus Juice 1L,Beverages & Drinks,1,4.99,2.2,4.99,2.2,2.79,55.91
item-7739,sale-2310,INV-2026-2310,2026-08-29 16:31:30,prod-15,Raw Honey Jar 500g,Packaged Groceries,2,9.99,4.8,19.98,9.6,10.38,51.95
item-7740,sale-2310,INV-2026-2310,2026-08-29 16:31:30,prod-19,Waterproof Work Gloves (Pair),Apparel & Wearables,1,6.49,2.8,6.49,2.8,3.69,56.86
item-7741,sale-2311,INV-2026-2311,2026-08-29 13:36:53,prod-05,A4 Premium Copy Paper 500 Sheets,Office Supplies,1,6.99,3.2,6.99,3.2,3.79,54.22
item-7742,sale-2311,INV-2026-2311,2026-08-29 13:36:53,prod-27,Microfiber Facial Towels (Pack of 4),Personal Care,2,6.99,3.0,13.98,6.0,7.98,57.08
item-7743,sale-2312,INV-2026-2312,2026-08-29 19:54:45,prod-06,Gel Ink Rollerball Pens (Box of 12),Office Supplies,1,9.99,4.5,9.99,4.5,5.49,54.95
item-7744,sale-2313,INV-2026-2313,2026-08-29 18:46:35,prod-15,Raw Honey Jar 500g,Packaged Groceries,1,9.99,4.8,9.99,4.8,5.19,51.95
item-7745,sale-2313,INV-2026-2313,2026-08-29 18:46:35,prod-27,Microfiber Facial Towels (Pack of 4),Personal Care,1,6.99,3.0,6.99,3.0,3.99,57.08
item-7746,sale-2313,INV-2026-2313,2026-08-29 18:46:35,prod-13,Organic Extra Virgin Olive Oil 750ml,Packaged Groceries,2,14.99,7.5,29.98,15.0,14.98,49.97
item-7747,sale-2314,INV-2026-2314,2026-08-29 17:37:46,prod-26,Gentle Moisturizing Hand Soap 1L,Personal Care,3,5.49,2.5,16.47,7.5,8.97,54.46
item-7748,sale-2315,INV-2026-2315,2026-08-29 09:33:01,prod-14,Wholegrain Oats 1kg,Packaged Groceries,2,4.49,2.1,8.98,4.2,4.78,53.23
item-7749,sale-2315,INV-2026-2315,2026-08-29 09:33:01,prod-20,Breathable Fleece Jacket (Large),Apparel & Wearables,1,44.99,22.0,44.99,22.0,22.99,51.1
item-7750,sale-2315,INV-2026-2315,2026-08-29 09:33:01,prod-24,Heavy-Duty Steel Measuring Tape 8m,Hardware & Tools,1,7.99,3.5,7.99,3.5,4.49,56.2
item-7751,sale-2315,INV-2026-2315,2026-08-29 09:33:01,prod-05,A4 Premium Copy Paper 500 Sheets,Office Supplies,1,6.99,3.2,6.99,3.2,3.79,54.22
item-7752,sale-2316,INV-2026-2316,2026-08-29 19:26:56,prod-10,Organic Green Tea (Box of 50 Bags),Beverages & Drinks,1,7.99,3.8,7.99,3.8,4.19,52.44
item-7753,sale-2317,INV-2026-2317,2026-08-29 14:28:44,prod-02,Ergonomic Optical Wireless Mouse,Electronics & Gadgets,1,24.99,12.5,24.99,12.5,12.49,49.98
item-7754,sale-2317,INV-2026-2317,2026-08-29 14:28:44,prod-14,Wholegrain Oats 1kg,Packaged Groceries,1,4.49,2.1,4.49,2.1,2.39,53.23
item-7755,sale-2318,INV-2026-2318,2026-08-29 16:22:28,prod-16,Assorted Roasted Almonds 250g,Packaged Groceries,1,7.49,3.5,7.49,3.5,3.99,53.27
item-7756,sale-2318,INV-2026-2318,2026-08-29 16:22:28,prod-23,Digital Laser Distance Meter 50m,Hardware & Tools,2,36.99,18.0,73.98,36.0,37.98,51.34
item-7757,sale-2319,INV-2026-2319,2026-08-29 14:58:38,prod-13,Organic Extra Virgin Olive Oil 750ml,Packaged Groceries,1,14.99,7.5,14.99,7.5,7.49,49.97
item-7758,sale-2319,INV-2026-2319,2026-08-29 14:58:38,prod-19,Waterproof Work Gloves (Pair),Apparel & Wearables,2,6.49,2.8,12.98,5.6,7.38,56.86
item-7759,sale-2320,INV-2026-2320,2026-08-30 13:46:45,prod-03,Mechanical RGB Gaming Keyboard,Electronics & Gadgets,4,74.99,38.0,299.96,152.0,147.96,49.33
item-7760,sale-2321,INV-2026-2321,2026-08-30 11:39:13,prod-05,A4 Premium Copy Paper 500 Sheets,Office Supplies,1,6.99,3.2,6.99,3.2,3.79,54.22
item-7761,sale-2321,INV-2026-2321,2026-08-30 11:39:13,prod-10,Organic Green Tea (Box of 50 Bags),Beverages & Drinks,3,7.99,3.8,23.97,11.4,12.57,52.44
item-7762,sale-2322,INV-2026-2322,2026-08-30 11:11:12,prod-07,Heavy-Duty Desktop Stapler,Office Supplies,3,14.49,7.0,43.47,21.0,22.47,51.69
item-7763,sale-2323,INV-2026-2323,2026-08-30 16:19:15,prod-06,Gel Ink Rollerball Pens (Box of 12),Office Supplies,4,9.99,4.5,39.96,18.0,21.96,54.95
item-7764,sale-2324,INV-2026-2324,2026-08-30 13:22:43,prod-07,Heavy-Duty Desktop Stapler,Office Supplies,1,14.49,7.0,14.49,7.0,7.49,51.69
item-7765,sale-2324,INV-2026-2324,2026-08-30 13:22:43,prod-02,Ergonomic Optical Wireless Mouse,Electronics & Gadgets,1,24.99,12.5,24.99,12.5,12.49,49.98
item-7766,sale-2325,INV-2026-2325,2026-08-30 10:21:27,prod-12,Natural Cold Pressed Citrus Juice 1L,Beverages & Drinks,1,4.99,2.2,4.99,2.2,2.79,55.91
item-7767,sale-2325,INV-2026-2325,2026-08-30 10:21:27,prod-22,Professional Precision Screwdriver Kit,Hardware & Tools,1,17.99,8.5,17.99,8.5,9.49,52.75
item-7768,sale-2325,INV-2026-2325,2026-08-30 10:21:27,prod-26,Gentle Moisturizing Hand Soap 1L,Personal Care,3,5.49,2.5,16.47,7.5,8.97,54.46
item-7769,sale-2325,INV-2026-2325,2026-08-30 10:21:27,prod-11,Sparkling Mineral Water 500ml (Pack 12),Beverages & Drinks,2,12.99,6.0,25.98,12.0,13.98,53.81
item-7770,sale-2326,INV-2026-2326,2026-08-30 16:16:21,prod-21,20V Cordless Power Drill Set,Hardware & Tools,1,109.99,55.0,109.99,55.0,54.99,50.0
item-7771,sale-2327,INV-2026-2327,2026-08-31 17:17:57,prod-05,A4 Premium Copy Paper 500 Sheets,Office Supplies,1,6.99,3.2,6.99,3.2,3.79,54.22
item-7772,sale-2327,INV-2026-2327,2026-08-31 17:17:57,prod-15,Raw Honey Jar 500g,Packaged Groceries,1,9.99,4.8,9.99,4.8,5.19,51.95
item-7773,sale-2327,INV-2026-2327,2026-08-31 17:17:57,prod-26,Gentle Moisturizing Hand Soap 1L,Personal Care,1,5.49,2.5,5.49,2.5,2.99,54.46
item-7774,sale-2327,INV-2026-2327,2026-08-31 17:17:57,prod-11,Sparkling Mineral Water 500ml (Pack 12),Beverages & Drinks,1,12.99,6.0,12.99,6.0,6.99,53.81
item-7775,sale-2328,INV-2026-2328,2026-08-31 10:45:03,prod-09,Arabica Whole Bean Coffee 1kg,Beverages & Drinks,1,21.99,11.0,21.99,11.0,10.99,49.98
item-7776,sale-2328,INV-2026-2328,2026-08-31 10:45:03,prod-13,Organic Extra Virgin Olive Oil 750ml,Packaged Groceries,2,14.99,7.5,29.98,15.0,14.98,49.97
item-7777,sale-2328,INV-2026-2328,2026-08-31 10:45:03,prod-19,Waterproof Work Gloves (Pair),Apparel & Wearables,3,6.49,2.8,19.47,8.4,11.07,56.86
item-7778,sale-2328,INV-2026-2328,2026-08-31 10:45:03,prod-05,A4 Premium Copy Paper 500 Sheets,Office Supplies,2,6.99,3.2,13.98,6.4,7.58,54.22
item-7779,sale-2329,INV-2026-2329,2026-08-31 10:06:50,prod-05,A4 Premium Copy Paper 500 Sheets,Office Supplies,1,6.99,3.2,6.99,3.2,3.79,54.22
item-7780,sale-2329,INV-2026-2329,2026-08-31 10:06:50,prod-27,Microfiber Facial Towels (Pack of 4),Personal Care,2,6.99,3.0,13.98,6.0,7.98,57.08
item-7781,sale-2330,INV-2026-2330,2026-08-31 09:32:06,prod-27,Microfiber Facial Towels (Pack of 4),Personal Care,2,6.99,3.0,13.98,6.0,7.98,57.08
item-7782,sale-2331,INV-2026-2331,2026-08-31 11:46:18,prod-06,Gel Ink Rollerball Pens (Box of 12),Office Supplies,2,9.99,4.5,19.98,9.0,10.98,54.95
item-7783,sale-2331,INV-2026-2331,2026-08-31 11:46:18,prod-12,Natural Cold Pressed Citrus Juice 1L,Beverages & Drinks,1,4.99,2.2,4.99,2.2,2.79,55.91
item-7784,sale-2331,INV-2026-2331,2026-08-31 11:46:18,prod-18,High-Visibility Safety Vest,Apparel & Wearables,4,11.99,5.2,47.96,20.8,27.16,56.63
item-7785,sale-2332,INV-2026-2332,2026-08-31 10:09:41,prod-09,Arabica Whole Bean Coffee 1kg,Beverages & Drinks,1,21.99,11.0,21.99,11.0,10.99,49.98
item-7786,sale-2332,INV-2026-2332,2026-08-31 10:09:41,prod-25,Antibacterial Hand Sanitizer 500ml,Personal Care,1,3.99,1.8,3.99,1.8,2.19,54.89
item-7787,sale-2332,INV-2026-2332,2026-08-31 10:09:41,prod-14,Wholegrain Oats 1kg,Packaged Groceries,2,4.49,2.1,8.98,4.2,4.78,53.23
item-7788,sale-2332,INV-2026-2332,2026-08-31 10:09:41,prod-13,Organic Extra Virgin Olive Oil 750ml,Packaged Groceries,1,14.99,7.5,14.99,7.5,7.49,49.97
item-7789,sale-2333,INV-2026-2333,2026-08-31 12:28:26,prod-21,20V Cordless Power Drill Set,Hardware & Tools,1,109.99,55.0,109.99,55.0,54.99,50.0
item-7790,sale-2333,INV-2026-2333,2026-08-31 12:28:26,prod-22,Professional Precision Screwdriver Kit,Hardware & Tools,3,17.99,8.5,53.97,25.5,28.47,52.75
item-7791,sale-2334,INV-2026-2334,2026-08-31 16:21:18,prod-08,Adjustable Mesh Executive Chair,Office Supplies,1,189.99,95.0,189.99,95.0,94.99,50.0
item-7792,sale-2334,INV-2026-2334,2026-08-31 16:21:18,prod-07,Heavy-Duty Desktop Stapler,Office Supplies,3,14.49,7.0,43.47,21.0,22.47,51.69
item-7793,sale-2335,INV-2026-2335,2026-08-31 15:23:40,prod-23,Digital Laser Distance Meter 50m,Hardware & Tools,1,36.99,18.0,36.99,18.0,18.99,51.34
item-7794,sale-2336,INV-2026-2336,2026-08-31 12:08:51,prod-29,HEPA Air Purifier Desktop Size,Home Appliances,1,84.99,42.0,84.99,42.0,42.99,50.58
item-7795,sale-2336,INV-2026-2336,2026-08-31 12:08:51,prod-24,Heavy-Duty Steel Measuring Tape 8m,Hardware & Tools,1,7.99,3.5,7.99,3.5,4.49,56.2
item-7796,sale-2337,INV-2026-2337,2026-08-31 17:50:43,prod-11,Sparkling Mineral Water 500ml (Pack 12),Beverages & Drinks,2,12.99,6.0,25.98,12.0,13.98,53.81
item-7797,sale-2338,INV-2026-2338,2026-08-31 09:45:51,prod-06,Gel Ink Rollerball Pens (Box of 12),Office Supplies,1,9.99,4.5,9.99,4.5,5.49,54.95
item-7798,sale-2338,INV-2026-2338,2026-08-31 09:45:51,prod-26,Gentle Moisturizing Hand Soap 1L,Personal Care,1,5.49,2.5,5.49,2.5,2.99,54.46
item-7799,sale-2338,INV-2026-2338,2026-08-31 09:45:51,prod-17,100% Cotton Polo Shirt (Medium),Apparel & Wearables,2,19.99,9.0,39.98,18.0,21.98,54.98
item-7800,sale-2339,INV-2026-2339,2026-09-01 15:49:10,prod-05,A4 Premium Copy Paper 500 Sheets,Office Supplies,1,6.99,3.2,6.99,3.2,3.79,54.22
item-7801,sale-2339,INV-2026-2339,2026-09-01 15:49:10,prod-25,Antibacterial Hand Sanitizer 500ml,Personal Care,1,3.99,1.8,3.99,1.8,2.19,54.89
item-7802,sale-2340,INV-2026-2340,2026-09-01 19:09:57,prod-27,Microfiber Facial Towels (Pack of 4),Personal Care,1,6.99,3.0,6.99,3.0,3.99,57.08
item-7803,sale-2340,INV-2026-2340,2026-09-01 19:09:57,prod-10,Organic Green Tea (Box of 50 Bags),Beverages & Drinks,1,7.99,3.8,7.99,3.8,4.19,52.44
item-7804,sale-2340,INV-2026-2340,2026-09-01 19:09:57,prod-05,A4 Premium Copy Paper 500 Sheets,Office Supplies,4,6.99,3.2,27.96,12.8,15.16,54.22
item-7805,sale-2341,INV-2026-2341,2026-09-01 15:25:56,prod-07,Heavy-Duty Desktop Stapler,Office Supplies,1,14.49,7.0,14.49,7.0,7.49,51.69
item-7806,sale-2342,INV-2026-2342,2026-09-01 14:58:22,prod-25,Antibacterial Hand Sanitizer 500ml,Personal Care,1,3.99,1.8,3.99,1.8,2.19,54.89
item-7807,sale-2343,INV-2026-2343,2026-09-01 11:44:25,prod-08,Adjustable Mesh Executive Chair,Office Supplies,1,189.99,95.0,189.99,95.0,94.99,50.0
item-7808,sale-2344,INV-2026-2344,2026-09-01 18:41:28,prod-18,High-Visibility Safety Vest,Apparel & Wearables,1,11.99,5.2,11.99,5.2,6.79,56.63
item-7809,sale-2345,INV-2026-2345,2026-09-01 13:05:02,prod-27,Microfiber Facial Towels (Pack of 4),Personal Care,1,6.99,3.0,6.99,3.0,3.99,57.08
item-7810,sale-2345,INV-2026-2345,2026-09-01 13:05:02,prod-26,Gentle Moisturizing Hand Soap 1L,Personal Care,1,5.49,2.5,5.49,2.5,2.99,54.46
item-7811,sale-2345,INV-2026-2345,2026-09-01 13:05:02,prod-06,Gel Ink Rollerball Pens (Box of 12),Office Supplies,3,9.99,4.5,29.97,13.5,16.47,54.95
item-7812,sale-2346,INV-2026-2346,2026-09-01 17:18:13,prod-25,Antibacterial Hand Sanitizer 500ml,Personal Care,1,3.99,1.8,3.99,1.8,2.19,54.89
item-7813,sale-2346,INV-2026-2346,2026-09-01 17:18:13,prod-04,4K Ultra-HD Monitor 27-inch,Electronics & Gadgets,1,299.99,180.0,299.99,180.0,119.99,40.0
item-7814,sale-2346,INV-2026-2346,2026-09-01 17:18:13,prod-27,Microfiber Facial Towels (Pack of 4),Personal Care,1,6.99,3.0,6.99,3.0,3.99,57.08
item-7815,sale-2346,INV-2026-2346,2026-09-01 17:18:13,prod-12,Natural Cold Pressed Citrus Juice 1L,Beverages & Drinks,1,4.99,2.2,4.99,2.2,2.79,55.91
item-7816,sale-2346,INV-2026-2346,2026-09-01 17:18:13,prod-01,Wireless Bluetooth Headset Pro,Electronics & Gadgets,1,89.99,45.0,89.99,45.0,44.99,49.99
item-7817,sale-2347,INV-2026-2347,2026-09-02 19:10:01,prod-26,Gentle Moisturizing Hand Soap 1L,Personal Care,1,5.49,2.5,5.49,2.5,2.99,54.46
item-7818,sale-2347,INV-2026-2347,2026-09-02 19:10:01,prod-19,Waterproof Work Gloves (Pair),Apparel & Wearables,2,6.49,2.8,12.98,5.6,7.38,56.86
item-7819,sale-2348,INV-2026-2348,2026-09-02 12:53:49,prod-05,A4 Premium Copy Paper 500 Sheets,Office Supplies,2,6.99,3.2,13.98,6.4,7.58,54.22
item-7820,sale-2348,INV-2026-2348,2026-09-02 12:53:49,prod-15,Raw Honey Jar 500g,Packaged Groceries,3,9.99,4.8,29.97,14.4,15.57,51.95
item-7821,sale-2348,INV-2026-2348,2026-09-02 12:53:49,prod-09,Arabica Whole Bean Coffee 1kg,Beverages & Drinks,1,21.99,11.0,21.99,11.0,10.99,49.98
item-7822,sale-2348,INV-2026-2348,2026-09-02 12:53:49,prod-02,Ergonomic Optical Wireless Mouse,Electronics & Gadgets,2,24.99,12.5,49.98,25.0,24.98,49.98
item-7823,sale-2349,INV-2026-2349,2026-09-02 09:53:23,prod-26,Gentle Moisturizing Hand Soap 1L,Personal Care,1,5.49,2.5,5.49,2.5,2.99,54.46
item-7824,sale-2349,INV-2026-2349,2026-09-02 09:53:23,prod-08,Adjustable Mesh Executive Chair,Office Supplies,1,189.99,95.0,189.99,95.0,94.99,50.0
item-7825,sale-2349,INV-2026-2349,2026-09-02 09:53:23,prod-09,Arabica Whole Bean Coffee 1kg,Beverages & Drinks,1,21.99,11.0,21.99,11.0,10.99,49.98
item-7826,sale-2350,INV-2026-2350,2026-09-02 19:07:28,prod-12,Natural Cold Pressed Citrus Juice 1L,Beverages & Drinks,2,4.99,2.2,9.98,4.4,5.58,55.91
item-7827,sale-2350,INV-2026-2350,2026-09-02 19:07:28,prod-07,Heavy-Duty Desktop Stapler,Office Supplies,1,14.49,7.0,14.49,7.0,7.49,51.69
item-7828,sale-2350,INV-2026-2350,2026-09-02 19:07:28,prod-06,Gel Ink Rollerball Pens (Box of 12),Office Supplies,2,9.99,4.5,19.98,9.0,10.98,54.95
item-7829,sale-2351,INV-2026-2351,2026-09-02 12:51:47,prod-06,Gel Ink Rollerball Pens (Box of 12),Office Supplies,1,9.99,4.5,9.99,4.5,5.49,54.95
item-7830,sale-2352,INV-2026-2352,2026-09-02 12:22:19,prod-10,Organic Green Tea (Box of 50 Bags),Beverages & Drinks,4,7.99,3.8,31.96,15.2,16.76,52.44
item-7831,sale-2352,INV-2026-2352,2026-09-02 12:22:19,prod-09,Arabica Whole Bean Coffee 1kg,Beverages & Drinks,2,21.99,11.0,43.98,22.0,21.98,49.98
item-7832,sale-2353,INV-2026-2353,2026-09-02 15:33:47,prod-12,Natural Cold Pressed Citrus Juice 1L,Beverages & Drinks,3,4.99,2.2,14.97,6.6,8.37,55.91
item-7833,sale-2354,INV-2026-2354,2026-09-02 14:29:06,prod-03,Mechanical RGB Gaming Keyboard,Electronics & Gadgets,2,74.99,38.0,149.98,76.0,73.98,49.33
item-7834,sale-2355,INV-2026-2355,2026-09-02 09:27:56,prod-16,Assorted Roasted Almonds 250g,Packaged Groceries,1,7.49,3.5,7.49,3.5,3.99,53.27
item-7835,sale-2355,INV-2026-2355,2026-09-02 09:27:56,prod-02,Ergonomic Optical Wireless Mouse,Electronics & Gadgets,2,24.99,12.5,49.98,25.0,24.98,49.98
item-7836,sale-2356,INV-2026-2356,2026-09-02 19:33:25,prod-14,Wholegrain Oats 1kg,Packaged Groceries,1,4.49,2.1,4.49,2.1,2.39,53.23
item-7837,sale-2357,INV-2026-2357,2026-09-02 18:31:40,prod-27,Microfiber Facial Towels (Pack of 4),Personal Care,3,6.99,3.0,20.97,9.0,11.97,57.08
item-7838,sale-2358,INV-2026-2358,2026-09-02 15:52:10,prod-02,Ergonomic Optical Wireless Mouse,Electronics & Gadgets,1,24.99,12.5,24.99,12.5,12.49,49.98
item-7839,sale-2358,INV-2026-2358,2026-09-02 15:52:10,prod-03,Mechanical RGB Gaming Keyboard,Electronics & Gadgets,6,74.99,38.0,449.94,228.0,221.94,49.33
item-7840,sale-2358,INV-2026-2358,2026-09-02 15:52:10,prod-14,Wholegrain Oats 1kg,Packaged Groceries,1,4.49,2.1,4.49,2.1,2.39,53.23
item-7841,sale-2359,INV-2026-2359,2026-09-02 11:45:32,prod-10,Organic Green Tea (Box of 50 Bags),Beverages & Drinks,1,7.99,3.8,7.99,3.8,4.19,52.44
item-7842,sale-2359,INV-2026-2359,2026-09-02 11:45:32,prod-19,Waterproof Work Gloves (Pair),Apparel & Wearables,1,6.49,2.8,6.49,2.8,3.69,56.86
item-7843,sale-2360,INV-2026-2360,2026-09-02 09:47:10,prod-26,Gentle Moisturizing Hand Soap 1L,Personal Care,1,5.49,2.5,5.49,2.5,2.99,54.46
item-7844,sale-2361,INV-2026-2361,2026-09-02 15:07:07,prod-25,Antibacterial Hand Sanitizer 500ml,Personal Care,1,3.99,1.8,3.99,1.8,2.19,54.89
item-7845,sale-2361,INV-2026-2361,2026-09-02 15:07:07,prod-09,Arabica Whole Bean Coffee 1kg,Beverages & Drinks,1,21.99,11.0,21.99,11.0,10.99,49.98
item-7846,sale-2361,INV-2026-2361,2026-09-02 15:07:07,prod-01,Wireless Bluetooth Headset Pro,Electronics & Gadgets,1,89.99,45.0,89.99,45.0,44.99,49.99
item-7847,sale-2361,INV-2026-2361,2026-09-02 15:07:07,prod-28,Electric Stainless Steel Kettle 1.7L,Home Appliances,1,27.99,14.0,27.99,14.0,13.99,49.98
item-7848,sale-2362,INV-2026-2362,2026-09-02 10:23:19,prod-01,Wireless Bluetooth Headset Pro,Electronics & Gadgets,1,89.99,45.0,89.99,45.0,44.99,49.99
item-7849,sale-2362,INV-2026-2362,2026-09-02 10:23:19,prod-19,Waterproof Work Gloves (Pair),Apparel & Wearables,1,6.49,2.8,6.49,2.8,3.69,56.86
item-7850,sale-2362,INV-2026-2362,2026-09-02 10:23:19,prod-12,Natural Cold Pressed Citrus Juice 1L,Beverages & Drinks,2,4.99,2.2,9.98,4.4,5.58,55.91
item-7851,sale-2362,INV-2026-2362,2026-09-02 10:23:19,prod-27,Microfiber Facial Towels (Pack of 4),Personal Care,1,6.99,3.0,6.99,3.0,3.99,57.08
item-7852,sale-2362,INV-2026-2362,2026-09-02 10:23:19,prod-07,Heavy-Duty Desktop Stapler,Office Supplies,1,14.49,7.0,14.49,7.0,7.49,51.69
item-7853,sale-2363,INV-2026-2363,2026-09-03 11:09:50,prod-16,Assorted Roasted Almonds 250g,Packaged Groceries,1,7.49,3.5,7.49,3.5,3.99,53.27
item-7854,sale-2364,INV-2026-2364,2026-09-03 12:11:52,prod-27,Microfiber Facial Towels (Pack of 4),Personal Care,1,6.99,3.0,6.99,3.0,3.99,57.08
item-7855,sale-2364,INV-2026-2364,2026-09-03 12:11:52,prod-14,Wholegrain Oats 1kg,Packaged Groceries,1,4.49,2.1,4.49,2.1,2.39,53.23
item-7856,sale-2364,INV-2026-2364,2026-09-03 12:11:52,prod-10,Organic Green Tea (Box of 50 Bags),Beverages & Drinks,1,7.99,3.8,7.99,3.8,4.19,52.44
item-7857,sale-2365,INV-2026-2365,2026-09-03 10:55:02,prod-15,Raw Honey Jar 500g,Packaged Groceries,1,9.99,4.8,9.99,4.8,5.19,51.95
item-7858,sale-2365,INV-2026-2365,2026-09-03 10:55:02,prod-27,Microfiber Facial Towels (Pack of 4),Personal Care,2,6.99,3.0,13.98,6.0,7.98,57.08
item-7859,sale-2366,INV-2026-2366,2026-09-03 14:50:24,prod-14,Wholegrain Oats 1kg,Packaged Groceries,1,4.49,2.1,4.49,2.1,2.39,53.23
item-7860,sale-2366,INV-2026-2366,2026-09-03 14:50:24,prod-08,Adjustable Mesh Executive Chair,Office Supplies,1,189.99,95.0,189.99,95.0,94.99,50.0
item-7861,sale-2367,INV-2026-2367,2026-09-03 11:32:40,prod-27,Microfiber Facial Towels (Pack of 4),Personal Care,1,6.99,3.0,6.99,3.0,3.99,57.08
item-7862,sale-2367,INV-2026-2367,2026-09-03 11:32:40,prod-10,Organic Green Tea (Box of 50 Bags),Beverages & Drinks,1,7.99,3.8,7.99,3.8,4.19,52.44
item-7863,sale-2367,INV-2026-2367,2026-09-03 11:32:40,prod-01,Wireless Bluetooth Headset Pro,Electronics & Gadgets,1,89.99,45.0,89.99,45.0,44.99,49.99
item-7864,sale-2368,INV-2026-2368,2026-09-03 14:05:51,prod-29,HEPA Air Purifier Desktop Size,Home Appliances,3,84.99,42.0,254.97,126.0,128.97,50.58
item-7865,sale-2368,INV-2026-2368,2026-09-03 14:05:51,prod-27,Microfiber Facial Towels (Pack of 4),Personal Care,2,6.99,3.0,13.98,6.0,7.98,57.08
item-7866,sale-2368,INV-2026-2368,2026-09-03 14:05:51,prod-06,Gel Ink Rollerball Pens (Box of 12),Office Supplies,1,9.99,4.5,9.99,4.5,5.49,54.95
item-7867,sale-2369,INV-2026-2369,2026-09-03 15:21:34,prod-25,Antibacterial Hand Sanitizer 500ml,Personal Care,1,3.99,1.8,3.99,1.8,2.19,54.89
item-7868,sale-2369,INV-2026-2369,2026-09-03 15:21:34,prod-13,Organic Extra Virgin Olive Oil 750ml,Packaged Groceries,1,14.99,7.5,14.99,7.5,7.49,49.97
item-7869,sale-2370,INV-2026-2370,2026-09-03 19:05:55,prod-06,Gel Ink Rollerball Pens (Box of 12),Office Supplies,2,9.99,4.5,19.98,9.0,10.98,54.95
item-7870,sale-2370,INV-2026-2370,2026-09-03 19:05:55,prod-26,Gentle Moisturizing Hand Soap 1L,Personal Care,2,5.49,2.5,10.98,5.0,5.98,54.46
item-7871,sale-2371,INV-2026-2371,2026-09-03 13:35:41,prod-17,100% Cotton Polo Shirt (Medium),Apparel & Wearables,1,19.99,9.0,19.99,9.0,10.99,54.98
item-7872,sale-2372,INV-2026-2372,2026-09-03 18:34:36,prod-15,Raw Honey Jar 500g,Packaged Groceries,1,9.99,4.8,9.99,4.8,5.19,51.95
item-7873,sale-2373,INV-2026-2373,2026-09-03 16:32:57,prod-03,Mechanical RGB Gaming Keyboard,Electronics & Gadgets,1,74.99,38.0,74.99,38.0,36.99,49.33
item-7874,sale-2373,INV-2026-2373,2026-09-03 16:32:57,prod-12,Natural Cold Pressed Citrus Juice 1L,Beverages & Drinks,6,4.99,2.2,29.94,13.2,16.74,55.91
item-7875,sale-2374,INV-2026-2374,2026-09-04 09:17:50,prod-20,Breathable Fleece Jacket (Large),Apparel & Wearables,1,44.99,22.0,44.99,22.0,22.99,51.1
item-7876,sale-2374,INV-2026-2374,2026-09-04 09:17:50,prod-09,Arabica Whole Bean Coffee 1kg,Beverages & Drinks,6,21.99,11.0,131.94,66.0,65.94,49.98
item-7877,sale-2375,INV-2026-2375,2026-09-04 17:38:20,prod-12,Natural Cold Pressed Citrus Juice 1L,Beverages & Drinks,2,4.99,2.2,9.98,4.4,5.58,55.91
item-7878,sale-2376,INV-2026-2376,2026-09-04 09:21:27,prod-25,Antibacterial Hand Sanitizer 500ml,Personal Care,1,3.99,1.8,3.99,1.8,2.19,54.89
item-7879,sale-2377,INV-2026-2377,2026-09-04 13:05:07,prod-02,Ergonomic Optical Wireless Mouse,Electronics & Gadgets,1,24.99,12.5,24.99,12.5,12.49,49.98
item-7880,sale-2378,INV-2026-2378,2026-09-04 11:16:49,prod-20,Breathable Fleece Jacket (Large),Apparel & Wearables,1,44.99,22.0,44.99,22.0,22.99,51.1
item-7881,sale-2378,INV-2026-2378,2026-09-04 11:16:49,prod-07,Heavy-Duty Desktop Stapler,Office Supplies,1,14.49,7.0,14.49,7.0,7.49,51.69
item-7882,sale-2378,INV-2026-2378,2026-09-04 11:16:49,prod-02,Ergonomic Optical Wireless Mouse,Electronics & Gadgets,1,24.99,12.5,24.99,12.5,12.49,49.98
item-7883,sale-2378,INV-2026-2378,2026-09-04 11:16:49,prod-17,100% Cotton Polo Shirt (Medium),Apparel & Wearables,2,19.99,9.0,39.98,18.0,21.98,54.98
item-7884,sale-2379,INV-2026-2379,2026-09-04 09:39:20,prod-05,A4 Premium Copy Paper 500 Sheets,Office Supplies,1,6.99,3.2,6.99,3.2,3.79,54.22
item-7885,sale-2379,INV-2026-2379,2026-09-04 09:39:20,prod-17,100% Cotton Polo Shirt (Medium),Apparel & Wearables,1,19.99,9.0,19.99,9.0,10.99,54.98
item-7886,sale-2379,INV-2026-2379,2026-09-04 09:39:20,prod-12,Natural Cold Pressed Citrus Juice 1L,Beverages & Drinks,1,4.99,2.2,4.99,2.2,2.79,55.91
item-7887,sale-2379,INV-2026-2379,2026-09-04 09:39:20,prod-07,Heavy-Duty Desktop Stapler,Office Supplies,1,14.49,7.0,14.49,7.0,7.49,51.69
item-7888,sale-2379,INV-2026-2379,2026-09-04 09:39:20,prod-25,Antibacterial Hand Sanitizer 500ml,Personal Care,1,3.99,1.8,3.99,1.8,2.19,54.89
item-7889,sale-2380,INV-2026-2380,2026-09-04 10:20:09,prod-06,Gel Ink Rollerball Pens (Box of 12),Office Supplies,1,9.99,4.5,9.99,4.5,5.49,54.95
item-7890,sale-2380,INV-2026-2380,2026-09-04 10:20:09,prod-20,Breathable Fleece Jacket (Large),Apparel & Wearables,1,44.99,22.0,44.99,22.0,22.99,51.1
item-7891,sale-2380,INV-2026-2380,2026-09-04 10:20:09,prod-11,Sparkling Mineral Water 500ml (Pack 12),Beverages & Drinks,1,12.99,6.0,12.99,6.0,6.99,53.81
item-7892,sale-2381,INV-2026-2381,2026-09-04 10:03:12,prod-09,Arabica Whole Bean Coffee 1kg,Beverages & Drinks,2,21.99,11.0,43.98,22.0,21.98,49.98
item-7893,sale-2382,INV-2026-2382,2026-09-04 17:48:32,prod-09,Arabica Whole Bean Coffee 1kg,Beverages & Drinks,1,21.99,11.0,21.99,11.0,10.99,49.98
item-7894,sale-2382,INV-2026-2382,2026-09-04 17:48:32,prod-13,Organic Extra Virgin Olive Oil 750ml,Packaged Groceries,1,14.99,7.5,14.99,7.5,7.49,49.97
item-7895,sale-2383,INV-2026-2383,2026-09-04 16:35:26,prod-26,Gentle Moisturizing Hand Soap 1L,Personal Care,1,5.49,2.5,5.49,2.5,2.99,54.46
item-7896,sale-2384,INV-2026-2384,2026-09-04 09:17:35,prod-09,Arabica Whole Bean Coffee 1kg,Beverages & Drinks,1,21.99,11.0,21.99,11.0,10.99,49.98
item-7897,sale-2385,INV-2026-2385,2026-09-05 17:41:50,prod-19,Waterproof Work Gloves (Pair),Apparel & Wearables,1,6.49,2.8,6.49,2.8,3.69,56.86
item-7898,sale-2386,INV-2026-2386,2026-09-05 19:32:13,prod-16,Assorted Roasted Almonds 250g,Packaged Groceries,1,7.49,3.5,7.49,3.5,3.99,53.27
item-7899,sale-2386,INV-2026-2386,2026-09-05 19:32:13,prod-07,Heavy-Duty Desktop Stapler,Office Supplies,1,14.49,7.0,14.49,7.0,7.49,51.69
item-7900,sale-2386,INV-2026-2386,2026-09-05 19:32:13,prod-19,Waterproof Work Gloves (Pair),Apparel & Wearables,1,6.49,2.8,6.49,2.8,3.69,56.86
item-7901,sale-2387,INV-2026-2387,2026-09-05 11:50:15,prod-17,100% Cotton Polo Shirt (Medium),Apparel & Wearables,3,19.99,9.0,59.97,27.0,32.97,54.98
item-7902,sale-2388,INV-2026-2388,2026-09-05 09:52:29,prod-17,100% Cotton Polo Shirt (Medium),Apparel & Wearables,1,19.99,9.0,19.99,9.0,10.99,54.98
item-7903,sale-2388,INV-2026-2388,2026-09-05 09:52:29,prod-11,Sparkling Mineral Water 500ml (Pack 12),Beverages & Drinks,3,12.99,6.0,38.97,18.0,20.97,53.81
item-7904,sale-2388,INV-2026-2388,2026-09-05 09:52:29,prod-06,Gel Ink Rollerball Pens (Box of 12),Office Supplies,1,9.99,4.5,9.99,4.5,5.49,54.95
item-7905,sale-2388,INV-2026-2388,2026-09-05 09:52:29,prod-07,Heavy-Duty Desktop Stapler,Office Supplies,1,14.49,7.0,14.49,7.0,7.49,51.69
item-7906,sale-2388,INV-2026-2388,2026-09-05 09:52:29,prod-13,Organic Extra Virgin Olive Oil 750ml,Packaged Groceries,1,14.99,7.5,14.99,7.5,7.49,49.97
item-7907,sale-2389,INV-2026-2389,2026-09-05 11:00:03,prod-19,Waterproof Work Gloves (Pair),Apparel & Wearables,2,6.49,2.8,12.98,5.6,7.38,56.86
item-7908,sale-2389,INV-2026-2389,2026-09-05 11:00:03,prod-18,High-Visibility Safety Vest,Apparel & Wearables,1,11.99,5.2,11.99,5.2,6.79,56.63
item-7909,sale-2389,INV-2026-2389,2026-09-05 11:00:03,prod-10,Organic Green Tea (Box of 50 Bags),Beverages & Drinks,3,7.99,3.8,23.97,11.4,12.57,52.44
item-7910,sale-2390,INV-2026-2390,2026-09-05 19:24:22,prod-11,Sparkling Mineral Water 500ml (Pack 12),Beverages & Drinks,2,12.99,6.0,25.98,12.0,13.98,53.81
item-7911,sale-2390,INV-2026-2390,2026-09-05 19:24:22,prod-14,Wholegrain Oats 1kg,Packaged Groceries,1,4.49,2.1,4.49,2.1,2.39,53.23
item-7912,sale-2391,INV-2026-2391,2026-09-05 13:02:10,prod-12,Natural Cold Pressed Citrus Juice 1L,Beverages & Drinks,1,4.99,2.2,4.99,2.2,2.79,55.91
item-7913,sale-2391,INV-2026-2391,2026-09-05 13:02:10,prod-10,Organic Green Tea (Box of 50 Bags),Beverages & Drinks,1,7.99,3.8,7.99,3.8,4.19,52.44
item-7914,sale-2391,INV-2026-2391,2026-09-05 13:02:10,prod-05,A4 Premium Copy Paper 500 Sheets,Office Supplies,1,6.99,3.2,6.99,3.2,3.79,54.22
item-7915,sale-2392,INV-2026-2392,2026-09-05 15:44:07,prod-12,Natural Cold Pressed Citrus Juice 1L,Beverages & Drinks,1,4.99,2.2,4.99,2.2,2.79,55.91
item-7916,sale-2392,INV-2026-2392,2026-09-05 15:44:07,prod-27,Microfiber Facial Towels (Pack of 4),Personal Care,2,6.99,3.0,13.98,6.0,7.98,57.08
item-7917,sale-2393,INV-2026-2393,2026-09-05 15:13:39,prod-11,Sparkling Mineral Water 500ml (Pack 12),Beverages & Drinks,1,12.99,6.0,12.99,6.0,6.99,53.81
item-7918,sale-2394,INV-2026-2394,2026-09-05 14:40:16,prod-25,Antibacterial Hand Sanitizer 500ml,Personal Care,1,3.99,1.8,3.99,1.8,2.19,54.89
item-7919,sale-2394,INV-2026-2394,2026-09-05 14:40:16,prod-02,Ergonomic Optical Wireless Mouse,Electronics & Gadgets,3,24.99,12.5,74.97,37.5,37.47,49.98
item-7920,sale-2395,INV-2026-2395,2026-09-05 19:20:21,prod-19,Waterproof Work Gloves (Pair),Apparel & Wearables,1,6.49,2.8,6.49,2.8,3.69,56.86
item-7921,sale-2396,INV-2026-2396,2026-09-05 11:41:59,prod-05,A4 Premium Copy Paper 500 Sheets,Office Supplies,1,6.99,3.2,6.99,3.2,3.79,54.22
item-7922,sale-2396,INV-2026-2396,2026-09-05 11:41:59,prod-16,Assorted Roasted Almonds 250g,Packaged Groceries,1,7.49,3.5,7.49,3.5,3.99,53.27
item-7923,sale-2396,INV-2026-2396,2026-09-05 11:41:59,prod-27,Microfiber Facial Towels (Pack of 4),Personal Care,2,6.99,3.0,13.98,6.0,7.98,57.08
item-7924,sale-2397,INV-2026-2397,2026-09-06 19:11:26,prod-25,Antibacterial Hand Sanitizer 500ml,Personal Care,2,3.99,1.8,7.98,3.6,4.38,54.89
item-7925,sale-2397,INV-2026-2397,2026-09-06 19:11:26,prod-30,Compact Digital Microwave Oven 20L,Home Appliances,3,114.99,58.0,344.97,174.0,170.97,49.56
item-7926,sale-2397,INV-2026-2397,2026-09-06 19:11:26,prod-01,Wireless Bluetooth Headset Pro,Electronics & Gadgets,1,89.99,45.0,89.99,45.0,44.99,49.99
item-7927,sale-2397,INV-2026-2397,2026-09-06 19:11:26,prod-04,4K Ultra-HD Monitor 27-inch,Electronics & Gadgets,1,299.99,180.0,299.99,180.0,119.99,40.0
item-7928,sale-2398,INV-2026-2398,2026-09-06 17:05:50,prod-02,Ergonomic Optical Wireless Mouse,Electronics & Gadgets,1,24.99,12.5,24.99,12.5,12.49,49.98
item-7929,sale-2398,INV-2026-2398,2026-09-06 17:05:50,prod-10,Organic Green Tea (Box of 50 Bags),Beverages & Drinks,2,7.99,3.8,15.98,7.6,8.38,52.44
item-7930,sale-2398,INV-2026-2398,2026-09-06 17:05:50,prod-14,Wholegrain Oats 1kg,Packaged Groceries,1,4.49,2.1,4.49,2.1,2.39,53.23
item-7931,sale-2399,INV-2026-2399,2026-09-06 19:28:43,prod-17,100% Cotton Polo Shirt (Medium),Apparel & Wearables,2,19.99,9.0,39.98,18.0,21.98,54.98
item-7932,sale-2399,INV-2026-2399,2026-09-06 19:28:43,prod-15,Raw Honey Jar 500g,Packaged Groceries,1,9.99,4.8,9.99,4.8,5.19,51.95
item-7933,sale-2400,INV-2026-2400,2026-09-06 14:24:11,prod-05,A4 Premium Copy Paper 500 Sheets,Office Supplies,1,6.99,3.2,6.99,3.2,3.79,54.22
item-7934,sale-2401,INV-2026-2401,2026-09-06 14:59:12,prod-25,Antibacterial Hand Sanitizer 500ml,Personal Care,2,3.99,1.8,7.98,3.6,4.38,54.89
item-7935,sale-2401,INV-2026-2401,2026-09-06 14:59:12,prod-21,20V Cordless Power Drill Set,Hardware & Tools,1,109.99,55.0,109.99,55.0,54.99,50.0
item-7936,sale-2402,INV-2026-2402,2026-09-06 19:58:45,prod-11,Sparkling Mineral Water 500ml (Pack 12),Beverages & Drinks,1,12.99,6.0,12.99,6.0,6.99,53.81
item-7937,sale-2402,INV-2026-2402,2026-09-06 19:58:45,prod-06,Gel Ink Rollerball Pens (Box of 12),Office Supplies,1,9.99,4.5,9.99,4.5,5.49,54.95
item-7938,sale-2403,INV-2026-2403,2026-09-06 12:14:31,prod-05,A4 Premium Copy Paper 500 Sheets,Office Supplies,2,6.99,3.2,13.98,6.4,7.58,54.22
item-7939,sale-2403,INV-2026-2403,2026-09-06 12:14:31,prod-02,Ergonomic Optical Wireless Mouse,Electronics & Gadgets,4,24.99,12.5,99.96,50.0,49.96,49.98
item-7940,sale-2403,INV-2026-2403,2026-09-06 12:14:31,prod-24,Heavy-Duty Steel Measuring Tape 8m,Hardware & Tools,1,7.99,3.5,7.99,3.5,4.49,56.2
item-7941,sale-2403,INV-2026-2403,2026-09-06 12:14:31,prod-07,Heavy-Duty Desktop Stapler,Office Supplies,2,14.49,7.0,28.98,14.0,14.98,51.69
item-7942,sale-2403,INV-2026-2403,2026-09-06 12:14:31,prod-25,Antibacterial Hand Sanitizer 500ml,Personal Care,1,3.99,1.8,3.99,1.8,2.19,54.89
item-7943,sale-2404,INV-2026-2404,2026-09-06 18:13:00,prod-12,Natural Cold Pressed Citrus Juice 1L,Beverages & Drinks,1,4.99,2.2,4.99,2.2,2.79,55.91
item-7944,sale-2404,INV-2026-2404,2026-09-06 18:13:00,prod-06,Gel Ink Rollerball Pens (Box of 12),Office Supplies,1,9.99,4.5,9.99,4.5,5.49,54.95
item-7945,sale-2405,INV-2026-2405,2026-09-06 13:36:32,prod-22,Professional Precision Screwdriver Kit,Hardware & Tools,2,17.99,8.5,35.98,17.0,18.98,52.75
item-7946,sale-2405,INV-2026-2405,2026-09-06 13:36:32,prod-19,Waterproof Work Gloves (Pair),Apparel & Wearables,1,6.49,2.8,6.49,2.8,3.69,56.86
item-7947,sale-2405,INV-2026-2405,2026-09-06 13:36:32,prod-04,4K Ultra-HD Monitor 27-inch,Electronics & Gadgets,3,299.99,180.0,899.97,540.0,359.97,40.0
item-7948,sale-2406,INV-2026-2406,2026-09-06 18:43:43,prod-02,Ergonomic Optical Wireless Mouse,Electronics & Gadgets,1,24.99,12.5,24.99,12.5,12.49,49.98
item-7949,sale-2406,INV-2026-2406,2026-09-06 18:43:43,prod-25,Antibacterial Hand Sanitizer 500ml,Personal Care,1,3.99,1.8,3.99,1.8,2.19,54.89
item-7950,sale-2406,INV-2026-2406,2026-09-06 18:43:43,prod-01,Wireless Bluetooth Headset Pro,Electronics & Gadgets,2,89.99,45.0,179.98,90.0,89.98,49.99
item-7951,sale-2406,INV-2026-2406,2026-09-06 18:43:43,prod-10,Organic Green Tea (Box of 50 Bags),Beverages & Drinks,1,7.99,3.8,7.99,3.8,4.19,52.44
item-7952,sale-2407,INV-2026-2407,2026-09-06 10:08:16,prod-17,100% Cotton Polo Shirt (Medium),Apparel & Wearables,2,19.99,9.0,39.98,18.0,21.98,54.98
item-7953,sale-2408,INV-2026-2408,2026-09-06 13:12:54,prod-21,20V Cordless Power Drill Set,Hardware & Tools,1,109.99,55.0,109.99,55.0,54.99,50.0
item-7954,sale-2408,INV-2026-2408,2026-09-06 13:12:54,prod-19,Waterproof Work Gloves (Pair),Apparel & Wearables,1,6.49,2.8,6.49,2.8,3.69,56.86
item-7955,sale-2408,INV-2026-2408,2026-09-06 13:12:54,prod-11,Sparkling Mineral Water 500ml (Pack 12),Beverages & Drinks,2,12.99,6.0,25.98,12.0,13.98,53.81
item-7956,sale-2408,INV-2026-2408,2026-09-06 13:12:54,prod-01,Wireless Bluetooth Headset Pro,Electronics & Gadgets,1,89.99,45.0,89.99,45.0,44.99,49.99
item-7957,sale-2409,INV-2026-2409,2026-09-07 19:35:56,prod-06,Gel Ink Rollerball Pens (Box of 12),Office Supplies,3,9.99,4.5,29.97,13.5,16.47,54.95
item-7958,sale-2410,INV-2026-2410,2026-09-07 14:27:54,prod-26,Gentle Moisturizing Hand Soap 1L,Personal Care,1,5.49,2.5,5.49,2.5,2.99,54.46
item-7959,sale-2410,INV-2026-2410,2026-09-07 14:27:54,prod-05,A4 Premium Copy Paper 500 Sheets,Office Supplies,1,6.99,3.2,6.99,3.2,3.79,54.22
item-7960,sale-2410,INV-2026-2410,2026-09-07 14:27:54,prod-29,HEPA Air Purifier Desktop Size,Home Appliances,6,84.99,42.0,509.94,252.0,257.94,50.58
item-7961,sale-2411,INV-2026-2411,2026-09-07 16:31:23,prod-19,Waterproof Work Gloves (Pair),Apparel & Wearables,1,6.49,2.8,6.49,2.8,3.69,56.86
item-7962,sale-2412,INV-2026-2412,2026-09-07 15:34:28,prod-26,Gentle Moisturizing Hand Soap 1L,Personal Care,2,5.49,2.5,10.98,5.0,5.98,54.46
item-7963,sale-2412,INV-2026-2412,2026-09-07 15:34:28,prod-09,Arabica Whole Bean Coffee 1kg,Beverages & Drinks,1,21.99,11.0,21.99,11.0,10.99,49.98
item-7964,sale-2413,INV-2026-2413,2026-09-07 18:51:01,prod-10,Organic Green Tea (Box of 50 Bags),Beverages & Drinks,1,7.99,3.8,7.99,3.8,4.19,52.44
item-7965,sale-2413,INV-2026-2413,2026-09-07 18:51:01,prod-06,Gel Ink Rollerball Pens (Box of 12),Office Supplies,1,9.99,4.5,9.99,4.5,5.49,54.95
item-7966,sale-2414,INV-2026-2414,2026-09-07 12:12:10,prod-11,Sparkling Mineral Water 500ml (Pack 12),Beverages & Drinks,2,12.99,6.0,25.98,12.0,13.98,53.81
item-7967,sale-2414,INV-2026-2414,2026-09-07 12:12:10,prod-07,Heavy-Duty Desktop Stapler,Office Supplies,6,14.49,7.0,86.94,42.0,44.94,51.69
item-7968,sale-2414,INV-2026-2414,2026-09-07 12:12:10,prod-12,Natural Cold Pressed Citrus Juice 1L,Beverages & Drinks,1,4.99,2.2,4.99,2.2,2.79,55.91
item-7969,sale-2414,INV-2026-2414,2026-09-07 12:12:10,prod-09,Arabica Whole Bean Coffee 1kg,Beverages & Drinks,3,21.99,11.0,65.97,33.0,32.97,49.98
item-7970,sale-2415,INV-2026-2415,2026-09-07 15:51:01,prod-05,A4 Premium Copy Paper 500 Sheets,Office Supplies,1,6.99,3.2,6.99,3.2,3.79,54.22
item-7971,sale-2415,INV-2026-2415,2026-09-07 15:51:01,prod-20,Breathable Fleece Jacket (Large),Apparel & Wearables,2,44.99,22.0,89.98,44.0,45.98,51.1
item-7972,sale-2416,INV-2026-2416,2026-09-07 12:06:30,prod-12,Natural Cold Pressed Citrus Juice 1L,Beverages & Drinks,2,4.99,2.2,9.98,4.4,5.58,55.91
item-7973,sale-2416,INV-2026-2416,2026-09-07 12:06:30,prod-26,Gentle Moisturizing Hand Soap 1L,Personal Care,1,5.49,2.5,5.49,2.5,2.99,54.46
item-7974,sale-2416,INV-2026-2416,2026-09-07 12:06:30,prod-24,Heavy-Duty Steel Measuring Tape 8m,Hardware & Tools,6,7.99,3.5,47.94,21.0,26.94,56.2
item-7975,sale-2416,INV-2026-2416,2026-09-07 12:06:30,prod-14,Wholegrain Oats 1kg,Packaged Groceries,2,4.49,2.1,8.98,4.2,4.78,53.23
item-7976,sale-2417,INV-2026-2417,2026-09-07 17:50:15,prod-10,Organic Green Tea (Box of 50 Bags),Beverages & Drinks,2,7.99,3.8,15.98,7.6,8.38,52.44
item-7977,sale-2418,INV-2026-2418,2026-09-07 10:40:28,prod-01,Wireless Bluetooth Headset Pro,Electronics & Gadgets,1,89.99,45.0,89.99,45.0,44.99,49.99
item-7978,sale-2419,INV-2026-2419,2026-09-08 15:20:56,prod-12,Natural Cold Pressed Citrus Juice 1L,Beverages & Drinks,1,4.99,2.2,4.99,2.2,2.79,55.91
item-7979,sale-2420,INV-2026-2420,2026-09-08 16:03:19,prod-20,Breathable Fleece Jacket (Large),Apparel & Wearables,1,44.99,22.0,44.99,22.0,22.99,51.1
item-7980,sale-2421,INV-2026-2421,2026-09-08 09:35:03,prod-09,Arabica Whole Bean Coffee 1kg,Beverages & Drinks,1,21.99,11.0,21.99,11.0,10.99,49.98
item-7981,sale-2422,INV-2026-2422,2026-09-08 15:14:55,prod-05,A4 Premium Copy Paper 500 Sheets,Office Supplies,1,6.99,3.2,6.99,3.2,3.79,54.22
item-7982,sale-2423,INV-2026-2423,2026-09-08 15:29:50,prod-24,Heavy-Duty Steel Measuring Tape 8m,Hardware & Tools,1,7.99,3.5,7.99,3.5,4.49,56.2
item-7983,sale-2423,INV-2026-2423,2026-09-08 15:29:50,prod-22,Professional Precision Screwdriver Kit,Hardware & Tools,2,17.99,8.5,35.98,17.0,18.98,52.75
item-7984,sale-2423,INV-2026-2423,2026-09-08 15:29:50,prod-18,High-Visibility Safety Vest,Apparel & Wearables,1,11.99,5.2,11.99,5.2,6.79,56.63
item-7985,sale-2424,INV-2026-2424,2026-09-08 19:43:50,prod-24,Heavy-Duty Steel Measuring Tape 8m,Hardware & Tools,1,7.99,3.5,7.99,3.5,4.49,56.2
item-7986,sale-2424,INV-2026-2424,2026-09-08 19:43:50,prod-14,Wholegrain Oats 1kg,Packaged Groceries,1,4.49,2.1,4.49,2.1,2.39,53.23
item-7987,sale-2425,INV-2026-2425,2026-09-08 10:06:00,prod-21,20V Cordless Power Drill Set,Hardware & Tools,1,109.99,55.0,109.99,55.0,54.99,50.0
item-7988,sale-2425,INV-2026-2425,2026-09-08 10:06:00,prod-26,Gentle Moisturizing Hand Soap 1L,Personal Care,2,5.49,2.5,10.98,5.0,5.98,54.46
item-7989,sale-2426,INV-2026-2426,2026-09-08 12:57:36,prod-26,Gentle Moisturizing Hand Soap 1L,Personal Care,1,5.49,2.5,5.49,2.5,2.99,54.46
item-7990,sale-2426,INV-2026-2426,2026-09-08 12:57:36,prod-15,Raw Honey Jar 500g,Packaged Groceries,1,9.99,4.8,9.99,4.8,5.19,51.95
item-7991,sale-2427,INV-2026-2427,2026-09-08 16:46:39,prod-28,Electric Stainless Steel Kettle 1.7L,Home Appliances,1,27.99,14.0,27.99,14.0,13.99,49.98
item-7992,sale-2427,INV-2026-2427,2026-09-08 16:46:39,prod-02,Ergonomic Optical Wireless Mouse,Electronics & Gadgets,2,24.99,12.5,49.98,25.0,24.98,49.98
item-7993,sale-2427,INV-2026-2427,2026-09-08 16:46:39,prod-26,Gentle Moisturizing Hand Soap 1L,Personal Care,1,5.49,2.5,5.49,2.5,2.99,54.46
item-7994,sale-2428,INV-2026-2428,2026-09-08 09:08:19,prod-24,Heavy-Duty Steel Measuring Tape 8m,Hardware & Tools,2,7.99,3.5,15.98,7.0,8.98,56.2
item-7995,sale-2429,INV-2026-2429,2026-09-08 17:49:09,prod-09,Arabica Whole Bean Coffee 1kg,Beverages & Drinks,3,21.99,11.0,65.97,33.0,32.97,49.98
item-7996,sale-2430,INV-2026-2430,2026-09-08 14:00:33,prod-26,Gentle Moisturizing Hand Soap 1L,Personal Care,1,5.49,2.5,5.49,2.5,2.99,54.46
item-7997,sale-2431,INV-2026-2431,2026-09-08 17:52:53,prod-27,Microfiber Facial Towels (Pack of 4),Personal Care,1,6.99,3.0,6.99,3.0,3.99,57.08
item-7998,sale-2431,INV-2026-2431,2026-09-08 17:52:53,prod-20,Breathable Fleece Jacket (Large),Apparel & Wearables,2,44.99,22.0,89.98,44.0,45.98,51.1
item-7999,sale-2432,INV-2026-2432,2026-09-08 12:40:58,prod-09,Arabica Whole Bean Coffee 1kg,Beverages & Drinks,6,21.99,11.0,131.94,66.0,65.94,49.98
item-8000,sale-2433,INV-2026-2433,2026-09-09 16:44:44,prod-02,Ergonomic Optical Wireless Mouse,Electronics & Gadgets,1,24.99,12.5,24.99,12.5,12.49,49.98
item-8001,sale-2434,INV-2026-2434,2026-09-09 18:21:39,prod-24,Heavy-Duty Steel Measuring Tape 8m,Hardware & Tools,3,7.99,3.5,23.97,10.5,13.47,56.2
item-8002,sale-2434,INV-2026-2434,2026-09-09 18:21:39,prod-15,Raw Honey Jar 500g,Packaged Groceries,1,9.99,4.8,9.99,4.8,5.19,51.95
item-8003,sale-2435,INV-2026-2435,2026-09-09 09:31:14,prod-07,Heavy-Duty Desktop Stapler,Office Supplies,1,14.49,7.0,14.49,7.0,7.49,51.69
item-8004,sale-2436,INV-2026-2436,2026-09-09 16:39:13,prod-27,Microfiber Facial Towels (Pack of 4),Personal Care,1,6.99,3.0,6.99,3.0,3.99,57.08
item-8005,sale-2437,INV-2026-2437,2026-09-09 15:13:25,prod-12,Natural Cold Pressed Citrus Juice 1L,Beverages & Drinks,1,4.99,2.2,4.99,2.2,2.79,55.91
item-8006,sale-2437,INV-2026-2437,2026-09-09 15:13:25,prod-29,HEPA Air Purifier Desktop Size,Home Appliances,2,84.99,42.0,169.98,84.0,85.98,50.58
item-8007,sale-2437,INV-2026-2437,2026-09-09 15:13:25,prod-15,Raw Honey Jar 500g,Packaged Groceries,3,9.99,4.8,29.97,14.4,15.57,51.95
item-8008,sale-2437,INV-2026-2437,2026-09-09 15:13:25,prod-27,Microfiber Facial Towels (Pack of 4),Personal Care,1,6.99,3.0,6.99,3.0,3.99,57.08
item-8009,sale-2438,INV-2026-2438,2026-09-09 14:01:35,prod-12,Natural Cold Pressed Citrus Juice 1L,Beverages & Drinks,4,4.99,2.2,19.96,8.8,11.16,55.91
item-8010,sale-2439,INV-2026-2439,2026-09-09 18:58:48,prod-15,Raw Honey Jar 500g,Packaged Groceries,1,9.99,4.8,9.99,4.8,5.19,51.95
item-8011,sale-2439,INV-2026-2439,2026-09-09 18:58:48,prod-05,A4 Premium Copy Paper 500 Sheets,Office Supplies,2,6.99,3.2,13.98,6.4,7.58,54.22
item-8012,sale-2440,INV-2026-2440,2026-09-09 11:14:56,prod-18,High-Visibility Safety Vest,Apparel & Wearables,3,11.99,5.2,35.97,15.6,20.37,56.63
item-8013,sale-2441,INV-2026-2441,2026-09-09 12:11:12,prod-19,Waterproof Work Gloves (Pair),Apparel & Wearables,1,6.49,2.8,6.49,2.8,3.69,56.86
item-8014,sale-2442,INV-2026-2442,2026-09-09 09:53:43,prod-05,A4 Premium Copy Paper 500 Sheets,Office Supplies,1,6.99,3.2,6.99,3.2,3.79,54.22
item-8015,sale-2442,INV-2026-2442,2026-09-09 09:53:43,prod-22,Professional Precision Screwdriver Kit,Hardware & Tools,1,17.99,8.5,17.99,8.5,9.49,52.75
item-8016,sale-2443,INV-2026-2443,2026-09-09 12:19:29,prod-05,A4 Premium Copy Paper 500 Sheets,Office Supplies,1,6.99,3.2,6.99,3.2,3.79,54.22
item-8017,sale-2443,INV-2026-2443,2026-09-09 12:19:29,prod-23,Digital Laser Distance Meter 50m,Hardware & Tools,2,36.99,18.0,73.98,36.0,37.98,51.34
item-8018,sale-2444,INV-2026-2444,2026-09-10 17:51:39,prod-20,Breathable Fleece Jacket (Large),Apparel & Wearables,1,44.99,22.0,44.99,22.0,22.99,51.1
item-8019,sale-2445,INV-2026-2445,2026-09-10 11:50:12,prod-07,Heavy-Duty Desktop Stapler,Office Supplies,1,14.49,7.0,14.49,7.0,7.49,51.69
item-8020,sale-2445,INV-2026-2445,2026-09-10 11:50:12,prod-23,Digital Laser Distance Meter 50m,Hardware & Tools,3,36.99,18.0,110.97,54.0,56.97,51.34
item-8021,sale-2446,INV-2026-2446,2026-09-10 15:40:15,prod-06,Gel Ink Rollerball Pens (Box of 12),Office Supplies,2,9.99,4.5,19.98,9.0,10.98,54.95
item-8022,sale-2446,INV-2026-2446,2026-09-10 15:40:15,prod-18,High-Visibility Safety Vest,Apparel & Wearables,2,11.99,5.2,23.98,10.4,13.58,56.63
item-8023,sale-2446,INV-2026-2446,2026-09-10 15:40:15,prod-03,Mechanical RGB Gaming Keyboard,Electronics & Gadgets,2,74.99,38.0,149.98,76.0,73.98,49.33
item-8024,sale-2446,INV-2026-2446,2026-09-10 15:40:15,prod-11,Sparkling Mineral Water 500ml (Pack 12),Beverages & Drinks,1,12.99,6.0,12.99,6.0,6.99,53.81
item-8025,sale-2447,INV-2026-2447,2026-09-10 17:18:50,prod-03,Mechanical RGB Gaming Keyboard,Electronics & Gadgets,2,74.99,38.0,149.98,76.0,73.98,49.33
item-8026,sale-2448,INV-2026-2448,2026-09-10 13:55:08,prod-21,20V Cordless Power Drill Set,Hardware & Tools,1,109.99,55.0,109.99,55.0,54.99,50.0
item-8027,sale-2448,INV-2026-2448,2026-09-10 13:55:08,prod-07,Heavy-Duty Desktop Stapler,Office Supplies,1,14.49,7.0,14.49,7.0,7.49,51.69
item-8028,sale-2449,INV-2026-2449,2026-09-10 10:50:30,prod-10,Organic Green Tea (Box of 50 Bags),Beverages & Drinks,2,7.99,3.8,15.98,7.6,8.38,52.44
item-8029,sale-2450,INV-2026-2450,2026-09-10 15:48:56,prod-14,Wholegrain Oats 1kg,Packaged Groceries,1,4.49,2.1,4.49,2.1,2.39,53.23
item-8030,sale-2450,INV-2026-2450,2026-09-10 15:48:56,prod-13,Organic Extra Virgin Olive Oil 750ml,Packaged Groceries,4,14.99,7.5,59.96,30.0,29.96,49.97
item-8031,sale-2450,INV-2026-2450,2026-09-10 15:48:56,prod-01,Wireless Bluetooth Headset Pro,Electronics & Gadgets,1,89.99,45.0,89.99,45.0,44.99,49.99
item-8032,sale-2450,INV-2026-2450,2026-09-10 15:48:56,prod-26,Gentle Moisturizing Hand Soap 1L,Personal Care,1,5.49,2.5,5.49,2.5,2.99,54.46
item-8033,sale-2451,INV-2026-2451,2026-09-10 16:11:20,prod-01,Wireless Bluetooth Headset Pro,Electronics & Gadgets,1,89.99,45.0,89.99,45.0,44.99,49.99
item-8034,sale-2451,INV-2026-2451,2026-09-10 16:11:20,prod-17,100% Cotton Polo Shirt (Medium),Apparel & Wearables,2,19.99,9.0,39.98,18.0,21.98,54.98
item-8035,sale-2451,INV-2026-2451,2026-09-10 16:11:20,prod-15,Raw Honey Jar 500g,Packaged Groceries,2,9.99,4.8,19.98,9.6,10.38,51.95
item-8036,sale-2451,INV-2026-2451,2026-09-10 16:11:20,prod-06,Gel Ink Rollerball Pens (Box of 12),Office Supplies,1,9.99,4.5,9.99,4.5,5.49,54.95
item-8037,sale-2452,INV-2026-2452,2026-09-10 16:30:17,prod-05,A4 Premium Copy Paper 500 Sheets,Office Supplies,1,6.99,3.2,6.99,3.2,3.79,54.22
item-8038,sale-2452,INV-2026-2452,2026-09-10 16:30:17,prod-07,Heavy-Duty Desktop Stapler,Office Supplies,6,14.49,7.0,86.94,42.0,44.94,51.69
item-8039,sale-2452,INV-2026-2452,2026-09-10 16:30:17,prod-08,Adjustable Mesh Executive Chair,Office Supplies,1,189.99,95.0,189.99,95.0,94.99,50.0
item-8040,sale-2452,INV-2026-2452,2026-09-10 16:30:17,prod-01,Wireless Bluetooth Headset Pro,Electronics & Gadgets,1,89.99,45.0,89.99,45.0,44.99,49.99
item-8041,sale-2453,INV-2026-2453,2026-09-10 12:14:57,prod-22,Professional Precision Screwdriver Kit,Hardware & Tools,3,17.99,8.5,53.97,25.5,28.47,52.75
item-8042,sale-2454,INV-2026-2454,2026-09-10 13:27:56,prod-01,Wireless Bluetooth Headset Pro,Electronics & Gadgets,1,89.99,45.0,89.99,45.0,44.99,49.99
item-8043,sale-2455,INV-2026-2455,2026-09-10 10:08:48,prod-03,Mechanical RGB Gaming Keyboard,Electronics & Gadgets,1,74.99,38.0,74.99,38.0,36.99,49.33
item-8044,sale-2456,INV-2026-2456,2026-09-10 18:02:29,prod-14,Wholegrain Oats 1kg,Packaged Groceries,1,4.49,2.1,4.49,2.1,2.39,53.23
item-8045,sale-2457,INV-2026-2457,2026-09-11 15:26:23,prod-11,Sparkling Mineral Water 500ml (Pack 12),Beverages & Drinks,2,12.99,6.0,25.98,12.0,13.98,53.81
item-8046,sale-2458,INV-2026-2458,2026-09-11 11:28:14,prod-25,Antibacterial Hand Sanitizer 500ml,Personal Care,1,3.99,1.8,3.99,1.8,2.19,54.89
item-8047,sale-2458,INV-2026-2458,2026-09-11 11:28:14,prod-27,Microfiber Facial Towels (Pack of 4),Personal Care,1,6.99,3.0,6.99,3.0,3.99,57.08
item-8048,sale-2459,INV-2026-2459,2026-09-11 13:53:32,prod-06,Gel Ink Rollerball Pens (Box of 12),Office Supplies,1,9.99,4.5,9.99,4.5,5.49,54.95
item-8049,sale-2460,INV-2026-2460,2026-09-11 12:06:07,prod-26,Gentle Moisturizing Hand Soap 1L,Personal Care,1,5.49,2.5,5.49,2.5,2.99,54.46
item-8050,sale-2461,INV-2026-2461,2026-09-11 12:43:21,prod-17,100% Cotton Polo Shirt (Medium),Apparel & Wearables,1,19.99,9.0,19.99,9.0,10.99,54.98
item-8051,sale-2461,INV-2026-2461,2026-09-11 12:43:21,prod-20,Breathable Fleece Jacket (Large),Apparel & Wearables,3,44.99,22.0,134.97,66.0,68.97,51.1
item-8052,sale-2462,INV-2026-2462,2026-09-11 18:08:54,prod-12,Natural Cold Pressed Citrus Juice 1L,Beverages & Drinks,1,4.99,2.2,4.99,2.2,2.79,55.91
item-8053,sale-2462,INV-2026-2462,2026-09-11 18:08:54,prod-02,Ergonomic Optical Wireless Mouse,Electronics & Gadgets,3,24.99,12.5,74.97,37.5,37.47,49.98
item-8054,sale-2463,INV-2026-2463,2026-09-11 09:49:19,prod-25,Antibacterial Hand Sanitizer 500ml,Personal Care,1,3.99,1.8,3.99,1.8,2.19,54.89
item-8055,sale-2463,INV-2026-2463,2026-09-11 09:49:19,prod-14,Wholegrain Oats 1kg,Packaged Groceries,1,4.49,2.1,4.49,2.1,2.39,53.23
item-8056,sale-2464,INV-2026-2464,2026-09-12 18:48:41,prod-21,20V Cordless Power Drill Set,Hardware & Tools,2,109.99,55.0,219.98,110.0,109.98,50.0
item-8057,sale-2465,INV-2026-2465,2026-09-12 11:55:25,prod-14,Wholegrain Oats 1kg,Packaged Groceries,1,4.49,2.1,4.49,2.1,2.39,53.23
item-8058,sale-2466,INV-2026-2466,2026-09-12 17:37:50,prod-06,Gel Ink Rollerball Pens (Box of 12),Office Supplies,1,9.99,4.5,9.99,4.5,5.49,54.95
item-8059,sale-2466,INV-2026-2466,2026-09-12 17:37:50,prod-05,A4 Premium Copy Paper 500 Sheets,Office Supplies,1,6.99,3.2,6.99,3.2,3.79,54.22
item-8060,sale-2467,INV-2026-2467,2026-09-12 10:20:54,prod-01,Wireless Bluetooth Headset Pro,Electronics & Gadgets,2,89.99,45.0,179.98,90.0,89.98,49.99
item-8061,sale-2468,INV-2026-2468,2026-09-12 16:54:35,prod-28,Electric Stainless Steel Kettle 1.7L,Home Appliances,1,27.99,14.0,27.99,14.0,13.99,49.98
item-8062,sale-2469,INV-2026-2469,2026-09-12 13:47:00,prod-10,Organic Green Tea (Box of 50 Bags),Beverages & Drinks,1,7.99,3.8,7.99,3.8,4.19,52.44
item-8063,sale-2470,INV-2026-2470,2026-09-12 15:27:43,prod-01,Wireless Bluetooth Headset Pro,Electronics & Gadgets,1,89.99,45.0,89.99,45.0,44.99,49.99
item-8064,sale-2470,INV-2026-2470,2026-09-12 15:27:43,prod-27,Microfiber Facial Towels (Pack of 4),Personal Care,1,6.99,3.0,6.99,3.0,3.99,57.08
item-8065,sale-2470,INV-2026-2470,2026-09-12 15:27:43,prod-26,Gentle Moisturizing Hand Soap 1L,Personal Care,2,5.49,2.5,10.98,5.0,5.98,54.46
item-8066,sale-2471,INV-2026-2471,2026-09-12 18:01:36,prod-19,Waterproof Work Gloves (Pair),Apparel & Wearables,1,6.49,2.8,6.49,2.8,3.69,56.86
item-8067,sale-2472,INV-2026-2472,2026-09-12 14:36:40,prod-13,Organic Extra Virgin Olive Oil 750ml,Packaged Groceries,1,14.99,7.5,14.99,7.5,7.49,49.97
item-8068,sale-2473,INV-2026-2473,2026-09-12 15:13:25,prod-03,Mechanical RGB Gaming Keyboard,Electronics & Gadgets,1,74.99,38.0,74.99,38.0,36.99,49.33
item-8069,sale-2473,INV-2026-2473,2026-09-12 15:13:25,prod-25,Antibacterial Hand Sanitizer 500ml,Personal Care,1,3.99,1.8,3.99,1.8,2.19,54.89
item-8070,sale-2473,INV-2026-2473,2026-09-12 15:13:25,prod-06,Gel Ink Rollerball Pens (Box of 12),Office Supplies,1,9.99,4.5,9.99,4.5,5.49,54.95
item-8071,sale-2473,INV-2026-2473,2026-09-12 15:13:25,prod-11,Sparkling Mineral Water 500ml (Pack 12),Beverages & Drinks,1,12.99,6.0,12.99,6.0,6.99,53.81
item-8072,sale-2474,INV-2026-2474,2026-09-12 14:36:28,prod-12,Natural Cold Pressed Citrus Juice 1L,Beverages & Drinks,2,4.99,2.2,9.98,4.4,5.58,55.91
item-8073,sale-2474,INV-2026-2474,2026-09-12 14:36:28,prod-14,Wholegrain Oats 1kg,Packaged Groceries,1,4.49,2.1,4.49,2.1,2.39,53.23
item-8074,sale-2474,INV-2026-2474,2026-09-12 14:36:28,prod-25,Antibacterial Hand Sanitizer 500ml,Personal Care,1,3.99,1.8,3.99,1.8,2.19,54.89
item-8075,sale-2475,INV-2026-2475,2026-09-12 19:35:11,prod-16,Assorted Roasted Almonds 250g,Packaged Groceries,1,7.49,3.5,7.49,3.5,3.99,53.27
item-8076,sale-2475,INV-2026-2475,2026-09-12 19:35:11,prod-06,Gel Ink Rollerball Pens (Box of 12),Office Supplies,6,9.99,4.5,59.94,27.0,32.94,54.95
item-8077,sale-2475,INV-2026-2475,2026-09-12 19:35:11,prod-08,Adjustable Mesh Executive Chair,Office Supplies,1,189.99,95.0,189.99,95.0,94.99,50.0
item-8078,sale-2475,INV-2026-2475,2026-09-12 19:35:11,prod-25,Antibacterial Hand Sanitizer 500ml,Personal Care,2,3.99,1.8,7.98,3.6,4.38,54.89
item-8079,sale-2476,INV-2026-2476,2026-09-12 11:12:04,prod-14,Wholegrain Oats 1kg,Packaged Groceries,3,4.49,2.1,13.47,6.3,7.17,53.23
item-8080,sale-2477,INV-2026-2477,2026-09-12 13:42:33,prod-15,Raw Honey Jar 500g,Packaged Groceries,1,9.99,4.8,9.99,4.8,5.19,51.95
item-8081,sale-2477,INV-2026-2477,2026-09-12 13:42:33,prod-02,Ergonomic Optical Wireless Mouse,Electronics & Gadgets,1,24.99,12.5,24.99,12.5,12.49,49.98
item-8082,sale-2478,INV-2026-2478,2026-09-12 11:20:55,prod-05,A4 Premium Copy Paper 500 Sheets,Office Supplies,1,6.99,3.2,6.99,3.2,3.79,54.22
item-8083,sale-2478,INV-2026-2478,2026-09-12 11:20:55,prod-04,4K Ultra-HD Monitor 27-inch,Electronics & Gadgets,2,299.99,180.0,599.98,360.0,239.98,40.0
item-8084,sale-2479,INV-2026-2479,2026-09-12 11:34:26,prod-05,A4 Premium Copy Paper 500 Sheets,Office Supplies,1,6.99,3.2,6.99,3.2,3.79,54.22
item-8085,sale-2479,INV-2026-2479,2026-09-12 11:34:26,prod-02,Ergonomic Optical Wireless Mouse,Electronics & Gadgets,3,24.99,12.5,74.97,37.5,37.47,49.98
item-8086,sale-2479,INV-2026-2479,2026-09-12 11:34:26,prod-27,Microfiber Facial Towels (Pack of 4),Personal Care,3,6.99,3.0,20.97,9.0,11.97,57.08
item-8087,sale-2480,INV-2026-2480,2026-09-12 12:08:55,prod-05,A4 Premium Copy Paper 500 Sheets,Office Supplies,1,6.99,3.2,6.99,3.2,3.79,54.22
item-8088,sale-2480,INV-2026-2480,2026-09-12 12:08:55,prod-25,Antibacterial Hand Sanitizer 500ml,Personal Care,1,3.99,1.8,3.99,1.8,2.19,54.89
item-8089,sale-2480,INV-2026-2480,2026-09-12 12:08:55,prod-24,Heavy-Duty Steel Measuring Tape 8m,Hardware & Tools,1,7.99,3.5,7.99,3.5,4.49,56.2
item-8090,sale-2481,INV-2026-2481,2026-09-12 18:19:37,prod-14,Wholegrain Oats 1kg,Packaged Groceries,1,4.49,2.1,4.49,2.1,2.39,53.23
item-8091,sale-2482,INV-2026-2482,2026-09-13 09:09:28,prod-19,Waterproof Work Gloves (Pair),Apparel & Wearables,3,6.49,2.8,19.47,8.4,11.07,56.86
item-8092,sale-2483,INV-2026-2483,2026-09-13 17:21:58,prod-11,Sparkling Mineral Water 500ml (Pack 12),Beverages & Drinks,1,12.99,6.0,12.99,6.0,6.99,53.81
item-8093,sale-2484,INV-2026-2484,2026-09-13 09:47:05,prod-22,Professional Precision Screwdriver Kit,Hardware & Tools,1,17.99,8.5,17.99,8.5,9.49,52.75
item-8094,sale-2484,INV-2026-2484,2026-09-13 09:47:05,prod-27,Microfiber Facial Towels (Pack of 4),Personal Care,4,6.99,3.0,27.96,12.0,15.96,57.08
item-8095,sale-2485,INV-2026-2485,2026-09-13 13:25:39,prod-17,100% Cotton Polo Shirt (Medium),Apparel & Wearables,1,19.99,9.0,19.99,9.0,10.99,54.98
item-8096,sale-2486,INV-2026-2486,2026-09-13 18:46:27,prod-15,Raw Honey Jar 500g,Packaged Groceries,1,9.99,4.8,9.99,4.8,5.19,51.95
item-8097,sale-2486,INV-2026-2486,2026-09-13 18:46:27,prod-19,Waterproof Work Gloves (Pair),Apparel & Wearables,3,6.49,2.8,19.47,8.4,11.07,56.86
item-8098,sale-2486,INV-2026-2486,2026-09-13 18:46:27,prod-25,Antibacterial Hand Sanitizer 500ml,Personal Care,1,3.99,1.8,3.99,1.8,2.19,54.89
item-8099,sale-2486,INV-2026-2486,2026-09-13 18:46:27,prod-05,A4 Premium Copy Paper 500 Sheets,Office Supplies,1,6.99,3.2,6.99,3.2,3.79,54.22
item-8100,sale-2487,INV-2026-2487,2026-09-13 10:25:44,prod-17,100% Cotton Polo Shirt (Medium),Apparel & Wearables,1,19.99,9.0,19.99,9.0,10.99,54.98
item-8101,sale-2487,INV-2026-2487,2026-09-13 10:25:44,prod-01,Wireless Bluetooth Headset Pro,Electronics & Gadgets,1,89.99,45.0,89.99,45.0,44.99,49.99
item-8102,sale-2488,INV-2026-2488,2026-09-13 19:34:18,prod-26,Gentle Moisturizing Hand Soap 1L,Personal Care,2,5.49,2.5,10.98,5.0,5.98,54.46
item-8103,sale-2488,INV-2026-2488,2026-09-13 19:34:18,prod-29,HEPA Air Purifier Desktop Size,Home Appliances,1,84.99,42.0,84.99,42.0,42.99,50.58
item-8104,sale-2489,INV-2026-2489,2026-09-13 15:48:35,prod-14,Wholegrain Oats 1kg,Packaged Groceries,2,4.49,2.1,8.98,4.2,4.78,53.23
item-8105,sale-2489,INV-2026-2489,2026-09-13 15:48:35,prod-05,A4 Premium Copy Paper 500 Sheets,Office Supplies,2,6.99,3.2,13.98,6.4,7.58,54.22
item-8106,sale-2489,INV-2026-2489,2026-09-13 15:48:35,prod-26,Gentle Moisturizing Hand Soap 1L,Personal Care,1,5.49,2.5,5.49,2.5,2.99,54.46
item-8107,sale-2489,INV-2026-2489,2026-09-13 15:48:35,prod-24,Heavy-Duty Steel Measuring Tape 8m,Hardware & Tools,1,7.99,3.5,7.99,3.5,4.49,56.2
item-8108,sale-2490,INV-2026-2490,2026-09-13 17:49:49,prod-06,Gel Ink Rollerball Pens (Box of 12),Office Supplies,2,9.99,4.5,19.98,9.0,10.98,54.95
item-8109,sale-2490,INV-2026-2490,2026-09-13 17:49:49,prod-12,Natural Cold Pressed Citrus Juice 1L,Beverages & Drinks,2,4.99,2.2,9.98,4.4,5.58,55.91
item-8110,sale-2491,INV-2026-2491,2026-09-13 17:02:29,prod-25,Antibacterial Hand Sanitizer 500ml,Personal Care,1,3.99,1.8,3.99,1.8,2.19,54.89
item-8111,sale-2491,INV-2026-2491,2026-09-13 17:02:29,prod-17,100% Cotton Polo Shirt (Medium),Apparel & Wearables,1,19.99,9.0,19.99,9.0,10.99,54.98
item-8112,sale-2492,INV-2026-2492,2026-09-13 15:54:12,prod-04,4K Ultra-HD Monitor 27-inch,Electronics & Gadgets,1,299.99,180.0,299.99,180.0,119.99,40.0
item-8113,sale-2493,INV-2026-2493,2026-09-14 11:20:42,prod-13,Organic Extra Virgin Olive Oil 750ml,Packaged Groceries,3,14.99,7.5,44.97,22.5,22.47,49.97
item-8114,sale-2494,INV-2026-2494,2026-09-14 17:42:15,prod-22,Professional Precision Screwdriver Kit,Hardware & Tools,2,17.99,8.5,35.98,17.0,18.98,52.75
item-8115,sale-2495,INV-2026-2495,2026-09-14 13:53:10,prod-26,Gentle Moisturizing Hand Soap 1L,Personal Care,1,5.49,2.5,5.49,2.5,2.99,54.46
item-8116,sale-2496,INV-2026-2496,2026-09-14 13:07:34,prod-24,Heavy-Duty Steel Measuring Tape 8m,Hardware & Tools,1,7.99,3.5,7.99,3.5,4.49,56.2
item-8117,sale-2497,INV-2026-2497,2026-09-15 09:43:17,prod-12,Natural Cold Pressed Citrus Juice 1L,Beverages & Drinks,2,4.99,2.2,9.98,4.4,5.58,55.91
item-8118,sale-2497,INV-2026-2497,2026-09-15 09:43:17,prod-19,Waterproof Work Gloves (Pair),Apparel & Wearables,2,6.49,2.8,12.98,5.6,7.38,56.86
item-8119,sale-2497,INV-2026-2497,2026-09-15 09:43:17,prod-06,Gel Ink Rollerball Pens (Box of 12),Office Supplies,1,9.99,4.5,9.99,4.5,5.49,54.95
item-8120,sale-2498,INV-2026-2498,2026-09-15 09:57:43,prod-13,Organic Extra Virgin Olive Oil 750ml,Packaged Groceries,1,14.99,7.5,14.99,7.5,7.49,49.97
item-8121,sale-2498,INV-2026-2498,2026-09-15 09:57:43,prod-26,Gentle Moisturizing Hand Soap 1L,Personal Care,3,5.49,2.5,16.47,7.5,8.97,54.46
item-8122,sale-2499,INV-2026-2499,2026-09-15 17:41:42,prod-11,Sparkling Mineral Water 500ml (Pack 12),Beverages & Drinks,1,12.99,6.0,12.99,6.0,6.99,53.81
item-8123,sale-2499,INV-2026-2499,2026-09-15 17:41:42,prod-06,Gel Ink Rollerball Pens (Box of 12),Office Supplies,1,9.99,4.5,9.99,4.5,5.49,54.95
item-8124,sale-2499,INV-2026-2499,2026-09-15 17:41:42,prod-25,Antibacterial Hand Sanitizer 500ml,Personal Care,2,3.99,1.8,7.98,3.6,4.38,54.89
item-8125,sale-2500,INV-2026-2500,2026-09-15 16:03:38,prod-19,Waterproof Work Gloves (Pair),Apparel & Wearables,1,6.49,2.8,6.49,2.8,3.69,56.86
item-8126,sale-2501,INV-2026-2501,2026-09-15 12:23:58,prod-25,Antibacterial Hand Sanitizer 500ml,Personal Care,1,3.99,1.8,3.99,1.8,2.19,54.89
item-8127,sale-2502,INV-2026-2502,2026-09-15 09:21:52,prod-25,Antibacterial Hand Sanitizer 500ml,Personal Care,1,3.99,1.8,3.99,1.8,2.19,54.89
item-8128,sale-2503,INV-2026-2503,2026-09-15 10:51:53,prod-28,Electric Stainless Steel Kettle 1.7L,Home Appliances,1,27.99,14.0,27.99,14.0,13.99,49.98
item-8129,sale-2503,INV-2026-2503,2026-09-15 10:51:53,prod-08,Adjustable Mesh Executive Chair,Office Supplies,2,189.99,95.0,379.98,190.0,189.98,50.0
item-8130,sale-2503,INV-2026-2503,2026-09-15 10:51:53,prod-01,Wireless Bluetooth Headset Pro,Electronics & Gadgets,1,89.99,45.0,89.99,45.0,44.99,49.99
item-8131,sale-2503,INV-2026-2503,2026-09-15 10:51:53,prod-21,20V Cordless Power Drill Set,Hardware & Tools,3,109.99,55.0,329.97,165.0,164.97,50.0
item-8132,sale-2503,INV-2026-2503,2026-09-15 10:51:53,prod-13,Organic Extra Virgin Olive Oil 750ml,Packaged Groceries,1,14.99,7.5,14.99,7.5,7.49,49.97
item-8133,sale-2504,INV-2026-2504,2026-09-15 17:06:52,prod-05,A4 Premium Copy Paper 500 Sheets,Office Supplies,4,6.99,3.2,27.96,12.8,15.16,54.22
item-8134,sale-2505,INV-2026-2505,2026-09-15 17:25:27,prod-25,Antibacterial Hand Sanitizer 500ml,Personal Care,1,3.99,1.8,3.99,1.8,2.19,54.89
item-8135,sale-2505,INV-2026-2505,2026-09-15 17:25:27,prod-11,Sparkling Mineral Water 500ml (Pack 12),Beverages & Drinks,1,12.99,6.0,12.99,6.0,6.99,53.81
item-8136,sale-2506,INV-2026-2506,2026-09-16 11:00:25,prod-15,Raw Honey Jar 500g,Packaged Groceries,1,9.99,4.8,9.99,4.8,5.19,51.95
item-8137,sale-2506,INV-2026-2506,2026-09-16 11:00:25,prod-18,High-Visibility Safety Vest,Apparel & Wearables,4,11.99,5.2,47.96,20.8,27.16,56.63
item-8138,sale-2507,INV-2026-2507,2026-09-16 12:04:42,prod-28,Electric Stainless Steel Kettle 1.7L,Home Appliances,1,27.99,14.0,27.99,14.0,13.99,49.98
item-8139,sale-2508,INV-2026-2508,2026-09-16 10:56:13,prod-10,Organic Green Tea (Box of 50 Bags),Beverages & Drinks,1,7.99,3.8,7.99,3.8,4.19,52.44
item-8140,sale-2508,INV-2026-2508,2026-09-16 10:56:13,prod-12,Natural Cold Pressed Citrus Juice 1L,Beverages & Drinks,1,4.99,2.2,4.99,2.2,2.79,55.91
item-8141,sale-2509,INV-2026-2509,2026-09-16 10:45:34,prod-22,Professional Precision Screwdriver Kit,Hardware & Tools,3,17.99,8.5,53.97,25.5,28.47,52.75
item-8142,sale-2509,INV-2026-2509,2026-09-16 10:45:34,prod-20,Breathable Fleece Jacket (Large),Apparel & Wearables,1,44.99,22.0,44.99,22.0,22.99,51.1
item-8143,sale-2510,INV-2026-2510,2026-09-16 10:38:20,prod-17,100% Cotton Polo Shirt (Medium),Apparel & Wearables,1,19.99,9.0,19.99,9.0,10.99,54.98
item-8144,sale-2510,INV-2026-2510,2026-09-16 10:38:20,prod-10,Organic Green Tea (Box of 50 Bags),Beverages & Drinks,1,7.99,3.8,7.99,3.8,4.19,52.44
item-8145,sale-2511,INV-2026-2511,2026-09-16 11:21:11,prod-06,Gel Ink Rollerball Pens (Box of 12),Office Supplies,1,9.99,4.5,9.99,4.5,5.49,54.95
item-8146,sale-2512,INV-2026-2512,2026-09-16 19:30:04,prod-19,Waterproof Work Gloves (Pair),Apparel & Wearables,2,6.49,2.8,12.98,5.6,7.38,56.86
item-8147,sale-2512,INV-2026-2512,2026-09-16 19:30:04,prod-27,Microfiber Facial Towels (Pack of 4),Personal Care,1,6.99,3.0,6.99,3.0,3.99,57.08
item-8148,sale-2513,INV-2026-2513,2026-09-16 17:40:47,prod-26,Gentle Moisturizing Hand Soap 1L,Personal Care,1,5.49,2.5,5.49,2.5,2.99,54.46
item-8149,sale-2513,INV-2026-2513,2026-09-16 17:40:47,prod-12,Natural Cold Pressed Citrus Juice 1L,Beverages & Drinks,3,4.99,2.2,14.97,6.6,8.37,55.91
item-8150,sale-2513,INV-2026-2513,2026-09-16 17:40:47,prod-17,100% Cotton Polo Shirt (Medium),Apparel & Wearables,1,19.99,9.0,19.99,9.0,10.99,54.98
item-8151,sale-2513,INV-2026-2513,2026-09-16 17:40:47,prod-28,Electric Stainless Steel Kettle 1.7L,Home Appliances,1,27.99,14.0,27.99,14.0,13.99,49.98
item-8152,sale-2514,INV-2026-2514,2026-09-16 18:48:57,prod-17,100% Cotton Polo Shirt (Medium),Apparel & Wearables,6,19.99,9.0,119.94,54.0,65.94,54.98
item-8153,sale-2514,INV-2026-2514,2026-09-16 18:48:57,prod-25,Antibacterial Hand Sanitizer 500ml,Personal Care,1,3.99,1.8,3.99,1.8,2.19,54.89
item-8154,sale-2515,INV-2026-2515,2026-09-16 18:05:03,prod-25,Antibacterial Hand Sanitizer 500ml,Personal Care,2,3.99,1.8,7.98,3.6,4.38,54.89
item-8155,sale-2516,INV-2026-2516,2026-09-17 15:13:41,prod-24,Heavy-Duty Steel Measuring Tape 8m,Hardware & Tools,6,7.99,3.5,47.94,21.0,26.94,56.2
item-8156,sale-2516,INV-2026-2516,2026-09-17 15:13:41,prod-14,Wholegrain Oats 1kg,Packaged Groceries,2,4.49,2.1,8.98,4.2,4.78,53.23
item-8157,sale-2516,INV-2026-2516,2026-09-17 15:13:41,prod-09,Arabica Whole Bean Coffee 1kg,Beverages & Drinks,1,21.99,11.0,21.99,11.0,10.99,49.98
item-8158,sale-2517,INV-2026-2517,2026-09-17 16:47:56,prod-22,Professional Precision Screwdriver Kit,Hardware & Tools,1,17.99,8.5,17.99,8.5,9.49,52.75
item-8159,sale-2518,INV-2026-2518,2026-09-17 09:33:50,prod-15,Raw Honey Jar 500g,Packaged Groceries,1,9.99,4.8,9.99,4.8,5.19,51.95
item-8160,sale-2519,INV-2026-2519,2026-09-17 12:54:46,prod-05,A4 Premium Copy Paper 500 Sheets,Office Supplies,1,6.99,3.2,6.99,3.2,3.79,54.22
item-8161,sale-2519,INV-2026-2519,2026-09-17 12:54:46,prod-19,Waterproof Work Gloves (Pair),Apparel & Wearables,1,6.49,2.8,6.49,2.8,3.69,56.86
item-8162,sale-2520,INV-2026-2520,2026-09-17 19:15:51,prod-27,Microfiber Facial Towels (Pack of 4),Personal Care,3,6.99,3.0,20.97,9.0,11.97,57.08
item-8163,sale-2521,INV-2026-2521,2026-09-17 15:33:20,prod-24,Heavy-Duty Steel Measuring Tape 8m,Hardware & Tools,2,7.99,3.5,15.98,7.0,8.98,56.2
item-8164,sale-2522,INV-2026-2522,2026-09-17 16:04:12,prod-11,Sparkling Mineral Water 500ml (Pack 12),Beverages & Drinks,1,12.99,6.0,12.99,6.0,6.99,53.81
item-8165,sale-2522,INV-2026-2522,2026-09-17 16:04:12,prod-20,Breathable Fleece Jacket (Large),Apparel & Wearables,1,44.99,22.0,44.99,22.0,22.99,51.1
item-8166,sale-2522,INV-2026-2522,2026-09-17 16:04:12,prod-02,Ergonomic Optical Wireless Mouse,Electronics & Gadgets,2,24.99,12.5,49.98,25.0,24.98,49.98
item-8167,sale-2522,INV-2026-2522,2026-09-17 16:04:12,prod-28,Electric Stainless Steel Kettle 1.7L,Home Appliances,2,27.99,14.0,55.98,28.0,27.98,49.98
item-8168,sale-2522,INV-2026-2522,2026-09-17 16:04:12,prod-16,Assorted Roasted Almonds 250g,Packaged Groceries,1,7.49,3.5,7.49,3.5,3.99,53.27
item-8169,sale-2523,INV-2026-2523,2026-09-17 11:37:35,prod-01,Wireless Bluetooth Headset Pro,Electronics & Gadgets,1,89.99,45.0,89.99,45.0,44.99,49.99
item-8170,sale-2523,INV-2026-2523,2026-09-17 11:37:35,prod-09,Arabica Whole Bean Coffee 1kg,Beverages & Drinks,3,21.99,11.0,65.97,33.0,32.97,49.98
item-8171,sale-2523,INV-2026-2523,2026-09-17 11:37:35,prod-26,Gentle Moisturizing Hand Soap 1L,Personal Care,1,5.49,2.5,5.49,2.5,2.99,54.46
item-8172,sale-2523,INV-2026-2523,2026-09-17 11:37:35,prod-07,Heavy-Duty Desktop Stapler,Office Supplies,4,14.49,7.0,57.96,28.0,29.96,51.69
item-8173,sale-2524,INV-2026-2524,2026-09-17 15:46:29,prod-06,Gel Ink Rollerball Pens (Box of 12),Office Supplies,1,9.99,4.5,9.99,4.5,5.49,54.95
item-8174,sale-2524,INV-2026-2524,2026-09-17 15:46:29,prod-22,Professional Precision Screwdriver Kit,Hardware & Tools,2,17.99,8.5,35.98,17.0,18.98,52.75
item-8175,sale-2524,INV-2026-2524,2026-09-17 15:46:29,prod-11,Sparkling Mineral Water 500ml (Pack 12),Beverages & Drinks,4,12.99,6.0,51.96,24.0,27.96,53.81
item-8176,sale-2525,INV-2026-2525,2026-09-17 11:38:15,prod-12,Natural Cold Pressed Citrus Juice 1L,Beverages & Drinks,1,4.99,2.2,4.99,2.2,2.79,55.91
item-8177,sale-2526,INV-2026-2526,2026-09-18 12:17:55,prod-10,Organic Green Tea (Box of 50 Bags),Beverages & Drinks,1,7.99,3.8,7.99,3.8,4.19,52.44
item-8178,sale-2527,INV-2026-2527,2026-09-18 11:30:28,prod-12,Natural Cold Pressed Citrus Juice 1L,Beverages & Drinks,2,4.99,2.2,9.98,4.4,5.58,55.91
item-8179,sale-2527,INV-2026-2527,2026-09-18 11:30:28,prod-06,Gel Ink Rollerball Pens (Box of 12),Office Supplies,2,9.99,4.5,19.98,9.0,10.98,54.95
item-8180,sale-2528,INV-2026-2528,2026-09-18 16:01:48,prod-09,Arabica Whole Bean Coffee 1kg,Beverages & Drinks,1,21.99,11.0,21.99,11.0,10.99,49.98
item-8181,sale-2528,INV-2026-2528,2026-09-18 16:01:48,prod-19,Waterproof Work Gloves (Pair),Apparel & Wearables,1,6.49,2.8,6.49,2.8,3.69,56.86
item-8182,sale-2529,INV-2026-2529,2026-09-18 13:38:34,prod-01,Wireless Bluetooth Headset Pro,Electronics & Gadgets,1,89.99,45.0,89.99,45.0,44.99,49.99
item-8183,sale-2529,INV-2026-2529,2026-09-18 13:38:34,prod-03,Mechanical RGB Gaming Keyboard,Electronics & Gadgets,6,74.99,38.0,449.94,228.0,221.94,49.33
item-8184,sale-2529,INV-2026-2529,2026-09-18 13:38:34,prod-06,Gel Ink Rollerball Pens (Box of 12),Office Supplies,1,9.99,4.5,9.99,4.5,5.49,54.95
item-8185,sale-2530,INV-2026-2530,2026-09-18 16:19:29,prod-07,Heavy-Duty Desktop Stapler,Office Supplies,4,14.49,7.0,57.96,28.0,29.96,51.69
item-8186,sale-2531,INV-2026-2531,2026-09-18 14:08:45,prod-10,Organic Green Tea (Box of 50 Bags),Beverages & Drinks,1,7.99,3.8,7.99,3.8,4.19,52.44
item-8187,sale-2531,INV-2026-2531,2026-09-18 14:08:45,prod-26,Gentle Moisturizing Hand Soap 1L,Personal Care,1,5.49,2.5,5.49,2.5,2.99,54.46
item-8188,sale-2532,INV-2026-2532,2026-09-18 17:46:46,prod-11,Sparkling Mineral Water 500ml (Pack 12),Beverages & Drinks,1,12.99,6.0,12.99,6.0,6.99,53.81
item-8189,sale-2533,INV-2026-2533,2026-09-18 14:24:31,prod-09,Arabica Whole Bean Coffee 1kg,Beverages & Drinks,1,21.99,11.0,21.99,11.0,10.99,49.98
item-8190,sale-2533,INV-2026-2533,2026-09-18 14:24:31,prod-16,Assorted Roasted Almonds 250g,Packaged Groceries,1,7.49,3.5,7.49,3.5,3.99,53.27
item-8191,sale-2534,INV-2026-2534,2026-09-18 09:58:07,prod-27,Microfiber Facial Towels (Pack of 4),Personal Care,2,6.99,3.0,13.98,6.0,7.98,57.08
item-8192,sale-2534,INV-2026-2534,2026-09-18 09:58:07,prod-11,Sparkling Mineral Water 500ml (Pack 12),Beverages & Drinks,1,12.99,6.0,12.99,6.0,6.99,53.81
item-8193,sale-2535,INV-2026-2535,2026-09-19 15:16:49,prod-24,Heavy-Duty Steel Measuring Tape 8m,Hardware & Tools,1,7.99,3.5,7.99,3.5,4.49,56.2
item-8194,sale-2536,INV-2026-2536,2026-09-19 16:40:44,prod-11,Sparkling Mineral Water 500ml (Pack 12),Beverages & Drinks,1,12.99,6.0,12.99,6.0,6.99,53.81
item-8195,sale-2536,INV-2026-2536,2026-09-19 16:40:44,prod-14,Wholegrain Oats 1kg,Packaged Groceries,1,4.49,2.1,4.49,2.1,2.39,53.23
item-8196,sale-2537,INV-2026-2537,2026-09-19 12:15:30,prod-22,Professional Precision Screwdriver Kit,Hardware & Tools,3,17.99,8.5,53.97,25.5,28.47,52.75
item-8197,sale-2538,INV-2026-2538,2026-09-19 19:01:44,prod-03,Mechanical RGB Gaming Keyboard,Electronics & Gadgets,3,74.99,38.0,224.97,114.0,110.97,49.33
item-8198,sale-2539,INV-2026-2539,2026-09-19 19:09:16,prod-15,Raw Honey Jar 500g,Packaged Groceries,1,9.99,4.8,9.99,4.8,5.19,51.95
item-8199,sale-2540,INV-2026-2540,2026-09-19 10:41:45,prod-17,100% Cotton Polo Shirt (Medium),Apparel & Wearables,1,19.99,9.0,19.99,9.0,10.99,54.98
item-8200,sale-2541,INV-2026-2541,2026-09-19 10:33:58,prod-13,Organic Extra Virgin Olive Oil 750ml,Packaged Groceries,2,14.99,7.5,29.98,15.0,14.98,49.97
item-8201,sale-2542,INV-2026-2542,2026-09-19 13:44:19,prod-03,Mechanical RGB Gaming Keyboard,Electronics & Gadgets,2,74.99,38.0,149.98,76.0,73.98,49.33
item-8202,sale-2542,INV-2026-2542,2026-09-19 13:44:19,prod-15,Raw Honey Jar 500g,Packaged Groceries,2,9.99,4.8,19.98,9.6,10.38,51.95
item-8203,sale-2543,INV-2026-2543,2026-09-19 15:48:56,prod-05,A4 Premium Copy Paper 500 Sheets,Office Supplies,2,6.99,3.2,13.98,6.4,7.58,54.22
item-8204,sale-2543,INV-2026-2543,2026-09-19 15:48:56,prod-22,Professional Precision Screwdriver Kit,Hardware & Tools,1,17.99,8.5,17.99,8.5,9.49,52.75
item-8205,sale-2544,INV-2026-2544,2026-09-19 14:52:09,prod-10,Organic Green Tea (Box of 50 Bags),Beverages & Drinks,1,7.99,3.8,7.99,3.8,4.19,52.44
item-8206,sale-2544,INV-2026-2544,2026-09-19 14:52:09,prod-19,Waterproof Work Gloves (Pair),Apparel & Wearables,1,6.49,2.8,6.49,2.8,3.69,56.86
item-8207,sale-2545,INV-2026-2545,2026-09-19 09:10:52,prod-25,Antibacterial Hand Sanitizer 500ml,Personal Care,2,3.99,1.8,7.98,3.6,4.38,54.89
item-8208,sale-2545,INV-2026-2545,2026-09-19 09:10:52,prod-26,Gentle Moisturizing Hand Soap 1L,Personal Care,1,5.49,2.5,5.49,2.5,2.99,54.46
item-8209,sale-2545,INV-2026-2545,2026-09-19 09:10:52,prod-28,Electric Stainless Steel Kettle 1.7L,Home Appliances,3,27.99,14.0,83.97,42.0,41.97,49.98
item-8210,sale-2545,INV-2026-2545,2026-09-19 09:10:52,prod-01,Wireless Bluetooth Headset Pro,Electronics & Gadgets,1,89.99,45.0,89.99,45.0,44.99,49.99
item-8211,sale-2546,INV-2026-2546,2026-09-20 15:33:26,prod-18,High-Visibility Safety Vest,Apparel & Wearables,1,11.99,5.2,11.99,5.2,6.79,56.63
item-8212,sale-2546,INV-2026-2546,2026-09-20 15:33:26,prod-25,Antibacterial Hand Sanitizer 500ml,Personal Care,2,3.99,1.8,7.98,3.6,4.38,54.89
item-8213,sale-2546,INV-2026-2546,2026-09-20 15:33:26,prod-03,Mechanical RGB Gaming Keyboard,Electronics & Gadgets,1,74.99,38.0,74.99,38.0,36.99,49.33
item-8214,sale-2546,INV-2026-2546,2026-09-20 15:33:26,prod-06,Gel Ink Rollerball Pens (Box of 12),Office Supplies,2,9.99,4.5,19.98,9.0,10.98,54.95
item-8215,sale-2546,INV-2026-2546,2026-09-20 15:33:26,prod-24,Heavy-Duty Steel Measuring Tape 8m,Hardware & Tools,1,7.99,3.5,7.99,3.5,4.49,56.2
item-8216,sale-2547,INV-2026-2547,2026-09-20 14:11:45,prod-21,20V Cordless Power Drill Set,Hardware & Tools,1,109.99,55.0,109.99,55.0,54.99,50.0
item-8217,sale-2547,INV-2026-2547,2026-09-20 14:11:45,prod-10,Organic Green Tea (Box of 50 Bags),Beverages & Drinks,1,7.99,3.8,7.99,3.8,4.19,52.44
item-8218,sale-2548,INV-2026-2548,2026-09-20 10:28:36,prod-14,Wholegrain Oats 1kg,Packaged Groceries,1,4.49,2.1,4.49,2.1,2.39,53.23
item-8219,sale-2548,INV-2026-2548,2026-09-20 10:28:36,prod-23,Digital Laser Distance Meter 50m,Hardware & Tools,1,36.99,18.0,36.99,18.0,18.99,51.34
item-8220,sale-2549,INV-2026-2549,2026-09-20 11:51:48,prod-01,Wireless Bluetooth Headset Pro,Electronics & Gadgets,1,89.99,45.0,89.99,45.0,44.99,49.99
item-8221,sale-2550,INV-2026-2550,2026-09-20 18:06:55,prod-26,Gentle Moisturizing Hand Soap 1L,Personal Care,1,5.49,2.5,5.49,2.5,2.99,54.46
item-8222,sale-2550,INV-2026-2550,2026-09-20 18:06:55,prod-10,Organic Green Tea (Box of 50 Bags),Beverages & Drinks,1,7.99,3.8,7.99,3.8,4.19,52.44
item-8223,sale-2550,INV-2026-2550,2026-09-20 18:06:55,prod-17,100% Cotton Polo Shirt (Medium),Apparel & Wearables,1,19.99,9.0,19.99,9.0,10.99,54.98
item-8224,sale-2550,INV-2026-2550,2026-09-20 18:06:55,prod-25,Antibacterial Hand Sanitizer 500ml,Personal Care,4,3.99,1.8,15.96,7.2,8.76,54.89
item-8225,sale-2550,INV-2026-2550,2026-09-20 18:06:55,prod-12,Natural Cold Pressed Citrus Juice 1L,Beverages & Drinks,2,4.99,2.2,9.98,4.4,5.58,55.91
item-8226,sale-2551,INV-2026-2551,2026-09-20 10:17:04,prod-06,Gel Ink Rollerball Pens (Box of 12),Office Supplies,2,9.99,4.5,19.98,9.0,10.98,54.95
item-8227,sale-2552,INV-2026-2552,2026-09-20 19:48:06,prod-18,High-Visibility Safety Vest,Apparel & Wearables,3,11.99,5.2,35.97,15.6,20.37,56.63
item-8228,sale-2552,INV-2026-2552,2026-09-20 19:48:06,prod-19,Waterproof Work Gloves (Pair),Apparel & Wearables,2,6.49,2.8,12.98,5.6,7.38,56.86
item-8229,sale-2552,INV-2026-2552,2026-09-20 19:48:06,prod-01,Wireless Bluetooth Headset Pro,Electronics & Gadgets,1,89.99,45.0,89.99,45.0,44.99,49.99
item-8230,sale-2553,INV-2026-2553,2026-09-20 09:06:13,prod-06,Gel Ink Rollerball Pens (Box of 12),Office Supplies,1,9.99,4.5,9.99,4.5,5.49,54.95
item-8231,sale-2553,INV-2026-2553,2026-09-20 09:06:13,prod-01,Wireless Bluetooth Headset Pro,Electronics & Gadgets,1,89.99,45.0,89.99,45.0,44.99,49.99
item-8232,sale-2553,INV-2026-2553,2026-09-20 09:06:13,prod-07,Heavy-Duty Desktop Stapler,Office Supplies,1,14.49,7.0,14.49,7.0,7.49,51.69
item-8233,sale-2554,INV-2026-2554,2026-09-20 13:59:31,prod-09,Arabica Whole Bean Coffee 1kg,Beverages & Drinks,2,21.99,11.0,43.98,22.0,21.98,49.98
item-8234,sale-2554,INV-2026-2554,2026-09-20 13:59:31,prod-01,Wireless Bluetooth Headset Pro,Electronics & Gadgets,1,89.99,45.0,89.99,45.0,44.99,49.99
item-8235,sale-2555,INV-2026-2555,2026-09-20 14:43:56,prod-26,Gentle Moisturizing Hand Soap 1L,Personal Care,2,5.49,2.5,10.98,5.0,5.98,54.46
item-8236,sale-2556,INV-2026-2556,2026-09-21 19:25:24,prod-21,20V Cordless Power Drill Set,Hardware & Tools,1,109.99,55.0,109.99,55.0,54.99,50.0
item-8237,sale-2557,INV-2026-2557,2026-09-21 09:29:55,prod-02,Ergonomic Optical Wireless Mouse,Electronics & Gadgets,1,24.99,12.5,24.99,12.5,12.49,49.98
item-8238,sale-2557,INV-2026-2557,2026-09-21 09:29:55,prod-25,Antibacterial Hand Sanitizer 500ml,Personal Care,3,3.99,1.8,11.97,5.4,6.57,54.89
item-8239,sale-2558,INV-2026-2558,2026-09-21 10:55:33,prod-13,Organic Extra Virgin Olive Oil 750ml,Packaged Groceries,2,14.99,7.5,29.98,15.0,14.98,49.97
item-8240,sale-2558,INV-2026-2558,2026-09-21 10:55:33,prod-23,Digital Laser Distance Meter 50m,Hardware & Tools,1,36.99,18.0,36.99,18.0,18.99,51.34
item-8241,sale-2558,INV-2026-2558,2026-09-21 10:55:33,prod-18,High-Visibility Safety Vest,Apparel & Wearables,2,11.99,5.2,23.98,10.4,13.58,56.63
item-8242,sale-2559,INV-2026-2559,2026-09-21 18:43:42,prod-27,Microfiber Facial Towels (Pack of 4),Personal Care,1,6.99,3.0,6.99,3.0,3.99,57.08
item-8243,sale-2559,INV-2026-2559,2026-09-21 18:43:42,prod-13,Organic Extra Virgin Olive Oil 750ml,Packaged Groceries,2,14.99,7.5,29.98,15.0,14.98,49.97
item-8244,sale-2560,INV-2026-2560,2026-09-21 09:40:52,prod-15,Raw Honey Jar 500g,Packaged Groceries,4,9.99,4.8,39.96,19.2,20.76,51.95
item-8245,sale-2560,INV-2026-2560,2026-09-21 09:40:52,prod-05,A4 Premium Copy Paper 500 Sheets,Office Supplies,2,6.99,3.2,13.98,6.4,7.58,54.22
item-8246,sale-2560,INV-2026-2560,2026-09-21 09:40:52,prod-13,Organic Extra Virgin Olive Oil 750ml,Packaged Groceries,2,14.99,7.5,29.98,15.0,14.98,49.97
item-8247,sale-2561,INV-2026-2561,2026-09-21 14:43:28,prod-13,Organic Extra Virgin Olive Oil 750ml,Packaged Groceries,2,14.99,7.5,29.98,15.0,14.98,49.97
item-8248,sale-2562,INV-2026-2562,2026-09-21 10:22:27,prod-02,Ergonomic Optical Wireless Mouse,Electronics & Gadgets,1,24.99,12.5,24.99,12.5,12.49,49.98
item-8249,sale-2562,INV-2026-2562,2026-09-21 10:22:27,prod-25,Antibacterial Hand Sanitizer 500ml,Personal Care,1,3.99,1.8,3.99,1.8,2.19,54.89
item-8250,sale-2562,INV-2026-2562,2026-09-21 10:22:27,prod-15,Raw Honey Jar 500g,Packaged Groceries,1,9.99,4.8,9.99,4.8,5.19,51.95
item-8251,sale-2563,INV-2026-2563,2026-09-21 13:38:12,prod-02,Ergonomic Optical Wireless Mouse,Electronics & Gadgets,2,24.99,12.5,49.98,25.0,24.98,49.98
item-8252,sale-2563,INV-2026-2563,2026-09-21 13:38:12,prod-05,A4 Premium Copy Paper 500 Sheets,Office Supplies,1,6.99,3.2,6.99,3.2,3.79,54.22
item-8253,sale-2564,INV-2026-2564,2026-09-21 17:02:08,prod-13,Organic Extra Virgin Olive Oil 750ml,Packaged Groceries,1,14.99,7.5,14.99,7.5,7.49,49.97
item-8254,sale-2565,INV-2026-2565,2026-09-21 17:55:29,prod-12,Natural Cold Pressed Citrus Juice 1L,Beverages & Drinks,1,4.99,2.2,4.99,2.2,2.79,55.91
item-8255,sale-2565,INV-2026-2565,2026-09-21 17:55:29,prod-25,Antibacterial Hand Sanitizer 500ml,Personal Care,1,3.99,1.8,3.99,1.8,2.19,54.89
item-8256,sale-2565,INV-2026-2565,2026-09-21 17:55:29,prod-18,High-Visibility Safety Vest,Apparel & Wearables,1,11.99,5.2,11.99,5.2,6.79,56.63
item-8257,sale-2566,INV-2026-2566,2026-09-22 17:15:15,prod-23,Digital Laser Distance Meter 50m,Hardware & Tools,1,36.99,18.0,36.99,18.0,18.99,51.34
item-8258,sale-2567,INV-2026-2567,2026-09-22 09:10:59,prod-05,A4 Premium Copy Paper 500 Sheets,Office Supplies,1,6.99,3.2,6.99,3.2,3.79,54.22
item-8259,sale-2568,INV-2026-2568,2026-09-22 13:42:30,prod-12,Natural Cold Pressed Citrus Juice 1L,Beverages & Drinks,1,4.99,2.2,4.99,2.2,2.79,55.91
item-8260,sale-2568,INV-2026-2568,2026-09-22 13:42:30,prod-14,Wholegrain Oats 1kg,Packaged Groceries,2,4.49,2.1,8.98,4.2,4.78,53.23
item-8261,sale-2569,INV-2026-2569,2026-09-22 17:40:46,prod-07,Heavy-Duty Desktop Stapler,Office Supplies,1,14.49,7.0,14.49,7.0,7.49,51.69
item-8262,sale-2569,INV-2026-2569,2026-09-22 17:40:46,prod-14,Wholegrain Oats 1kg,Packaged Groceries,1,4.49,2.1,4.49,2.1,2.39,53.23
item-8263,sale-2569,INV-2026-2569,2026-09-22 17:40:46,prod-28,Electric Stainless Steel Kettle 1.7L,Home Appliances,1,27.99,14.0,27.99,14.0,13.99,49.98
item-8264,sale-2570,INV-2026-2570,2026-09-22 18:49:59,prod-03,Mechanical RGB Gaming Keyboard,Electronics & Gadgets,2,74.99,38.0,149.98,76.0,73.98,49.33
item-8265,sale-2570,INV-2026-2570,2026-09-22 18:49:59,prod-27,Microfiber Facial Towels (Pack of 4),Personal Care,2,6.99,3.0,13.98,6.0,7.98,57.08
item-8266,sale-2571,INV-2026-2571,2026-09-22 15:41:41,prod-17,100% Cotton Polo Shirt (Medium),Apparel & Wearables,4,19.99,9.0,79.96,36.0,43.96,54.98
item-8267,sale-2571,INV-2026-2571,2026-09-22 15:41:41,prod-12,Natural Cold Pressed Citrus Juice 1L,Beverages & Drinks,1,4.99,2.2,4.99,2.2,2.79,55.91
item-8268,sale-2571,INV-2026-2571,2026-09-22 15:41:41,prod-25,Antibacterial Hand Sanitizer 500ml,Personal Care,4,3.99,1.8,15.96,7.2,8.76,54.89
item-8269,sale-2572,INV-2026-2572,2026-09-22 10:18:05,prod-15,Raw Honey Jar 500g,Packaged Groceries,1,9.99,4.8,9.99,4.8,5.19,51.95
item-8270,sale-2572,INV-2026-2572,2026-09-22 10:18:05,prod-13,Organic Extra Virgin Olive Oil 750ml,Packaged Groceries,1,14.99,7.5,14.99,7.5,7.49,49.97
item-8271,sale-2573,INV-2026-2573,2026-09-22 10:36:23,prod-14,Wholegrain Oats 1kg,Packaged Groceries,1,4.49,2.1,4.49,2.1,2.39,53.23
item-8272,sale-2574,INV-2026-2574,2026-09-22 09:19:03,prod-28,Electric Stainless Steel Kettle 1.7L,Home Appliances,1,27.99,14.0,27.99,14.0,13.99,49.98
item-8273,sale-2574,INV-2026-2574,2026-09-22 09:19:03,prod-10,Organic Green Tea (Box of 50 Bags),Beverages & Drinks,1,7.99,3.8,7.99,3.8,4.19,52.44
item-8274,sale-2575,INV-2026-2575,2026-09-22 14:49:23,prod-24,Heavy-Duty Steel Measuring Tape 8m,Hardware & Tools,1,7.99,3.5,7.99,3.5,4.49,56.2
item-8275,sale-2576,INV-2026-2576,2026-09-22 18:14:06,prod-05,A4 Premium Copy Paper 500 Sheets,Office Supplies,1,6.99,3.2,6.99,3.2,3.79,54.22
item-8276,sale-2576,INV-2026-2576,2026-09-22 18:14:06,prod-16,Assorted Roasted Almonds 250g,Packaged Groceries,1,7.49,3.5,7.49,3.5,3.99,53.27
item-8277,sale-2576,INV-2026-2576,2026-09-22 18:14:06,prod-07,Heavy-Duty Desktop Stapler,Office Supplies,1,14.49,7.0,14.49,7.0,7.49,51.69
item-8278,sale-2577,INV-2026-2577,2026-09-22 13:53:14,prod-04,4K Ultra-HD Monitor 27-inch,Electronics & Gadgets,6,299.99,180.0,1799.94,1080.0,719.94,40.0
item-8279,sale-2578,INV-2026-2578,2026-09-22 11:47:42,prod-05,A4 Premium Copy Paper 500 Sheets,Office Supplies,1,6.99,3.2,6.99,3.2,3.79,54.22
item-8280,sale-2579,INV-2026-2579,2026-09-23 13:32:44,prod-27,Microfiber Facial Towels (Pack of 4),Personal Care,1,6.99,3.0,6.99,3.0,3.99,57.08
item-8281,sale-2579,INV-2026-2579,2026-09-23 13:32:44,prod-07,Heavy-Duty Desktop Stapler,Office Supplies,2,14.49,7.0,28.98,14.0,14.98,51.69
item-8282,sale-2579,INV-2026-2579,2026-09-23 13:32:44,prod-12,Natural Cold Pressed Citrus Juice 1L,Beverages & Drinks,1,4.99,2.2,4.99,2.2,2.79,55.91
item-8283,sale-2580,INV-2026-2580,2026-09-23 12:31:18,prod-06,Gel Ink Rollerball Pens (Box of 12),Office Supplies,2,9.99,4.5,19.98,9.0,10.98,54.95
item-8284,sale-2581,INV-2026-2581,2026-09-23 14:09:52,prod-05,A4 Premium Copy Paper 500 Sheets,Office Supplies,1,6.99,3.2,6.99,3.2,3.79,54.22
item-8285,sale-2581,INV-2026-2581,2026-09-23 14:09:52,prod-20,Breathable Fleece Jacket (Large),Apparel & Wearables,3,44.99,22.0,134.97,66.0,68.97,51.1
item-8286,sale-2582,INV-2026-2582,2026-09-23 09:59:55,prod-24,Heavy-Duty Steel Measuring Tape 8m,Hardware & Tools,2,7.99,3.5,15.98,7.0,8.98,56.2
item-8287,sale-2583,INV-2026-2583,2026-09-23 19:58:54,prod-21,20V Cordless Power Drill Set,Hardware & Tools,1,109.99,55.0,109.99,55.0,54.99,50.0
item-8288,sale-2584,INV-2026-2584,2026-09-23 15:43:30,prod-05,A4 Premium Copy Paper 500 Sheets,Office Supplies,1,6.99,3.2,6.99,3.2,3.79,54.22
item-8289,sale-2584,INV-2026-2584,2026-09-23 15:43:30,prod-19,Waterproof Work Gloves (Pair),Apparel & Wearables,4,6.49,2.8,25.96,11.2,14.76,56.86
item-8290,sale-2584,INV-2026-2584,2026-09-23 15:43:30,prod-11,Sparkling Mineral Water 500ml (Pack 12),Beverages & Drinks,3,12.99,6.0,38.97,18.0,20.97,53.81
item-8291,sale-2584,INV-2026-2584,2026-09-23 15:43:30,prod-27,Microfiber Facial Towels (Pack of 4),Personal Care,1,6.99,3.0,6.99,3.0,3.99,57.08
item-8292,sale-2585,INV-2026-2585,2026-09-23 17:46:18,prod-30,Compact Digital Microwave Oven 20L,Home Appliances,1,114.99,58.0,114.99,58.0,56.99,49.56
item-8293,sale-2585,INV-2026-2585,2026-09-23 17:46:18,prod-07,Heavy-Duty Desktop Stapler,Office Supplies,1,14.49,7.0,14.49,7.0,7.49,51.69
item-8294,sale-2585,INV-2026-2585,2026-09-23 17:46:18,prod-12,Natural Cold Pressed Citrus Juice 1L,Beverages & Drinks,1,4.99,2.2,4.99,2.2,2.79,55.91
item-8295,sale-2586,INV-2026-2586,2026-09-23 17:25:06,prod-09,Arabica Whole Bean Coffee 1kg,Beverages & Drinks,1,21.99,11.0,21.99,11.0,10.99,49.98
item-8296,sale-2587,INV-2026-2587,2026-09-24 09:54:59,prod-26,Gentle Moisturizing Hand Soap 1L,Personal Care,2,5.49,2.5,10.98,5.0,5.98,54.46
item-8297,sale-2588,INV-2026-2588,2026-09-24 16:44:30,prod-19,Waterproof Work Gloves (Pair),Apparel & Wearables,2,6.49,2.8,12.98,5.6,7.38,56.86
item-8298,sale-2589,INV-2026-2589,2026-09-24 12:47:41,prod-01,Wireless Bluetooth Headset Pro,Electronics & Gadgets,2,89.99,45.0,179.98,90.0,89.98,49.99
item-8299,sale-2589,INV-2026-2589,2026-09-24 12:47:41,prod-07,Heavy-Duty Desktop Stapler,Office Supplies,1,14.49,7.0,14.49,7.0,7.49,51.69
item-8300,sale-2589,INV-2026-2589,2026-09-24 12:47:41,prod-27,Microfiber Facial Towels (Pack of 4),Personal Care,1,6.99,3.0,6.99,3.0,3.99,57.08
item-8301,sale-2589,INV-2026-2589,2026-09-24 12:47:41,prod-22,Professional Precision Screwdriver Kit,Hardware & Tools,1,17.99,8.5,17.99,8.5,9.49,52.75
item-8302,sale-2590,INV-2026-2590,2026-09-24 11:24:27,prod-25,Antibacterial Hand Sanitizer 500ml,Personal Care,1,3.99,1.8,3.99,1.8,2.19,54.89
item-8303,sale-2591,INV-2026-2591,2026-09-24 16:11:03,prod-27,Microfiber Facial Towels (Pack of 4),Personal Care,6,6.99,3.0,41.94,18.0,23.94,57.08
item-8304,sale-2591,INV-2026-2591,2026-09-24 16:11:03,prod-06,Gel Ink Rollerball Pens (Box of 12),Office Supplies,6,9.99,4.5,59.94,27.0,32.94,54.95
item-8305,sale-2592,INV-2026-2592,2026-09-24 11:40:46,prod-05,A4 Premium Copy Paper 500 Sheets,Office Supplies,1,6.99,3.2,6.99,3.2,3.79,54.22
item-8306,sale-2592,INV-2026-2592,2026-09-24 11:40:46,prod-09,Arabica Whole Bean Coffee 1kg,Beverages & Drinks,1,21.99,11.0,21.99,11.0,10.99,49.98
item-8307,sale-2593,INV-2026-2593,2026-09-24 16:19:44,prod-28,Electric Stainless Steel Kettle 1.7L,Home Appliances,1,27.99,14.0,27.99,14.0,13.99,49.98
item-8308,sale-2594,INV-2026-2594,2026-09-24 19:42:05,prod-01,Wireless Bluetooth Headset Pro,Electronics & Gadgets,1,89.99,45.0,89.99,45.0,44.99,49.99
item-8309,sale-2594,INV-2026-2594,2026-09-24 19:42:05,prod-17,100% Cotton Polo Shirt (Medium),Apparel & Wearables,1,19.99,9.0,19.99,9.0,10.99,54.98
item-8310,sale-2594,INV-2026-2594,2026-09-24 19:42:05,prod-26,Gentle Moisturizing Hand Soap 1L,Personal Care,2,5.49,2.5,10.98,5.0,5.98,54.46
item-8311,sale-2595,INV-2026-2595,2026-09-24 19:28:23,prod-20,Breathable Fleece Jacket (Large),Apparel & Wearables,4,44.99,22.0,179.96,88.0,91.96,51.1
item-8312,sale-2595,INV-2026-2595,2026-09-24 19:28:23,prod-09,Arabica Whole Bean Coffee 1kg,Beverages & Drinks,4,21.99,11.0,87.96,44.0,43.96,49.98
item-8313,sale-2595,INV-2026-2595,2026-09-24 19:28:23,prod-07,Heavy-Duty Desktop Stapler,Office Supplies,1,14.49,7.0,14.49,7.0,7.49,51.69
item-8314,sale-2596,INV-2026-2596,2026-09-24 19:42:58,prod-13,Organic Extra Virgin Olive Oil 750ml,Packaged Groceries,1,14.99,7.5,14.99,7.5,7.49,49.97
item-8315,sale-2596,INV-2026-2596,2026-09-24 19:42:58,prod-12,Natural Cold Pressed Citrus Juice 1L,Beverages & Drinks,1,4.99,2.2,4.99,2.2,2.79,55.91
item-8316,sale-2596,INV-2026-2596,2026-09-24 19:42:58,prod-05,A4 Premium Copy Paper 500 Sheets,Office Supplies,1,6.99,3.2,6.99,3.2,3.79,54.22
item-8317,sale-2597,INV-2026-2597,2026-09-25 18:30:17,prod-18,High-Visibility Safety Vest,Apparel & Wearables,1,11.99,5.2,11.99,5.2,6.79,56.63
item-8318,sale-2597,INV-2026-2597,2026-09-25 18:30:17,prod-26,Gentle Moisturizing Hand Soap 1L,Personal Care,1,5.49,2.5,5.49,2.5,2.99,54.46
item-8319,sale-2598,INV-2026-2598,2026-09-25 16:41:44,prod-15,Raw Honey Jar 500g,Packaged Groceries,3,9.99,4.8,29.97,14.4,15.57,51.95
item-8320,sale-2598,INV-2026-2598,2026-09-25 16:41:44,prod-09,Arabica Whole Bean Coffee 1kg,Beverages & Drinks,1,21.99,11.0,21.99,11.0,10.99,49.98
item-8321,sale-2598,INV-2026-2598,2026-09-25 16:41:44,prod-05,A4 Premium Copy Paper 500 Sheets,Office Supplies,3,6.99,3.2,20.97,9.6,11.37,54.22
item-8322,sale-2599,INV-2026-2599,2026-09-25 10:45:58,prod-19,Waterproof Work Gloves (Pair),Apparel & Wearables,2,6.49,2.8,12.98,5.6,7.38,56.86
item-8323,sale-2599,INV-2026-2599,2026-09-25 10:45:58,prod-25,Antibacterial Hand Sanitizer 500ml,Personal Care,1,3.99,1.8,3.99,1.8,2.19,54.89
item-8324,sale-2600,INV-2026-2600,2026-09-25 09:25:35,prod-25,Antibacterial Hand Sanitizer 500ml,Personal Care,1,3.99,1.8,3.99,1.8,2.19,54.89
item-8325,sale-2600,INV-2026-2600,2026-09-25 09:25:35,prod-11,Sparkling Mineral Water 500ml (Pack 12),Beverages & Drinks,1,12.99,6.0,12.99,6.0,6.99,53.81
item-8326,sale-2601,INV-2026-2601,2026-09-25 18:34:45,prod-03,Mechanical RGB Gaming Keyboard,Electronics & Gadgets,2,74.99,38.0,149.98,76.0,73.98,49.33
item-8327,sale-2601,INV-2026-2601,2026-09-25 18:34:45,prod-19,Waterproof Work Gloves (Pair),Apparel & Wearables,1,6.49,2.8,6.49,2.8,3.69,56.86
item-8328,sale-2601,INV-2026-2601,2026-09-25 18:34:45,prod-12,Natural Cold Pressed Citrus Juice 1L,Beverages & Drinks,1,4.99,2.2,4.99,2.2,2.79,55.91
item-8329,sale-2601,INV-2026-2601,2026-09-25 18:34:45,prod-11,Sparkling Mineral Water 500ml (Pack 12),Beverages & Drinks,2,12.99,6.0,25.98,12.0,13.98,53.81
item-8330,sale-2602,INV-2026-2602,2026-09-25 12:42:57,prod-05,A4 Premium Copy Paper 500 Sheets,Office Supplies,3,6.99,3.2,20.97,9.6,11.37,54.22
item-8331,sale-2602,INV-2026-2602,2026-09-25 12:42:57,prod-26,Gentle Moisturizing Hand Soap 1L,Personal Care,1,5.49,2.5,5.49,2.5,2.99,54.46
item-8332,sale-2602,INV-2026-2602,2026-09-25 12:42:57,prod-19,Waterproof Work Gloves (Pair),Apparel & Wearables,1,6.49,2.8,6.49,2.8,3.69,56.86
item-8333,sale-2603,INV-2026-2603,2026-09-25 09:35:28,prod-26,Gentle Moisturizing Hand Soap 1L,Personal Care,1,5.49,2.5,5.49,2.5,2.99,54.46
item-8334,sale-2603,INV-2026-2603,2026-09-25 09:35:28,prod-12,Natural Cold Pressed Citrus Juice 1L,Beverages & Drinks,1,4.99,2.2,4.99,2.2,2.79,55.91
item-8335,sale-2603,INV-2026-2603,2026-09-25 09:35:28,prod-09,Arabica Whole Bean Coffee 1kg,Beverages & Drinks,1,21.99,11.0,21.99,11.0,10.99,49.98
item-8336,sale-2603,INV-2026-2603,2026-09-25 09:35:28,prod-11,Sparkling Mineral Water 500ml (Pack 12),Beverages & Drinks,3,12.99,6.0,38.97,18.0,20.97,53.81
item-8337,sale-2604,INV-2026-2604,2026-09-25 12:41:10,prod-20,Breathable Fleece Jacket (Large),Apparel & Wearables,1,44.99,22.0,44.99,22.0,22.99,51.1
item-8338,sale-2605,INV-2026-2605,2026-09-25 10:32:19,prod-02,Ergonomic Optical Wireless Mouse,Electronics & Gadgets,1,24.99,12.5,24.99,12.5,12.49,49.98
item-8339,sale-2606,INV-2026-2606,2026-09-25 19:00:15,prod-26,Gentle Moisturizing Hand Soap 1L,Personal Care,1,5.49,2.5,5.49,2.5,2.99,54.46
item-8340,sale-2606,INV-2026-2606,2026-09-25 19:00:15,prod-06,Gel Ink Rollerball Pens (Box of 12),Office Supplies,3,9.99,4.5,29.97,13.5,16.47,54.95
item-8341,sale-2606,INV-2026-2606,2026-09-25 19:00:15,prod-13,Organic Extra Virgin Olive Oil 750ml,Packaged Groceries,2,14.99,7.5,29.98,15.0,14.98,49.97
item-8342,sale-2607,INV-2026-2607,2026-09-25 16:08:36,prod-19,Waterproof Work Gloves (Pair),Apparel & Wearables,1,6.49,2.8,6.49,2.8,3.69,56.86
item-8343,sale-2607,INV-2026-2607,2026-09-25 16:08:36,prod-25,Antibacterial Hand Sanitizer 500ml,Personal Care,1,3.99,1.8,3.99,1.8,2.19,54.89
item-8344,sale-2608,INV-2026-2608,2026-09-25 14:38:34,prod-23,Digital Laser Distance Meter 50m,Hardware & Tools,2,36.99,18.0,73.98,36.0,37.98,51.34
item-8345,sale-2608,INV-2026-2608,2026-09-25 14:38:34,prod-15,Raw Honey Jar 500g,Packaged Groceries,1,9.99,4.8,9.99,4.8,5.19,51.95
item-8346,sale-2608,INV-2026-2608,2026-09-25 14:38:34,prod-10,Organic Green Tea (Box of 50 Bags),Beverages & Drinks,2,7.99,3.8,15.98,7.6,8.38,52.44
item-8347,sale-2608,INV-2026-2608,2026-09-25 14:38:34,prod-14,Wholegrain Oats 1kg,Packaged Groceries,3,4.49,2.1,13.47,6.3,7.17,53.23
item-8348,sale-2609,INV-2026-2609,2026-09-25 09:15:02,prod-13,Organic Extra Virgin Olive Oil 750ml,Packaged Groceries,1,14.99,7.5,14.99,7.5,7.49,49.97
item-8349,sale-2610,INV-2026-2610,2026-09-25 18:35:13,prod-07,Heavy-Duty Desktop Stapler,Office Supplies,3,14.49,7.0,43.47,21.0,22.47,51.69
item-8350,sale-2610,INV-2026-2610,2026-09-25 18:35:13,prod-19,Waterproof Work Gloves (Pair),Apparel & Wearables,1,6.49,2.8,6.49,2.8,3.69,56.86
item-8351,sale-2611,INV-2026-2611,2026-09-25 15:04:35,prod-30,Compact Digital Microwave Oven 20L,Home Appliances,4,114.99,58.0,459.96,232.0,227.96,49.56
item-8352,sale-2611,INV-2026-2611,2026-09-25 15:04:35,prod-03,Mechanical RGB Gaming Keyboard,Electronics & Gadgets,1,74.99,38.0,74.99,38.0,36.99,49.33
item-8353,sale-2611,INV-2026-2611,2026-09-25 15:04:35,prod-07,Heavy-Duty Desktop Stapler,Office Supplies,1,14.49,7.0,14.49,7.0,7.49,51.69
item-8354,sale-2611,INV-2026-2611,2026-09-25 15:04:35,prod-27,Microfiber Facial Towels (Pack of 4),Personal Care,1,6.99,3.0,6.99,3.0,3.99,57.08
item-8355,sale-2612,INV-2026-2612,2026-09-25 10:16:43,prod-05,A4 Premium Copy Paper 500 Sheets,Office Supplies,1,6.99,3.2,6.99,3.2,3.79,54.22
item-8356,sale-2612,INV-2026-2612,2026-09-25 10:16:43,prod-14,Wholegrain Oats 1kg,Packaged Groceries,3,4.49,2.1,13.47,6.3,7.17,53.23
item-8357,sale-2612,INV-2026-2612,2026-09-25 10:16:43,prod-25,Antibacterial Hand Sanitizer 500ml,Personal Care,1,3.99,1.8,3.99,1.8,2.19,54.89
item-8358,sale-2612,INV-2026-2612,2026-09-25 10:16:43,prod-01,Wireless Bluetooth Headset Pro,Electronics & Gadgets,2,89.99,45.0,179.98,90.0,89.98,49.99
item-8359,sale-2612,INV-2026-2612,2026-09-25 10:16:43,prod-17,100% Cotton Polo Shirt (Medium),Apparel & Wearables,2,19.99,9.0,39.98,18.0,21.98,54.98
item-8360,sale-2613,INV-2026-2613,2026-09-25 10:40:46,prod-01,Wireless Bluetooth Headset Pro,Electronics & Gadgets,1,89.99,45.0,89.99,45.0,44.99,49.99
item-8361,sale-2614,INV-2026-2614,2026-09-25 18:42:41,prod-25,Antibacterial Hand Sanitizer 500ml,Personal Care,2,3.99,1.8,7.98,3.6,4.38,54.89
item-8362,sale-2615,INV-2026-2615,2026-09-25 11:20:50,prod-17,100% Cotton Polo Shirt (Medium),Apparel & Wearables,1,19.99,9.0,19.99,9.0,10.99,54.98
item-8363,sale-2615,INV-2026-2615,2026-09-25 11:20:50,prod-25,Antibacterial Hand Sanitizer 500ml,Personal Care,1,3.99,1.8,3.99,1.8,2.19,54.89
item-8364,sale-2616,INV-2026-2616,2026-09-25 13:07:34,prod-15,Raw Honey Jar 500g,Packaged Groceries,1,9.99,4.8,9.99,4.8,5.19,51.95
item-8365,sale-2617,INV-2026-2617,2026-09-26 19:05:23,prod-03,Mechanical RGB Gaming Keyboard,Electronics & Gadgets,1,74.99,38.0,74.99,38.0,36.99,49.33
item-8366,sale-2617,INV-2026-2617,2026-09-26 19:05:23,prod-22,Professional Precision Screwdriver Kit,Hardware & Tools,1,17.99,8.5,17.99,8.5,9.49,52.75
item-8367,sale-2618,INV-2026-2618,2026-09-26 12:17:00,prod-06,Gel Ink Rollerball Pens (Box of 12),Office Supplies,1,9.99,4.5,9.99,4.5,5.49,54.95
item-8368,sale-2618,INV-2026-2618,2026-09-26 12:17:00,prod-17,100% Cotton Polo Shirt (Medium),Apparel & Wearables,1,19.99,9.0,19.99,9.0,10.99,54.98
item-8369,sale-2619,INV-2026-2619,2026-09-26 10:11:33,prod-06,Gel Ink Rollerball Pens (Box of 12),Office Supplies,3,9.99,4.5,29.97,13.5,16.47,54.95
item-8370,sale-2619,INV-2026-2619,2026-09-26 10:11:33,prod-05,A4 Premium Copy Paper 500 Sheets,Office Supplies,1,6.99,3.2,6.99,3.2,3.79,54.22
item-8371,sale-2620,INV-2026-2620,2026-09-26 16:06:33,prod-01,Wireless Bluetooth Headset Pro,Electronics & Gadgets,1,89.99,45.0,89.99,45.0,44.99,49.99
item-8372,sale-2620,INV-2026-2620,2026-09-26 16:06:33,prod-14,Wholegrain Oats 1kg,Packaged Groceries,1,4.49,2.1,4.49,2.1,2.39,53.23
item-8373,sale-2621,INV-2026-2621,2026-09-26 18:06:57,prod-05,A4 Premium Copy Paper 500 Sheets,Office Supplies,4,6.99,3.2,27.96,12.8,15.16,54.22
item-8374,sale-2621,INV-2026-2621,2026-09-26 18:06:57,prod-07,Heavy-Duty Desktop Stapler,Office Supplies,1,14.49,7.0,14.49,7.0,7.49,51.69
item-8375,sale-2621,INV-2026-2621,2026-09-26 18:06:57,prod-25,Antibacterial Hand Sanitizer 500ml,Personal Care,1,3.99,1.8,3.99,1.8,2.19,54.89
item-8376,sale-2622,INV-2026-2622,2026-09-26 19:50:34,prod-02,Ergonomic Optical Wireless Mouse,Electronics & Gadgets,1,24.99,12.5,24.99,12.5,12.49,49.98
item-8377,sale-2623,INV-2026-2623,2026-09-26 11:16:00,prod-22,Professional Precision Screwdriver Kit,Hardware & Tools,1,17.99,8.5,17.99,8.5,9.49,52.75
item-8378,sale-2624,INV-2026-2624,2026-09-26 11:24:36,prod-01,Wireless Bluetooth Headset Pro,Electronics & Gadgets,2,89.99,45.0,179.98,90.0,89.98,49.99
item-8379,sale-2625,INV-2026-2625,2026-09-26 12:43:38,prod-17,100% Cotton Polo Shirt (Medium),Apparel & Wearables,1,19.99,9.0,19.99,9.0,10.99,54.98
item-8380,sale-2626,INV-2026-2626,2026-09-26 14:51:29,prod-09,Arabica Whole Bean Coffee 1kg,Beverages & Drinks,1,21.99,11.0,21.99,11.0,10.99,49.98
item-8381,sale-2626,INV-2026-2626,2026-09-26 14:51:29,prod-03,Mechanical RGB Gaming Keyboard,Electronics & Gadgets,1,74.99,38.0,74.99,38.0,36.99,49.33
item-8382,sale-2627,INV-2026-2627,2026-09-26 12:19:40,prod-19,Waterproof Work Gloves (Pair),Apparel & Wearables,1,6.49,2.8,6.49,2.8,3.69,56.86
item-8383,sale-2627,INV-2026-2627,2026-09-26 12:19:40,prod-08,Adjustable Mesh Executive Chair,Office Supplies,1,189.99,95.0,189.99,95.0,94.99,50.0
item-8384,sale-2628,INV-2026-2628,2026-09-26 10:40:05,prod-28,Electric Stainless Steel Kettle 1.7L,Home Appliances,1,27.99,14.0,27.99,14.0,13.99,49.98
item-8385,sale-2628,INV-2026-2628,2026-09-26 10:40:05,prod-17,100% Cotton Polo Shirt (Medium),Apparel & Wearables,1,19.99,9.0,19.99,9.0,10.99,54.98
item-8386,sale-2629,INV-2026-2629,2026-09-26 09:05:47,prod-25,Antibacterial Hand Sanitizer 500ml,Personal Care,1,3.99,1.8,3.99,1.8,2.19,54.89
item-8387,sale-2629,INV-2026-2629,2026-09-26 09:05:47,prod-09,Arabica Whole Bean Coffee 1kg,Beverages & Drinks,2,21.99,11.0,43.98,22.0,21.98,49.98
item-8388,sale-2629,INV-2026-2629,2026-09-26 09:05:47,prod-07,Heavy-Duty Desktop Stapler,Office Supplies,1,14.49,7.0,14.49,7.0,7.49,51.69
item-8389,sale-2629,INV-2026-2629,2026-09-26 09:05:47,prod-08,Adjustable Mesh Executive Chair,Office Supplies,1,189.99,95.0,189.99,95.0,94.99,50.0
item-8390,sale-2630,INV-2026-2630,2026-09-26 09:27:43,prod-25,Antibacterial Hand Sanitizer 500ml,Personal Care,1,3.99,1.8,3.99,1.8,2.19,54.89
item-8391,sale-2630,INV-2026-2630,2026-09-26 09:27:43,prod-09,Arabica Whole Bean Coffee 1kg,Beverages & Drinks,3,21.99,11.0,65.97,33.0,32.97,49.98
item-8392,sale-2630,INV-2026-2630,2026-09-26 09:27:43,prod-19,Waterproof Work Gloves (Pair),Apparel & Wearables,3,6.49,2.8,19.47,8.4,11.07,56.86
item-8393,sale-2631,INV-2026-2631,2026-09-27 17:43:43,prod-14,Wholegrain Oats 1kg,Packaged Groceries,1,4.49,2.1,4.49,2.1,2.39,53.23
item-8394,sale-2631,INV-2026-2631,2026-09-27 17:43:43,prod-09,Arabica Whole Bean Coffee 1kg,Beverages & Drinks,3,21.99,11.0,65.97,33.0,32.97,49.98
item-8395,sale-2631,INV-2026-2631,2026-09-27 17:43:43,prod-24,Heavy-Duty Steel Measuring Tape 8m,Hardware & Tools,2,7.99,3.5,15.98,7.0,8.98,56.2
item-8396,sale-2631,INV-2026-2631,2026-09-27 17:43:43,prod-06,Gel Ink Rollerball Pens (Box of 12),Office Supplies,1,9.99,4.5,9.99,4.5,5.49,54.95
item-8397,sale-2632,INV-2026-2632,2026-09-27 18:12:58,prod-10,Organic Green Tea (Box of 50 Bags),Beverages & Drinks,1,7.99,3.8,7.99,3.8,4.19,52.44
item-8398,sale-2633,INV-2026-2633,2026-09-27 14:15:47,prod-23,Digital Laser Distance Meter 50m,Hardware & Tools,1,36.99,18.0,36.99,18.0,18.99,51.34
item-8399,sale-2634,INV-2026-2634,2026-09-27 16:10:43,prod-11,Sparkling Mineral Water 500ml (Pack 12),Beverages & Drinks,1,12.99,6.0,12.99,6.0,6.99,53.81
item-8400,sale-2634,INV-2026-2634,2026-09-27 16:10:43,prod-28,Electric Stainless Steel Kettle 1.7L,Home Appliances,1,27.99,14.0,27.99,14.0,13.99,49.98
item-8401,sale-2635,INV-2026-2635,2026-09-27 11:04:23,prod-17,100% Cotton Polo Shirt (Medium),Apparel & Wearables,1,19.99,9.0,19.99,9.0,10.99,54.98
item-8402,sale-2636,INV-2026-2636,2026-09-27 15:31:24,prod-12,Natural Cold Pressed Citrus Juice 1L,Beverages & Drinks,1,4.99,2.2,4.99,2.2,2.79,55.91
item-8403,sale-2636,INV-2026-2636,2026-09-27 15:31:24,prod-02,Ergonomic Optical Wireless Mouse,Electronics & Gadgets,1,24.99,12.5,24.99,12.5,12.49,49.98
item-8404,sale-2637,INV-2026-2637,2026-09-27 12:53:34,prod-03,Mechanical RGB Gaming Keyboard,Electronics & Gadgets,1,74.99,38.0,74.99,38.0,36.99,49.33
item-8405,sale-2638,INV-2026-2638,2026-09-27 13:16:13,prod-17,100% Cotton Polo Shirt (Medium),Apparel & Wearables,1,19.99,9.0,19.99,9.0,10.99,54.98
item-8406,sale-2639,INV-2026-2639,2026-09-27 13:59:59,prod-05,A4 Premium Copy Paper 500 Sheets,Office Supplies,4,6.99,3.2,27.96,12.8,15.16,54.22
item-8407,sale-2640,INV-2026-2640,2026-09-27 18:54:31,prod-06,Gel Ink Rollerball Pens (Box of 12),Office Supplies,1,9.99,4.5,9.99,4.5,5.49,54.95
item-8408,sale-2640,INV-2026-2640,2026-09-27 18:54:31,prod-10,Organic Green Tea (Box of 50 Bags),Beverages & Drinks,2,7.99,3.8,15.98,7.6,8.38,52.44
item-8409,sale-2640,INV-2026-2640,2026-09-27 18:54:31,prod-15,Raw Honey Jar 500g,Packaged Groceries,1,9.99,4.8,9.99,4.8,5.19,51.95
item-8410,sale-2641,INV-2026-2641,2026-09-27 13:22:06,prod-05,A4 Premium Copy Paper 500 Sheets,Office Supplies,1,6.99,3.2,6.99,3.2,3.79,54.22
item-8411,sale-2641,INV-2026-2641,2026-09-27 13:22:06,prod-25,Antibacterial Hand Sanitizer 500ml,Personal Care,1,3.99,1.8,3.99,1.8,2.19,54.89
item-8412,sale-2641,INV-2026-2641,2026-09-27 13:22:06,prod-11,Sparkling Mineral Water 500ml (Pack 12),Beverages & Drinks,1,12.99,6.0,12.99,6.0,6.99,53.81
item-8413,sale-2641,INV-2026-2641,2026-09-27 13:22:06,prod-06,Gel Ink Rollerball Pens (Box of 12),Office Supplies,1,9.99,4.5,9.99,4.5,5.49,54.95
item-8414,sale-2642,INV-2026-2642,2026-09-27 09:06:27,prod-05,A4 Premium Copy Paper 500 Sheets,Office Supplies,1,6.99,3.2,6.99,3.2,3.79,54.22
item-8415,sale-2642,INV-2026-2642,2026-09-27 09:06:27,prod-28,Electric Stainless Steel Kettle 1.7L,Home Appliances,1,27.99,14.0,27.99,14.0,13.99,49.98
item-8416,sale-2642,INV-2026-2642,2026-09-27 09:06:27,prod-06,Gel Ink Rollerball Pens (Box of 12),Office Supplies,3,9.99,4.5,29.97,13.5,16.47,54.95
item-8417,sale-2642,INV-2026-2642,2026-09-27 09:06:27,prod-24,Heavy-Duty Steel Measuring Tape 8m,Hardware & Tools,1,7.99,3.5,7.99,3.5,4.49,56.2
item-8418,sale-2643,INV-2026-2643,2026-09-27 11:26:07,prod-16,Assorted Roasted Almonds 250g,Packaged Groceries,1,7.49,3.5,7.49,3.5,3.99,53.27
item-8419,sale-2643,INV-2026-2643,2026-09-27 11:26:07,prod-13,Organic Extra Virgin Olive Oil 750ml,Packaged Groceries,2,14.99,7.5,29.98,15.0,14.98,49.97
item-8420,sale-2644,INV-2026-2644,2026-09-27 13:14:30,prod-19,Waterproof Work Gloves (Pair),Apparel & Wearables,3,6.49,2.8,19.47,8.4,11.07,56.86
item-8421,sale-2645,INV-2026-2645,2026-09-27 11:34:51,prod-05,A4 Premium Copy Paper 500 Sheets,Office Supplies,2,6.99,3.2,13.98,6.4,7.58,54.22
item-8422,sale-2646,INV-2026-2646,2026-09-27 14:47:27,prod-11,Sparkling Mineral Water 500ml (Pack 12),Beverages & Drinks,1,12.99,6.0,12.99,6.0,6.99,53.81
item-8423,sale-2646,INV-2026-2646,2026-09-27 14:47:27,prod-05,A4 Premium Copy Paper 500 Sheets,Office Supplies,1,6.99,3.2,6.99,3.2,3.79,54.22
item-8424,sale-2647,INV-2026-2647,2026-09-27 13:02:08,prod-24,Heavy-Duty Steel Measuring Tape 8m,Hardware & Tools,1,7.99,3.5,7.99,3.5,4.49,56.2
item-8425,sale-2647,INV-2026-2647,2026-09-27 13:02:08,prod-07,Heavy-Duty Desktop Stapler,Office Supplies,6,14.49,7.0,86.94,42.0,44.94,51.69
item-8426,sale-2648,INV-2026-2648,2026-09-27 11:42:12,prod-25,Antibacterial Hand Sanitizer 500ml,Personal Care,2,3.99,1.8,7.98,3.6,4.38,54.89
item-8427,sale-2648,INV-2026-2648,2026-09-27 11:42:12,prod-12,Natural Cold Pressed Citrus Juice 1L,Beverages & Drinks,1,4.99,2.2,4.99,2.2,2.79,55.91
item-8428,sale-2649,INV-2026-2649,2026-09-28 16:35:31,prod-06,Gel Ink Rollerball Pens (Box of 12),Office Supplies,1,9.99,4.5,9.99,4.5,5.49,54.95
item-8429,sale-2650,INV-2026-2650,2026-09-28 15:32:46,prod-10,Organic Green Tea (Box of 50 Bags),Beverages & Drinks,1,7.99,3.8,7.99,3.8,4.19,52.44
item-8430,sale-2650,INV-2026-2650,2026-09-28 15:32:46,prod-19,Waterproof Work Gloves (Pair),Apparel & Wearables,1,6.49,2.8,6.49,2.8,3.69,56.86
item-8431,sale-2650,INV-2026-2650,2026-09-28 15:32:46,prod-21,20V Cordless Power Drill Set,Hardware & Tools,1,109.99,55.0,109.99,55.0,54.99,50.0
item-8432,sale-2651,INV-2026-2651,2026-09-28 10:50:01,prod-03,Mechanical RGB Gaming Keyboard,Electronics & Gadgets,6,74.99,38.0,449.94,228.0,221.94,49.33
item-8433,sale-2652,INV-2026-2652,2026-09-28 19:15:03,prod-02,Ergonomic Optical Wireless Mouse,Electronics & Gadgets,3,24.99,12.5,74.97,37.5,37.47,49.98
item-8434,sale-2653,INV-2026-2653,2026-09-28 09:27:30,prod-19,Waterproof Work Gloves (Pair),Apparel & Wearables,1,6.49,2.8,6.49,2.8,3.69,56.86
item-8435,sale-2654,INV-2026-2654,2026-09-28 12:39:09,prod-08,Adjustable Mesh Executive Chair,Office Supplies,1,189.99,95.0,189.99,95.0,94.99,50.0
item-8436,sale-2655,INV-2026-2655,2026-09-28 10:55:16,prod-22,Professional Precision Screwdriver Kit,Hardware & Tools,4,17.99,8.5,71.96,34.0,37.96,52.75
item-8437,sale-2655,INV-2026-2655,2026-09-28 10:55:16,prod-14,Wholegrain Oats 1kg,Packaged Groceries,1,4.49,2.1,4.49,2.1,2.39,53.23
item-8438,sale-2656,INV-2026-2656,2026-09-28 10:44:46,prod-17,100% Cotton Polo Shirt (Medium),Apparel & Wearables,1,19.99,9.0,19.99,9.0,10.99,54.98
item-8439,sale-2656,INV-2026-2656,2026-09-28 10:44:46,prod-26,Gentle Moisturizing Hand Soap 1L,Personal Care,1,5.49,2.5,5.49,2.5,2.99,54.46
item-8440,sale-2657,INV-2026-2657,2026-09-28 18:40:40,prod-07,Heavy-Duty Desktop Stapler,Office Supplies,2,14.49,7.0,28.98,14.0,14.98,51.69
item-8441,sale-2657,INV-2026-2657,2026-09-28 18:40:40,prod-26,Gentle Moisturizing Hand Soap 1L,Personal Care,4,5.49,2.5,21.96,10.0,11.96,54.46
item-8442,sale-2657,INV-2026-2657,2026-09-28 18:40:40,prod-01,Wireless Bluetooth Headset Pro,Electronics & Gadgets,2,89.99,45.0,179.98,90.0,89.98,49.99
item-8443,sale-2658,INV-2026-2658,2026-09-28 13:12:59,prod-01,Wireless Bluetooth Headset Pro,Electronics & Gadgets,1,89.99,45.0,89.99,45.0,44.99,49.99
item-8444,sale-2658,INV-2026-2658,2026-09-28 13:12:59,prod-26,Gentle Moisturizing Hand Soap 1L,Personal Care,1,5.49,2.5,5.49,2.5,2.99,54.46
item-8445,sale-2659,INV-2026-2659,2026-09-29 09:24:26,prod-06,Gel Ink Rollerball Pens (Box of 12),Office Supplies,1,9.99,4.5,9.99,4.5,5.49,54.95
item-8446,sale-2660,INV-2026-2660,2026-09-29 15:30:03,prod-18,High-Visibility Safety Vest,Apparel & Wearables,2,11.99,5.2,23.98,10.4,13.58,56.63
item-8447,sale-2660,INV-2026-2660,2026-09-29 15:30:03,prod-14,Wholegrain Oats 1kg,Packaged Groceries,3,4.49,2.1,13.47,6.3,7.17,53.23
item-8448,sale-2661,INV-2026-2661,2026-09-29 13:23:17,prod-01,Wireless Bluetooth Headset Pro,Electronics & Gadgets,1,89.99,45.0,89.99,45.0,44.99,49.99
item-8449,sale-2661,INV-2026-2661,2026-09-29 13:23:17,prod-21,20V Cordless Power Drill Set,Hardware & Tools,1,109.99,55.0,109.99,55.0,54.99,50.0
item-8450,sale-2662,INV-2026-2662,2026-09-29 09:11:02,prod-10,Organic Green Tea (Box of 50 Bags),Beverages & Drinks,1,7.99,3.8,7.99,3.8,4.19,52.44
item-8451,sale-2662,INV-2026-2662,2026-09-29 09:11:02,prod-26,Gentle Moisturizing Hand Soap 1L,Personal Care,2,5.49,2.5,10.98,5.0,5.98,54.46
item-8452,sale-2663,INV-2026-2663,2026-09-29 16:17:58,prod-27,Microfiber Facial Towels (Pack of 4),Personal Care,1,6.99,3.0,6.99,3.0,3.99,57.08
item-8453,sale-2664,INV-2026-2664,2026-09-29 16:23:21,prod-10,Organic Green Tea (Box of 50 Bags),Beverages & Drinks,1,7.99,3.8,7.99,3.8,4.19,52.44
item-8454,sale-2665,INV-2026-2665,2026-09-29 11:21:23,prod-17,100% Cotton Polo Shirt (Medium),Apparel & Wearables,1,19.99,9.0,19.99,9.0,10.99,54.98
item-8455,sale-2666,INV-2026-2666,2026-09-29 14:15:41,prod-09,Arabica Whole Bean Coffee 1kg,Beverages & Drinks,2,21.99,11.0,43.98,22.0,21.98,49.98
item-8456,sale-2667,INV-2026-2667,2026-09-29 10:08:40,prod-22,Professional Precision Screwdriver Kit,Hardware & Tools,1,17.99,8.5,17.99,8.5,9.49,52.75
item-8457,sale-2667,INV-2026-2667,2026-09-29 10:08:40,prod-21,20V Cordless Power Drill Set,Hardware & Tools,1,109.99,55.0,109.99,55.0,54.99,50.0
item-8458,sale-2668,INV-2026-2668,2026-09-30 19:52:12,prod-25,Antibacterial Hand Sanitizer 500ml,Personal Care,6,3.99,1.8,23.94,10.8,13.14,54.89
item-8459,sale-2669,INV-2026-2669,2026-09-30 17:39:21,prod-01,Wireless Bluetooth Headset Pro,Electronics & Gadgets,1,89.99,45.0,89.99,45.0,44.99,49.99
item-8460,sale-2669,INV-2026-2669,2026-09-30 17:39:21,prod-05,A4 Premium Copy Paper 500 Sheets,Office Supplies,1,6.99,3.2,6.99,3.2,3.79,54.22
item-8461,sale-2670,INV-2026-2670,2026-09-30 11:02:08,prod-27,Microfiber Facial Towels (Pack of 4),Personal Care,1,6.99,3.0,6.99,3.0,3.99,57.08
item-8462,sale-2671,INV-2026-2671,2026-09-30 17:22:57,prod-24,Heavy-Duty Steel Measuring Tape 8m,Hardware & Tools,2,7.99,3.5,15.98,7.0,8.98,56.2
item-8463,sale-2671,INV-2026-2671,2026-09-30 17:22:57,prod-17,100% Cotton Polo Shirt (Medium),Apparel & Wearables,1,19.99,9.0,19.99,9.0,10.99,54.98
item-8464,sale-2671,INV-2026-2671,2026-09-30 17:22:57,prod-18,High-Visibility Safety Vest,Apparel & Wearables,6,11.99,5.2,71.94,31.2,40.74,56.63
item-8465,sale-2671,INV-2026-2671,2026-09-30 17:22:57,prod-16,Assorted Roasted Almonds 250g,Packaged Groceries,2,7.49,3.5,14.98,7.0,7.98,53.27
item-8466,sale-2672,INV-2026-2672,2026-09-30 10:30:26,prod-26,Gentle Moisturizing Hand Soap 1L,Personal Care,1,5.49,2.5,5.49,2.5,2.99,54.46
item-8467,sale-2672,INV-2026-2672,2026-09-30 10:30:26,prod-06,Gel Ink Rollerball Pens (Box of 12),Office Supplies,1,9.99,4.5,9.99,4.5,5.49,54.95
item-8468,sale-2672,INV-2026-2672,2026-09-30 10:30:26,prod-03,Mechanical RGB Gaming Keyboard,Electronics & Gadgets,3,74.99,38.0,224.97,114.0,110.97,49.33
item-8469,sale-2673,INV-2026-2673,2026-09-30 13:44:08,prod-16,Assorted Roasted Almonds 250g,Packaged Groceries,1,7.49,3.5,7.49,3.5,3.99,53.27
item-8470,sale-2673,INV-2026-2673,2026-09-30 13:44:08,prod-15,Raw Honey Jar 500g,Packaged Groceries,2,9.99,4.8,19.98,9.6,10.38,51.95
item-8471,sale-2674,INV-2026-2674,2026-09-30 12:47:52,prod-05,A4 Premium Copy Paper 500 Sheets,Office Supplies,1,6.99,3.2,6.99,3.2,3.79,54.22
item-8472,sale-2674,INV-2026-2674,2026-09-30 12:47:52,prod-17,100% Cotton Polo Shirt (Medium),Apparel & Wearables,6,19.99,9.0,119.94,54.0,65.94,54.98
item-8473,sale-2674,INV-2026-2674,2026-09-30 12:47:52,prod-06,Gel Ink Rollerball Pens (Box of 12),Office Supplies,1,9.99,4.5,9.99,4.5,5.49,54.95
item-8474,sale-2675,INV-2026-2675,2026-09-30 10:10:28,prod-05,A4 Premium Copy Paper 500 Sheets,Office Supplies,2,6.99,3.2,13.98,6.4,7.58,54.22
item-8475,sale-2676,INV-2026-2676,2026-09-30 15:38:17,prod-19,Waterproof Work Gloves (Pair),Apparel & Wearables,3,6.49,2.8,19.47,8.4,11.07,56.86
item-8476,sale-2676,INV-2026-2676,2026-09-30 15:38:17,prod-03,Mechanical RGB Gaming Keyboard,Electronics & Gadgets,1,74.99,38.0,74.99,38.0,36.99,49.33
item-8477,sale-2677,INV-2026-2677,2026-09-30 18:44:00,prod-13,Organic Extra Virgin Olive Oil 750ml,Packaged Groceries,1,14.99,7.5,14.99,7.5,7.49,49.97
item-8478,sale-2678,INV-2026-2678,2026-09-30 17:16:19,prod-27,Microfiber Facial Towels (Pack of 4),Personal Care,2,6.99,3.0,13.98,6.0,7.98,57.08
item-8479,sale-2678,INV-2026-2678,2026-09-30 17:16:19,prod-09,Arabica Whole Bean Coffee 1kg,Beverages & Drinks,4,21.99,11.0,87.96,44.0,43.96,49.98
item-8480,sale-2678,INV-2026-2678,2026-09-30 17:16:19,prod-26,Gentle Moisturizing Hand Soap 1L,Personal Care,1,5.49,2.5,5.49,2.5,2.99,54.46
item-8481,sale-2679,INV-2026-2679,2026-09-30 11:14:02,prod-09,Arabica Whole Bean Coffee 1kg,Beverages & Drinks,1,21.99,11.0,21.99,11.0,10.99,49.98
item-8482,sale-2679,INV-2026-2679,2026-09-30 11:14:02,prod-25,Antibacterial Hand Sanitizer 500ml,Personal Care,1,3.99,1.8,3.99,1.8,2.19,54.89
item-8483,sale-2680,INV-2026-2680,2026-09-30 13:59:08,prod-09,Arabica Whole Bean Coffee 1kg,Beverages & Drinks,2,21.99,11.0,43.98,22.0,21.98,49.98
item-8484,sale-2681,INV-2026-2681,2026-09-30 12:52:13,prod-17,100% Cotton Polo Shirt (Medium),Apparel & Wearables,1,19.99,9.0,19.99,9.0,10.99,54.98
item-8485,sale-2681,INV-2026-2681,2026-09-30 12:52:13,prod-25,Antibacterial Hand Sanitizer 500ml,Personal Care,1,3.99,1.8,3.99,1.8,2.19,54.89
item-8486,sale-2681,INV-2026-2681,2026-09-30 12:52:13,prod-08,Adjustable Mesh Executive Chair,Office Supplies,1,189.99,95.0,189.99,95.0,94.99,50.0
item-8487,sale-2682,INV-2026-2682,2026-09-30 14:20:05,prod-19,Waterproof Work Gloves (Pair),Apparel & Wearables,2,6.49,2.8,12.98,5.6,7.38,56.86
item-8488,sale-2682,INV-2026-2682,2026-09-30 14:20:05,prod-17,100% Cotton Polo Shirt (Medium),Apparel & Wearables,1,19.99,9.0,19.99,9.0,10.99,54.98
item-8489,sale-2683,INV-2026-2683,2026-10-01 15:57:39,prod-12,Natural Cold Pressed Citrus Juice 1L,Beverages & Drinks,1,4.99,2.2,4.99,2.2,2.79,55.91
item-8490,sale-2684,INV-2026-2684,2026-10-01 12:46:17,prod-22,Professional Precision Screwdriver Kit,Hardware & Tools,2,17.99,8.5,35.98,17.0,18.98,52.75
item-8491,sale-2685,INV-2026-2685,2026-10-01 18:06:46,prod-24,Heavy-Duty Steel Measuring Tape 8m,Hardware & Tools,2,7.99,3.5,15.98,7.0,8.98,56.2
item-8492,sale-2686,INV-2026-2686,2026-10-01 19:38:35,prod-15,Raw Honey Jar 500g,Packaged Groceries,2,9.99,4.8,19.98,9.6,10.38,51.95
item-8493,sale-2686,INV-2026-2686,2026-10-01 19:38:35,prod-01,Wireless Bluetooth Headset Pro,Electronics & Gadgets,1,89.99,45.0,89.99,45.0,44.99,49.99
item-8494,sale-2687,INV-2026-2687,2026-10-01 12:37:40,prod-25,Antibacterial Hand Sanitizer 500ml,Personal Care,1,3.99,1.8,3.99,1.8,2.19,54.89
item-8495,sale-2687,INV-2026-2687,2026-10-01 12:37:40,prod-17,100% Cotton Polo Shirt (Medium),Apparel & Wearables,1,19.99,9.0,19.99,9.0,10.99,54.98
item-8496,sale-2687,INV-2026-2687,2026-10-01 12:37:40,prod-07,Heavy-Duty Desktop Stapler,Office Supplies,1,14.49,7.0,14.49,7.0,7.49,51.69
item-8497,sale-2687,INV-2026-2687,2026-10-01 12:37:40,prod-06,Gel Ink Rollerball Pens (Box of 12),Office Supplies,1,9.99,4.5,9.99,4.5,5.49,54.95
item-8498,sale-2688,INV-2026-2688,2026-10-01 12:46:46,prod-28,Electric Stainless Steel Kettle 1.7L,Home Appliances,1,27.99,14.0,27.99,14.0,13.99,49.98
item-8499,sale-2689,INV-2026-2689,2026-10-02 11:29:11,prod-26,Gentle Moisturizing Hand Soap 1L,Personal Care,2,5.49,2.5,10.98,5.0,5.98,54.46
item-8500,sale-2689,INV-2026-2689,2026-10-02 11:29:11,prod-15,Raw Honey Jar 500g,Packaged Groceries,1,9.99,4.8,9.99,4.8,5.19,51.95
item-8501,sale-2689,INV-2026-2689,2026-10-02 11:29:11,prod-22,Professional Precision Screwdriver Kit,Hardware & Tools,1,17.99,8.5,17.99,8.5,9.49,52.75
item-8502,sale-2689,INV-2026-2689,2026-10-02 11:29:11,prod-12,Natural Cold Pressed Citrus Juice 1L,Beverages & Drinks,1,4.99,2.2,4.99,2.2,2.79,55.91
item-8503,sale-2690,INV-2026-2690,2026-10-02 11:41:18,prod-16,Assorted Roasted Almonds 250g,Packaged Groceries,1,7.49,3.5,7.49,3.5,3.99,53.27
item-8504,sale-2690,INV-2026-2690,2026-10-02 11:41:18,prod-09,Arabica Whole Bean Coffee 1kg,Beverages & Drinks,1,21.99,11.0,21.99,11.0,10.99,49.98
item-8505,sale-2691,INV-2026-2691,2026-10-02 19:38:12,prod-07,Heavy-Duty Desktop Stapler,Office Supplies,1,14.49,7.0,14.49,7.0,7.49,51.69
item-8506,sale-2692,INV-2026-2692,2026-10-02 19:25:06,prod-25,Antibacterial Hand Sanitizer 500ml,Personal Care,1,3.99,1.8,3.99,1.8,2.19,54.89
item-8507,sale-2693,INV-2026-2693,2026-10-02 15:24:01,prod-09,Arabica Whole Bean Coffee 1kg,Beverages & Drinks,1,21.99,11.0,21.99,11.0,10.99,49.98
item-8508,sale-2693,INV-2026-2693,2026-10-02 15:24:01,prod-26,Gentle Moisturizing Hand Soap 1L,Personal Care,1,5.49,2.5,5.49,2.5,2.99,54.46
item-8509,sale-2694,INV-2026-2694,2026-10-02 10:17:09,prod-11,Sparkling Mineral Water 500ml (Pack 12),Beverages & Drinks,1,12.99,6.0,12.99,6.0,6.99,53.81
item-8510,sale-2694,INV-2026-2694,2026-10-02 10:17:09,prod-16,Assorted Roasted Almonds 250g,Packaged Groceries,6,7.49,3.5,44.94,21.0,23.94,53.27
item-8511,sale-2695,INV-2026-2695,2026-10-02 09:50:06,prod-10,Organic Green Tea (Box of 50 Bags),Beverages & Drinks,1,7.99,3.8,7.99,3.8,4.19,52.44
item-8512,sale-2695,INV-2026-2695,2026-10-02 09:50:06,prod-22,Professional Precision Screwdriver Kit,Hardware & Tools,3,17.99,8.5,53.97,25.5,28.47,52.75
item-8513,sale-2696,INV-2026-2696,2026-10-02 10:12:08,prod-22,Professional Precision Screwdriver Kit,Hardware & Tools,3,17.99,8.5,53.97,25.5,28.47,52.75
item-8514,sale-2696,INV-2026-2696,2026-10-02 10:12:08,prod-04,4K Ultra-HD Monitor 27-inch,Electronics & Gadgets,2,299.99,180.0,599.98,360.0,239.98,40.0
item-8515,sale-2697,INV-2026-2697,2026-10-02 13:21:30,prod-05,A4 Premium Copy Paper 500 Sheets,Office Supplies,1,6.99,3.2,6.99,3.2,3.79,54.22
item-8516,sale-2698,INV-2026-2698,2026-10-02 19:34:07,prod-07,Heavy-Duty Desktop Stapler,Office Supplies,4,14.49,7.0,57.96,28.0,29.96,51.69
item-8517,sale-2698,INV-2026-2698,2026-10-02 19:34:07,prod-13,Organic Extra Virgin Olive Oil 750ml,Packaged Groceries,1,14.99,7.5,14.99,7.5,7.49,49.97
item-8518,sale-2698,INV-2026-2698,2026-10-02 19:34:07,prod-01,Wireless Bluetooth Headset Pro,Electronics & Gadgets,2,89.99,45.0,179.98,90.0,89.98,49.99
item-8519,sale-2698,INV-2026-2698,2026-10-02 19:34:07,prod-11,Sparkling Mineral Water 500ml (Pack 12),Beverages & Drinks,1,12.99,6.0,12.99,6.0,6.99,53.81
item-8520,sale-2698,INV-2026-2698,2026-10-02 19:34:07,prod-16,Assorted Roasted Almonds 250g,Packaged Groceries,1,7.49,3.5,7.49,3.5,3.99,53.27
item-8521,sale-2699,INV-2026-2699,2026-10-02 10:32:56,prod-16,Assorted Roasted Almonds 250g,Packaged Groceries,4,7.49,3.5,29.96,14.0,15.96,53.27
item-8522,sale-2700,INV-2026-2700,2026-10-02 09:14:27,prod-06,Gel Ink Rollerball Pens (Box of 12),Office Supplies,2,9.99,4.5,19.98,9.0,10.98,54.95
item-8523,sale-2700,INV-2026-2700,2026-10-02 09:14:27,prod-27,Microfiber Facial Towels (Pack of 4),Personal Care,1,6.99,3.0,6.99,3.0,3.99,57.08
item-8524,sale-2700,INV-2026-2700,2026-10-02 09:14:27,prod-25,Antibacterial Hand Sanitizer 500ml,Personal Care,1,3.99,1.8,3.99,1.8,2.19,54.89
item-8525,sale-2701,INV-2026-2701,2026-10-02 19:24:43,prod-07,Heavy-Duty Desktop Stapler,Office Supplies,1,14.49,7.0,14.49,7.0,7.49,51.69
item-8526,sale-2701,INV-2026-2701,2026-10-02 19:24:43,prod-14,Wholegrain Oats 1kg,Packaged Groceries,1,4.49,2.1,4.49,2.1,2.39,53.23
item-8527,sale-2702,INV-2026-2702,2026-10-02 10:14:06,prod-24,Heavy-Duty Steel Measuring Tape 8m,Hardware & Tools,2,7.99,3.5,15.98,7.0,8.98,56.2
item-8528,sale-2702,INV-2026-2702,2026-10-02 10:14:06,prod-12,Natural Cold Pressed Citrus Juice 1L,Beverages & Drinks,2,4.99,2.2,9.98,4.4,5.58,55.91
item-8529,sale-2702,INV-2026-2702,2026-10-02 10:14:06,prod-14,Wholegrain Oats 1kg,Packaged Groceries,2,4.49,2.1,8.98,4.2,4.78,53.23
item-8530,sale-2702,INV-2026-2702,2026-10-02 10:14:06,prod-10,Organic Green Tea (Box of 50 Bags),Beverages & Drinks,2,7.99,3.8,15.98,7.6,8.38,52.44
item-8531,sale-2703,INV-2026-2703,2026-10-02 14:07:23,prod-10,Organic Green Tea (Box of 50 Bags),Beverages & Drinks,1,7.99,3.8,7.99,3.8,4.19,52.44
item-8532,sale-2704,INV-2026-2704,2026-10-02 11:27:33,prod-24,Heavy-Duty Steel Measuring Tape 8m,Hardware & Tools,1,7.99,3.5,7.99,3.5,4.49,56.2
item-8533,sale-2705,INV-2026-2705,2026-10-02 19:43:19,prod-11,Sparkling Mineral Water 500ml (Pack 12),Beverages & Drinks,6,12.99,6.0,77.94,36.0,41.94,53.81
item-8534,sale-2706,INV-2026-2706,2026-10-02 13:58:31,prod-18,High-Visibility Safety Vest,Apparel & Wearables,1,11.99,5.2,11.99,5.2,6.79,56.63
item-8535,sale-2707,INV-2026-2707,2026-10-03 11:49:41,prod-14,Wholegrain Oats 1kg,Packaged Groceries,1,4.49,2.1,4.49,2.1,2.39,53.23
item-8536,sale-2707,INV-2026-2707,2026-10-03 11:49:41,prod-26,Gentle Moisturizing Hand Soap 1L,Personal Care,4,5.49,2.5,21.96,10.0,11.96,54.46
item-8537,sale-2707,INV-2026-2707,2026-10-03 11:49:41,prod-09,Arabica Whole Bean Coffee 1kg,Beverages & Drinks,1,21.99,11.0,21.99,11.0,10.99,49.98
item-8538,sale-2708,INV-2026-2708,2026-10-03 16:52:04,prod-25,Antibacterial Hand Sanitizer 500ml,Personal Care,2,3.99,1.8,7.98,3.6,4.38,54.89
item-8539,sale-2708,INV-2026-2708,2026-10-03 16:52:04,prod-09,Arabica Whole Bean Coffee 1kg,Beverages & Drinks,1,21.99,11.0,21.99,11.0,10.99,49.98
item-8540,sale-2709,INV-2026-2709,2026-10-03 14:08:11,prod-05,A4 Premium Copy Paper 500 Sheets,Office Supplies,2,6.99,3.2,13.98,6.4,7.58,54.22
item-8541,sale-2710,INV-2026-2710,2026-10-03 16:44:26,prod-22,Professional Precision Screwdriver Kit,Hardware & Tools,4,17.99,8.5,71.96,34.0,37.96,52.75
item-8542,sale-2711,INV-2026-2711,2026-10-03 19:58:15,prod-15,Raw Honey Jar 500g,Packaged Groceries,1,9.99,4.8,9.99,4.8,5.19,51.95
item-8543,sale-2711,INV-2026-2711,2026-10-03 19:58:15,prod-13,Organic Extra Virgin Olive Oil 750ml,Packaged Groceries,1,14.99,7.5,14.99,7.5,7.49,49.97
item-8544,sale-2712,INV-2026-2712,2026-10-03 16:34:34,prod-29,HEPA Air Purifier Desktop Size,Home Appliances,3,84.99,42.0,254.97,126.0,128.97,50.58
item-8545,sale-2712,INV-2026-2712,2026-10-03 16:34:34,prod-27,Microfiber Facial Towels (Pack of 4),Personal Care,3,6.99,3.0,20.97,9.0,11.97,57.08
item-8546,sale-2713,INV-2026-2713,2026-10-03 15:33:36,prod-19,Waterproof Work Gloves (Pair),Apparel & Wearables,1,6.49,2.8,6.49,2.8,3.69,56.86
item-8547,sale-2713,INV-2026-2713,2026-10-03 15:33:36,prod-26,Gentle Moisturizing Hand Soap 1L,Personal Care,4,5.49,2.5,21.96,10.0,11.96,54.46
item-8548,sale-2714,INV-2026-2714,2026-10-03 12:23:00,prod-17,100% Cotton Polo Shirt (Medium),Apparel & Wearables,4,19.99,9.0,79.96,36.0,43.96,54.98
item-8549,sale-2714,INV-2026-2714,2026-10-03 12:23:00,prod-21,20V Cordless Power Drill Set,Hardware & Tools,1,109.99,55.0,109.99,55.0,54.99,50.0
item-8550,sale-2715,INV-2026-2715,2026-10-03 16:08:58,prod-14,Wholegrain Oats 1kg,Packaged Groceries,1,4.49,2.1,4.49,2.1,2.39,53.23
item-8551,sale-2715,INV-2026-2715,2026-10-03 16:08:58,prod-08,Adjustable Mesh Executive Chair,Office Supplies,2,189.99,95.0,379.98,190.0,189.98,50.0
item-8552,sale-2715,INV-2026-2715,2026-10-03 16:08:58,prod-24,Heavy-Duty Steel Measuring Tape 8m,Hardware & Tools,1,7.99,3.5,7.99,3.5,4.49,56.2
item-8553,sale-2716,INV-2026-2716,2026-10-03 11:18:29,prod-18,High-Visibility Safety Vest,Apparel & Wearables,1,11.99,5.2,11.99,5.2,6.79,56.63
item-8554,sale-2716,INV-2026-2716,2026-10-03 11:18:29,prod-11,Sparkling Mineral Water 500ml (Pack 12),Beverages & Drinks,4,12.99,6.0,51.96,24.0,27.96,53.81
item-8555,sale-2717,INV-2026-2717,2026-10-03 15:15:13,prod-22,Professional Precision Screwdriver Kit,Hardware & Tools,1,17.99,8.5,17.99,8.5,9.49,52.75
item-8556,sale-2717,INV-2026-2717,2026-10-03 15:15:13,prod-11,Sparkling Mineral Water 500ml (Pack 12),Beverages & Drinks,1,12.99,6.0,12.99,6.0,6.99,53.81
item-8557,sale-2718,INV-2026-2718,2026-10-03 11:24:46,prod-15,Raw Honey Jar 500g,Packaged Groceries,1,9.99,4.8,9.99,4.8,5.19,51.95
item-8558,sale-2718,INV-2026-2718,2026-10-03 11:24:46,prod-13,Organic Extra Virgin Olive Oil 750ml,Packaged Groceries,1,14.99,7.5,14.99,7.5,7.49,49.97
item-8559,sale-2719,INV-2026-2719,2026-10-03 10:42:37,prod-05,A4 Premium Copy Paper 500 Sheets,Office Supplies,4,6.99,3.2,27.96,12.8,15.16,54.22
item-8560,sale-2720,INV-2026-2720,2026-10-03 09:09:23,prod-19,Waterproof Work Gloves (Pair),Apparel & Wearables,3,6.49,2.8,19.47,8.4,11.07,56.86
item-8561,sale-2720,INV-2026-2720,2026-10-03 09:09:23,prod-11,Sparkling Mineral Water 500ml (Pack 12),Beverages & Drinks,2,12.99,6.0,25.98,12.0,13.98,53.81
item-8562,sale-2721,INV-2026-2721,2026-10-03 15:09:48,prod-10,Organic Green Tea (Box of 50 Bags),Beverages & Drinks,3,7.99,3.8,23.97,11.4,12.57,52.44
item-8563,sale-2721,INV-2026-2721,2026-10-03 15:09:48,prod-27,Microfiber Facial Towels (Pack of 4),Personal Care,1,6.99,3.0,6.99,3.0,3.99,57.08
item-8564,sale-2721,INV-2026-2721,2026-10-03 15:09:48,prod-25,Antibacterial Hand Sanitizer 500ml,Personal Care,1,3.99,1.8,3.99,1.8,2.19,54.89
item-8565,sale-2722,INV-2026-2722,2026-10-04 13:30:26,prod-09,Arabica Whole Bean Coffee 1kg,Beverages & Drinks,3,21.99,11.0,65.97,33.0,32.97,49.98
item-8566,sale-2723,INV-2026-2723,2026-10-04 11:03:56,prod-02,Ergonomic Optical Wireless Mouse,Electronics & Gadgets,1,24.99,12.5,24.99,12.5,12.49,49.98
item-8567,sale-2724,INV-2026-2724,2026-10-04 09:25:53,prod-07,Heavy-Duty Desktop Stapler,Office Supplies,2,14.49,7.0,28.98,14.0,14.98,51.69
item-8568,sale-2725,INV-2026-2725,2026-10-04 13:58:36,prod-01,Wireless Bluetooth Headset Pro,Electronics & Gadgets,1,89.99,45.0,89.99,45.0,44.99,49.99
item-8569,sale-2725,INV-2026-2725,2026-10-04 13:58:36,prod-12,Natural Cold Pressed Citrus Juice 1L,Beverages & Drinks,1,4.99,2.2,4.99,2.2,2.79,55.91
item-8570,sale-2726,INV-2026-2726,2026-10-04 11:17:05,prod-21,20V Cordless Power Drill Set,Hardware & Tools,2,109.99,55.0,219.98,110.0,109.98,50.0
item-8571,sale-2726,INV-2026-2726,2026-10-04 11:17:05,prod-22,Professional Precision Screwdriver Kit,Hardware & Tools,1,17.99,8.5,17.99,8.5,9.49,52.75
item-8572,sale-2727,INV-2026-2727,2026-10-04 09:14:25,prod-25,Antibacterial Hand Sanitizer 500ml,Personal Care,2,3.99,1.8,7.98,3.6,4.38,54.89
item-8573,sale-2727,INV-2026-2727,2026-10-04 09:14:25,prod-26,Gentle Moisturizing Hand Soap 1L,Personal Care,3,5.49,2.5,16.47,7.5,8.97,54.46
item-8574,sale-2727,INV-2026-2727,2026-10-04 09:14:25,prod-01,Wireless Bluetooth Headset Pro,Electronics & Gadgets,1,89.99,45.0,89.99,45.0,44.99,49.99
item-8575,sale-2727,INV-2026-2727,2026-10-04 09:14:25,prod-27,Microfiber Facial Towels (Pack of 4),Personal Care,2,6.99,3.0,13.98,6.0,7.98,57.08
item-8576,sale-2728,INV-2026-2728,2026-10-04 10:52:44,prod-20,Breathable Fleece Jacket (Large),Apparel & Wearables,1,44.99,22.0,44.99,22.0,22.99,51.1
item-8577,sale-2728,INV-2026-2728,2026-10-04 10:52:44,prod-16,Assorted Roasted Almonds 250g,Packaged Groceries,1,7.49,3.5,7.49,3.5,3.99,53.27
item-8578,sale-2728,INV-2026-2728,2026-10-04 10:52:44,prod-27,Microfiber Facial Towels (Pack of 4),Personal Care,4,6.99,3.0,27.96,12.0,15.96,57.08
item-8579,sale-2728,INV-2026-2728,2026-10-04 10:52:44,prod-12,Natural Cold Pressed Citrus Juice 1L,Beverages & Drinks,1,4.99,2.2,4.99,2.2,2.79,55.91
item-8580,sale-2729,INV-2026-2729,2026-10-04 11:03:51,prod-20,Breathable Fleece Jacket (Large),Apparel & Wearables,1,44.99,22.0,44.99,22.0,22.99,51.1
item-8581,sale-2729,INV-2026-2729,2026-10-04 11:03:51,prod-25,Antibacterial Hand Sanitizer 500ml,Personal Care,3,3.99,1.8,11.97,5.4,6.57,54.89
item-8582,sale-2730,INV-2026-2730,2026-10-04 10:04:23,prod-02,Ergonomic Optical Wireless Mouse,Electronics & Gadgets,1,24.99,12.5,24.99,12.5,12.49,49.98
item-8583,sale-2730,INV-2026-2730,2026-10-04 10:04:23,prod-11,Sparkling Mineral Water 500ml (Pack 12),Beverages & Drinks,3,12.99,6.0,38.97,18.0,20.97,53.81
item-8584,sale-2730,INV-2026-2730,2026-10-04 10:04:23,prod-01,Wireless Bluetooth Headset Pro,Electronics & Gadgets,3,89.99,45.0,269.97,135.0,134.97,49.99
item-8585,sale-2730,INV-2026-2730,2026-10-04 10:04:23,prod-10,Organic Green Tea (Box of 50 Bags),Beverages & Drinks,1,7.99,3.8,7.99,3.8,4.19,52.44
item-8586,sale-2731,INV-2026-2731,2026-10-04 13:10:34,prod-17,100% Cotton Polo Shirt (Medium),Apparel & Wearables,1,19.99,9.0,19.99,9.0,10.99,54.98
item-8587,sale-2732,INV-2026-2732,2026-10-05 13:12:35,prod-11,Sparkling Mineral Water 500ml (Pack 12),Beverages & Drinks,1,12.99,6.0,12.99,6.0,6.99,53.81
item-8588,sale-2732,INV-2026-2732,2026-10-05 13:12:35,prod-26,Gentle Moisturizing Hand Soap 1L,Personal Care,4,5.49,2.5,21.96,10.0,11.96,54.46
item-8589,sale-2732,INV-2026-2732,2026-10-05 13:12:35,prod-22,Professional Precision Screwdriver Kit,Hardware & Tools,1,17.99,8.5,17.99,8.5,9.49,52.75
item-8590,sale-2732,INV-2026-2732,2026-10-05 13:12:35,prod-13,Organic Extra Virgin Olive Oil 750ml,Packaged Groceries,2,14.99,7.5,29.98,15.0,14.98,49.97
item-8591,sale-2733,INV-2026-2733,2026-10-05 10:36:36,prod-01,Wireless Bluetooth Headset Pro,Electronics & Gadgets,1,89.99,45.0,89.99,45.0,44.99,49.99
item-8592,sale-2734,INV-2026-2734,2026-10-05 14:05:19,prod-20,Breathable Fleece Jacket (Large),Apparel & Wearables,2,44.99,22.0,89.98,44.0,45.98,51.1
item-8593,sale-2734,INV-2026-2734,2026-10-05 14:05:19,prod-10,Organic Green Tea (Box of 50 Bags),Beverages & Drinks,2,7.99,3.8,15.98,7.6,8.38,52.44
item-8594,sale-2735,INV-2026-2735,2026-10-05 17:12:20,prod-14,Wholegrain Oats 1kg,Packaged Groceries,1,4.49,2.1,4.49,2.1,2.39,53.23
item-8595,sale-2735,INV-2026-2735,2026-10-05 17:12:20,prod-26,Gentle Moisturizing Hand Soap 1L,Personal Care,1,5.49,2.5,5.49,2.5,2.99,54.46
item-8596,sale-2735,INV-2026-2735,2026-10-05 17:12:20,prod-11,Sparkling Mineral Water 500ml (Pack 12),Beverages & Drinks,1,12.99,6.0,12.99,6.0,6.99,53.81
item-8597,sale-2736,INV-2026-2736,2026-10-05 19:06:21,prod-07,Heavy-Duty Desktop Stapler,Office Supplies,2,14.49,7.0,28.98,14.0,14.98,51.69
item-8598,sale-2736,INV-2026-2736,2026-10-05 19:06:21,prod-09,Arabica Whole Bean Coffee 1kg,Beverages & Drinks,1,21.99,11.0,21.99,11.0,10.99,49.98
item-8599,sale-2737,INV-2026-2737,2026-10-05 11:01:37,prod-05,A4 Premium Copy Paper 500 Sheets,Office Supplies,2,6.99,3.2,13.98,6.4,7.58,54.22
item-8600,sale-2738,INV-2026-2738,2026-10-05 09:18:10,prod-13,Organic Extra Virgin Olive Oil 750ml,Packaged Groceries,1,14.99,7.5,14.99,7.5,7.49,49.97
item-8601,sale-2739,INV-2026-2739,2026-10-05 10:45:14,prod-18,High-Visibility Safety Vest,Apparel & Wearables,1,11.99,5.2,11.99,5.2,6.79,56.63
item-8602,sale-2739,INV-2026-2739,2026-10-05 10:45:14,prod-25,Antibacterial Hand Sanitizer 500ml,Personal Care,1,3.99,1.8,3.99,1.8,2.19,54.89
item-8603,sale-2740,INV-2026-2740,2026-10-05 11:32:33,prod-05,A4 Premium Copy Paper 500 Sheets,Office Supplies,1,6.99,3.2,6.99,3.2,3.79,54.22
item-8604,sale-2741,INV-2026-2741,2026-10-05 14:28:50,prod-14,Wholegrain Oats 1kg,Packaged Groceries,2,4.49,2.1,8.98,4.2,4.78,53.23
item-8605,sale-2742,INV-2026-2742,2026-10-05 15:02:57,prod-22,Professional Precision Screwdriver Kit,Hardware & Tools,1,17.99,8.5,17.99,8.5,9.49,52.75
item-8606,sale-2743,INV-2026-2743,2026-10-06 18:38:04,prod-15,Raw Honey Jar 500g,Packaged Groceries,1,9.99,4.8,9.99,4.8,5.19,51.95
item-8607,sale-2744,INV-2026-2744,2026-10-06 09:09:49,prod-12,Natural Cold Pressed Citrus Juice 1L,Beverages & Drinks,4,4.99,2.2,19.96,8.8,11.16,55.91
item-8608,sale-2745,INV-2026-2745,2026-10-06 16:20:10,prod-03,Mechanical RGB Gaming Keyboard,Electronics & Gadgets,2,74.99,38.0,149.98,76.0,73.98,49.33
item-8609,sale-2745,INV-2026-2745,2026-10-06 16:20:10,prod-25,Antibacterial Hand Sanitizer 500ml,Personal Care,3,3.99,1.8,11.97,5.4,6.57,54.89
item-8610,sale-2745,INV-2026-2745,2026-10-06 16:20:10,prod-22,Professional Precision Screwdriver Kit,Hardware & Tools,1,17.99,8.5,17.99,8.5,9.49,52.75
item-8611,sale-2746,INV-2026-2746,2026-10-06 14:22:05,prod-14,Wholegrain Oats 1kg,Packaged Groceries,1,4.49,2.1,4.49,2.1,2.39,53.23
item-8612,sale-2747,INV-2026-2747,2026-10-06 16:16:48,prod-16,Assorted Roasted Almonds 250g,Packaged Groceries,3,7.49,3.5,22.47,10.5,11.97,53.27
item-8613,sale-2747,INV-2026-2747,2026-10-06 16:16:48,prod-27,Microfiber Facial Towels (Pack of 4),Personal Care,3,6.99,3.0,20.97,9.0,11.97,57.08
item-8614,sale-2748,INV-2026-2748,2026-10-06 18:31:02,prod-27,Microfiber Facial Towels (Pack of 4),Personal Care,1,6.99,3.0,6.99,3.0,3.99,57.08
item-8615,sale-2748,INV-2026-2748,2026-10-06 18:31:02,prod-03,Mechanical RGB Gaming Keyboard,Electronics & Gadgets,3,74.99,38.0,224.97,114.0,110.97,49.33
item-8616,sale-2748,INV-2026-2748,2026-10-06 18:31:02,prod-08,Adjustable Mesh Executive Chair,Office Supplies,1,189.99,95.0,189.99,95.0,94.99,50.0
item-8617,sale-2749,INV-2026-2749,2026-10-06 18:58:43,prod-05,A4 Premium Copy Paper 500 Sheets,Office Supplies,1,6.99,3.2,6.99,3.2,3.79,54.22
item-8618,sale-2749,INV-2026-2749,2026-10-06 18:58:43,prod-07,Heavy-Duty Desktop Stapler,Office Supplies,1,14.49,7.0,14.49,7.0,7.49,51.69
item-8619,sale-2749,INV-2026-2749,2026-10-06 18:58:43,prod-22,Professional Precision Screwdriver Kit,Hardware & Tools,1,17.99,8.5,17.99,8.5,9.49,52.75
item-8620,sale-2750,INV-2026-2750,2026-10-06 14:23:05,prod-21,20V Cordless Power Drill Set,Hardware & Tools,1,109.99,55.0,109.99,55.0,54.99,50.0
item-8621,sale-2751,INV-2026-2751,2026-10-06 19:02:39,prod-03,Mechanical RGB Gaming Keyboard,Electronics & Gadgets,1,74.99,38.0,74.99,38.0,36.99,49.33
item-8622,sale-2751,INV-2026-2751,2026-10-06 19:02:39,prod-25,Antibacterial Hand Sanitizer 500ml,Personal Care,2,3.99,1.8,7.98,3.6,4.38,54.89
